{"type":"FeatureCollection","features":[{"type":"Feature","geometry":{"type":"Point","coordinates":[22.957481,40.679488]},"properties":{"line":"01","mode":"bus","color":"#0059a9","colorDark":"#00294f","band":0,"off":[-3,1.1]}},{"type":"Feature","geometry":{"type":"Point","coordinates":[22.957481,40.679488]},"properties":{"line":"01A","mode":"bus","color":"#0059a9","colorDark":"#00294f","band":0,"off":[0,1.1]}},{"type":"Feature","geometry":{"type":"Point","coordinates":[22.957481,40.679488]},"properties":{"line":"28","mode":"bus","color":"#0059a9","colorDark":"#00294f","band":0,"off":[3,1.1]}},{"type":"Feature","geometry":{"type":"Point","coordinates":[22.901745,40.654041]},"properties":{"line":"01","mode":"bus","color":"#0059a9","colorDark":"#00294f","band":0,"off":[-6,1.1]}},{"type":"Feature","geometry":{"type":"Point","coordinates":[22.901745,40.654041]},"properties":{"line":"01A","mode":"bus","color":"#0059a9","colorDark":"#00294f","band":0,"off":[-3,1.1]}},{"type":"Feature","geometry":{"type":"Point","coordinates":[22.901745,40.654041]},"properties":{"line":"01N","mode":"bus","color":"#0059a9","colorDark":"#00294f","band":0,"off":[0,1.1]}},{"type":"Feature","geometry":{"type":"Point","coordinates":[22.901745,40.654041]},"properties":{"line":"01X","mode":"bus","color":"#0059a9","colorDark":"#00294f","band":0,"off":[3,1.1]}},{"type":"Feature","geometry":{"type":"Point","coordinates":[22.901745,40.654041]},"properties":{"line":"02K","mode":"bus","color":"#0059a9","colorDark":"#00294f","band":0,"off":[6,1.1]}},{"type":"Feature","geometry":{"type":"Point","coordinates":[22.901745,40.654041]},"properties":{"line":"12","mode":"bus","color":"#0059a9","colorDark":"#00294f","band":0,"off":[-6,2.6]}},{"type":"Feature","geometry":{"type":"Point","coordinates":[22.901745,40.654041]},"properties":{"line":"1N","mode":"bus","color":"#0059a9","colorDark":"#00294f","band":0,"off":[-3,2.6]}},{"type":"Feature","geometry":{"type":"Point","coordinates":[22.901745,40.654041]},"properties":{"line":"31","mode":"bus","color":"#0059a9","colorDark":"#00294f","band":0,"off":[0,2.6]}},{"type":"Feature","geometry":{"type":"Point","coordinates":[22.901745,40.654041]},"properties":{"line":"45","mode":"bus","color":"#0059a9","colorDark":"#00294f","band":0,"off":[3,2.6]}},{"type":"Feature","geometry":{"type":"Point","coordinates":[22.901745,40.654041]},"properties":{"line":"45A","mode":"bus","color":"#0059a9","colorDark":"#00294f","band":0,"off":[6,2.6]}},{"type":"Feature","geometry":{"type":"Point","coordinates":[22.901745,40.654041]},"properties":{"line":"45B","mode":"bus","color":"#0059a9","colorDark":"#00294f","band":0,"off":[-6,4.1]}},{"type":"Feature","geometry":{"type":"Point","coordinates":[22.901745,40.654041]},"properties":{"line":"45Y","mode":"bus","color":"#0059a9","colorDark":"#00294f","band":0,"off":[-3,4.1]}},{"type":"Feature","geometry":{"type":"Point","coordinates":[22.901745,40.654041]},"properties":{"line":"80","mode":"bus","color":"#0059a9","colorDark":"#00294f","band":0,"off":[0,4.1]}},{"type":"Feature","geometry":{"type":"Point","coordinates":[22.901745,40.654041]},"properties":{"line":"80A","mode":"bus","color":"#0059a9","colorDark":"#00294f","band":0,"off":[3,4.1]}},{"type":"Feature","geometry":{"type":"Point","coordinates":[22.901745,40.654041]},"properties":{"line":"80B","mode":"bus","color":"#0059a9","colorDark":"#00294f","band":0,"off":[6,4.1]}},{"type":"Feature","geometry":{"type":"Point","coordinates":[22.901745,40.654041]},"properties":{"line":"80E","mode":"bus","color":"#0059a9","colorDark":"#00294f","band":0,"off":[-6,5.6]}},{"type":"Feature","geometry":{"type":"Point","coordinates":[22.901745,40.654041]},"properties":{"line":"80Z","mode":"bus","color":"#0059a9","colorDark":"#00294f","band":0,"off":[-3,5.6]}},{"type":"Feature","geometry":{"type":"Point","coordinates":[22.901745,40.654041]},"properties":{"line":"81A","mode":"bus","color":"#0059a9","colorDark":"#00294f","band":0,"off":[0,5.6]}},{"type":"Feature","geometry":{"type":"Point","coordinates":[22.901745,40.654041]},"properties":{"line":"81B","mode":"bus","color":"#0059a9","colorDark":"#00294f","band":0,"off":[3,5.6]}},{"type":"Feature","geometry":{"type":"Point","coordinates":[22.901745,40.654041]},"properties":{"line":"81E","mode":"bus","color":"#0059a9","colorDark":"#00294f","band":0,"off":[6,5.6]}},{"type":"Feature","geometry":{"type":"Point","coordinates":[22.901745,40.654041]},"properties":{"line":"81K","mode":"bus","color":"#0059a9","colorDark":"#00294f","band":0,"off":[-6,7.1]}},{"type":"Feature","geometry":{"type":"Point","coordinates":[22.901745,40.654041]},"properties":{"line":"82A","mode":"bus","color":"#0059a9","colorDark":"#00294f","band":0,"off":[-3,7.1]}},{"type":"Feature","geometry":{"type":"Point","coordinates":[22.901745,40.654041]},"properties":{"line":"82B","mode":"bus","color":"#0059a9","colorDark":"#00294f","band":0,"off":[0,7.1]}},{"type":"Feature","geometry":{"type":"Point","coordinates":[22.901745,40.654041]},"properties":{"line":"82E","mode":"bus","color":"#0059a9","colorDark":"#00294f","band":0,"off":[3,7.1]}},{"type":"Feature","geometry":{"type":"Point","coordinates":[22.901745,40.654041]},"properties":{"line":"82K","mode":"bus","color":"#0059a9","colorDark":"#00294f","band":0,"off":[6,7.1]}},{"type":"Feature","geometry":{"type":"Point","coordinates":[22.901745,40.654041]},"properties":{"line":"82M","mode":"bus","color":"#0059a9","colorDark":"#00294f","band":0,"off":[-6,8.6]}},{"type":"Feature","geometry":{"type":"Point","coordinates":[22.901745,40.654041]},"properties":{"line":"82N","mode":"bus","color":"#0059a9","colorDark":"#00294f","band":0,"off":[-3,8.6]}},{"type":"Feature","geometry":{"type":"Point","coordinates":[22.901745,40.654041]},"properties":{"line":"89A","mode":"bus","color":"#0059a9","colorDark":"#00294f","band":0,"off":[0,8.6]}},{"type":"Feature","geometry":{"type":"Point","coordinates":[22.901745,40.654041]},"properties":{"line":"89B","mode":"bus","color":"#0059a9","colorDark":"#00294f","band":0,"off":[3,8.6]}},{"type":"Feature","geometry":{"type":"Point","coordinates":[22.901745,40.654041]},"properties":{"line":"89E","mode":"bus","color":"#0059a9","colorDark":"#00294f","band":0,"off":[6,8.6]}},{"type":"Feature","geometry":{"type":"Point","coordinates":[22.901745,40.654041]},"properties":{"line":"89K","mode":"bus","color":"#0059a9","colorDark":"#00294f","band":0,"off":[-1.5,10.1]}},{"type":"Feature","geometry":{"type":"Point","coordinates":[22.901745,40.654041]},"properties":{"line":"89N","mode":"bus","color":"#0059a9","colorDark":"#00294f","band":0,"off":[1.5,10.1]}},{"type":"Feature","geometry":{"type":"Point","coordinates":[22.977274,40.524049]},"properties":{"line":"01N","mode":"bus","color":"#0059a9","colorDark":"#00294f","band":0,"off":[-6,1.1]}},{"type":"Feature","geometry":{"type":"Point","coordinates":[22.977274,40.524049]},"properties":{"line":"01X","mode":"bus","color":"#0059a9","colorDark":"#00294f","band":0,"off":[-3,1.1]}},{"type":"Feature","geometry":{"type":"Point","coordinates":[22.977274,40.524049]},"properties":{"line":"02X","mode":"bus","color":"#0059a9","colorDark":"#00294f","band":0,"off":[0,1.1]}},{"type":"Feature","geometry":{"type":"Point","coordinates":[22.977274,40.524049]},"properties":{"line":"1N","mode":"bus","color":"#0059a9","colorDark":"#00294f","band":0,"off":[3,1.1]}},{"type":"Feature","geometry":{"type":"Point","coordinates":[22.977274,40.524049]},"properties":{"line":"79A","mode":"bus","color":"#0059a9","colorDark":"#00294f","band":0,"off":[6,1.1]}},{"type":"Feature","geometry":{"type":"Point","coordinates":[22.977274,40.524049]},"properties":{"line":"79B","mode":"bus","color":"#0059a9","colorDark":"#00294f","band":0,"off":[-1.5,2.6]}},{"type":"Feature","geometry":{"type":"Point","coordinates":[22.977274,40.524049]},"properties":{"line":"79K","mode":"bus","color":"#0059a9","colorDark":"#00294f","band":0,"off":[1.5,2.6]}},{"type":"Feature","geometry":{"type":"Point","coordinates":[22.984514,40.548363]},"properties":{"line":"02K","mode":"bus","color":"#0059a9","colorDark":"#00294f","band":0,"off":[-6,1.1]}},{"type":"Feature","geometry":{"type":"Point","coordinates":[22.984514,40.548363]},"properties":{"line":"03K","mode":"bus","color":"#0059a9","colorDark":"#00294f","band":0,"off":[-3,1.1]}},{"type":"Feature","geometry":{"type":"Point","coordinates":[22.984514,40.548363]},"properties":{"line":"36X","mode":"bus","color":"#0059a9","colorDark":"#00294f","band":0,"off":[0,1.1]}},{"type":"Feature","geometry":{"type":"Point","coordinates":[22.984514,40.548363]},"properties":{"line":"45Y","mode":"bus","color":"#0059a9","colorDark":"#00294f","band":0,"off":[3,1.1]}},{"type":"Feature","geometry":{"type":"Point","coordinates":[22.984514,40.548363]},"properties":{"line":"60E","mode":"bus","color":"#0059a9","colorDark":"#00294f","band":0,"off":[6,1.1]}},{"type":"Feature","geometry":{"type":"Point","coordinates":[22.984514,40.548363]},"properties":{"line":"67","mode":"bus","color":"#0059a9","colorDark":"#00294f","band":0,"off":[-6,2.6]}},{"type":"Feature","geometry":{"type":"Point","coordinates":[22.984514,40.548363]},"properties":{"line":"67A","mode":"bus","color":"#0059a9","colorDark":"#00294f","band":0,"off":[-3,2.6]}},{"type":"Feature","geometry":{"type":"Point","coordinates":[22.984514,40.548363]},"properties":{"line":"67B","mode":"bus","color":"#0059a9","colorDark":"#00294f","band":0,"off":[0,2.6]}},{"type":"Feature","geometry":{"type":"Point","coordinates":[22.984514,40.548363]},"properties":{"line":"68A","mode":"bus","color":"#0059a9","colorDark":"#00294f","band":0,"off":[3,2.6]}},{"type":"Feature","geometry":{"type":"Point","coordinates":[22.984514,40.548363]},"properties":{"line":"68B","mode":"bus","color":"#0059a9","colorDark":"#00294f","band":0,"off":[6,2.6]}},{"type":"Feature","geometry":{"type":"Point","coordinates":[22.984514,40.548363]},"properties":{"line":"69A","mode":"bus","color":"#0059a9","colorDark":"#00294f","band":0,"off":[-6,4.1]}},{"type":"Feature","geometry":{"type":"Point","coordinates":[22.984514,40.548363]},"properties":{"line":"69B","mode":"bus","color":"#0059a9","colorDark":"#00294f","band":0,"off":[-3,4.1]}},{"type":"Feature","geometry":{"type":"Point","coordinates":[22.984514,40.548363]},"properties":{"line":"69H","mode":"bus","color":"#0059a9","colorDark":"#00294f","band":0,"off":[0,4.1]}},{"type":"Feature","geometry":{"type":"Point","coordinates":[22.984514,40.548363]},"properties":{"line":"69N","mode":"bus","color":"#0059a9","colorDark":"#00294f","band":0,"off":[3,4.1]}},{"type":"Feature","geometry":{"type":"Point","coordinates":[22.984514,40.548363]},"properties":{"line":"72","mode":"bus","color":"#0059a9","colorDark":"#00294f","band":0,"off":[6,4.1]}},{"type":"Feature","geometry":{"type":"Point","coordinates":[22.984514,40.548363]},"properties":{"line":"72A","mode":"bus","color":"#0059a9","colorDark":"#00294f","band":0,"off":[-6,5.6]}},{"type":"Feature","geometry":{"type":"Point","coordinates":[22.984514,40.548363]},"properties":{"line":"72B","mode":"bus","color":"#0059a9","colorDark":"#00294f","band":0,"off":[-3,5.6]}},{"type":"Feature","geometry":{"type":"Point","coordinates":[22.984514,40.548363]},"properties":{"line":"72E","mode":"bus","color":"#0059a9","colorDark":"#00294f","band":0,"off":[0,5.6]}},{"type":"Feature","geometry":{"type":"Point","coordinates":[22.984514,40.548363]},"properties":{"line":"76","mode":"bus","color":"#0059a9","colorDark":"#00294f","band":0,"off":[3,5.6]}},{"type":"Feature","geometry":{"type":"Point","coordinates":[22.984514,40.548363]},"properties":{"line":"79A","mode":"bus","color":"#0059a9","colorDark":"#00294f","band":0,"off":[6,5.6]}},{"type":"Feature","geometry":{"type":"Point","coordinates":[22.984514,40.548363]},"properties":{"line":"79B","mode":"bus","color":"#0059a9","colorDark":"#00294f","band":0,"off":[-6,7.1]}},{"type":"Feature","geometry":{"type":"Point","coordinates":[22.984514,40.548363]},"properties":{"line":"79K","mode":"bus","color":"#0059a9","colorDark":"#00294f","band":0,"off":[-3,7.1]}},{"type":"Feature","geometry":{"type":"Point","coordinates":[22.984514,40.548363]},"properties":{"line":"79X","mode":"bus","color":"#0059a9","colorDark":"#00294f","band":0,"off":[0,7.1]}},{"type":"Feature","geometry":{"type":"Point","coordinates":[22.984514,40.548363]},"properties":{"line":"87A","mode":"bus","color":"#0059a9","colorDark":"#00294f","band":0,"off":[3,7.1]}},{"type":"Feature","geometry":{"type":"Point","coordinates":[22.984514,40.548363]},"properties":{"line":"87B","mode":"bus","color":"#0059a9","colorDark":"#00294f","band":0,"off":[6,7.1]}},{"type":"Feature","geometry":{"type":"Point","coordinates":[22.984514,40.548363]},"properties":{"line":"87E","mode":"bus","color":"#0059a9","colorDark":"#00294f","band":0,"off":[-6,8.6]}},{"type":"Feature","geometry":{"type":"Point","coordinates":[22.984514,40.548363]},"properties":{"line":"87F","mode":"bus","color":"#0059a9","colorDark":"#00294f","band":0,"off":[-3,8.6]}},{"type":"Feature","geometry":{"type":"Point","coordinates":[22.984514,40.548363]},"properties":{"line":"87H","mode":"bus","color":"#0059a9","colorDark":"#00294f","band":0,"off":[0,8.6]}},{"type":"Feature","geometry":{"type":"Point","coordinates":[22.984514,40.548363]},"properties":{"line":"87L","mode":"bus","color":"#0059a9","colorDark":"#00294f","band":0,"off":[3,8.6]}},{"type":"Feature","geometry":{"type":"Point","coordinates":[22.984514,40.548363]},"properties":{"line":"87M","mode":"bus","color":"#0059a9","colorDark":"#00294f","band":0,"off":[6,8.6]}},{"type":"Feature","geometry":{"type":"Point","coordinates":[22.984514,40.548363]},"properties":{"line":"87N","mode":"bus","color":"#0059a9","colorDark":"#00294f","band":0,"off":[-6,10.1]}},{"type":"Feature","geometry":{"type":"Point","coordinates":[22.984514,40.548363]},"properties":{"line":"87P","mode":"bus","color":"#0059a9","colorDark":"#00294f","band":0,"off":[-3,10.1]}},{"type":"Feature","geometry":{"type":"Point","coordinates":[22.984514,40.548363]},"properties":{"line":"87Q","mode":"bus","color":"#0059a9","colorDark":"#00294f","band":0,"off":[0,10.1]}},{"type":"Feature","geometry":{"type":"Point","coordinates":[22.984514,40.548363]},"properties":{"line":"87R","mode":"bus","color":"#0059a9","colorDark":"#00294f","band":0,"off":[3,10.1]}},{"type":"Feature","geometry":{"type":"Point","coordinates":[22.984514,40.548363]},"properties":{"line":"87T","mode":"bus","color":"#0059a9","colorDark":"#00294f","band":0,"off":[6,10.1]}},{"type":"Feature","geometry":{"type":"Point","coordinates":[22.984514,40.548363]},"properties":{"line":"88","mode":"bus","color":"#0059a9","colorDark":"#00294f","band":0,"off":[-6,11.6]}},{"type":"Feature","geometry":{"type":"Point","coordinates":[22.984514,40.548363]},"properties":{"line":"88A","mode":"bus","color":"#0059a9","colorDark":"#00294f","band":0,"off":[-3,11.6]}},{"type":"Feature","geometry":{"type":"Point","coordinates":[22.984514,40.548363]},"properties":{"line":"88B","mode":"bus","color":"#0059a9","colorDark":"#00294f","band":0,"off":[0,11.6]}},{"type":"Feature","geometry":{"type":"Point","coordinates":[22.984514,40.548363]},"properties":{"line":"88E","mode":"bus","color":"#0059a9","colorDark":"#00294f","band":0,"off":[3,11.6]}},{"type":"Feature","geometry":{"type":"Point","coordinates":[22.984514,40.548363]},"properties":{"line":"88H","mode":"bus","color":"#0059a9","colorDark":"#00294f","band":0,"off":[6,11.6]}},{"type":"Feature","geometry":{"type":"Point","coordinates":[22.984514,40.548363]},"properties":{"line":"88K","mode":"bus","color":"#0059a9","colorDark":"#00294f","band":0,"off":[-3,13.1]}},{"type":"Feature","geometry":{"type":"Point","coordinates":[22.984514,40.548363]},"properties":{"line":"88M","mode":"bus","color":"#0059a9","colorDark":"#00294f","band":0,"off":[0,13.1]}},{"type":"Feature","geometry":{"type":"Point","coordinates":[22.984514,40.548363]},"properties":{"line":"88N","mode":"bus","color":"#0059a9","colorDark":"#00294f","band":0,"off":[3,13.1]}},{"type":"Feature","geometry":{"type":"Point","coordinates":[22.967521,40.59433]},"properties":{"line":"02X","mode":"bus","color":"#0059a9","colorDark":"#00294f","band":0,"off":[-6,1.1]}},{"type":"Feature","geometry":{"type":"Point","coordinates":[22.967521,40.59433]},"properties":{"line":"04A","mode":"bus","color":"#0059a9","colorDark":"#00294f","band":0,"off":[-3,1.1]}},{"type":"Feature","geometry":{"type":"Point","coordinates":[22.967521,40.59433]},"properties":{"line":"04B","mode":"bus","color":"#0059a9","colorDark":"#00294f","band":0,"off":[0,1.1]}},{"type":"Feature","geometry":{"type":"Point","coordinates":[22.967521,40.59433]},"properties":{"line":"10","mode":"bus","color":"#0059a9","colorDark":"#00294f","band":0,"off":[3,1.1]}},{"type":"Feature","geometry":{"type":"Point","coordinates":[22.967521,40.59433]},"properties":{"line":"11T","mode":"bus","color":"#0059a9","colorDark":"#00294f","band":0,"off":[6,1.1]}},{"type":"Feature","geometry":{"type":"Point","coordinates":[22.967521,40.59433]},"properties":{"line":"31","mode":"bus","color":"#0059a9","colorDark":"#00294f","band":0,"off":[-6,2.6]}},{"type":"Feature","geometry":{"type":"Point","coordinates":[22.967521,40.59433]},"properties":{"line":"32N","mode":"bus","color":"#0059a9","colorDark":"#00294f","band":0,"off":[-3,2.6]}},{"type":"Feature","geometry":{"type":"Point","coordinates":[22.967521,40.59433]},"properties":{"line":"36","mode":"bus","color":"#0059a9","colorDark":"#00294f","band":0,"off":[0,2.6]}},{"type":"Feature","geometry":{"type":"Point","coordinates":[22.967521,40.59433]},"properties":{"line":"36A","mode":"bus","color":"#0059a9","colorDark":"#00294f","band":0,"off":[3,2.6]}},{"type":"Feature","geometry":{"type":"Point","coordinates":[22.967521,40.59433]},"properties":{"line":"36B","mode":"bus","color":"#0059a9","colorDark":"#00294f","band":0,"off":[6,2.6]}},{"type":"Feature","geometry":{"type":"Point","coordinates":[22.967521,40.59433]},"properties":{"line":"36E","mode":"bus","color":"#0059a9","colorDark":"#00294f","band":0,"off":[-6,4.1]}},{"type":"Feature","geometry":{"type":"Point","coordinates":[22.967521,40.59433]},"properties":{"line":"36H","mode":"bus","color":"#0059a9","colorDark":"#00294f","band":0,"off":[-3,4.1]}},{"type":"Feature","geometry":{"type":"Point","coordinates":[22.967521,40.59433]},"properties":{"line":"36K","mode":"bus","color":"#0059a9","colorDark":"#00294f","band":0,"off":[0,4.1]}},{"type":"Feature","geometry":{"type":"Point","coordinates":[22.967521,40.59433]},"properties":{"line":"36N","mode":"bus","color":"#0059a9","colorDark":"#00294f","band":0,"off":[3,4.1]}},{"type":"Feature","geometry":{"type":"Point","coordinates":[22.967521,40.59433]},"properties":{"line":"36P","mode":"bus","color":"#0059a9","colorDark":"#00294f","band":0,"off":[6,4.1]}},{"type":"Feature","geometry":{"type":"Point","coordinates":[22.967521,40.59433]},"properties":{"line":"36T","mode":"bus","color":"#0059a9","colorDark":"#00294f","band":0,"off":[-6,5.6]}},{"type":"Feature","geometry":{"type":"Point","coordinates":[22.967521,40.59433]},"properties":{"line":"36Y","mode":"bus","color":"#0059a9","colorDark":"#00294f","band":0,"off":[-3,5.6]}},{"type":"Feature","geometry":{"type":"Point","coordinates":[22.967521,40.59433]},"properties":{"line":"36Z","mode":"bus","color":"#0059a9","colorDark":"#00294f","band":0,"off":[0,5.6]}},{"type":"Feature","geometry":{"type":"Point","coordinates":[22.967521,40.59433]},"properties":{"line":"43Y","mode":"bus","color":"#0059a9","colorDark":"#00294f","band":0,"off":[3,5.6]}},{"type":"Feature","geometry":{"type":"Point","coordinates":[22.967521,40.59433]},"properties":{"line":"58Μ","mode":"bus","color":"#0059a9","colorDark":"#00294f","band":0,"off":[6,5.6]}},{"type":"Feature","geometry":{"type":"Point","coordinates":[22.967521,40.59433]},"properties":{"line":"66","mode":"bus","color":"#0059a9","colorDark":"#00294f","band":0,"off":[-3,7.1]}},{"type":"Feature","geometry":{"type":"Point","coordinates":[22.967521,40.59433]},"properties":{"line":"79X","mode":"bus","color":"#0059a9","colorDark":"#00294f","band":0,"off":[0,7.1]}},{"type":"Feature","geometry":{"type":"Point","coordinates":[22.967521,40.59433]},"properties":{"line":"M1","mode":"tram","color":"#e30613","colorDark":"#7c060e","band":0,"off":[3,7.1]}},{"type":"Feature","geometry":{"type":"Point","coordinates":[22.93661,40.638885]},"properties":{"line":"03K","mode":"bus","color":"#0059a9","colorDark":"#00294f","band":0,"off":[-6,1.1]}},{"type":"Feature","geometry":{"type":"Point","coordinates":[22.93661,40.638885]},"properties":{"line":"05","mode":"bus","color":"#0059a9","colorDark":"#00294f","band":0,"off":[-3,1.1]}},{"type":"Feature","geometry":{"type":"Point","coordinates":[22.93661,40.638885]},"properties":{"line":"05A","mode":"bus","color":"#0059a9","colorDark":"#00294f","band":0,"off":[0,1.1]}},{"type":"Feature","geometry":{"type":"Point","coordinates":[22.93661,40.638885]},"properties":{"line":"05B","mode":"bus","color":"#0059a9","colorDark":"#00294f","band":0,"off":[3,1.1]}},{"type":"Feature","geometry":{"type":"Point","coordinates":[22.93661,40.638885]},"properties":{"line":"06","mode":"bus","color":"#0059a9","colorDark":"#00294f","band":0,"off":[6,1.1]}},{"type":"Feature","geometry":{"type":"Point","coordinates":[22.93661,40.638885]},"properties":{"line":"07","mode":"bus","color":"#0059a9","colorDark":"#00294f","band":0,"off":[-6,2.6]}},{"type":"Feature","geometry":{"type":"Point","coordinates":[22.93661,40.638885]},"properties":{"line":"09","mode":"bus","color":"#0059a9","colorDark":"#00294f","band":0,"off":[-3,2.6]}},{"type":"Feature","geometry":{"type":"Point","coordinates":[22.93661,40.638885]},"properties":{"line":"10","mode":"bus","color":"#0059a9","colorDark":"#00294f","band":0,"off":[0,2.6]}},{"type":"Feature","geometry":{"type":"Point","coordinates":[22.93661,40.638885]},"properties":{"line":"11","mode":"bus","color":"#0059a9","colorDark":"#00294f","band":0,"off":[3,2.6]}},{"type":"Feature","geometry":{"type":"Point","coordinates":[22.93661,40.638885]},"properties":{"line":"11B","mode":"bus","color":"#0059a9","colorDark":"#00294f","band":0,"off":[6,2.6]}},{"type":"Feature","geometry":{"type":"Point","coordinates":[22.93661,40.638885]},"properties":{"line":"11E","mode":"bus","color":"#0059a9","colorDark":"#00294f","band":0,"off":[-6,4.1]}},{"type":"Feature","geometry":{"type":"Point","coordinates":[22.93661,40.638885]},"properties":{"line":"11M","mode":"bus","color":"#0059a9","colorDark":"#00294f","band":0,"off":[-3,4.1]}},{"type":"Feature","geometry":{"type":"Point","coordinates":[22.93661,40.638885]},"properties":{"line":"14","mode":"bus","color":"#0059a9","colorDark":"#00294f","band":0,"off":[0,4.1]}},{"type":"Feature","geometry":{"type":"Point","coordinates":[22.93661,40.638885]},"properties":{"line":"14A","mode":"bus","color":"#0059a9","colorDark":"#00294f","band":0,"off":[3,4.1]}},{"type":"Feature","geometry":{"type":"Point","coordinates":[22.93661,40.638885]},"properties":{"line":"17","mode":"bus","color":"#0059a9","colorDark":"#00294f","band":0,"off":[6,4.1]}},{"type":"Feature","geometry":{"type":"Point","coordinates":[22.93661,40.638885]},"properties":{"line":"19","mode":"bus","color":"#0059a9","colorDark":"#00294f","band":0,"off":[-6,5.6]}},{"type":"Feature","geometry":{"type":"Point","coordinates":[22.93661,40.638885]},"properties":{"line":"19A","mode":"bus","color":"#0059a9","colorDark":"#00294f","band":0,"off":[-3,5.6]}},{"type":"Feature","geometry":{"type":"Point","coordinates":[22.93661,40.638885]},"properties":{"line":"20","mode":"bus","color":"#0059a9","colorDark":"#00294f","band":0,"off":[0,5.6]}},{"type":"Feature","geometry":{"type":"Point","coordinates":[22.93661,40.638885]},"properties":{"line":"21","mode":"bus","color":"#0059a9","colorDark":"#00294f","band":0,"off":[3,5.6]}},{"type":"Feature","geometry":{"type":"Point","coordinates":[22.93661,40.638885]},"properties":{"line":"22","mode":"bus","color":"#0059a9","colorDark":"#00294f","band":0,"off":[6,5.6]}},{"type":"Feature","geometry":{"type":"Point","coordinates":[22.93661,40.638885]},"properties":{"line":"23","mode":"bus","color":"#0059a9","colorDark":"#00294f","band":0,"off":[-6,7.1]}},{"type":"Feature","geometry":{"type":"Point","coordinates":[22.93661,40.638885]},"properties":{"line":"24","mode":"bus","color":"#0059a9","colorDark":"#00294f","band":0,"off":[-3,7.1]}},{"type":"Feature","geometry":{"type":"Point","coordinates":[22.93661,40.638885]},"properties":{"line":"25","mode":"bus","color":"#0059a9","colorDark":"#00294f","band":0,"off":[0,7.1]}},{"type":"Feature","geometry":{"type":"Point","coordinates":[22.93661,40.638885]},"properties":{"line":"26","mode":"bus","color":"#0059a9","colorDark":"#00294f","band":0,"off":[3,7.1]}},{"type":"Feature","geometry":{"type":"Point","coordinates":[22.93661,40.638885]},"properties":{"line":"29","mode":"bus","color":"#0059a9","colorDark":"#00294f","band":0,"off":[6,7.1]}},{"type":"Feature","geometry":{"type":"Point","coordinates":[22.93661,40.638885]},"properties":{"line":"29A","mode":"bus","color":"#0059a9","colorDark":"#00294f","band":0,"off":[-6,8.6]}},{"type":"Feature","geometry":{"type":"Point","coordinates":[22.93661,40.638885]},"properties":{"line":"32","mode":"bus","color":"#0059a9","colorDark":"#00294f","band":0,"off":[-3,8.6]}},{"type":"Feature","geometry":{"type":"Point","coordinates":[22.93661,40.638885]},"properties":{"line":"32A","mode":"bus","color":"#0059a9","colorDark":"#00294f","band":0,"off":[0,8.6]}},{"type":"Feature","geometry":{"type":"Point","coordinates":[22.93661,40.638885]},"properties":{"line":"33","mode":"bus","color":"#0059a9","colorDark":"#00294f","band":0,"off":[3,8.6]}},{"type":"Feature","geometry":{"type":"Point","coordinates":[22.93661,40.638885]},"properties":{"line":"33A","mode":"bus","color":"#0059a9","colorDark":"#00294f","band":0,"off":[6,8.6]}},{"type":"Feature","geometry":{"type":"Point","coordinates":[22.93661,40.638885]},"properties":{"line":"33B","mode":"bus","color":"#0059a9","colorDark":"#00294f","band":0,"off":[-6,10.1]}},{"type":"Feature","geometry":{"type":"Point","coordinates":[22.93661,40.638885]},"properties":{"line":"34","mode":"bus","color":"#0059a9","colorDark":"#00294f","band":0,"off":[-3,10.1]}},{"type":"Feature","geometry":{"type":"Point","coordinates":[22.93661,40.638885]},"properties":{"line":"34A","mode":"bus","color":"#0059a9","colorDark":"#00294f","band":0,"off":[0,10.1]}},{"type":"Feature","geometry":{"type":"Point","coordinates":[22.93661,40.638885]},"properties":{"line":"35","mode":"bus","color":"#0059a9","colorDark":"#00294f","band":0,"off":[3,10.1]}},{"type":"Feature","geometry":{"type":"Point","coordinates":[22.93661,40.638885]},"properties":{"line":"37","mode":"bus","color":"#0059a9","colorDark":"#00294f","band":0,"off":[6,10.1]}},{"type":"Feature","geometry":{"type":"Point","coordinates":[22.93661,40.638885]},"properties":{"line":"38","mode":"bus","color":"#0059a9","colorDark":"#00294f","band":0,"off":[-6,11.6]}},{"type":"Feature","geometry":{"type":"Point","coordinates":[22.93661,40.638885]},"properties":{"line":"39","mode":"bus","color":"#0059a9","colorDark":"#00294f","band":0,"off":[-3,11.6]}},{"type":"Feature","geometry":{"type":"Point","coordinates":[22.93661,40.638885]},"properties":{"line":"39A","mode":"bus","color":"#0059a9","colorDark":"#00294f","band":0,"off":[0,11.6]}},{"type":"Feature","geometry":{"type":"Point","coordinates":[22.93661,40.638885]},"properties":{"line":"39B","mode":"bus","color":"#0059a9","colorDark":"#00294f","band":0,"off":[3,11.6]}},{"type":"Feature","geometry":{"type":"Point","coordinates":[22.93661,40.638885]},"properties":{"line":"40","mode":"bus","color":"#0059a9","colorDark":"#00294f","band":0,"off":[6,11.6]}},{"type":"Feature","geometry":{"type":"Point","coordinates":[22.93661,40.638885]},"properties":{"line":"40A","mode":"bus","color":"#0059a9","colorDark":"#00294f","band":0,"off":[-6,13.1]}},{"type":"Feature","geometry":{"type":"Point","coordinates":[22.93661,40.638885]},"properties":{"line":"40K","mode":"bus","color":"#0059a9","colorDark":"#00294f","band":0,"off":[-3,13.1]}},{"type":"Feature","geometry":{"type":"Point","coordinates":[22.93661,40.638885]},"properties":{"line":"51","mode":"bus","color":"#0059a9","colorDark":"#00294f","band":0,"off":[0,13.1]}},{"type":"Feature","geometry":{"type":"Point","coordinates":[22.93661,40.638885]},"properties":{"line":"51B","mode":"bus","color":"#0059a9","colorDark":"#00294f","band":0,"off":[3,13.1]}},{"type":"Feature","geometry":{"type":"Point","coordinates":[22.93661,40.638885]},"properties":{"line":"52B","mode":"bus","color":"#0059a9","colorDark":"#00294f","band":0,"off":[6,13.1]}},{"type":"Feature","geometry":{"type":"Point","coordinates":[22.93661,40.638885]},"properties":{"line":"54","mode":"bus","color":"#0059a9","colorDark":"#00294f","band":0,"off":[-6,14.6]}},{"type":"Feature","geometry":{"type":"Point","coordinates":[22.93661,40.638885]},"properties":{"line":"54A","mode":"bus","color":"#0059a9","colorDark":"#00294f","band":0,"off":[-3,14.6]}},{"type":"Feature","geometry":{"type":"Point","coordinates":[22.93661,40.638885]},"properties":{"line":"55X","mode":"bus","color":"#0059a9","colorDark":"#00294f","band":0,"off":[0,14.6]}},{"type":"Feature","geometry":{"type":"Point","coordinates":[22.93661,40.638885]},"properties":{"line":"55Y","mode":"bus","color":"#0059a9","colorDark":"#00294f","band":0,"off":[3,14.6]}},{"type":"Feature","geometry":{"type":"Point","coordinates":[22.93661,40.638885]},"properties":{"line":"56","mode":"bus","color":"#0059a9","colorDark":"#00294f","band":0,"off":[6,14.6]}},{"type":"Feature","geometry":{"type":"Point","coordinates":[22.93661,40.638885]},"properties":{"line":"57","mode":"bus","color":"#0059a9","colorDark":"#00294f","band":0,"off":[-6,16.1]}},{"type":"Feature","geometry":{"type":"Point","coordinates":[22.93661,40.638885]},"properties":{"line":"58","mode":"bus","color":"#0059a9","colorDark":"#00294f","band":0,"off":[-3,16.1]}},{"type":"Feature","geometry":{"type":"Point","coordinates":[22.93661,40.638885]},"properties":{"line":"64","mode":"bus","color":"#0059a9","colorDark":"#00294f","band":0,"off":[0,16.1]}},{"type":"Feature","geometry":{"type":"Point","coordinates":[22.93661,40.638885]},"properties":{"line":"64A","mode":"bus","color":"#0059a9","colorDark":"#00294f","band":0,"off":[3,16.1]}},{"type":"Feature","geometry":{"type":"Point","coordinates":[22.93661,40.638885]},"properties":{"line":"64B","mode":"bus","color":"#0059a9","colorDark":"#00294f","band":0,"off":[6,16.1]}},{"type":"Feature","geometry":{"type":"Point","coordinates":[22.93661,40.638885]},"properties":{"line":"70","mode":"bus","color":"#0059a9","colorDark":"#00294f","band":0,"off":[-6,17.6]}},{"type":"Feature","geometry":{"type":"Point","coordinates":[22.93661,40.638885]},"properties":{"line":"70A","mode":"bus","color":"#0059a9","colorDark":"#00294f","band":0,"off":[-3,17.6]}},{"type":"Feature","geometry":{"type":"Point","coordinates":[22.93661,40.638885]},"properties":{"line":"71","mode":"bus","color":"#0059a9","colorDark":"#00294f","band":0,"off":[0,17.6]}},{"type":"Feature","geometry":{"type":"Point","coordinates":[22.93661,40.638885]},"properties":{"line":"71A","mode":"bus","color":"#0059a9","colorDark":"#00294f","band":0,"off":[3,17.6]}},{"type":"Feature","geometry":{"type":"Point","coordinates":[22.93661,40.638885]},"properties":{"line":"84A","mode":"bus","color":"#0059a9","colorDark":"#00294f","band":0,"off":[6,17.6]}},{"type":"Feature","geometry":{"type":"Point","coordinates":[22.93661,40.638885]},"properties":{"line":"84B","mode":"bus","color":"#0059a9","colorDark":"#00294f","band":0,"off":[-1.5,19.1]}},{"type":"Feature","geometry":{"type":"Point","coordinates":[22.93661,40.638885]},"properties":{"line":"M1","mode":"tram","color":"#e30613","colorDark":"#7c060e","band":0,"off":[1.5,19.1]}},{"type":"Feature","geometry":{"type":"Point","coordinates":[22.968197,40.565901]},"properties":{"line":"04A","mode":"bus","color":"#0059a9","colorDark":"#00294f","band":0,"off":[-6,1.1]}},{"type":"Feature","geometry":{"type":"Point","coordinates":[22.968197,40.565901]},"properties":{"line":"04B","mode":"bus","color":"#0059a9","colorDark":"#00294f","band":0,"off":[-3,1.1]}},{"type":"Feature","geometry":{"type":"Point","coordinates":[22.968197,40.565901]},"properties":{"line":"05","mode":"bus","color":"#0059a9","colorDark":"#00294f","band":0,"off":[0,1.1]}},{"type":"Feature","geometry":{"type":"Point","coordinates":[22.968197,40.565901]},"properties":{"line":"05A","mode":"bus","color":"#0059a9","colorDark":"#00294f","band":0,"off":[3,1.1]}},{"type":"Feature","geometry":{"type":"Point","coordinates":[22.968197,40.565901]},"properties":{"line":"05B","mode":"bus","color":"#0059a9","colorDark":"#00294f","band":0,"off":[6,1.1]}},{"type":"Feature","geometry":{"type":"Point","coordinates":[22.968197,40.565901]},"properties":{"line":"06","mode":"bus","color":"#0059a9","colorDark":"#00294f","band":0,"off":[-1.5,2.6]}},{"type":"Feature","geometry":{"type":"Point","coordinates":[22.968197,40.565901]},"properties":{"line":"07","mode":"bus","color":"#0059a9","colorDark":"#00294f","band":0,"off":[1.5,2.6]}},{"type":"Feature","geometry":{"type":"Point","coordinates":[22.985812,40.594251]},"properties":{"line":"11","mode":"bus","color":"#0059a9","colorDark":"#00294f","band":0,"off":[-6,1.1]}},{"type":"Feature","geometry":{"type":"Point","coordinates":[22.985812,40.594251]},"properties":{"line":"11B","mode":"bus","color":"#0059a9","colorDark":"#00294f","band":0,"off":[-3,1.1]}},{"type":"Feature","geometry":{"type":"Point","coordinates":[22.985812,40.594251]},"properties":{"line":"11E","mode":"bus","color":"#0059a9","colorDark":"#00294f","band":0,"off":[0,1.1]}},{"type":"Feature","geometry":{"type":"Point","coordinates":[22.985812,40.594251]},"properties":{"line":"11M","mode":"bus","color":"#0059a9","colorDark":"#00294f","band":0,"off":[3,1.1]}},{"type":"Feature","geometry":{"type":"Point","coordinates":[22.985812,40.594251]},"properties":{"line":"11T","mode":"bus","color":"#0059a9","colorDark":"#00294f","band":0,"off":[6,1.1]}},{"type":"Feature","geometry":{"type":"Point","coordinates":[22.981718,40.60733]},"properties":{"line":"12","mode":"bus","color":"#0059a9","colorDark":"#00294f","band":0,"off":[0,1.1]}},{"type":"Feature","geometry":{"type":"Point","coordinates":[22.993713,40.610871]},"properties":{"line":"14","mode":"bus","color":"#0059a9","colorDark":"#00294f","band":0,"off":[-1.5,1.1]}},{"type":"Feature","geometry":{"type":"Point","coordinates":[22.993713,40.610871]},"properties":{"line":"14A","mode":"bus","color":"#0059a9","colorDark":"#00294f","band":0,"off":[1.5,1.1]}},{"type":"Feature","geometry":{"type":"Point","coordinates":[22.962704,40.626543]},"properties":{"line":"15","mode":"bus","color":"#0059a9","colorDark":"#00294f","band":0,"off":[-6,1.1]}},{"type":"Feature","geometry":{"type":"Point","coordinates":[22.962704,40.626543]},"properties":{"line":"16","mode":"bus","color":"#0059a9","colorDark":"#00294f","band":0,"off":[-3,1.1]}},{"type":"Feature","geometry":{"type":"Point","coordinates":[22.962704,40.626543]},"properties":{"line":"27","mode":"bus","color":"#0059a9","colorDark":"#00294f","band":0,"off":[0,1.1]}},{"type":"Feature","geometry":{"type":"Point","coordinates":[22.962704,40.626543]},"properties":{"line":"28","mode":"bus","color":"#0059a9","colorDark":"#00294f","band":0,"off":[3,1.1]}},{"type":"Feature","geometry":{"type":"Point","coordinates":[22.962704,40.626543]},"properties":{"line":"83","mode":"bus","color":"#0059a9","colorDark":"#00294f","band":0,"off":[6,1.1]}},{"type":"Feature","geometry":{"type":"Point","coordinates":[22.962704,40.626543]},"properties":{"line":"83A","mode":"bus","color":"#0059a9","colorDark":"#00294f","band":0,"off":[-4.5,2.6]}},{"type":"Feature","geometry":{"type":"Point","coordinates":[22.962704,40.626543]},"properties":{"line":"83B","mode":"bus","color":"#0059a9","colorDark":"#00294f","band":0,"off":[-1.5,2.6]}},{"type":"Feature","geometry":{"type":"Point","coordinates":[22.962704,40.626543]},"properties":{"line":"83M","mode":"bus","color":"#0059a9","colorDark":"#00294f","band":0,"off":[1.5,2.6]}},{"type":"Feature","geometry":{"type":"Point","coordinates":[22.962704,40.626543]},"properties":{"line":"83X","mode":"bus","color":"#0059a9","colorDark":"#00294f","band":0,"off":[4.5,2.6]}},{"type":"Feature","geometry":{"type":"Point","coordinates":[22.975679,40.625349]},"properties":{"line":"17","mode":"bus","color":"#0059a9","colorDark":"#00294f","band":0,"off":[-3,1.1]}},{"type":"Feature","geometry":{"type":"Point","coordinates":[22.975679,40.625349]},"properties":{"line":"30","mode":"bus","color":"#0059a9","colorDark":"#00294f","band":0,"off":[0,1.1]}},{"type":"Feature","geometry":{"type":"Point","coordinates":[22.975679,40.625349]},"properties":{"line":"36X","mode":"bus","color":"#0059a9","colorDark":"#00294f","band":0,"off":[3,1.1]}},{"type":"Feature","geometry":{"type":"Point","coordinates":[22.902385,40.662613]},"properties":{"line":"18","mode":"bus","color":"#0059a9","colorDark":"#00294f","band":0,"off":[-6,1.1]}},{"type":"Feature","geometry":{"type":"Point","coordinates":[22.902385,40.662613]},"properties":{"line":"20","mode":"bus","color":"#0059a9","colorDark":"#00294f","band":0,"off":[-3,1.1]}},{"type":"Feature","geometry":{"type":"Point","coordinates":[22.902385,40.662613]},"properties":{"line":"42","mode":"bus","color":"#0059a9","colorDark":"#00294f","band":0,"off":[0,1.1]}},{"type":"Feature","geometry":{"type":"Point","coordinates":[22.902385,40.662613]},"properties":{"line":"42A","mode":"bus","color":"#0059a9","colorDark":"#00294f","band":0,"off":[3,1.1]}},{"type":"Feature","geometry":{"type":"Point","coordinates":[22.902385,40.662613]},"properties":{"line":"42B","mode":"bus","color":"#0059a9","colorDark":"#00294f","band":0,"off":[6,1.1]}},{"type":"Feature","geometry":{"type":"Point","coordinates":[22.961595,40.645198]},"properties":{"line":"18","mode":"bus","color":"#0059a9","colorDark":"#00294f","band":0,"off":[0,1.1]}},{"type":"Feature","geometry":{"type":"Point","coordinates":[22.894745,40.666695]},"properties":{"line":"19","mode":"bus","color":"#0059a9","colorDark":"#00294f","band":0,"off":[-1.5,1.1]}},{"type":"Feature","geometry":{"type":"Point","coordinates":[22.894745,40.666695]},"properties":{"line":"19A","mode":"bus","color":"#0059a9","colorDark":"#00294f","band":0,"off":[1.5,1.1]}},{"type":"Feature","geometry":{"type":"Point","coordinates":[22.909946,40.677376]},"properties":{"line":"21","mode":"bus","color":"#0059a9","colorDark":"#00294f","band":0,"off":[-6,1.1]}},{"type":"Feature","geometry":{"type":"Point","coordinates":[22.909946,40.677376]},"properties":{"line":"32","mode":"bus","color":"#0059a9","colorDark":"#00294f","band":0,"off":[-3,1.1]}},{"type":"Feature","geometry":{"type":"Point","coordinates":[22.909946,40.677376]},"properties":{"line":"32A","mode":"bus","color":"#0059a9","colorDark":"#00294f","band":0,"off":[0,1.1]}},{"type":"Feature","geometry":{"type":"Point","coordinates":[22.909946,40.677376]},"properties":{"line":"32N","mode":"bus","color":"#0059a9","colorDark":"#00294f","band":0,"off":[3,1.1]}},{"type":"Feature","geometry":{"type":"Point","coordinates":[22.909946,40.677376]},"properties":{"line":"43","mode":"bus","color":"#0059a9","colorDark":"#00294f","band":0,"off":[6,1.1]}},{"type":"Feature","geometry":{"type":"Point","coordinates":[22.909946,40.677376]},"properties":{"line":"43Y","mode":"bus","color":"#0059a9","colorDark":"#00294f","band":0,"off":[0,2.6]}},{"type":"Feature","geometry":{"type":"Point","coordinates":[22.957316,40.651671]},"properties":{"line":"23","mode":"bus","color":"#0059a9","colorDark":"#00294f","band":0,"off":[0,1.1]}},{"type":"Feature","geometry":{"type":"Point","coordinates":[22.96797,40.63587]},"properties":{"line":"24","mode":"bus","color":"#0059a9","colorDark":"#00294f","band":0,"off":[0,1.1]}},{"type":"Feature","geometry":{"type":"Point","coordinates":[22.964856,40.657615]},"properties":{"line":"25","mode":"bus","color":"#0059a9","colorDark":"#00294f","band":0,"off":[-3,1.1]}},{"type":"Feature","geometry":{"type":"Point","coordinates":[22.964856,40.657615]},"properties":{"line":"59","mode":"bus","color":"#0059a9","colorDark":"#00294f","band":0,"off":[0,1.1]}},{"type":"Feature","geometry":{"type":"Point","coordinates":[22.964856,40.657615]},"properties":{"line":"59K","mode":"bus","color":"#0059a9","colorDark":"#00294f","band":0,"off":[3,1.1]}},{"type":"Feature","geometry":{"type":"Point","coordinates":[22.942378,40.646786]},"properties":{"line":"26","mode":"bus","color":"#0059a9","colorDark":"#00294f","band":0,"off":[0,1.1]}},{"type":"Feature","geometry":{"type":"Point","coordinates":[22.936058,40.69152]},"properties":{"line":"27","mode":"bus","color":"#0059a9","colorDark":"#00294f","band":0,"off":[-6,1.1]}},{"type":"Feature","geometry":{"type":"Point","coordinates":[22.936058,40.69152]},"properties":{"line":"43","mode":"bus","color":"#0059a9","colorDark":"#00294f","band":0,"off":[-3,1.1]}},{"type":"Feature","geometry":{"type":"Point","coordinates":[22.936058,40.69152]},"properties":{"line":"55","mode":"bus","color":"#0059a9","colorDark":"#00294f","band":0,"off":[0,1.1]}},{"type":"Feature","geometry":{"type":"Point","coordinates":[22.936058,40.69152]},"properties":{"line":"55B","mode":"bus","color":"#0059a9","colorDark":"#00294f","band":0,"off":[3,1.1]}},{"type":"Feature","geometry":{"type":"Point","coordinates":[22.936058,40.69152]},"properties":{"line":"55E","mode":"bus","color":"#0059a9","colorDark":"#00294f","band":0,"off":[6,1.1]}},{"type":"Feature","geometry":{"type":"Point","coordinates":[22.936058,40.69152]},"properties":{"line":"55K","mode":"bus","color":"#0059a9","colorDark":"#00294f","band":0,"off":[-6,2.6]}},{"type":"Feature","geometry":{"type":"Point","coordinates":[22.936058,40.69152]},"properties":{"line":"55M","mode":"bus","color":"#0059a9","colorDark":"#00294f","band":0,"off":[-3,2.6]}},{"type":"Feature","geometry":{"type":"Point","coordinates":[22.936058,40.69152]},"properties":{"line":"55N","mode":"bus","color":"#0059a9","colorDark":"#00294f","band":0,"off":[0,2.6]}},{"type":"Feature","geometry":{"type":"Point","coordinates":[22.936058,40.69152]},"properties":{"line":"55P","mode":"bus","color":"#0059a9","colorDark":"#00294f","band":0,"off":[3,2.6]}},{"type":"Feature","geometry":{"type":"Point","coordinates":[22.936058,40.69152]},"properties":{"line":"55X","mode":"bus","color":"#0059a9","colorDark":"#00294f","band":0,"off":[6,2.6]}},{"type":"Feature","geometry":{"type":"Point","coordinates":[22.936058,40.69152]},"properties":{"line":"55Y","mode":"bus","color":"#0059a9","colorDark":"#00294f","band":0,"off":[-6,4.1]}},{"type":"Feature","geometry":{"type":"Point","coordinates":[22.936058,40.69152]},"properties":{"line":"83N","mode":"bus","color":"#0059a9","colorDark":"#00294f","band":0,"off":[-3,4.1]}},{"type":"Feature","geometry":{"type":"Point","coordinates":[22.936058,40.69152]},"properties":{"line":"85","mode":"bus","color":"#0059a9","colorDark":"#00294f","band":0,"off":[0,4.1]}},{"type":"Feature","geometry":{"type":"Point","coordinates":[22.936058,40.69152]},"properties":{"line":"85A","mode":"bus","color":"#0059a9","colorDark":"#00294f","band":0,"off":[3,4.1]}},{"type":"Feature","geometry":{"type":"Point","coordinates":[22.936058,40.69152]},"properties":{"line":"85B","mode":"bus","color":"#0059a9","colorDark":"#00294f","band":0,"off":[6,4.1]}},{"type":"Feature","geometry":{"type":"Point","coordinates":[22.936058,40.69152]},"properties":{"line":"85K","mode":"bus","color":"#0059a9","colorDark":"#00294f","band":0,"off":[-6,5.6]}},{"type":"Feature","geometry":{"type":"Point","coordinates":[22.936058,40.69152]},"properties":{"line":"85M","mode":"bus","color":"#0059a9","colorDark":"#00294f","band":0,"off":[-3,5.6]}},{"type":"Feature","geometry":{"type":"Point","coordinates":[22.936058,40.69152]},"properties":{"line":"85N","mode":"bus","color":"#0059a9","colorDark":"#00294f","band":0,"off":[0,5.6]}},{"type":"Feature","geometry":{"type":"Point","coordinates":[22.936058,40.69152]},"properties":{"line":"85T","mode":"bus","color":"#0059a9","colorDark":"#00294f","band":0,"off":[3,5.6]}},{"type":"Feature","geometry":{"type":"Point","coordinates":[22.936058,40.69152]},"properties":{"line":"85X","mode":"bus","color":"#0059a9","colorDark":"#00294f","band":0,"off":[6,5.6]}},{"type":"Feature","geometry":{"type":"Point","coordinates":[22.936058,40.69152]},"properties":{"line":"85Z","mode":"bus","color":"#0059a9","colorDark":"#00294f","band":0,"off":[-6,7.1]}},{"type":"Feature","geometry":{"type":"Point","coordinates":[22.936058,40.69152]},"properties":{"line":"86","mode":"bus","color":"#0059a9","colorDark":"#00294f","band":0,"off":[-3,7.1]}},{"type":"Feature","geometry":{"type":"Point","coordinates":[22.936058,40.69152]},"properties":{"line":"86A","mode":"bus","color":"#0059a9","colorDark":"#00294f","band":0,"off":[0,7.1]}},{"type":"Feature","geometry":{"type":"Point","coordinates":[22.936058,40.69152]},"properties":{"line":"86B","mode":"bus","color":"#0059a9","colorDark":"#00294f","band":0,"off":[3,7.1]}},{"type":"Feature","geometry":{"type":"Point","coordinates":[22.936058,40.69152]},"properties":{"line":"86E","mode":"bus","color":"#0059a9","colorDark":"#00294f","band":0,"off":[6,7.1]}},{"type":"Feature","geometry":{"type":"Point","coordinates":[22.936058,40.69152]},"properties":{"line":"86K","mode":"bus","color":"#0059a9","colorDark":"#00294f","band":0,"off":[-6,8.6]}},{"type":"Feature","geometry":{"type":"Point","coordinates":[22.936058,40.69152]},"properties":{"line":"86M","mode":"bus","color":"#0059a9","colorDark":"#00294f","band":0,"off":[-3,8.6]}},{"type":"Feature","geometry":{"type":"Point","coordinates":[22.936058,40.69152]},"properties":{"line":"86N","mode":"bus","color":"#0059a9","colorDark":"#00294f","band":0,"off":[0,8.6]}},{"type":"Feature","geometry":{"type":"Point","coordinates":[22.936058,40.69152]},"properties":{"line":"86R","mode":"bus","color":"#0059a9","colorDark":"#00294f","band":0,"off":[3,8.6]}},{"type":"Feature","geometry":{"type":"Point","coordinates":[22.936058,40.69152]},"properties":{"line":"86T","mode":"bus","color":"#0059a9","colorDark":"#00294f","band":0,"off":[6,8.6]}},{"type":"Feature","geometry":{"type":"Point","coordinates":[22.96563,40.662014]},"properties":{"line":"29","mode":"bus","color":"#0059a9","colorDark":"#00294f","band":0,"off":[-1.5,1.1]}},{"type":"Feature","geometry":{"type":"Point","coordinates":[22.96563,40.662014]},"properties":{"line":"29A","mode":"bus","color":"#0059a9","colorDark":"#00294f","band":0,"off":[1.5,1.1]}},{"type":"Feature","geometry":{"type":"Point","coordinates":[22.955625,40.594156]},"properties":{"line":"30","mode":"bus","color":"#0059a9","colorDark":"#00294f","band":0,"off":[0,1.1]}},{"type":"Feature","geometry":{"type":"Point","coordinates":[22.971543,40.583681]},"properties":{"line":"33","mode":"bus","color":"#0059a9","colorDark":"#00294f","band":0,"off":[-6,1.1]}},{"type":"Feature","geometry":{"type":"Point","coordinates":[22.971543,40.583681]},"properties":{"line":"33A","mode":"bus","color":"#0059a9","colorDark":"#00294f","band":0,"off":[-3,1.1]}},{"type":"Feature","geometry":{"type":"Point","coordinates":[22.971543,40.583681]},"properties":{"line":"33B","mode":"bus","color":"#0059a9","colorDark":"#00294f","band":0,"off":[0,1.1]}},{"type":"Feature","geometry":{"type":"Point","coordinates":[22.971543,40.583681]},"properties":{"line":"39","mode":"bus","color":"#0059a9","colorDark":"#00294f","band":0,"off":[3,1.1]}},{"type":"Feature","geometry":{"type":"Point","coordinates":[22.971543,40.583681]},"properties":{"line":"39A","mode":"bus","color":"#0059a9","colorDark":"#00294f","band":0,"off":[6,1.1]}},{"type":"Feature","geometry":{"type":"Point","coordinates":[22.971543,40.583681]},"properties":{"line":"39B","mode":"bus","color":"#0059a9","colorDark":"#00294f","band":0,"off":[0,2.6]}},{"type":"Feature","geometry":{"type":"Point","coordinates":[22.930845,40.68456]},"properties":{"line":"34","mode":"bus","color":"#0059a9","colorDark":"#00294f","band":0,"off":[-1.5,1.1]}},{"type":"Feature","geometry":{"type":"Point","coordinates":[22.930845,40.68456]},"properties":{"line":"34A","mode":"bus","color":"#0059a9","colorDark":"#00294f","band":0,"off":[1.5,1.1]}},{"type":"Feature","geometry":{"type":"Point","coordinates":[22.963125,40.660026]},"properties":{"line":"35","mode":"bus","color":"#0059a9","colorDark":"#00294f","band":0,"off":[0,1.1]}},{"type":"Feature","geometry":{"type":"Point","coordinates":[22.992028,40.556631]},"properties":{"line":"36","mode":"bus","color":"#0059a9","colorDark":"#00294f","band":0,"off":[-4.5,1.1]}},{"type":"Feature","geometry":{"type":"Point","coordinates":[22.992028,40.556631]},"properties":{"line":"36A","mode":"bus","color":"#0059a9","colorDark":"#00294f","band":0,"off":[-1.5,1.1]}},{"type":"Feature","geometry":{"type":"Point","coordinates":[22.992028,40.556631]},"properties":{"line":"36B","mode":"bus","color":"#0059a9","colorDark":"#00294f","band":0,"off":[1.5,1.1]}},{"type":"Feature","geometry":{"type":"Point","coordinates":[22.992028,40.556631]},"properties":{"line":"36Z","mode":"bus","color":"#0059a9","colorDark":"#00294f","band":0,"off":[4.5,1.1]}},{"type":"Feature","geometry":{"type":"Point","coordinates":[22.9782,40.618644]},"properties":{"line":"37","mode":"bus","color":"#0059a9","colorDark":"#00294f","band":0,"off":[0,1.1]}},{"type":"Feature","geometry":{"type":"Point","coordinates":[22.95189,40.692229]},"properties":{"line":"38","mode":"bus","color":"#0059a9","colorDark":"#00294f","band":0,"off":[0,1.1]}},{"type":"Feature","geometry":{"type":"Point","coordinates":[22.856171,40.641449]},"properties":{"line":"40","mode":"bus","color":"#0059a9","colorDark":"#00294f","band":0,"off":[-3,1.1]}},{"type":"Feature","geometry":{"type":"Point","coordinates":[22.856171,40.641449]},"properties":{"line":"40A","mode":"bus","color":"#0059a9","colorDark":"#00294f","band":0,"off":[0,1.1]}},{"type":"Feature","geometry":{"type":"Point","coordinates":[22.856171,40.641449]},"properties":{"line":"40K","mode":"bus","color":"#0059a9","colorDark":"#00294f","band":0,"off":[3,1.1]}},{"type":"Feature","geometry":{"type":"Point","coordinates":[22.902427,40.68944]},"properties":{"line":"42","mode":"bus","color":"#0059a9","colorDark":"#00294f","band":0,"off":[-3,1.1]}},{"type":"Feature","geometry":{"type":"Point","coordinates":[22.902427,40.68944]},"properties":{"line":"42A","mode":"bus","color":"#0059a9","colorDark":"#00294f","band":0,"off":[0,1.1]}},{"type":"Feature","geometry":{"type":"Point","coordinates":[22.902427,40.68944]},"properties":{"line":"42B","mode":"bus","color":"#0059a9","colorDark":"#00294f","band":0,"off":[3,1.1]}},{"type":"Feature","geometry":{"type":"Point","coordinates":[22.984115,40.575106]},"properties":{"line":"45A","mode":"bus","color":"#0059a9","colorDark":"#00294f","band":0,"off":[-4.5,1.1]}},{"type":"Feature","geometry":{"type":"Point","coordinates":[22.984115,40.575106]},"properties":{"line":"79A","mode":"bus","color":"#0059a9","colorDark":"#00294f","band":0,"off":[-1.5,1.1]}},{"type":"Feature","geometry":{"type":"Point","coordinates":[22.984115,40.575106]},"properties":{"line":"79B","mode":"bus","color":"#0059a9","colorDark":"#00294f","band":0,"off":[1.5,1.1]}},{"type":"Feature","geometry":{"type":"Point","coordinates":[22.984115,40.575106]},"properties":{"line":"79K","mode":"bus","color":"#0059a9","colorDark":"#00294f","band":0,"off":[4.5,1.1]}},{"type":"Feature","geometry":{"type":"Point","coordinates":[22.949623,40.625829]},"properties":{"line":"50","mode":"bus","color":"#0059a9","colorDark":"#00294f","band":0,"off":[0,1.1]}},{"type":"Feature","geometry":{"type":"Point","coordinates":[22.800805,40.664109]},"properties":{"line":"51","mode":"bus","color":"#0059a9","colorDark":"#00294f","band":0,"off":[-6,1.1]}},{"type":"Feature","geometry":{"type":"Point","coordinates":[22.800805,40.664109]},"properties":{"line":"51A","mode":"bus","color":"#0059a9","colorDark":"#00294f","band":0,"off":[-3,1.1]}},{"type":"Feature","geometry":{"type":"Point","coordinates":[22.800805,40.664109]},"properties":{"line":"51B","mode":"bus","color":"#0059a9","colorDark":"#00294f","band":0,"off":[0,1.1]}},{"type":"Feature","geometry":{"type":"Point","coordinates":[22.800805,40.664109]},"properties":{"line":"52","mode":"bus","color":"#0059a9","colorDark":"#00294f","band":0,"off":[3,1.1]}},{"type":"Feature","geometry":{"type":"Point","coordinates":[22.800805,40.664109]},"properties":{"line":"52B","mode":"bus","color":"#0059a9","colorDark":"#00294f","band":0,"off":[6,1.1]}},{"type":"Feature","geometry":{"type":"Point","coordinates":[22.800805,40.664109]},"properties":{"line":"53","mode":"bus","color":"#0059a9","colorDark":"#00294f","band":0,"off":[-4.5,2.6]}},{"type":"Feature","geometry":{"type":"Point","coordinates":[22.800805,40.664109]},"properties":{"line":"53A","mode":"bus","color":"#0059a9","colorDark":"#00294f","band":0,"off":[-1.5,2.6]}},{"type":"Feature","geometry":{"type":"Point","coordinates":[22.800805,40.664109]},"properties":{"line":"53B","mode":"bus","color":"#0059a9","colorDark":"#00294f","band":0,"off":[1.5,2.6]}},{"type":"Feature","geometry":{"type":"Point","coordinates":[22.800805,40.664109]},"properties":{"line":"53Σ","mode":"bus","color":"#0059a9","colorDark":"#00294f","band":0,"off":[4.5,2.6]}},{"type":"Feature","geometry":{"type":"Point","coordinates":[22.927281,40.645512]},"properties":{"line":"52","mode":"bus","color":"#0059a9","colorDark":"#00294f","band":0,"off":[0,1.1]}},{"type":"Feature","geometry":{"type":"Point","coordinates":[22.838209,40.686472]},"properties":{"line":"54","mode":"bus","color":"#0059a9","colorDark":"#00294f","band":0,"off":[-1.5,1.1]}},{"type":"Feature","geometry":{"type":"Point","coordinates":[22.838209,40.686472]},"properties":{"line":"54A","mode":"bus","color":"#0059a9","colorDark":"#00294f","band":0,"off":[1.5,1.1]}},{"type":"Feature","geometry":{"type":"Point","coordinates":[22.905975,40.723279]},"properties":{"line":"56","mode":"bus","color":"#0059a9","colorDark":"#00294f","band":0,"off":[0,1.1]}},{"type":"Feature","geometry":{"type":"Point","coordinates":[22.914637,40.726814]},"properties":{"line":"56","mode":"bus","color":"#0059a9","colorDark":"#00294f","band":0,"off":[-1.5,1.1]}},{"type":"Feature","geometry":{"type":"Point","coordinates":[22.914637,40.726814]},"properties":{"line":"84M","mode":"bus","color":"#0059a9","colorDark":"#00294f","band":0,"off":[1.5,1.1]}},{"type":"Feature","geometry":{"type":"Point","coordinates":[23.062641,40.624531]},"properties":{"line":"57","mode":"bus","color":"#0059a9","colorDark":"#00294f","band":0,"off":[-3,1.1]}},{"type":"Feature","geometry":{"type":"Point","coordinates":[23.062641,40.624531]},"properties":{"line":"58","mode":"bus","color":"#0059a9","colorDark":"#00294f","band":0,"off":[0,1.1]}},{"type":"Feature","geometry":{"type":"Point","coordinates":[23.062641,40.624531]},"properties":{"line":"61","mode":"bus","color":"#0059a9","colorDark":"#00294f","band":0,"off":[3,1.1]}},{"type":"Feature","geometry":{"type":"Point","coordinates":[23.033877,40.581928]},"properties":{"line":"60A","mode":"bus","color":"#0059a9","colorDark":"#00294f","band":0,"off":[-3,1.1]}},{"type":"Feature","geometry":{"type":"Point","coordinates":[23.033877,40.581928]},"properties":{"line":"60B","mode":"bus","color":"#0059a9","colorDark":"#00294f","band":0,"off":[0,1.1]}},{"type":"Feature","geometry":{"type":"Point","coordinates":[23.033877,40.581928]},"properties":{"line":"60E","mode":"bus","color":"#0059a9","colorDark":"#00294f","band":0,"off":[3,1.1]}},{"type":"Feature","geometry":{"type":"Point","coordinates":[23.10022,40.60833]},"properties":{"line":"61","mode":"bus","color":"#0059a9","colorDark":"#00294f","band":0,"off":[0,1.1]}},{"type":"Feature","geometry":{"type":"Point","coordinates":[23.000469,40.69971]},"properties":{"line":"64","mode":"bus","color":"#0059a9","colorDark":"#00294f","band":0,"off":[-3,1.1]}},{"type":"Feature","geometry":{"type":"Point","coordinates":[23.000469,40.69971]},"properties":{"line":"64A","mode":"bus","color":"#0059a9","colorDark":"#00294f","band":0,"off":[0,1.1]}},{"type":"Feature","geometry":{"type":"Point","coordinates":[23.000469,40.69971]},"properties":{"line":"64B","mode":"bus","color":"#0059a9","colorDark":"#00294f","band":0,"off":[3,1.1]}},{"type":"Feature","geometry":{"type":"Point","coordinates":[23.019417,40.546083]},"properties":{"line":"66","mode":"bus","color":"#0059a9","colorDark":"#00294f","band":0,"off":[0,1.1]}},{"type":"Feature","geometry":{"type":"Point","coordinates":[23.047892,40.549833]},"properties":{"line":"67","mode":"bus","color":"#0059a9","colorDark":"#00294f","band":0,"off":[-3,1.1]}},{"type":"Feature","geometry":{"type":"Point","coordinates":[23.047892,40.549833]},"properties":{"line":"67A","mode":"bus","color":"#0059a9","colorDark":"#00294f","band":0,"off":[0,1.1]}},{"type":"Feature","geometry":{"type":"Point","coordinates":[23.047892,40.549833]},"properties":{"line":"67B","mode":"bus","color":"#0059a9","colorDark":"#00294f","band":0,"off":[3,1.1]}},{"type":"Feature","geometry":{"type":"Point","coordinates":[22.895742,40.407363]},"properties":{"line":"69A","mode":"bus","color":"#0059a9","colorDark":"#00294f","band":0,"off":[-1.5,1.1]}},{"type":"Feature","geometry":{"type":"Point","coordinates":[22.895742,40.407363]},"properties":{"line":"70","mode":"bus","color":"#0059a9","colorDark":"#00294f","band":0,"off":[1.5,1.1]}},{"type":"Feature","geometry":{"type":"Point","coordinates":[22.868263,40.439621]},"properties":{"line":"69B","mode":"bus","color":"#0059a9","colorDark":"#00294f","band":0,"off":[-1.5,1.1]}},{"type":"Feature","geometry":{"type":"Point","coordinates":[22.868263,40.439621]},"properties":{"line":"70A","mode":"bus","color":"#0059a9","colorDark":"#00294f","band":0,"off":[1.5,1.1]}},{"type":"Feature","geometry":{"type":"Point","coordinates":[22.929625,40.429004]},"properties":{"line":"69H","mode":"bus","color":"#0059a9","colorDark":"#00294f","band":0,"off":[-6,1.1]}},{"type":"Feature","geometry":{"type":"Point","coordinates":[22.929625,40.429004]},"properties":{"line":"77","mode":"bus","color":"#0059a9","colorDark":"#00294f","band":0,"off":[-3,1.1]}},{"type":"Feature","geometry":{"type":"Point","coordinates":[22.929625,40.429004]},"properties":{"line":"77H","mode":"bus","color":"#0059a9","colorDark":"#00294f","band":0,"off":[0,1.1]}},{"type":"Feature","geometry":{"type":"Point","coordinates":[22.929625,40.429004]},"properties":{"line":"88E","mode":"bus","color":"#0059a9","colorDark":"#00294f","band":0,"off":[3,1.1]}},{"type":"Feature","geometry":{"type":"Point","coordinates":[22.929625,40.429004]},"properties":{"line":"88H","mode":"bus","color":"#0059a9","colorDark":"#00294f","band":0,"off":[6,1.1]}},{"type":"Feature","geometry":{"type":"Point","coordinates":[23.007611,40.350112]},"properties":{"line":"69N","mode":"bus","color":"#0059a9","colorDark":"#00294f","band":0,"off":[0,1.1]}},{"type":"Feature","geometry":{"type":"Point","coordinates":[22.87144,40.46383]},"properties":{"line":"71","mode":"bus","color":"#0059a9","colorDark":"#00294f","band":0,"off":[-6,1.1]}},{"type":"Feature","geometry":{"type":"Point","coordinates":[22.87144,40.46383]},"properties":{"line":"71A","mode":"bus","color":"#0059a9","colorDark":"#00294f","band":0,"off":[-3,1.1]}},{"type":"Feature","geometry":{"type":"Point","coordinates":[22.87144,40.46383]},"properties":{"line":"72","mode":"bus","color":"#0059a9","colorDark":"#00294f","band":0,"off":[0,1.1]}},{"type":"Feature","geometry":{"type":"Point","coordinates":[22.87144,40.46383]},"properties":{"line":"72A","mode":"bus","color":"#0059a9","colorDark":"#00294f","band":0,"off":[3,1.1]}},{"type":"Feature","geometry":{"type":"Point","coordinates":[22.87144,40.46383]},"properties":{"line":"72B","mode":"bus","color":"#0059a9","colorDark":"#00294f","band":0,"off":[6,1.1]}},{"type":"Feature","geometry":{"type":"Point","coordinates":[22.87144,40.46383]},"properties":{"line":"72E","mode":"bus","color":"#0059a9","colorDark":"#00294f","band":0,"off":[0,2.6]}},{"type":"Feature","geometry":{"type":"Point","coordinates":[22.819039,40.496898]},"properties":{"line":"76","mode":"bus","color":"#0059a9","colorDark":"#00294f","band":0,"off":[-1.5,1.1]}},{"type":"Feature","geometry":{"type":"Point","coordinates":[22.819039,40.496898]},"properties":{"line":"76A","mode":"bus","color":"#0059a9","colorDark":"#00294f","band":0,"off":[1.5,1.1]}},{"type":"Feature","geometry":{"type":"Point","coordinates":[22.867964,40.475262]},"properties":{"line":"77","mode":"bus","color":"#0059a9","colorDark":"#00294f","band":0,"off":[0,1.1]}},{"type":"Feature","geometry":{"type":"Point","coordinates":[22.9218,40.38204]},"properties":{"line":"77H","mode":"bus","color":"#0059a9","colorDark":"#00294f","band":0,"off":[0,1.1]}},{"type":"Feature","geometry":{"type":"Point","coordinates":[22.677226,40.615114]},"properties":{"line":"80","mode":"bus","color":"#0059a9","colorDark":"#00294f","band":0,"off":[-6,1.1]}},{"type":"Feature","geometry":{"type":"Point","coordinates":[22.677226,40.615114]},"properties":{"line":"80A","mode":"bus","color":"#0059a9","colorDark":"#00294f","band":0,"off":[-3,1.1]}},{"type":"Feature","geometry":{"type":"Point","coordinates":[22.677226,40.615114]},"properties":{"line":"80B","mode":"bus","color":"#0059a9","colorDark":"#00294f","band":0,"off":[0,1.1]}},{"type":"Feature","geometry":{"type":"Point","coordinates":[22.677226,40.615114]},"properties":{"line":"80E","mode":"bus","color":"#0059a9","colorDark":"#00294f","band":0,"off":[3,1.1]}},{"type":"Feature","geometry":{"type":"Point","coordinates":[22.677226,40.615114]},"properties":{"line":"80Z","mode":"bus","color":"#0059a9","colorDark":"#00294f","band":0,"off":[6,1.1]}},{"type":"Feature","geometry":{"type":"Point","coordinates":[22.677226,40.615114]},"properties":{"line":"90","mode":"bus","color":"#0059a9","colorDark":"#00294f","band":0,"off":[-1.5,2.6]}},{"type":"Feature","geometry":{"type":"Point","coordinates":[22.677226,40.615114]},"properties":{"line":"90A","mode":"bus","color":"#0059a9","colorDark":"#00294f","band":0,"off":[1.5,2.6]}},{"type":"Feature","geometry":{"type":"Point","coordinates":[22.577217,40.786414]},"properties":{"line":"81A","mode":"bus","color":"#0059a9","colorDark":"#00294f","band":0,"off":[-6,1.1]}},{"type":"Feature","geometry":{"type":"Point","coordinates":[22.577217,40.786414]},"properties":{"line":"81B","mode":"bus","color":"#0059a9","colorDark":"#00294f","band":0,"off":[-3,1.1]}},{"type":"Feature","geometry":{"type":"Point","coordinates":[22.577217,40.786414]},"properties":{"line":"81E","mode":"bus","color":"#0059a9","colorDark":"#00294f","band":0,"off":[0,1.1]}},{"type":"Feature","geometry":{"type":"Point","coordinates":[22.577217,40.786414]},"properties":{"line":"81K","mode":"bus","color":"#0059a9","colorDark":"#00294f","band":0,"off":[3,1.1]}},{"type":"Feature","geometry":{"type":"Point","coordinates":[22.577217,40.786414]},"properties":{"line":"90","mode":"bus","color":"#0059a9","colorDark":"#00294f","band":0,"off":[6,1.1]}},{"type":"Feature","geometry":{"type":"Point","coordinates":[22.577217,40.786414]},"properties":{"line":"90E","mode":"bus","color":"#0059a9","colorDark":"#00294f","band":0,"off":[-6,2.6]}},{"type":"Feature","geometry":{"type":"Point","coordinates":[22.577217,40.786414]},"properties":{"line":"92","mode":"bus","color":"#0059a9","colorDark":"#00294f","band":0,"off":[-3,2.6]}},{"type":"Feature","geometry":{"type":"Point","coordinates":[22.577217,40.786414]},"properties":{"line":"92A","mode":"bus","color":"#0059a9","colorDark":"#00294f","band":0,"off":[0,2.6]}},{"type":"Feature","geometry":{"type":"Point","coordinates":[22.577217,40.786414]},"properties":{"line":"92E","mode":"bus","color":"#0059a9","colorDark":"#00294f","band":0,"off":[3,2.6]}},{"type":"Feature","geometry":{"type":"Point","coordinates":[22.577217,40.786414]},"properties":{"line":"92P","mode":"bus","color":"#0059a9","colorDark":"#00294f","band":0,"off":[6,2.6]}},{"type":"Feature","geometry":{"type":"Point","coordinates":[22.907403,40.801861]},"properties":{"line":"82E","mode":"bus","color":"#0059a9","colorDark":"#00294f","band":0,"off":[-4.5,1.1]}},{"type":"Feature","geometry":{"type":"Point","coordinates":[22.907403,40.801861]},"properties":{"line":"82K","mode":"bus","color":"#0059a9","colorDark":"#00294f","band":0,"off":[-1.5,1.1]}},{"type":"Feature","geometry":{"type":"Point","coordinates":[22.907403,40.801861]},"properties":{"line":"82M","mode":"bus","color":"#0059a9","colorDark":"#00294f","band":0,"off":[1.5,1.1]}},{"type":"Feature","geometry":{"type":"Point","coordinates":[22.907403,40.801861]},"properties":{"line":"82N","mode":"bus","color":"#0059a9","colorDark":"#00294f","band":0,"off":[4.5,1.1]}},{"type":"Feature","geometry":{"type":"Point","coordinates":[23.065601,40.743611]},"properties":{"line":"83","mode":"bus","color":"#0059a9","colorDark":"#00294f","band":0,"off":[-6,1.1]}},{"type":"Feature","geometry":{"type":"Point","coordinates":[23.065601,40.743611]},"properties":{"line":"83B","mode":"bus","color":"#0059a9","colorDark":"#00294f","band":0,"off":[-3,1.1]}},{"type":"Feature","geometry":{"type":"Point","coordinates":[23.065601,40.743611]},"properties":{"line":"83M","mode":"bus","color":"#0059a9","colorDark":"#00294f","band":0,"off":[0,1.1]}},{"type":"Feature","geometry":{"type":"Point","coordinates":[23.065601,40.743611]},"properties":{"line":"85H","mode":"bus","color":"#0059a9","colorDark":"#00294f","band":0,"off":[3,1.1]}},{"type":"Feature","geometry":{"type":"Point","coordinates":[23.065601,40.743611]},"properties":{"line":"85X","mode":"bus","color":"#0059a9","colorDark":"#00294f","band":0,"off":[6,1.1]}},{"type":"Feature","geometry":{"type":"Point","coordinates":[23.065601,40.743611]},"properties":{"line":"91A","mode":"bus","color":"#0059a9","colorDark":"#00294f","band":0,"off":[-6,2.6]}},{"type":"Feature","geometry":{"type":"Point","coordinates":[23.065601,40.743611]},"properties":{"line":"91E","mode":"bus","color":"#0059a9","colorDark":"#00294f","band":0,"off":[-3,2.6]}},{"type":"Feature","geometry":{"type":"Point","coordinates":[23.065601,40.743611]},"properties":{"line":"91H","mode":"bus","color":"#0059a9","colorDark":"#00294f","band":0,"off":[0,2.6]}},{"type":"Feature","geometry":{"type":"Point","coordinates":[23.065601,40.743611]},"properties":{"line":"91K","mode":"bus","color":"#0059a9","colorDark":"#00294f","band":0,"off":[3,2.6]}},{"type":"Feature","geometry":{"type":"Point","coordinates":[23.065601,40.743611]},"properties":{"line":"91N","mode":"bus","color":"#0059a9","colorDark":"#00294f","band":0,"off":[6,2.6]}},{"type":"Feature","geometry":{"type":"Point","coordinates":[23.065601,40.743611]},"properties":{"line":"91T","mode":"bus","color":"#0059a9","colorDark":"#00294f","band":0,"off":[-1.5,4.1]}},{"type":"Feature","geometry":{"type":"Point","coordinates":[23.065601,40.743611]},"properties":{"line":"91X","mode":"bus","color":"#0059a9","colorDark":"#00294f","band":0,"off":[1.5,4.1]}},{"type":"Feature","geometry":{"type":"Point","coordinates":[23.174155,40.721222]},"properties":{"line":"83A","mode":"bus","color":"#0059a9","colorDark":"#00294f","band":0,"off":[-3,1.1]}},{"type":"Feature","geometry":{"type":"Point","coordinates":[23.174155,40.721222]},"properties":{"line":"91A","mode":"bus","color":"#0059a9","colorDark":"#00294f","band":0,"off":[0,1.1]}},{"type":"Feature","geometry":{"type":"Point","coordinates":[23.174155,40.721222]},"properties":{"line":"91Y","mode":"bus","color":"#0059a9","colorDark":"#00294f","band":0,"off":[3,1.1]}},{"type":"Feature","geometry":{"type":"Point","coordinates":[23.068248,40.758767]},"properties":{"line":"83N","mode":"bus","color":"#0059a9","colorDark":"#00294f","band":0,"off":[-1.5,1.1]}},{"type":"Feature","geometry":{"type":"Point","coordinates":[23.068248,40.758767]},"properties":{"line":"91N","mode":"bus","color":"#0059a9","colorDark":"#00294f","band":0,"off":[1.5,1.1]}},{"type":"Feature","geometry":{"type":"Point","coordinates":[23.082276,40.769597]},"properties":{"line":"83X","mode":"bus","color":"#0059a9","colorDark":"#00294f","band":0,"off":[-3,1.1]}},{"type":"Feature","geometry":{"type":"Point","coordinates":[23.082276,40.769597]},"properties":{"line":"91X","mode":"bus","color":"#0059a9","colorDark":"#00294f","band":0,"off":[0,1.1]}},{"type":"Feature","geometry":{"type":"Point","coordinates":[23.082276,40.769597]},"properties":{"line":"91Y","mode":"bus","color":"#0059a9","colorDark":"#00294f","band":0,"off":[3,1.1]}},{"type":"Feature","geometry":{"type":"Point","coordinates":[22.930772,40.767626]},"properties":{"line":"84A","mode":"bus","color":"#0059a9","colorDark":"#00294f","band":0,"off":[-1.5,1.1]}},{"type":"Feature","geometry":{"type":"Point","coordinates":[22.930772,40.767626]},"properties":{"line":"84M","mode":"bus","color":"#0059a9","colorDark":"#00294f","band":0,"off":[1.5,1.1]}},{"type":"Feature","geometry":{"type":"Point","coordinates":[22.952914,40.779426]},"properties":{"line":"84A","mode":"bus","color":"#0059a9","colorDark":"#00294f","band":0,"off":[-1.5,1.1]}},{"type":"Feature","geometry":{"type":"Point","coordinates":[22.952914,40.779426]},"properties":{"line":"84M","mode":"bus","color":"#0059a9","colorDark":"#00294f","band":0,"off":[1.5,1.1]}},{"type":"Feature","geometry":{"type":"Point","coordinates":[23.236184,40.983861]},"properties":{"line":"85","mode":"bus","color":"#0059a9","colorDark":"#00294f","band":0,"off":[-6,1.1]}},{"type":"Feature","geometry":{"type":"Point","coordinates":[23.236184,40.983861]},"properties":{"line":"85H","mode":"bus","color":"#0059a9","colorDark":"#00294f","band":0,"off":[-3,1.1]}},{"type":"Feature","geometry":{"type":"Point","coordinates":[23.236184,40.983861]},"properties":{"line":"85K","mode":"bus","color":"#0059a9","colorDark":"#00294f","band":0,"off":[0,1.1]}},{"type":"Feature","geometry":{"type":"Point","coordinates":[23.236184,40.983861]},"properties":{"line":"85N","mode":"bus","color":"#0059a9","colorDark":"#00294f","band":0,"off":[3,1.1]}},{"type":"Feature","geometry":{"type":"Point","coordinates":[23.236184,40.983861]},"properties":{"line":"85X","mode":"bus","color":"#0059a9","colorDark":"#00294f","band":0,"off":[6,1.1]}},{"type":"Feature","geometry":{"type":"Point","coordinates":[23.236184,40.983861]},"properties":{"line":"85Z","mode":"bus","color":"#0059a9","colorDark":"#00294f","band":0,"off":[0,2.6]}},{"type":"Feature","geometry":{"type":"Point","coordinates":[22.982467,40.840061]},"properties":{"line":"85A","mode":"bus","color":"#0059a9","colorDark":"#00294f","band":0,"off":[-3,1.1]}},{"type":"Feature","geometry":{"type":"Point","coordinates":[22.982467,40.840061]},"properties":{"line":"85M","mode":"bus","color":"#0059a9","colorDark":"#00294f","band":0,"off":[0,1.1]}},{"type":"Feature","geometry":{"type":"Point","coordinates":[22.982467,40.840061]},"properties":{"line":"91E","mode":"bus","color":"#0059a9","colorDark":"#00294f","band":0,"off":[3,1.1]}},{"type":"Feature","geometry":{"type":"Point","coordinates":[23.068864,40.927392]},"properties":{"line":"85B","mode":"bus","color":"#0059a9","colorDark":"#00294f","band":0,"off":[-1.5,1.1]}},{"type":"Feature","geometry":{"type":"Point","coordinates":[23.068864,40.927392]},"properties":{"line":"85T","mode":"bus","color":"#0059a9","colorDark":"#00294f","band":0,"off":[1.5,1.1]}},{"type":"Feature","geometry":{"type":"Point","coordinates":[23.253218,40.635227]},"properties":{"line":"86","mode":"bus","color":"#0059a9","colorDark":"#00294f","band":0,"off":[-6,1.1]}},{"type":"Feature","geometry":{"type":"Point","coordinates":[23.253218,40.635227]},"properties":{"line":"86A","mode":"bus","color":"#0059a9","colorDark":"#00294f","band":0,"off":[-3,1.1]}},{"type":"Feature","geometry":{"type":"Point","coordinates":[23.253218,40.635227]},"properties":{"line":"86B","mode":"bus","color":"#0059a9","colorDark":"#00294f","band":0,"off":[0,1.1]}},{"type":"Feature","geometry":{"type":"Point","coordinates":[23.253218,40.635227]},"properties":{"line":"86E","mode":"bus","color":"#0059a9","colorDark":"#00294f","band":0,"off":[3,1.1]}},{"type":"Feature","geometry":{"type":"Point","coordinates":[23.253218,40.635227]},"properties":{"line":"86K","mode":"bus","color":"#0059a9","colorDark":"#00294f","band":0,"off":[6,1.1]}},{"type":"Feature","geometry":{"type":"Point","coordinates":[23.253218,40.635227]},"properties":{"line":"86M","mode":"bus","color":"#0059a9","colorDark":"#00294f","band":0,"off":[-6,2.6]}},{"type":"Feature","geometry":{"type":"Point","coordinates":[23.253218,40.635227]},"properties":{"line":"86N","mode":"bus","color":"#0059a9","colorDark":"#00294f","band":0,"off":[-3,2.6]}},{"type":"Feature","geometry":{"type":"Point","coordinates":[23.253218,40.635227]},"properties":{"line":"86R","mode":"bus","color":"#0059a9","colorDark":"#00294f","band":0,"off":[0,2.6]}},{"type":"Feature","geometry":{"type":"Point","coordinates":[23.253218,40.635227]},"properties":{"line":"86T","mode":"bus","color":"#0059a9","colorDark":"#00294f","band":0,"off":[3,2.6]}},{"type":"Feature","geometry":{"type":"Point","coordinates":[23.253218,40.635227]},"properties":{"line":"91T","mode":"bus","color":"#0059a9","colorDark":"#00294f","band":0,"off":[6,2.6]}},{"type":"Feature","geometry":{"type":"Point","coordinates":[23.136892,40.480594]},"properties":{"line":"87A","mode":"bus","color":"#0059a9","colorDark":"#00294f","band":0,"off":[-6,1.1]}},{"type":"Feature","geometry":{"type":"Point","coordinates":[23.136892,40.480594]},"properties":{"line":"87B","mode":"bus","color":"#0059a9","colorDark":"#00294f","band":0,"off":[-3,1.1]}},{"type":"Feature","geometry":{"type":"Point","coordinates":[23.136892,40.480594]},"properties":{"line":"87E","mode":"bus","color":"#0059a9","colorDark":"#00294f","band":0,"off":[0,1.1]}},{"type":"Feature","geometry":{"type":"Point","coordinates":[23.136892,40.480594]},"properties":{"line":"87F","mode":"bus","color":"#0059a9","colorDark":"#00294f","band":0,"off":[3,1.1]}},{"type":"Feature","geometry":{"type":"Point","coordinates":[23.136892,40.480594]},"properties":{"line":"87H","mode":"bus","color":"#0059a9","colorDark":"#00294f","band":0,"off":[6,1.1]}},{"type":"Feature","geometry":{"type":"Point","coordinates":[23.136892,40.480594]},"properties":{"line":"87L","mode":"bus","color":"#0059a9","colorDark":"#00294f","band":0,"off":[-6,2.6]}},{"type":"Feature","geometry":{"type":"Point","coordinates":[23.136892,40.480594]},"properties":{"line":"87M","mode":"bus","color":"#0059a9","colorDark":"#00294f","band":0,"off":[-3,2.6]}},{"type":"Feature","geometry":{"type":"Point","coordinates":[23.136892,40.480594]},"properties":{"line":"87N","mode":"bus","color":"#0059a9","colorDark":"#00294f","band":0,"off":[0,2.6]}},{"type":"Feature","geometry":{"type":"Point","coordinates":[23.136892,40.480594]},"properties":{"line":"87P","mode":"bus","color":"#0059a9","colorDark":"#00294f","band":0,"off":[3,2.6]}},{"type":"Feature","geometry":{"type":"Point","coordinates":[23.136892,40.480594]},"properties":{"line":"87R","mode":"bus","color":"#0059a9","colorDark":"#00294f","band":0,"off":[6,2.6]}},{"type":"Feature","geometry":{"type":"Point","coordinates":[23.136892,40.480594]},"properties":{"line":"87T","mode":"bus","color":"#0059a9","colorDark":"#00294f","band":0,"off":[-3,4.1]}},{"type":"Feature","geometry":{"type":"Point","coordinates":[23.136892,40.480594]},"properties":{"line":"87X","mode":"bus","color":"#0059a9","colorDark":"#00294f","band":0,"off":[0,4.1]}},{"type":"Feature","geometry":{"type":"Point","coordinates":[23.136892,40.480594]},"properties":{"line":"87Z","mode":"bus","color":"#0059a9","colorDark":"#00294f","band":0,"off":[3,4.1]}},{"type":"Feature","geometry":{"type":"Point","coordinates":[23.137083,40.434297]},"properties":{"line":"87M","mode":"bus","color":"#0059a9","colorDark":"#00294f","band":0,"off":[-3,1.1]}},{"type":"Feature","geometry":{"type":"Point","coordinates":[23.137083,40.434297]},"properties":{"line":"87Q","mode":"bus","color":"#0059a9","colorDark":"#00294f","band":0,"off":[0,1.1]}},{"type":"Feature","geometry":{"type":"Point","coordinates":[23.137083,40.434297]},"properties":{"line":"87X","mode":"bus","color":"#0059a9","colorDark":"#00294f","band":0,"off":[3,1.1]}},{"type":"Feature","geometry":{"type":"Point","coordinates":[23.005533,40.412059]},"properties":{"line":"88","mode":"bus","color":"#0059a9","colorDark":"#00294f","band":0,"off":[-4.5,1.1]}},{"type":"Feature","geometry":{"type":"Point","coordinates":[23.005533,40.412059]},"properties":{"line":"88K","mode":"bus","color":"#0059a9","colorDark":"#00294f","band":0,"off":[-1.5,1.1]}},{"type":"Feature","geometry":{"type":"Point","coordinates":[23.005533,40.412059]},"properties":{"line":"88M","mode":"bus","color":"#0059a9","colorDark":"#00294f","band":0,"off":[1.5,1.1]}},{"type":"Feature","geometry":{"type":"Point","coordinates":[23.005533,40.412059]},"properties":{"line":"88N","mode":"bus","color":"#0059a9","colorDark":"#00294f","band":0,"off":[4.5,1.1]}},{"type":"Feature","geometry":{"type":"Point","coordinates":[22.770386,40.804105]},"properties":{"line":"89A","mode":"bus","color":"#0059a9","colorDark":"#00294f","band":0,"off":[0,1.1]}},{"type":"Feature","geometry":{"type":"Point","coordinates":[22.651589,40.843874]},"properties":{"line":"89B","mode":"bus","color":"#0059a9","colorDark":"#00294f","band":0,"off":[-6,1.1]}},{"type":"Feature","geometry":{"type":"Point","coordinates":[22.651589,40.843874]},"properties":{"line":"89E","mode":"bus","color":"#0059a9","colorDark":"#00294f","band":0,"off":[-3,1.1]}},{"type":"Feature","geometry":{"type":"Point","coordinates":[22.651589,40.843874]},"properties":{"line":"89K","mode":"bus","color":"#0059a9","colorDark":"#00294f","band":0,"off":[0,1.1]}},{"type":"Feature","geometry":{"type":"Point","coordinates":[22.651589,40.843874]},"properties":{"line":"89N","mode":"bus","color":"#0059a9","colorDark":"#00294f","band":0,"off":[3,1.1]}},{"type":"Feature","geometry":{"type":"Point","coordinates":[22.651589,40.843874]},"properties":{"line":"90E","mode":"bus","color":"#0059a9","colorDark":"#00294f","band":0,"off":[6,1.1]}},{"type":"Feature","geometry":{"type":"Point","coordinates":[22.540764,40.677276]},"properties":{"line":"90A","mode":"bus","color":"#0059a9","colorDark":"#00294f","band":0,"off":[0,1.1]}},{"type":"Feature","geometry":{"type":"Point","coordinates":[23.039272,40.710574]},"properties":{"line":"91K","mode":"bus","color":"#0059a9","colorDark":"#00294f","band":0,"off":[0,1.1]}},{"type":"Feature","geometry":{"type":"Point","coordinates":[22.957481,40.679488]},"properties":{"line":"01","mode":"bus","color":"#0059a9","colorDark":"#00294f","band":1,"off":[-3,1.1]}},{"type":"Feature","geometry":{"type":"Point","coordinates":[22.957481,40.679488]},"properties":{"line":"01A","mode":"bus","color":"#0059a9","colorDark":"#00294f","band":1,"off":[0,1.1]}},{"type":"Feature","geometry":{"type":"Point","coordinates":[22.957481,40.679488]},"properties":{"line":"28","mode":"bus","color":"#0059a9","colorDark":"#00294f","band":1,"off":[3,1.1]}},{"type":"Feature","geometry":{"type":"Point","coordinates":[22.901745,40.654041]},"properties":{"line":"01","mode":"bus","color":"#0059a9","colorDark":"#00294f","band":1,"off":[-6,1.1]}},{"type":"Feature","geometry":{"type":"Point","coordinates":[22.901745,40.654041]},"properties":{"line":"01A","mode":"bus","color":"#0059a9","colorDark":"#00294f","band":1,"off":[-3,1.1]}},{"type":"Feature","geometry":{"type":"Point","coordinates":[22.901745,40.654041]},"properties":{"line":"01N","mode":"bus","color":"#0059a9","colorDark":"#00294f","band":1,"off":[0,1.1]}},{"type":"Feature","geometry":{"type":"Point","coordinates":[22.901745,40.654041]},"properties":{"line":"01X","mode":"bus","color":"#0059a9","colorDark":"#00294f","band":1,"off":[3,1.1]}},{"type":"Feature","geometry":{"type":"Point","coordinates":[22.901745,40.654041]},"properties":{"line":"02K","mode":"bus","color":"#0059a9","colorDark":"#00294f","band":1,"off":[6,1.1]}},{"type":"Feature","geometry":{"type":"Point","coordinates":[22.901745,40.654041]},"properties":{"line":"12","mode":"bus","color":"#0059a9","colorDark":"#00294f","band":1,"off":[-6,2.6]}},{"type":"Feature","geometry":{"type":"Point","coordinates":[22.901745,40.654041]},"properties":{"line":"1N","mode":"bus","color":"#0059a9","colorDark":"#00294f","band":1,"off":[-3,2.6]}},{"type":"Feature","geometry":{"type":"Point","coordinates":[22.901745,40.654041]},"properties":{"line":"31","mode":"bus","color":"#0059a9","colorDark":"#00294f","band":1,"off":[0,2.6]}},{"type":"Feature","geometry":{"type":"Point","coordinates":[22.901745,40.654041]},"properties":{"line":"45","mode":"bus","color":"#0059a9","colorDark":"#00294f","band":1,"off":[3,2.6]}},{"type":"Feature","geometry":{"type":"Point","coordinates":[22.901745,40.654041]},"properties":{"line":"45A","mode":"bus","color":"#0059a9","colorDark":"#00294f","band":1,"off":[6,2.6]}},{"type":"Feature","geometry":{"type":"Point","coordinates":[22.901745,40.654041]},"properties":{"line":"45B","mode":"bus","color":"#0059a9","colorDark":"#00294f","band":1,"off":[-6,4.1]}},{"type":"Feature","geometry":{"type":"Point","coordinates":[22.901745,40.654041]},"properties":{"line":"45Y","mode":"bus","color":"#0059a9","colorDark":"#00294f","band":1,"off":[-3,4.1]}},{"type":"Feature","geometry":{"type":"Point","coordinates":[22.901745,40.654041]},"properties":{"line":"80","mode":"bus","color":"#0059a9","colorDark":"#00294f","band":1,"off":[0,4.1]}},{"type":"Feature","geometry":{"type":"Point","coordinates":[22.901745,40.654041]},"properties":{"line":"80A","mode":"bus","color":"#0059a9","colorDark":"#00294f","band":1,"off":[3,4.1]}},{"type":"Feature","geometry":{"type":"Point","coordinates":[22.901745,40.654041]},"properties":{"line":"80B","mode":"bus","color":"#0059a9","colorDark":"#00294f","band":1,"off":[6,4.1]}},{"type":"Feature","geometry":{"type":"Point","coordinates":[22.901745,40.654041]},"properties":{"line":"80E","mode":"bus","color":"#0059a9","colorDark":"#00294f","band":1,"off":[-6,5.6]}},{"type":"Feature","geometry":{"type":"Point","coordinates":[22.901745,40.654041]},"properties":{"line":"80Z","mode":"bus","color":"#0059a9","colorDark":"#00294f","band":1,"off":[-3,5.6]}},{"type":"Feature","geometry":{"type":"Point","coordinates":[22.901745,40.654041]},"properties":{"line":"81A","mode":"bus","color":"#0059a9","colorDark":"#00294f","band":1,"off":[0,5.6]}},{"type":"Feature","geometry":{"type":"Point","coordinates":[22.901745,40.654041]},"properties":{"line":"81B","mode":"bus","color":"#0059a9","colorDark":"#00294f","band":1,"off":[3,5.6]}},{"type":"Feature","geometry":{"type":"Point","coordinates":[22.901745,40.654041]},"properties":{"line":"81E","mode":"bus","color":"#0059a9","colorDark":"#00294f","band":1,"off":[6,5.6]}},{"type":"Feature","geometry":{"type":"Point","coordinates":[22.901745,40.654041]},"properties":{"line":"81K","mode":"bus","color":"#0059a9","colorDark":"#00294f","band":1,"off":[-6,7.1]}},{"type":"Feature","geometry":{"type":"Point","coordinates":[22.901745,40.654041]},"properties":{"line":"82A","mode":"bus","color":"#0059a9","colorDark":"#00294f","band":1,"off":[-3,7.1]}},{"type":"Feature","geometry":{"type":"Point","coordinates":[22.901745,40.654041]},"properties":{"line":"82B","mode":"bus","color":"#0059a9","colorDark":"#00294f","band":1,"off":[0,7.1]}},{"type":"Feature","geometry":{"type":"Point","coordinates":[22.901745,40.654041]},"properties":{"line":"82E","mode":"bus","color":"#0059a9","colorDark":"#00294f","band":1,"off":[3,7.1]}},{"type":"Feature","geometry":{"type":"Point","coordinates":[22.901745,40.654041]},"properties":{"line":"82K","mode":"bus","color":"#0059a9","colorDark":"#00294f","band":1,"off":[6,7.1]}},{"type":"Feature","geometry":{"type":"Point","coordinates":[22.901745,40.654041]},"properties":{"line":"82M","mode":"bus","color":"#0059a9","colorDark":"#00294f","band":1,"off":[-6,8.6]}},{"type":"Feature","geometry":{"type":"Point","coordinates":[22.901745,40.654041]},"properties":{"line":"82N","mode":"bus","color":"#0059a9","colorDark":"#00294f","band":1,"off":[-3,8.6]}},{"type":"Feature","geometry":{"type":"Point","coordinates":[22.901745,40.654041]},"properties":{"line":"89A","mode":"bus","color":"#0059a9","colorDark":"#00294f","band":1,"off":[0,8.6]}},{"type":"Feature","geometry":{"type":"Point","coordinates":[22.901745,40.654041]},"properties":{"line":"89B","mode":"bus","color":"#0059a9","colorDark":"#00294f","band":1,"off":[3,8.6]}},{"type":"Feature","geometry":{"type":"Point","coordinates":[22.901745,40.654041]},"properties":{"line":"89E","mode":"bus","color":"#0059a9","colorDark":"#00294f","band":1,"off":[6,8.6]}},{"type":"Feature","geometry":{"type":"Point","coordinates":[22.901745,40.654041]},"properties":{"line":"89K","mode":"bus","color":"#0059a9","colorDark":"#00294f","band":1,"off":[-1.5,10.1]}},{"type":"Feature","geometry":{"type":"Point","coordinates":[22.901745,40.654041]},"properties":{"line":"89N","mode":"bus","color":"#0059a9","colorDark":"#00294f","band":1,"off":[1.5,10.1]}},{"type":"Feature","geometry":{"type":"Point","coordinates":[22.977274,40.524049]},"properties":{"line":"01N","mode":"bus","color":"#0059a9","colorDark":"#00294f","band":1,"off":[-6,1.1]}},{"type":"Feature","geometry":{"type":"Point","coordinates":[22.977274,40.524049]},"properties":{"line":"01X","mode":"bus","color":"#0059a9","colorDark":"#00294f","band":1,"off":[-3,1.1]}},{"type":"Feature","geometry":{"type":"Point","coordinates":[22.977274,40.524049]},"properties":{"line":"02X","mode":"bus","color":"#0059a9","colorDark":"#00294f","band":1,"off":[0,1.1]}},{"type":"Feature","geometry":{"type":"Point","coordinates":[22.977274,40.524049]},"properties":{"line":"1N","mode":"bus","color":"#0059a9","colorDark":"#00294f","band":1,"off":[3,1.1]}},{"type":"Feature","geometry":{"type":"Point","coordinates":[22.977274,40.524049]},"properties":{"line":"79A","mode":"bus","color":"#0059a9","colorDark":"#00294f","band":1,"off":[6,1.1]}},{"type":"Feature","geometry":{"type":"Point","coordinates":[22.977274,40.524049]},"properties":{"line":"79B","mode":"bus","color":"#0059a9","colorDark":"#00294f","band":1,"off":[-1.5,2.6]}},{"type":"Feature","geometry":{"type":"Point","coordinates":[22.977274,40.524049]},"properties":{"line":"79K","mode":"bus","color":"#0059a9","colorDark":"#00294f","band":1,"off":[1.5,2.6]}},{"type":"Feature","geometry":{"type":"Point","coordinates":[22.984514,40.548363]},"properties":{"line":"02K","mode":"bus","color":"#0059a9","colorDark":"#00294f","band":1,"off":[-6,1.1]}},{"type":"Feature","geometry":{"type":"Point","coordinates":[22.984514,40.548363]},"properties":{"line":"03K","mode":"bus","color":"#0059a9","colorDark":"#00294f","band":1,"off":[-3,1.1]}},{"type":"Feature","geometry":{"type":"Point","coordinates":[22.984514,40.548363]},"properties":{"line":"36X","mode":"bus","color":"#0059a9","colorDark":"#00294f","band":1,"off":[0,1.1]}},{"type":"Feature","geometry":{"type":"Point","coordinates":[22.984514,40.548363]},"properties":{"line":"45Y","mode":"bus","color":"#0059a9","colorDark":"#00294f","band":1,"off":[3,1.1]}},{"type":"Feature","geometry":{"type":"Point","coordinates":[22.984514,40.548363]},"properties":{"line":"60E","mode":"bus","color":"#0059a9","colorDark":"#00294f","band":1,"off":[6,1.1]}},{"type":"Feature","geometry":{"type":"Point","coordinates":[22.984514,40.548363]},"properties":{"line":"67","mode":"bus","color":"#0059a9","colorDark":"#00294f","band":1,"off":[-6,2.6]}},{"type":"Feature","geometry":{"type":"Point","coordinates":[22.984514,40.548363]},"properties":{"line":"67A","mode":"bus","color":"#0059a9","colorDark":"#00294f","band":1,"off":[-3,2.6]}},{"type":"Feature","geometry":{"type":"Point","coordinates":[22.984514,40.548363]},"properties":{"line":"67B","mode":"bus","color":"#0059a9","colorDark":"#00294f","band":1,"off":[0,2.6]}},{"type":"Feature","geometry":{"type":"Point","coordinates":[22.984514,40.548363]},"properties":{"line":"68A","mode":"bus","color":"#0059a9","colorDark":"#00294f","band":1,"off":[3,2.6]}},{"type":"Feature","geometry":{"type":"Point","coordinates":[22.984514,40.548363]},"properties":{"line":"68B","mode":"bus","color":"#0059a9","colorDark":"#00294f","band":1,"off":[6,2.6]}},{"type":"Feature","geometry":{"type":"Point","coordinates":[22.984514,40.548363]},"properties":{"line":"69A","mode":"bus","color":"#0059a9","colorDark":"#00294f","band":1,"off":[-6,4.1]}},{"type":"Feature","geometry":{"type":"Point","coordinates":[22.984514,40.548363]},"properties":{"line":"69B","mode":"bus","color":"#0059a9","colorDark":"#00294f","band":1,"off":[-3,4.1]}},{"type":"Feature","geometry":{"type":"Point","coordinates":[22.984514,40.548363]},"properties":{"line":"69H","mode":"bus","color":"#0059a9","colorDark":"#00294f","band":1,"off":[0,4.1]}},{"type":"Feature","geometry":{"type":"Point","coordinates":[22.984514,40.548363]},"properties":{"line":"69N","mode":"bus","color":"#0059a9","colorDark":"#00294f","band":1,"off":[3,4.1]}},{"type":"Feature","geometry":{"type":"Point","coordinates":[22.984514,40.548363]},"properties":{"line":"72","mode":"bus","color":"#0059a9","colorDark":"#00294f","band":1,"off":[6,4.1]}},{"type":"Feature","geometry":{"type":"Point","coordinates":[22.984514,40.548363]},"properties":{"line":"72A","mode":"bus","color":"#0059a9","colorDark":"#00294f","band":1,"off":[-6,5.6]}},{"type":"Feature","geometry":{"type":"Point","coordinates":[22.984514,40.548363]},"properties":{"line":"72B","mode":"bus","color":"#0059a9","colorDark":"#00294f","band":1,"off":[-3,5.6]}},{"type":"Feature","geometry":{"type":"Point","coordinates":[22.984514,40.548363]},"properties":{"line":"72E","mode":"bus","color":"#0059a9","colorDark":"#00294f","band":1,"off":[0,5.6]}},{"type":"Feature","geometry":{"type":"Point","coordinates":[22.984514,40.548363]},"properties":{"line":"76","mode":"bus","color":"#0059a9","colorDark":"#00294f","band":1,"off":[3,5.6]}},{"type":"Feature","geometry":{"type":"Point","coordinates":[22.984514,40.548363]},"properties":{"line":"79A","mode":"bus","color":"#0059a9","colorDark":"#00294f","band":1,"off":[6,5.6]}},{"type":"Feature","geometry":{"type":"Point","coordinates":[22.984514,40.548363]},"properties":{"line":"79B","mode":"bus","color":"#0059a9","colorDark":"#00294f","band":1,"off":[-6,7.1]}},{"type":"Feature","geometry":{"type":"Point","coordinates":[22.984514,40.548363]},"properties":{"line":"79K","mode":"bus","color":"#0059a9","colorDark":"#00294f","band":1,"off":[-3,7.1]}},{"type":"Feature","geometry":{"type":"Point","coordinates":[22.984514,40.548363]},"properties":{"line":"79X","mode":"bus","color":"#0059a9","colorDark":"#00294f","band":1,"off":[0,7.1]}},{"type":"Feature","geometry":{"type":"Point","coordinates":[22.984514,40.548363]},"properties":{"line":"87A","mode":"bus","color":"#0059a9","colorDark":"#00294f","band":1,"off":[3,7.1]}},{"type":"Feature","geometry":{"type":"Point","coordinates":[22.984514,40.548363]},"properties":{"line":"87B","mode":"bus","color":"#0059a9","colorDark":"#00294f","band":1,"off":[6,7.1]}},{"type":"Feature","geometry":{"type":"Point","coordinates":[22.984514,40.548363]},"properties":{"line":"87E","mode":"bus","color":"#0059a9","colorDark":"#00294f","band":1,"off":[-6,8.6]}},{"type":"Feature","geometry":{"type":"Point","coordinates":[22.984514,40.548363]},"properties":{"line":"87F","mode":"bus","color":"#0059a9","colorDark":"#00294f","band":1,"off":[-3,8.6]}},{"type":"Feature","geometry":{"type":"Point","coordinates":[22.984514,40.548363]},"properties":{"line":"87H","mode":"bus","color":"#0059a9","colorDark":"#00294f","band":1,"off":[0,8.6]}},{"type":"Feature","geometry":{"type":"Point","coordinates":[22.984514,40.548363]},"properties":{"line":"87L","mode":"bus","color":"#0059a9","colorDark":"#00294f","band":1,"off":[3,8.6]}},{"type":"Feature","geometry":{"type":"Point","coordinates":[22.984514,40.548363]},"properties":{"line":"87M","mode":"bus","color":"#0059a9","colorDark":"#00294f","band":1,"off":[6,8.6]}},{"type":"Feature","geometry":{"type":"Point","coordinates":[22.984514,40.548363]},"properties":{"line":"87N","mode":"bus","color":"#0059a9","colorDark":"#00294f","band":1,"off":[-6,10.1]}},{"type":"Feature","geometry":{"type":"Point","coordinates":[22.984514,40.548363]},"properties":{"line":"87P","mode":"bus","color":"#0059a9","colorDark":"#00294f","band":1,"off":[-3,10.1]}},{"type":"Feature","geometry":{"type":"Point","coordinates":[22.984514,40.548363]},"properties":{"line":"87Q","mode":"bus","color":"#0059a9","colorDark":"#00294f","band":1,"off":[0,10.1]}},{"type":"Feature","geometry":{"type":"Point","coordinates":[22.984514,40.548363]},"properties":{"line":"87R","mode":"bus","color":"#0059a9","colorDark":"#00294f","band":1,"off":[3,10.1]}},{"type":"Feature","geometry":{"type":"Point","coordinates":[22.984514,40.548363]},"properties":{"line":"87T","mode":"bus","color":"#0059a9","colorDark":"#00294f","band":1,"off":[6,10.1]}},{"type":"Feature","geometry":{"type":"Point","coordinates":[22.984514,40.548363]},"properties":{"line":"88","mode":"bus","color":"#0059a9","colorDark":"#00294f","band":1,"off":[-6,11.6]}},{"type":"Feature","geometry":{"type":"Point","coordinates":[22.984514,40.548363]},"properties":{"line":"88A","mode":"bus","color":"#0059a9","colorDark":"#00294f","band":1,"off":[-3,11.6]}},{"type":"Feature","geometry":{"type":"Point","coordinates":[22.984514,40.548363]},"properties":{"line":"88B","mode":"bus","color":"#0059a9","colorDark":"#00294f","band":1,"off":[0,11.6]}},{"type":"Feature","geometry":{"type":"Point","coordinates":[22.984514,40.548363]},"properties":{"line":"88E","mode":"bus","color":"#0059a9","colorDark":"#00294f","band":1,"off":[3,11.6]}},{"type":"Feature","geometry":{"type":"Point","coordinates":[22.984514,40.548363]},"properties":{"line":"88H","mode":"bus","color":"#0059a9","colorDark":"#00294f","band":1,"off":[6,11.6]}},{"type":"Feature","geometry":{"type":"Point","coordinates":[22.984514,40.548363]},"properties":{"line":"88K","mode":"bus","color":"#0059a9","colorDark":"#00294f","band":1,"off":[-3,13.1]}},{"type":"Feature","geometry":{"type":"Point","coordinates":[22.984514,40.548363]},"properties":{"line":"88M","mode":"bus","color":"#0059a9","colorDark":"#00294f","band":1,"off":[0,13.1]}},{"type":"Feature","geometry":{"type":"Point","coordinates":[22.984514,40.548363]},"properties":{"line":"88N","mode":"bus","color":"#0059a9","colorDark":"#00294f","band":1,"off":[3,13.1]}},{"type":"Feature","geometry":{"type":"Point","coordinates":[22.96916,40.593208]},"properties":{"line":"02X","mode":"bus","color":"#0059a9","colorDark":"#00294f","band":1,"off":[-6,1.1]}},{"type":"Feature","geometry":{"type":"Point","coordinates":[22.96916,40.593208]},"properties":{"line":"04A","mode":"bus","color":"#0059a9","colorDark":"#00294f","band":1,"off":[-3,1.1]}},{"type":"Feature","geometry":{"type":"Point","coordinates":[22.96916,40.593208]},"properties":{"line":"04B","mode":"bus","color":"#0059a9","colorDark":"#00294f","band":1,"off":[0,1.1]}},{"type":"Feature","geometry":{"type":"Point","coordinates":[22.96916,40.593208]},"properties":{"line":"10","mode":"bus","color":"#0059a9","colorDark":"#00294f","band":1,"off":[3,1.1]}},{"type":"Feature","geometry":{"type":"Point","coordinates":[22.96916,40.593208]},"properties":{"line":"11T","mode":"bus","color":"#0059a9","colorDark":"#00294f","band":1,"off":[6,1.1]}},{"type":"Feature","geometry":{"type":"Point","coordinates":[22.96916,40.593208]},"properties":{"line":"36","mode":"bus","color":"#0059a9","colorDark":"#00294f","band":1,"off":[-6,2.6]}},{"type":"Feature","geometry":{"type":"Point","coordinates":[22.96916,40.593208]},"properties":{"line":"36A","mode":"bus","color":"#0059a9","colorDark":"#00294f","band":1,"off":[-3,2.6]}},{"type":"Feature","geometry":{"type":"Point","coordinates":[22.96916,40.593208]},"properties":{"line":"36B","mode":"bus","color":"#0059a9","colorDark":"#00294f","band":1,"off":[0,2.6]}},{"type":"Feature","geometry":{"type":"Point","coordinates":[22.96916,40.593208]},"properties":{"line":"36E","mode":"bus","color":"#0059a9","colorDark":"#00294f","band":1,"off":[3,2.6]}},{"type":"Feature","geometry":{"type":"Point","coordinates":[22.96916,40.593208]},"properties":{"line":"36H","mode":"bus","color":"#0059a9","colorDark":"#00294f","band":1,"off":[6,2.6]}},{"type":"Feature","geometry":{"type":"Point","coordinates":[22.96916,40.593208]},"properties":{"line":"36K","mode":"bus","color":"#0059a9","colorDark":"#00294f","band":1,"off":[-6,4.1]}},{"type":"Feature","geometry":{"type":"Point","coordinates":[22.96916,40.593208]},"properties":{"line":"36N","mode":"bus","color":"#0059a9","colorDark":"#00294f","band":1,"off":[-3,4.1]}},{"type":"Feature","geometry":{"type":"Point","coordinates":[22.96916,40.593208]},"properties":{"line":"36P","mode":"bus","color":"#0059a9","colorDark":"#00294f","band":1,"off":[0,4.1]}},{"type":"Feature","geometry":{"type":"Point","coordinates":[22.96916,40.593208]},"properties":{"line":"36T","mode":"bus","color":"#0059a9","colorDark":"#00294f","band":1,"off":[3,4.1]}},{"type":"Feature","geometry":{"type":"Point","coordinates":[22.96916,40.593208]},"properties":{"line":"36Y","mode":"bus","color":"#0059a9","colorDark":"#00294f","band":1,"off":[6,4.1]}},{"type":"Feature","geometry":{"type":"Point","coordinates":[22.96916,40.593208]},"properties":{"line":"36Z","mode":"bus","color":"#0059a9","colorDark":"#00294f","band":1,"off":[-6,5.6]}},{"type":"Feature","geometry":{"type":"Point","coordinates":[22.96916,40.593208]},"properties":{"line":"58Μ","mode":"bus","color":"#0059a9","colorDark":"#00294f","band":1,"off":[-3,5.6]}},{"type":"Feature","geometry":{"type":"Point","coordinates":[22.96916,40.593208]},"properties":{"line":"66","mode":"bus","color":"#0059a9","colorDark":"#00294f","band":1,"off":[0,5.6]}},{"type":"Feature","geometry":{"type":"Point","coordinates":[22.96916,40.593208]},"properties":{"line":"79X","mode":"bus","color":"#0059a9","colorDark":"#00294f","band":1,"off":[3,5.6]}},{"type":"Feature","geometry":{"type":"Point","coordinates":[22.96916,40.593208]},"properties":{"line":"M1","mode":"tram","color":"#e30613","colorDark":"#7c060e","band":1,"off":[6,5.6]}},{"type":"Feature","geometry":{"type":"Point","coordinates":[22.928395,40.644908]},"properties":{"line":"03K","mode":"bus","color":"#0059a9","colorDark":"#00294f","band":1,"off":[-6,1.1]}},{"type":"Feature","geometry":{"type":"Point","coordinates":[22.928395,40.644908]},"properties":{"line":"09","mode":"bus","color":"#0059a9","colorDark":"#00294f","band":1,"off":[-3,1.1]}},{"type":"Feature","geometry":{"type":"Point","coordinates":[22.928395,40.644908]},"properties":{"line":"10","mode":"bus","color":"#0059a9","colorDark":"#00294f","band":1,"off":[0,1.1]}},{"type":"Feature","geometry":{"type":"Point","coordinates":[22.928395,40.644908]},"properties":{"line":"14","mode":"bus","color":"#0059a9","colorDark":"#00294f","band":1,"off":[3,1.1]}},{"type":"Feature","geometry":{"type":"Point","coordinates":[22.928395,40.644908]},"properties":{"line":"14A","mode":"bus","color":"#0059a9","colorDark":"#00294f","band":1,"off":[6,1.1]}},{"type":"Feature","geometry":{"type":"Point","coordinates":[22.928395,40.644908]},"properties":{"line":"19","mode":"bus","color":"#0059a9","colorDark":"#00294f","band":1,"off":[-6,2.6]}},{"type":"Feature","geometry":{"type":"Point","coordinates":[22.928395,40.644908]},"properties":{"line":"19A","mode":"bus","color":"#0059a9","colorDark":"#00294f","band":1,"off":[-3,2.6]}},{"type":"Feature","geometry":{"type":"Point","coordinates":[22.928395,40.644908]},"properties":{"line":"23","mode":"bus","color":"#0059a9","colorDark":"#00294f","band":1,"off":[0,2.6]}},{"type":"Feature","geometry":{"type":"Point","coordinates":[22.928395,40.644908]},"properties":{"line":"35","mode":"bus","color":"#0059a9","colorDark":"#00294f","band":1,"off":[3,2.6]}},{"type":"Feature","geometry":{"type":"Point","coordinates":[22.928395,40.644908]},"properties":{"line":"37","mode":"bus","color":"#0059a9","colorDark":"#00294f","band":1,"off":[6,2.6]}},{"type":"Feature","geometry":{"type":"Point","coordinates":[22.928395,40.644908]},"properties":{"line":"40","mode":"bus","color":"#0059a9","colorDark":"#00294f","band":1,"off":[-6,4.1]}},{"type":"Feature","geometry":{"type":"Point","coordinates":[22.928395,40.644908]},"properties":{"line":"40A","mode":"bus","color":"#0059a9","colorDark":"#00294f","band":1,"off":[-3,4.1]}},{"type":"Feature","geometry":{"type":"Point","coordinates":[22.928395,40.644908]},"properties":{"line":"40K","mode":"bus","color":"#0059a9","colorDark":"#00294f","band":1,"off":[0,4.1]}},{"type":"Feature","geometry":{"type":"Point","coordinates":[22.928395,40.644908]},"properties":{"line":"51","mode":"bus","color":"#0059a9","colorDark":"#00294f","band":1,"off":[3,4.1]}},{"type":"Feature","geometry":{"type":"Point","coordinates":[22.928395,40.644908]},"properties":{"line":"51B","mode":"bus","color":"#0059a9","colorDark":"#00294f","band":1,"off":[6,4.1]}},{"type":"Feature","geometry":{"type":"Point","coordinates":[22.928395,40.644908]},"properties":{"line":"52","mode":"bus","color":"#0059a9","colorDark":"#00294f","band":1,"off":[-6,5.6]}},{"type":"Feature","geometry":{"type":"Point","coordinates":[22.928395,40.644908]},"properties":{"line":"54","mode":"bus","color":"#0059a9","colorDark":"#00294f","band":1,"off":[-3,5.6]}},{"type":"Feature","geometry":{"type":"Point","coordinates":[22.928395,40.644908]},"properties":{"line":"54A","mode":"bus","color":"#0059a9","colorDark":"#00294f","band":1,"off":[0,5.6]}},{"type":"Feature","geometry":{"type":"Point","coordinates":[22.928395,40.644908]},"properties":{"line":"55X","mode":"bus","color":"#0059a9","colorDark":"#00294f","band":1,"off":[3,5.6]}},{"type":"Feature","geometry":{"type":"Point","coordinates":[22.928395,40.644908]},"properties":{"line":"55Y","mode":"bus","color":"#0059a9","colorDark":"#00294f","band":1,"off":[6,5.6]}},{"type":"Feature","geometry":{"type":"Point","coordinates":[22.928395,40.644908]},"properties":{"line":"56","mode":"bus","color":"#0059a9","colorDark":"#00294f","band":1,"off":[-6,7.1]}},{"type":"Feature","geometry":{"type":"Point","coordinates":[22.928395,40.644908]},"properties":{"line":"64","mode":"bus","color":"#0059a9","colorDark":"#00294f","band":1,"off":[-3,7.1]}},{"type":"Feature","geometry":{"type":"Point","coordinates":[22.928395,40.644908]},"properties":{"line":"64A","mode":"bus","color":"#0059a9","colorDark":"#00294f","band":1,"off":[0,7.1]}},{"type":"Feature","geometry":{"type":"Point","coordinates":[22.928395,40.644908]},"properties":{"line":"64B","mode":"bus","color":"#0059a9","colorDark":"#00294f","band":1,"off":[3,7.1]}},{"type":"Feature","geometry":{"type":"Point","coordinates":[22.928395,40.644908]},"properties":{"line":"70","mode":"bus","color":"#0059a9","colorDark":"#00294f","band":1,"off":[6,7.1]}},{"type":"Feature","geometry":{"type":"Point","coordinates":[22.928395,40.644908]},"properties":{"line":"70A","mode":"bus","color":"#0059a9","colorDark":"#00294f","band":1,"off":[-6,8.6]}},{"type":"Feature","geometry":{"type":"Point","coordinates":[22.928395,40.644908]},"properties":{"line":"71","mode":"bus","color":"#0059a9","colorDark":"#00294f","band":1,"off":[-3,8.6]}},{"type":"Feature","geometry":{"type":"Point","coordinates":[22.928395,40.644908]},"properties":{"line":"71A","mode":"bus","color":"#0059a9","colorDark":"#00294f","band":1,"off":[0,8.6]}},{"type":"Feature","geometry":{"type":"Point","coordinates":[22.928395,40.644908]},"properties":{"line":"84A","mode":"bus","color":"#0059a9","colorDark":"#00294f","band":1,"off":[3,8.6]}},{"type":"Feature","geometry":{"type":"Point","coordinates":[22.928395,40.644908]},"properties":{"line":"84B","mode":"bus","color":"#0059a9","colorDark":"#00294f","band":1,"off":[6,8.6]}},{"type":"Feature","geometry":{"type":"Point","coordinates":[22.928395,40.644908]},"properties":{"line":"M1","mode":"tram","color":"#e30613","colorDark":"#7c060e","band":1,"off":[0,10.1]}},{"type":"Feature","geometry":{"type":"Point","coordinates":[22.968197,40.565901]},"properties":{"line":"04A","mode":"bus","color":"#0059a9","colorDark":"#00294f","band":1,"off":[-6,1.1]}},{"type":"Feature","geometry":{"type":"Point","coordinates":[22.968197,40.565901]},"properties":{"line":"04B","mode":"bus","color":"#0059a9","colorDark":"#00294f","band":1,"off":[-3,1.1]}},{"type":"Feature","geometry":{"type":"Point","coordinates":[22.968197,40.565901]},"properties":{"line":"05","mode":"bus","color":"#0059a9","colorDark":"#00294f","band":1,"off":[0,1.1]}},{"type":"Feature","geometry":{"type":"Point","coordinates":[22.968197,40.565901]},"properties":{"line":"05A","mode":"bus","color":"#0059a9","colorDark":"#00294f","band":1,"off":[3,1.1]}},{"type":"Feature","geometry":{"type":"Point","coordinates":[22.968197,40.565901]},"properties":{"line":"05B","mode":"bus","color":"#0059a9","colorDark":"#00294f","band":1,"off":[6,1.1]}},{"type":"Feature","geometry":{"type":"Point","coordinates":[22.968197,40.565901]},"properties":{"line":"06","mode":"bus","color":"#0059a9","colorDark":"#00294f","band":1,"off":[-1.5,2.6]}},{"type":"Feature","geometry":{"type":"Point","coordinates":[22.968197,40.565901]},"properties":{"line":"07","mode":"bus","color":"#0059a9","colorDark":"#00294f","band":1,"off":[1.5,2.6]}},{"type":"Feature","geometry":{"type":"Point","coordinates":[22.939941,40.634544]},"properties":{"line":"05","mode":"bus","color":"#0059a9","colorDark":"#00294f","band":1,"off":[-6,1.1]}},{"type":"Feature","geometry":{"type":"Point","coordinates":[22.939941,40.634544]},"properties":{"line":"05A","mode":"bus","color":"#0059a9","colorDark":"#00294f","band":1,"off":[-3,1.1]}},{"type":"Feature","geometry":{"type":"Point","coordinates":[22.939941,40.634544]},"properties":{"line":"05B","mode":"bus","color":"#0059a9","colorDark":"#00294f","band":1,"off":[0,1.1]}},{"type":"Feature","geometry":{"type":"Point","coordinates":[22.939941,40.634544]},"properties":{"line":"06","mode":"bus","color":"#0059a9","colorDark":"#00294f","band":1,"off":[3,1.1]}},{"type":"Feature","geometry":{"type":"Point","coordinates":[22.939941,40.634544]},"properties":{"line":"24","mode":"bus","color":"#0059a9","colorDark":"#00294f","band":1,"off":[6,1.1]}},{"type":"Feature","geometry":{"type":"Point","coordinates":[22.939941,40.634544]},"properties":{"line":"25","mode":"bus","color":"#0059a9","colorDark":"#00294f","band":1,"off":[-6,2.6]}},{"type":"Feature","geometry":{"type":"Point","coordinates":[22.939941,40.634544]},"properties":{"line":"26","mode":"bus","color":"#0059a9","colorDark":"#00294f","band":1,"off":[-3,2.6]}},{"type":"Feature","geometry":{"type":"Point","coordinates":[22.939941,40.634544]},"properties":{"line":"29","mode":"bus","color":"#0059a9","colorDark":"#00294f","band":1,"off":[0,2.6]}},{"type":"Feature","geometry":{"type":"Point","coordinates":[22.939941,40.634544]},"properties":{"line":"29A","mode":"bus","color":"#0059a9","colorDark":"#00294f","band":1,"off":[3,2.6]}},{"type":"Feature","geometry":{"type":"Point","coordinates":[22.939941,40.634544]},"properties":{"line":"32","mode":"bus","color":"#0059a9","colorDark":"#00294f","band":1,"off":[6,2.6]}},{"type":"Feature","geometry":{"type":"Point","coordinates":[22.939941,40.634544]},"properties":{"line":"32A","mode":"bus","color":"#0059a9","colorDark":"#00294f","band":1,"off":[-6,4.1]}},{"type":"Feature","geometry":{"type":"Point","coordinates":[22.939941,40.634544]},"properties":{"line":"33","mode":"bus","color":"#0059a9","colorDark":"#00294f","band":1,"off":[-3,4.1]}},{"type":"Feature","geometry":{"type":"Point","coordinates":[22.939941,40.634544]},"properties":{"line":"33A","mode":"bus","color":"#0059a9","colorDark":"#00294f","band":1,"off":[0,4.1]}},{"type":"Feature","geometry":{"type":"Point","coordinates":[22.939941,40.634544]},"properties":{"line":"33B","mode":"bus","color":"#0059a9","colorDark":"#00294f","band":1,"off":[3,4.1]}},{"type":"Feature","geometry":{"type":"Point","coordinates":[22.939941,40.634544]},"properties":{"line":"34","mode":"bus","color":"#0059a9","colorDark":"#00294f","band":1,"off":[6,4.1]}},{"type":"Feature","geometry":{"type":"Point","coordinates":[22.939941,40.634544]},"properties":{"line":"34A","mode":"bus","color":"#0059a9","colorDark":"#00294f","band":1,"off":[-4.5,5.6]}},{"type":"Feature","geometry":{"type":"Point","coordinates":[22.939941,40.634544]},"properties":{"line":"38","mode":"bus","color":"#0059a9","colorDark":"#00294f","band":1,"off":[-1.5,5.6]}},{"type":"Feature","geometry":{"type":"Point","coordinates":[22.939941,40.634544]},"properties":{"line":"52B","mode":"bus","color":"#0059a9","colorDark":"#00294f","band":1,"off":[1.5,5.6]}},{"type":"Feature","geometry":{"type":"Point","coordinates":[22.939941,40.634544]},"properties":{"line":"58","mode":"bus","color":"#0059a9","colorDark":"#00294f","band":1,"off":[4.5,5.6]}},{"type":"Feature","geometry":{"type":"Point","coordinates":[22.954208,40.630554]},"properties":{"line":"07","mode":"bus","color":"#0059a9","colorDark":"#00294f","band":1,"off":[-6,1.1]}},{"type":"Feature","geometry":{"type":"Point","coordinates":[22.954208,40.630554]},"properties":{"line":"11","mode":"bus","color":"#0059a9","colorDark":"#00294f","band":1,"off":[-3,1.1]}},{"type":"Feature","geometry":{"type":"Point","coordinates":[22.954208,40.630554]},"properties":{"line":"11B","mode":"bus","color":"#0059a9","colorDark":"#00294f","band":1,"off":[0,1.1]}},{"type":"Feature","geometry":{"type":"Point","coordinates":[22.954208,40.630554]},"properties":{"line":"11E","mode":"bus","color":"#0059a9","colorDark":"#00294f","band":1,"off":[3,1.1]}},{"type":"Feature","geometry":{"type":"Point","coordinates":[22.954208,40.630554]},"properties":{"line":"11M","mode":"bus","color":"#0059a9","colorDark":"#00294f","band":1,"off":[6,1.1]}},{"type":"Feature","geometry":{"type":"Point","coordinates":[22.985812,40.594251]},"properties":{"line":"11","mode":"bus","color":"#0059a9","colorDark":"#00294f","band":1,"off":[-6,1.1]}},{"type":"Feature","geometry":{"type":"Point","coordinates":[22.985812,40.594251]},"properties":{"line":"11B","mode":"bus","color":"#0059a9","colorDark":"#00294f","band":1,"off":[-3,1.1]}},{"type":"Feature","geometry":{"type":"Point","coordinates":[22.985812,40.594251]},"properties":{"line":"11E","mode":"bus","color":"#0059a9","colorDark":"#00294f","band":1,"off":[0,1.1]}},{"type":"Feature","geometry":{"type":"Point","coordinates":[22.985812,40.594251]},"properties":{"line":"11M","mode":"bus","color":"#0059a9","colorDark":"#00294f","band":1,"off":[3,1.1]}},{"type":"Feature","geometry":{"type":"Point","coordinates":[22.985812,40.594251]},"properties":{"line":"11T","mode":"bus","color":"#0059a9","colorDark":"#00294f","band":1,"off":[6,1.1]}},{"type":"Feature","geometry":{"type":"Point","coordinates":[22.981718,40.60733]},"properties":{"line":"12","mode":"bus","color":"#0059a9","colorDark":"#00294f","band":1,"off":[0,1.1]}},{"type":"Feature","geometry":{"type":"Point","coordinates":[22.993713,40.610871]},"properties":{"line":"14","mode":"bus","color":"#0059a9","colorDark":"#00294f","band":1,"off":[-1.5,1.1]}},{"type":"Feature","geometry":{"type":"Point","coordinates":[22.993713,40.610871]},"properties":{"line":"14A","mode":"bus","color":"#0059a9","colorDark":"#00294f","band":1,"off":[1.5,1.1]}},{"type":"Feature","geometry":{"type":"Point","coordinates":[22.966699,40.6272]},"properties":{"line":"15","mode":"bus","color":"#0059a9","colorDark":"#00294f","band":1,"off":[-1.5,1.1]}},{"type":"Feature","geometry":{"type":"Point","coordinates":[22.966699,40.6272]},"properties":{"line":"16","mode":"bus","color":"#0059a9","colorDark":"#00294f","band":1,"off":[1.5,1.1]}},{"type":"Feature","geometry":{"type":"Point","coordinates":[22.975679,40.625349]},"properties":{"line":"17","mode":"bus","color":"#0059a9","colorDark":"#00294f","band":1,"off":[-3,1.1]}},{"type":"Feature","geometry":{"type":"Point","coordinates":[22.975679,40.625349]},"properties":{"line":"30","mode":"bus","color":"#0059a9","colorDark":"#00294f","band":1,"off":[0,1.1]}},{"type":"Feature","geometry":{"type":"Point","coordinates":[22.975679,40.625349]},"properties":{"line":"36X","mode":"bus","color":"#0059a9","colorDark":"#00294f","band":1,"off":[3,1.1]}},{"type":"Feature","geometry":{"type":"Point","coordinates":[22.940853,40.636386]},"properties":{"line":"17","mode":"bus","color":"#0059a9","colorDark":"#00294f","band":1,"off":[-6,1.1]}},{"type":"Feature","geometry":{"type":"Point","coordinates":[22.940853,40.636386]},"properties":{"line":"20","mode":"bus","color":"#0059a9","colorDark":"#00294f","band":1,"off":[-3,1.1]}},{"type":"Feature","geometry":{"type":"Point","coordinates":[22.940853,40.636386]},"properties":{"line":"21","mode":"bus","color":"#0059a9","colorDark":"#00294f","band":1,"off":[0,1.1]}},{"type":"Feature","geometry":{"type":"Point","coordinates":[22.940853,40.636386]},"properties":{"line":"23","mode":"bus","color":"#0059a9","colorDark":"#00294f","band":1,"off":[3,1.1]}},{"type":"Feature","geometry":{"type":"Point","coordinates":[22.940853,40.636386]},"properties":{"line":"24","mode":"bus","color":"#0059a9","colorDark":"#00294f","band":1,"off":[6,1.1]}},{"type":"Feature","geometry":{"type":"Point","coordinates":[22.940853,40.636386]},"properties":{"line":"57","mode":"bus","color":"#0059a9","colorDark":"#00294f","band":1,"off":[-1.5,2.6]}},{"type":"Feature","geometry":{"type":"Point","coordinates":[22.940853,40.636386]},"properties":{"line":"58","mode":"bus","color":"#0059a9","colorDark":"#00294f","band":1,"off":[1.5,2.6]}},{"type":"Feature","geometry":{"type":"Point","coordinates":[22.902385,40.662613]},"properties":{"line":"18","mode":"bus","color":"#0059a9","colorDark":"#00294f","band":1,"off":[-6,1.1]}},{"type":"Feature","geometry":{"type":"Point","coordinates":[22.902385,40.662613]},"properties":{"line":"20","mode":"bus","color":"#0059a9","colorDark":"#00294f","band":1,"off":[-3,1.1]}},{"type":"Feature","geometry":{"type":"Point","coordinates":[22.902385,40.662613]},"properties":{"line":"42","mode":"bus","color":"#0059a9","colorDark":"#00294f","band":1,"off":[0,1.1]}},{"type":"Feature","geometry":{"type":"Point","coordinates":[22.902385,40.662613]},"properties":{"line":"42A","mode":"bus","color":"#0059a9","colorDark":"#00294f","band":1,"off":[3,1.1]}},{"type":"Feature","geometry":{"type":"Point","coordinates":[22.902385,40.662613]},"properties":{"line":"42B","mode":"bus","color":"#0059a9","colorDark":"#00294f","band":1,"off":[6,1.1]}},{"type":"Feature","geometry":{"type":"Point","coordinates":[22.961595,40.645198]},"properties":{"line":"18","mode":"bus","color":"#0059a9","colorDark":"#00294f","band":1,"off":[0,1.1]}},{"type":"Feature","geometry":{"type":"Point","coordinates":[22.894745,40.666695]},"properties":{"line":"19","mode":"bus","color":"#0059a9","colorDark":"#00294f","band":1,"off":[-1.5,1.1]}},{"type":"Feature","geometry":{"type":"Point","coordinates":[22.894745,40.666695]},"properties":{"line":"19A","mode":"bus","color":"#0059a9","colorDark":"#00294f","band":1,"off":[1.5,1.1]}},{"type":"Feature","geometry":{"type":"Point","coordinates":[22.909946,40.677376]},"properties":{"line":"21","mode":"bus","color":"#0059a9","colorDark":"#00294f","band":1,"off":[-6,1.1]}},{"type":"Feature","geometry":{"type":"Point","coordinates":[22.909946,40.677376]},"properties":{"line":"32","mode":"bus","color":"#0059a9","colorDark":"#00294f","band":1,"off":[-3,1.1]}},{"type":"Feature","geometry":{"type":"Point","coordinates":[22.909946,40.677376]},"properties":{"line":"32A","mode":"bus","color":"#0059a9","colorDark":"#00294f","band":1,"off":[0,1.1]}},{"type":"Feature","geometry":{"type":"Point","coordinates":[22.909946,40.677376]},"properties":{"line":"32N","mode":"bus","color":"#0059a9","colorDark":"#00294f","band":1,"off":[3,1.1]}},{"type":"Feature","geometry":{"type":"Point","coordinates":[22.909946,40.677376]},"properties":{"line":"43","mode":"bus","color":"#0059a9","colorDark":"#00294f","band":1,"off":[6,1.1]}},{"type":"Feature","geometry":{"type":"Point","coordinates":[22.909946,40.677376]},"properties":{"line":"43Y","mode":"bus","color":"#0059a9","colorDark":"#00294f","band":1,"off":[0,2.6]}},{"type":"Feature","geometry":{"type":"Point","coordinates":[22.945446,40.637278]},"properties":{"line":"22","mode":"bus","color":"#0059a9","colorDark":"#00294f","band":1,"off":[0,1.1]}},{"type":"Feature","geometry":{"type":"Point","coordinates":[22.957316,40.651671]},"properties":{"line":"23","mode":"bus","color":"#0059a9","colorDark":"#00294f","band":1,"off":[0,1.1]}},{"type":"Feature","geometry":{"type":"Point","coordinates":[22.96797,40.63587]},"properties":{"line":"24","mode":"bus","color":"#0059a9","colorDark":"#00294f","band":1,"off":[0,1.1]}},{"type":"Feature","geometry":{"type":"Point","coordinates":[22.964856,40.657615]},"properties":{"line":"25","mode":"bus","color":"#0059a9","colorDark":"#00294f","band":1,"off":[-3,1.1]}},{"type":"Feature","geometry":{"type":"Point","coordinates":[22.964856,40.657615]},"properties":{"line":"59","mode":"bus","color":"#0059a9","colorDark":"#00294f","band":1,"off":[0,1.1]}},{"type":"Feature","geometry":{"type":"Point","coordinates":[22.964856,40.657615]},"properties":{"line":"59K","mode":"bus","color":"#0059a9","colorDark":"#00294f","band":1,"off":[3,1.1]}},{"type":"Feature","geometry":{"type":"Point","coordinates":[22.942378,40.646786]},"properties":{"line":"26","mode":"bus","color":"#0059a9","colorDark":"#00294f","band":1,"off":[0,1.1]}},{"type":"Feature","geometry":{"type":"Point","coordinates":[22.936058,40.69152]},"properties":{"line":"27","mode":"bus","color":"#0059a9","colorDark":"#00294f","band":1,"off":[-6,1.1]}},{"type":"Feature","geometry":{"type":"Point","coordinates":[22.936058,40.69152]},"properties":{"line":"43","mode":"bus","color":"#0059a9","colorDark":"#00294f","band":1,"off":[-3,1.1]}},{"type":"Feature","geometry":{"type":"Point","coordinates":[22.936058,40.69152]},"properties":{"line":"55","mode":"bus","color":"#0059a9","colorDark":"#00294f","band":1,"off":[0,1.1]}},{"type":"Feature","geometry":{"type":"Point","coordinates":[22.936058,40.69152]},"properties":{"line":"55B","mode":"bus","color":"#0059a9","colorDark":"#00294f","band":1,"off":[3,1.1]}},{"type":"Feature","geometry":{"type":"Point","coordinates":[22.936058,40.69152]},"properties":{"line":"55E","mode":"bus","color":"#0059a9","colorDark":"#00294f","band":1,"off":[6,1.1]}},{"type":"Feature","geometry":{"type":"Point","coordinates":[22.936058,40.69152]},"properties":{"line":"55K","mode":"bus","color":"#0059a9","colorDark":"#00294f","band":1,"off":[-6,2.6]}},{"type":"Feature","geometry":{"type":"Point","coordinates":[22.936058,40.69152]},"properties":{"line":"55M","mode":"bus","color":"#0059a9","colorDark":"#00294f","band":1,"off":[-3,2.6]}},{"type":"Feature","geometry":{"type":"Point","coordinates":[22.936058,40.69152]},"properties":{"line":"55N","mode":"bus","color":"#0059a9","colorDark":"#00294f","band":1,"off":[0,2.6]}},{"type":"Feature","geometry":{"type":"Point","coordinates":[22.936058,40.69152]},"properties":{"line":"55P","mode":"bus","color":"#0059a9","colorDark":"#00294f","band":1,"off":[3,2.6]}},{"type":"Feature","geometry":{"type":"Point","coordinates":[22.936058,40.69152]},"properties":{"line":"55X","mode":"bus","color":"#0059a9","colorDark":"#00294f","band":1,"off":[6,2.6]}},{"type":"Feature","geometry":{"type":"Point","coordinates":[22.936058,40.69152]},"properties":{"line":"55Y","mode":"bus","color":"#0059a9","colorDark":"#00294f","band":1,"off":[-6,4.1]}},{"type":"Feature","geometry":{"type":"Point","coordinates":[22.936058,40.69152]},"properties":{"line":"83N","mode":"bus","color":"#0059a9","colorDark":"#00294f","band":1,"off":[-3,4.1]}},{"type":"Feature","geometry":{"type":"Point","coordinates":[22.936058,40.69152]},"properties":{"line":"85","mode":"bus","color":"#0059a9","colorDark":"#00294f","band":1,"off":[0,4.1]}},{"type":"Feature","geometry":{"type":"Point","coordinates":[22.936058,40.69152]},"properties":{"line":"85A","mode":"bus","color":"#0059a9","colorDark":"#00294f","band":1,"off":[3,4.1]}},{"type":"Feature","geometry":{"type":"Point","coordinates":[22.936058,40.69152]},"properties":{"line":"85B","mode":"bus","color":"#0059a9","colorDark":"#00294f","band":1,"off":[6,4.1]}},{"type":"Feature","geometry":{"type":"Point","coordinates":[22.936058,40.69152]},"properties":{"line":"85K","mode":"bus","color":"#0059a9","colorDark":"#00294f","band":1,"off":[-6,5.6]}},{"type":"Feature","geometry":{"type":"Point","coordinates":[22.936058,40.69152]},"properties":{"line":"85M","mode":"bus","color":"#0059a9","colorDark":"#00294f","band":1,"off":[-3,5.6]}},{"type":"Feature","geometry":{"type":"Point","coordinates":[22.936058,40.69152]},"properties":{"line":"85N","mode":"bus","color":"#0059a9","colorDark":"#00294f","band":1,"off":[0,5.6]}},{"type":"Feature","geometry":{"type":"Point","coordinates":[22.936058,40.69152]},"properties":{"line":"85T","mode":"bus","color":"#0059a9","colorDark":"#00294f","band":1,"off":[3,5.6]}},{"type":"Feature","geometry":{"type":"Point","coordinates":[22.936058,40.69152]},"properties":{"line":"85X","mode":"bus","color":"#0059a9","colorDark":"#00294f","band":1,"off":[6,5.6]}},{"type":"Feature","geometry":{"type":"Point","coordinates":[22.936058,40.69152]},"properties":{"line":"85Z","mode":"bus","color":"#0059a9","colorDark":"#00294f","band":1,"off":[-6,7.1]}},{"type":"Feature","geometry":{"type":"Point","coordinates":[22.936058,40.69152]},"properties":{"line":"86","mode":"bus","color":"#0059a9","colorDark":"#00294f","band":1,"off":[-3,7.1]}},{"type":"Feature","geometry":{"type":"Point","coordinates":[22.936058,40.69152]},"properties":{"line":"86A","mode":"bus","color":"#0059a9","colorDark":"#00294f","band":1,"off":[0,7.1]}},{"type":"Feature","geometry":{"type":"Point","coordinates":[22.936058,40.69152]},"properties":{"line":"86B","mode":"bus","color":"#0059a9","colorDark":"#00294f","band":1,"off":[3,7.1]}},{"type":"Feature","geometry":{"type":"Point","coordinates":[22.936058,40.69152]},"properties":{"line":"86E","mode":"bus","color":"#0059a9","colorDark":"#00294f","band":1,"off":[6,7.1]}},{"type":"Feature","geometry":{"type":"Point","coordinates":[22.936058,40.69152]},"properties":{"line":"86K","mode":"bus","color":"#0059a9","colorDark":"#00294f","band":1,"off":[-6,8.6]}},{"type":"Feature","geometry":{"type":"Point","coordinates":[22.936058,40.69152]},"properties":{"line":"86M","mode":"bus","color":"#0059a9","colorDark":"#00294f","band":1,"off":[-3,8.6]}},{"type":"Feature","geometry":{"type":"Point","coordinates":[22.936058,40.69152]},"properties":{"line":"86N","mode":"bus","color":"#0059a9","colorDark":"#00294f","band":1,"off":[0,8.6]}},{"type":"Feature","geometry":{"type":"Point","coordinates":[22.936058,40.69152]},"properties":{"line":"86R","mode":"bus","color":"#0059a9","colorDark":"#00294f","band":1,"off":[3,8.6]}},{"type":"Feature","geometry":{"type":"Point","coordinates":[22.936058,40.69152]},"properties":{"line":"86T","mode":"bus","color":"#0059a9","colorDark":"#00294f","band":1,"off":[6,8.6]}},{"type":"Feature","geometry":{"type":"Point","coordinates":[22.958709,40.625886]},"properties":{"line":"27","mode":"bus","color":"#0059a9","colorDark":"#00294f","band":1,"off":[-6,1.1]}},{"type":"Feature","geometry":{"type":"Point","coordinates":[22.958709,40.625886]},"properties":{"line":"28","mode":"bus","color":"#0059a9","colorDark":"#00294f","band":1,"off":[-3,1.1]}},{"type":"Feature","geometry":{"type":"Point","coordinates":[22.958709,40.625886]},"properties":{"line":"83","mode":"bus","color":"#0059a9","colorDark":"#00294f","band":1,"off":[0,1.1]}},{"type":"Feature","geometry":{"type":"Point","coordinates":[22.958709,40.625886]},"properties":{"line":"83A","mode":"bus","color":"#0059a9","colorDark":"#00294f","band":1,"off":[3,1.1]}},{"type":"Feature","geometry":{"type":"Point","coordinates":[22.958709,40.625886]},"properties":{"line":"83B","mode":"bus","color":"#0059a9","colorDark":"#00294f","band":1,"off":[6,1.1]}},{"type":"Feature","geometry":{"type":"Point","coordinates":[22.958709,40.625886]},"properties":{"line":"83M","mode":"bus","color":"#0059a9","colorDark":"#00294f","band":1,"off":[-1.5,2.6]}},{"type":"Feature","geometry":{"type":"Point","coordinates":[22.958709,40.625886]},"properties":{"line":"83X","mode":"bus","color":"#0059a9","colorDark":"#00294f","band":1,"off":[1.5,2.6]}},{"type":"Feature","geometry":{"type":"Point","coordinates":[22.96563,40.662014]},"properties":{"line":"29","mode":"bus","color":"#0059a9","colorDark":"#00294f","band":1,"off":[-1.5,1.1]}},{"type":"Feature","geometry":{"type":"Point","coordinates":[22.96563,40.662014]},"properties":{"line":"29A","mode":"bus","color":"#0059a9","colorDark":"#00294f","band":1,"off":[1.5,1.1]}},{"type":"Feature","geometry":{"type":"Point","coordinates":[22.955625,40.594156]},"properties":{"line":"30","mode":"bus","color":"#0059a9","colorDark":"#00294f","band":1,"off":[0,1.1]}},{"type":"Feature","geometry":{"type":"Point","coordinates":[22.964243,40.596575]},"properties":{"line":"31","mode":"bus","color":"#0059a9","colorDark":"#00294f","band":1,"off":[-6,1.1]}},{"type":"Feature","geometry":{"type":"Point","coordinates":[22.964243,40.596575]},"properties":{"line":"32N","mode":"bus","color":"#0059a9","colorDark":"#00294f","band":1,"off":[-3,1.1]}},{"type":"Feature","geometry":{"type":"Point","coordinates":[22.964243,40.596575]},"properties":{"line":"36","mode":"bus","color":"#0059a9","colorDark":"#00294f","band":1,"off":[0,1.1]}},{"type":"Feature","geometry":{"type":"Point","coordinates":[22.964243,40.596575]},"properties":{"line":"36A","mode":"bus","color":"#0059a9","colorDark":"#00294f","band":1,"off":[3,1.1]}},{"type":"Feature","geometry":{"type":"Point","coordinates":[22.964243,40.596575]},"properties":{"line":"36B","mode":"bus","color":"#0059a9","colorDark":"#00294f","band":1,"off":[6,1.1]}},{"type":"Feature","geometry":{"type":"Point","coordinates":[22.964243,40.596575]},"properties":{"line":"36E","mode":"bus","color":"#0059a9","colorDark":"#00294f","band":1,"off":[-6,2.6]}},{"type":"Feature","geometry":{"type":"Point","coordinates":[22.964243,40.596575]},"properties":{"line":"36H","mode":"bus","color":"#0059a9","colorDark":"#00294f","band":1,"off":[-3,2.6]}},{"type":"Feature","geometry":{"type":"Point","coordinates":[22.964243,40.596575]},"properties":{"line":"36K","mode":"bus","color":"#0059a9","colorDark":"#00294f","band":1,"off":[0,2.6]}},{"type":"Feature","geometry":{"type":"Point","coordinates":[22.964243,40.596575]},"properties":{"line":"36N","mode":"bus","color":"#0059a9","colorDark":"#00294f","band":1,"off":[3,2.6]}},{"type":"Feature","geometry":{"type":"Point","coordinates":[22.964243,40.596575]},"properties":{"line":"36P","mode":"bus","color":"#0059a9","colorDark":"#00294f","band":1,"off":[6,2.6]}},{"type":"Feature","geometry":{"type":"Point","coordinates":[22.964243,40.596575]},"properties":{"line":"36T","mode":"bus","color":"#0059a9","colorDark":"#00294f","band":1,"off":[-4.5,4.1]}},{"type":"Feature","geometry":{"type":"Point","coordinates":[22.964243,40.596575]},"properties":{"line":"36Y","mode":"bus","color":"#0059a9","colorDark":"#00294f","band":1,"off":[-1.5,4.1]}},{"type":"Feature","geometry":{"type":"Point","coordinates":[22.964243,40.596575]},"properties":{"line":"36Z","mode":"bus","color":"#0059a9","colorDark":"#00294f","band":1,"off":[1.5,4.1]}},{"type":"Feature","geometry":{"type":"Point","coordinates":[22.964243,40.596575]},"properties":{"line":"43Y","mode":"bus","color":"#0059a9","colorDark":"#00294f","band":1,"off":[4.5,4.1]}},{"type":"Feature","geometry":{"type":"Point","coordinates":[22.971543,40.583681]},"properties":{"line":"33","mode":"bus","color":"#0059a9","colorDark":"#00294f","band":1,"off":[-6,1.1]}},{"type":"Feature","geometry":{"type":"Point","coordinates":[22.971543,40.583681]},"properties":{"line":"33A","mode":"bus","color":"#0059a9","colorDark":"#00294f","band":1,"off":[-3,1.1]}},{"type":"Feature","geometry":{"type":"Point","coordinates":[22.971543,40.583681]},"properties":{"line":"33B","mode":"bus","color":"#0059a9","colorDark":"#00294f","band":1,"off":[0,1.1]}},{"type":"Feature","geometry":{"type":"Point","coordinates":[22.971543,40.583681]},"properties":{"line":"39","mode":"bus","color":"#0059a9","colorDark":"#00294f","band":1,"off":[3,1.1]}},{"type":"Feature","geometry":{"type":"Point","coordinates":[22.971543,40.583681]},"properties":{"line":"39A","mode":"bus","color":"#0059a9","colorDark":"#00294f","band":1,"off":[6,1.1]}},{"type":"Feature","geometry":{"type":"Point","coordinates":[22.971543,40.583681]},"properties":{"line":"39B","mode":"bus","color":"#0059a9","colorDark":"#00294f","band":1,"off":[0,2.6]}},{"type":"Feature","geometry":{"type":"Point","coordinates":[22.930845,40.68456]},"properties":{"line":"34","mode":"bus","color":"#0059a9","colorDark":"#00294f","band":1,"off":[-1.5,1.1]}},{"type":"Feature","geometry":{"type":"Point","coordinates":[22.930845,40.68456]},"properties":{"line":"34A","mode":"bus","color":"#0059a9","colorDark":"#00294f","band":1,"off":[1.5,1.1]}},{"type":"Feature","geometry":{"type":"Point","coordinates":[22.963125,40.660026]},"properties":{"line":"35","mode":"bus","color":"#0059a9","colorDark":"#00294f","band":1,"off":[0,1.1]}},{"type":"Feature","geometry":{"type":"Point","coordinates":[22.992028,40.556631]},"properties":{"line":"36","mode":"bus","color":"#0059a9","colorDark":"#00294f","band":1,"off":[-4.5,1.1]}},{"type":"Feature","geometry":{"type":"Point","coordinates":[22.992028,40.556631]},"properties":{"line":"36A","mode":"bus","color":"#0059a9","colorDark":"#00294f","band":1,"off":[-1.5,1.1]}},{"type":"Feature","geometry":{"type":"Point","coordinates":[22.992028,40.556631]},"properties":{"line":"36B","mode":"bus","color":"#0059a9","colorDark":"#00294f","band":1,"off":[1.5,1.1]}},{"type":"Feature","geometry":{"type":"Point","coordinates":[22.992028,40.556631]},"properties":{"line":"36Z","mode":"bus","color":"#0059a9","colorDark":"#00294f","band":1,"off":[4.5,1.1]}},{"type":"Feature","geometry":{"type":"Point","coordinates":[22.9782,40.618644]},"properties":{"line":"37","mode":"bus","color":"#0059a9","colorDark":"#00294f","band":1,"off":[0,1.1]}},{"type":"Feature","geometry":{"type":"Point","coordinates":[22.95189,40.692229]},"properties":{"line":"38","mode":"bus","color":"#0059a9","colorDark":"#00294f","band":1,"off":[0,1.1]}},{"type":"Feature","geometry":{"type":"Point","coordinates":[22.933201,40.639996]},"properties":{"line":"39","mode":"bus","color":"#0059a9","colorDark":"#00294f","band":1,"off":[-3,1.1]}},{"type":"Feature","geometry":{"type":"Point","coordinates":[22.933201,40.639996]},"properties":{"line":"39A","mode":"bus","color":"#0059a9","colorDark":"#00294f","band":1,"off":[0,1.1]}},{"type":"Feature","geometry":{"type":"Point","coordinates":[22.933201,40.639996]},"properties":{"line":"39B","mode":"bus","color":"#0059a9","colorDark":"#00294f","band":1,"off":[3,1.1]}},{"type":"Feature","geometry":{"type":"Point","coordinates":[22.856171,40.641449]},"properties":{"line":"40","mode":"bus","color":"#0059a9","colorDark":"#00294f","band":1,"off":[-3,1.1]}},{"type":"Feature","geometry":{"type":"Point","coordinates":[22.856171,40.641449]},"properties":{"line":"40A","mode":"bus","color":"#0059a9","colorDark":"#00294f","band":1,"off":[0,1.1]}},{"type":"Feature","geometry":{"type":"Point","coordinates":[22.856171,40.641449]},"properties":{"line":"40K","mode":"bus","color":"#0059a9","colorDark":"#00294f","band":1,"off":[3,1.1]}},{"type":"Feature","geometry":{"type":"Point","coordinates":[22.902427,40.68944]},"properties":{"line":"42","mode":"bus","color":"#0059a9","colorDark":"#00294f","band":1,"off":[-3,1.1]}},{"type":"Feature","geometry":{"type":"Point","coordinates":[22.902427,40.68944]},"properties":{"line":"42A","mode":"bus","color":"#0059a9","colorDark":"#00294f","band":1,"off":[0,1.1]}},{"type":"Feature","geometry":{"type":"Point","coordinates":[22.902427,40.68944]},"properties":{"line":"42B","mode":"bus","color":"#0059a9","colorDark":"#00294f","band":1,"off":[3,1.1]}},{"type":"Feature","geometry":{"type":"Point","coordinates":[22.984115,40.575106]},"properties":{"line":"45A","mode":"bus","color":"#0059a9","colorDark":"#00294f","band":1,"off":[-4.5,1.1]}},{"type":"Feature","geometry":{"type":"Point","coordinates":[22.984115,40.575106]},"properties":{"line":"79A","mode":"bus","color":"#0059a9","colorDark":"#00294f","band":1,"off":[-1.5,1.1]}},{"type":"Feature","geometry":{"type":"Point","coordinates":[22.984115,40.575106]},"properties":{"line":"79B","mode":"bus","color":"#0059a9","colorDark":"#00294f","band":1,"off":[1.5,1.1]}},{"type":"Feature","geometry":{"type":"Point","coordinates":[22.984115,40.575106]},"properties":{"line":"79K","mode":"bus","color":"#0059a9","colorDark":"#00294f","band":1,"off":[4.5,1.1]}},{"type":"Feature","geometry":{"type":"Point","coordinates":[22.949623,40.625829]},"properties":{"line":"50","mode":"bus","color":"#0059a9","colorDark":"#00294f","band":1,"off":[0,1.1]}},{"type":"Feature","geometry":{"type":"Point","coordinates":[22.800805,40.664109]},"properties":{"line":"51","mode":"bus","color":"#0059a9","colorDark":"#00294f","band":1,"off":[-6,1.1]}},{"type":"Feature","geometry":{"type":"Point","coordinates":[22.800805,40.664109]},"properties":{"line":"51A","mode":"bus","color":"#0059a9","colorDark":"#00294f","band":1,"off":[-3,1.1]}},{"type":"Feature","geometry":{"type":"Point","coordinates":[22.800805,40.664109]},"properties":{"line":"51B","mode":"bus","color":"#0059a9","colorDark":"#00294f","band":1,"off":[0,1.1]}},{"type":"Feature","geometry":{"type":"Point","coordinates":[22.800805,40.664109]},"properties":{"line":"52","mode":"bus","color":"#0059a9","colorDark":"#00294f","band":1,"off":[3,1.1]}},{"type":"Feature","geometry":{"type":"Point","coordinates":[22.800805,40.664109]},"properties":{"line":"52B","mode":"bus","color":"#0059a9","colorDark":"#00294f","band":1,"off":[6,1.1]}},{"type":"Feature","geometry":{"type":"Point","coordinates":[22.800805,40.664109]},"properties":{"line":"53","mode":"bus","color":"#0059a9","colorDark":"#00294f","band":1,"off":[-4.5,2.6]}},{"type":"Feature","geometry":{"type":"Point","coordinates":[22.800805,40.664109]},"properties":{"line":"53A","mode":"bus","color":"#0059a9","colorDark":"#00294f","band":1,"off":[-1.5,2.6]}},{"type":"Feature","geometry":{"type":"Point","coordinates":[22.800805,40.664109]},"properties":{"line":"53B","mode":"bus","color":"#0059a9","colorDark":"#00294f","band":1,"off":[1.5,2.6]}},{"type":"Feature","geometry":{"type":"Point","coordinates":[22.800805,40.664109]},"properties":{"line":"53Σ","mode":"bus","color":"#0059a9","colorDark":"#00294f","band":1,"off":[4.5,2.6]}},{"type":"Feature","geometry":{"type":"Point","coordinates":[22.838209,40.686472]},"properties":{"line":"54","mode":"bus","color":"#0059a9","colorDark":"#00294f","band":1,"off":[-1.5,1.1]}},{"type":"Feature","geometry":{"type":"Point","coordinates":[22.838209,40.686472]},"properties":{"line":"54A","mode":"bus","color":"#0059a9","colorDark":"#00294f","band":1,"off":[1.5,1.1]}},{"type":"Feature","geometry":{"type":"Point","coordinates":[22.905975,40.723279]},"properties":{"line":"56","mode":"bus","color":"#0059a9","colorDark":"#00294f","band":1,"off":[0,1.1]}},{"type":"Feature","geometry":{"type":"Point","coordinates":[22.914637,40.726814]},"properties":{"line":"56","mode":"bus","color":"#0059a9","colorDark":"#00294f","band":1,"off":[-1.5,1.1]}},{"type":"Feature","geometry":{"type":"Point","coordinates":[22.914637,40.726814]},"properties":{"line":"84M","mode":"bus","color":"#0059a9","colorDark":"#00294f","band":1,"off":[1.5,1.1]}},{"type":"Feature","geometry":{"type":"Point","coordinates":[23.062641,40.624531]},"properties":{"line":"57","mode":"bus","color":"#0059a9","colorDark":"#00294f","band":1,"off":[-3,1.1]}},{"type":"Feature","geometry":{"type":"Point","coordinates":[23.062641,40.624531]},"properties":{"line":"58","mode":"bus","color":"#0059a9","colorDark":"#00294f","band":1,"off":[0,1.1]}},{"type":"Feature","geometry":{"type":"Point","coordinates":[23.062641,40.624531]},"properties":{"line":"61","mode":"bus","color":"#0059a9","colorDark":"#00294f","band":1,"off":[3,1.1]}},{"type":"Feature","geometry":{"type":"Point","coordinates":[23.033877,40.581928]},"properties":{"line":"60A","mode":"bus","color":"#0059a9","colorDark":"#00294f","band":1,"off":[-3,1.1]}},{"type":"Feature","geometry":{"type":"Point","coordinates":[23.033877,40.581928]},"properties":{"line":"60B","mode":"bus","color":"#0059a9","colorDark":"#00294f","band":1,"off":[0,1.1]}},{"type":"Feature","geometry":{"type":"Point","coordinates":[23.033877,40.581928]},"properties":{"line":"60E","mode":"bus","color":"#0059a9","colorDark":"#00294f","band":1,"off":[3,1.1]}},{"type":"Feature","geometry":{"type":"Point","coordinates":[23.10022,40.60833]},"properties":{"line":"61","mode":"bus","color":"#0059a9","colorDark":"#00294f","band":1,"off":[0,1.1]}},{"type":"Feature","geometry":{"type":"Point","coordinates":[23.000469,40.69971]},"properties":{"line":"64","mode":"bus","color":"#0059a9","colorDark":"#00294f","band":1,"off":[-3,1.1]}},{"type":"Feature","geometry":{"type":"Point","coordinates":[23.000469,40.69971]},"properties":{"line":"64A","mode":"bus","color":"#0059a9","colorDark":"#00294f","band":1,"off":[0,1.1]}},{"type":"Feature","geometry":{"type":"Point","coordinates":[23.000469,40.69971]},"properties":{"line":"64B","mode":"bus","color":"#0059a9","colorDark":"#00294f","band":1,"off":[3,1.1]}},{"type":"Feature","geometry":{"type":"Point","coordinates":[23.019417,40.546083]},"properties":{"line":"66","mode":"bus","color":"#0059a9","colorDark":"#00294f","band":1,"off":[0,1.1]}},{"type":"Feature","geometry":{"type":"Point","coordinates":[23.047892,40.549833]},"properties":{"line":"67","mode":"bus","color":"#0059a9","colorDark":"#00294f","band":1,"off":[-3,1.1]}},{"type":"Feature","geometry":{"type":"Point","coordinates":[23.047892,40.549833]},"properties":{"line":"67A","mode":"bus","color":"#0059a9","colorDark":"#00294f","band":1,"off":[0,1.1]}},{"type":"Feature","geometry":{"type":"Point","coordinates":[23.047892,40.549833]},"properties":{"line":"67B","mode":"bus","color":"#0059a9","colorDark":"#00294f","band":1,"off":[3,1.1]}},{"type":"Feature","geometry":{"type":"Point","coordinates":[22.895742,40.407363]},"properties":{"line":"69A","mode":"bus","color":"#0059a9","colorDark":"#00294f","band":1,"off":[-1.5,1.1]}},{"type":"Feature","geometry":{"type":"Point","coordinates":[22.895742,40.407363]},"properties":{"line":"70","mode":"bus","color":"#0059a9","colorDark":"#00294f","band":1,"off":[1.5,1.1]}},{"type":"Feature","geometry":{"type":"Point","coordinates":[22.868263,40.439621]},"properties":{"line":"69B","mode":"bus","color":"#0059a9","colorDark":"#00294f","band":1,"off":[-1.5,1.1]}},{"type":"Feature","geometry":{"type":"Point","coordinates":[22.868263,40.439621]},"properties":{"line":"70A","mode":"bus","color":"#0059a9","colorDark":"#00294f","band":1,"off":[1.5,1.1]}},{"type":"Feature","geometry":{"type":"Point","coordinates":[22.929625,40.429004]},"properties":{"line":"69H","mode":"bus","color":"#0059a9","colorDark":"#00294f","band":1,"off":[-6,1.1]}},{"type":"Feature","geometry":{"type":"Point","coordinates":[22.929625,40.429004]},"properties":{"line":"77","mode":"bus","color":"#0059a9","colorDark":"#00294f","band":1,"off":[-3,1.1]}},{"type":"Feature","geometry":{"type":"Point","coordinates":[22.929625,40.429004]},"properties":{"line":"77H","mode":"bus","color":"#0059a9","colorDark":"#00294f","band":1,"off":[0,1.1]}},{"type":"Feature","geometry":{"type":"Point","coordinates":[22.929625,40.429004]},"properties":{"line":"88E","mode":"bus","color":"#0059a9","colorDark":"#00294f","band":1,"off":[3,1.1]}},{"type":"Feature","geometry":{"type":"Point","coordinates":[22.929625,40.429004]},"properties":{"line":"88H","mode":"bus","color":"#0059a9","colorDark":"#00294f","band":1,"off":[6,1.1]}},{"type":"Feature","geometry":{"type":"Point","coordinates":[23.007611,40.350112]},"properties":{"line":"69N","mode":"bus","color":"#0059a9","colorDark":"#00294f","band":1,"off":[0,1.1]}},{"type":"Feature","geometry":{"type":"Point","coordinates":[22.87144,40.46383]},"properties":{"line":"71","mode":"bus","color":"#0059a9","colorDark":"#00294f","band":1,"off":[-6,1.1]}},{"type":"Feature","geometry":{"type":"Point","coordinates":[22.87144,40.46383]},"properties":{"line":"71A","mode":"bus","color":"#0059a9","colorDark":"#00294f","band":1,"off":[-3,1.1]}},{"type":"Feature","geometry":{"type":"Point","coordinates":[22.87144,40.46383]},"properties":{"line":"72","mode":"bus","color":"#0059a9","colorDark":"#00294f","band":1,"off":[0,1.1]}},{"type":"Feature","geometry":{"type":"Point","coordinates":[22.87144,40.46383]},"properties":{"line":"72A","mode":"bus","color":"#0059a9","colorDark":"#00294f","band":1,"off":[3,1.1]}},{"type":"Feature","geometry":{"type":"Point","coordinates":[22.87144,40.46383]},"properties":{"line":"72B","mode":"bus","color":"#0059a9","colorDark":"#00294f","band":1,"off":[6,1.1]}},{"type":"Feature","geometry":{"type":"Point","coordinates":[22.87144,40.46383]},"properties":{"line":"72E","mode":"bus","color":"#0059a9","colorDark":"#00294f","band":1,"off":[0,2.6]}},{"type":"Feature","geometry":{"type":"Point","coordinates":[22.819039,40.496898]},"properties":{"line":"76","mode":"bus","color":"#0059a9","colorDark":"#00294f","band":1,"off":[-1.5,1.1]}},{"type":"Feature","geometry":{"type":"Point","coordinates":[22.819039,40.496898]},"properties":{"line":"76A","mode":"bus","color":"#0059a9","colorDark":"#00294f","band":1,"off":[1.5,1.1]}},{"type":"Feature","geometry":{"type":"Point","coordinates":[22.867964,40.475262]},"properties":{"line":"77","mode":"bus","color":"#0059a9","colorDark":"#00294f","band":1,"off":[0,1.1]}},{"type":"Feature","geometry":{"type":"Point","coordinates":[22.9218,40.38204]},"properties":{"line":"77H","mode":"bus","color":"#0059a9","colorDark":"#00294f","band":1,"off":[0,1.1]}},{"type":"Feature","geometry":{"type":"Point","coordinates":[22.677226,40.615114]},"properties":{"line":"80","mode":"bus","color":"#0059a9","colorDark":"#00294f","band":1,"off":[-6,1.1]}},{"type":"Feature","geometry":{"type":"Point","coordinates":[22.677226,40.615114]},"properties":{"line":"80A","mode":"bus","color":"#0059a9","colorDark":"#00294f","band":1,"off":[-3,1.1]}},{"type":"Feature","geometry":{"type":"Point","coordinates":[22.677226,40.615114]},"properties":{"line":"80B","mode":"bus","color":"#0059a9","colorDark":"#00294f","band":1,"off":[0,1.1]}},{"type":"Feature","geometry":{"type":"Point","coordinates":[22.677226,40.615114]},"properties":{"line":"80E","mode":"bus","color":"#0059a9","colorDark":"#00294f","band":1,"off":[3,1.1]}},{"type":"Feature","geometry":{"type":"Point","coordinates":[22.677226,40.615114]},"properties":{"line":"80Z","mode":"bus","color":"#0059a9","colorDark":"#00294f","band":1,"off":[6,1.1]}},{"type":"Feature","geometry":{"type":"Point","coordinates":[22.677226,40.615114]},"properties":{"line":"90","mode":"bus","color":"#0059a9","colorDark":"#00294f","band":1,"off":[-1.5,2.6]}},{"type":"Feature","geometry":{"type":"Point","coordinates":[22.677226,40.615114]},"properties":{"line":"90A","mode":"bus","color":"#0059a9","colorDark":"#00294f","band":1,"off":[1.5,2.6]}},{"type":"Feature","geometry":{"type":"Point","coordinates":[22.577217,40.786414]},"properties":{"line":"81A","mode":"bus","color":"#0059a9","colorDark":"#00294f","band":1,"off":[-6,1.1]}},{"type":"Feature","geometry":{"type":"Point","coordinates":[22.577217,40.786414]},"properties":{"line":"81B","mode":"bus","color":"#0059a9","colorDark":"#00294f","band":1,"off":[-3,1.1]}},{"type":"Feature","geometry":{"type":"Point","coordinates":[22.577217,40.786414]},"properties":{"line":"81E","mode":"bus","color":"#0059a9","colorDark":"#00294f","band":1,"off":[0,1.1]}},{"type":"Feature","geometry":{"type":"Point","coordinates":[22.577217,40.786414]},"properties":{"line":"81K","mode":"bus","color":"#0059a9","colorDark":"#00294f","band":1,"off":[3,1.1]}},{"type":"Feature","geometry":{"type":"Point","coordinates":[22.577217,40.786414]},"properties":{"line":"90","mode":"bus","color":"#0059a9","colorDark":"#00294f","band":1,"off":[6,1.1]}},{"type":"Feature","geometry":{"type":"Point","coordinates":[22.577217,40.786414]},"properties":{"line":"90E","mode":"bus","color":"#0059a9","colorDark":"#00294f","band":1,"off":[-6,2.6]}},{"type":"Feature","geometry":{"type":"Point","coordinates":[22.577217,40.786414]},"properties":{"line":"92","mode":"bus","color":"#0059a9","colorDark":"#00294f","band":1,"off":[-3,2.6]}},{"type":"Feature","geometry":{"type":"Point","coordinates":[22.577217,40.786414]},"properties":{"line":"92A","mode":"bus","color":"#0059a9","colorDark":"#00294f","band":1,"off":[0,2.6]}},{"type":"Feature","geometry":{"type":"Point","coordinates":[22.577217,40.786414]},"properties":{"line":"92E","mode":"bus","color":"#0059a9","colorDark":"#00294f","band":1,"off":[3,2.6]}},{"type":"Feature","geometry":{"type":"Point","coordinates":[22.577217,40.786414]},"properties":{"line":"92P","mode":"bus","color":"#0059a9","colorDark":"#00294f","band":1,"off":[6,2.6]}},{"type":"Feature","geometry":{"type":"Point","coordinates":[22.907403,40.801861]},"properties":{"line":"82E","mode":"bus","color":"#0059a9","colorDark":"#00294f","band":1,"off":[-4.5,1.1]}},{"type":"Feature","geometry":{"type":"Point","coordinates":[22.907403,40.801861]},"properties":{"line":"82K","mode":"bus","color":"#0059a9","colorDark":"#00294f","band":1,"off":[-1.5,1.1]}},{"type":"Feature","geometry":{"type":"Point","coordinates":[22.907403,40.801861]},"properties":{"line":"82M","mode":"bus","color":"#0059a9","colorDark":"#00294f","band":1,"off":[1.5,1.1]}},{"type":"Feature","geometry":{"type":"Point","coordinates":[22.907403,40.801861]},"properties":{"line":"82N","mode":"bus","color":"#0059a9","colorDark":"#00294f","band":1,"off":[4.5,1.1]}},{"type":"Feature","geometry":{"type":"Point","coordinates":[23.065601,40.743611]},"properties":{"line":"83","mode":"bus","color":"#0059a9","colorDark":"#00294f","band":1,"off":[-6,1.1]}},{"type":"Feature","geometry":{"type":"Point","coordinates":[23.065601,40.743611]},"properties":{"line":"83B","mode":"bus","color":"#0059a9","colorDark":"#00294f","band":1,"off":[-3,1.1]}},{"type":"Feature","geometry":{"type":"Point","coordinates":[23.065601,40.743611]},"properties":{"line":"83M","mode":"bus","color":"#0059a9","colorDark":"#00294f","band":1,"off":[0,1.1]}},{"type":"Feature","geometry":{"type":"Point","coordinates":[23.065601,40.743611]},"properties":{"line":"85H","mode":"bus","color":"#0059a9","colorDark":"#00294f","band":1,"off":[3,1.1]}},{"type":"Feature","geometry":{"type":"Point","coordinates":[23.065601,40.743611]},"properties":{"line":"85X","mode":"bus","color":"#0059a9","colorDark":"#00294f","band":1,"off":[6,1.1]}},{"type":"Feature","geometry":{"type":"Point","coordinates":[23.065601,40.743611]},"properties":{"line":"91A","mode":"bus","color":"#0059a9","colorDark":"#00294f","band":1,"off":[-6,2.6]}},{"type":"Feature","geometry":{"type":"Point","coordinates":[23.065601,40.743611]},"properties":{"line":"91E","mode":"bus","color":"#0059a9","colorDark":"#00294f","band":1,"off":[-3,2.6]}},{"type":"Feature","geometry":{"type":"Point","coordinates":[23.065601,40.743611]},"properties":{"line":"91H","mode":"bus","color":"#0059a9","colorDark":"#00294f","band":1,"off":[0,2.6]}},{"type":"Feature","geometry":{"type":"Point","coordinates":[23.065601,40.743611]},"properties":{"line":"91K","mode":"bus","color":"#0059a9","colorDark":"#00294f","band":1,"off":[3,2.6]}},{"type":"Feature","geometry":{"type":"Point","coordinates":[23.065601,40.743611]},"properties":{"line":"91N","mode":"bus","color":"#0059a9","colorDark":"#00294f","band":1,"off":[6,2.6]}},{"type":"Feature","geometry":{"type":"Point","coordinates":[23.065601,40.743611]},"properties":{"line":"91T","mode":"bus","color":"#0059a9","colorDark":"#00294f","band":1,"off":[-1.5,4.1]}},{"type":"Feature","geometry":{"type":"Point","coordinates":[23.065601,40.743611]},"properties":{"line":"91X","mode":"bus","color":"#0059a9","colorDark":"#00294f","band":1,"off":[1.5,4.1]}},{"type":"Feature","geometry":{"type":"Point","coordinates":[23.174155,40.721222]},"properties":{"line":"83A","mode":"bus","color":"#0059a9","colorDark":"#00294f","band":1,"off":[-3,1.1]}},{"type":"Feature","geometry":{"type":"Point","coordinates":[23.174155,40.721222]},"properties":{"line":"91A","mode":"bus","color":"#0059a9","colorDark":"#00294f","band":1,"off":[0,1.1]}},{"type":"Feature","geometry":{"type":"Point","coordinates":[23.174155,40.721222]},"properties":{"line":"91Y","mode":"bus","color":"#0059a9","colorDark":"#00294f","band":1,"off":[3,1.1]}},{"type":"Feature","geometry":{"type":"Point","coordinates":[23.068248,40.758767]},"properties":{"line":"83N","mode":"bus","color":"#0059a9","colorDark":"#00294f","band":1,"off":[-1.5,1.1]}},{"type":"Feature","geometry":{"type":"Point","coordinates":[23.068248,40.758767]},"properties":{"line":"91N","mode":"bus","color":"#0059a9","colorDark":"#00294f","band":1,"off":[1.5,1.1]}},{"type":"Feature","geometry":{"type":"Point","coordinates":[23.082276,40.769597]},"properties":{"line":"83X","mode":"bus","color":"#0059a9","colorDark":"#00294f","band":1,"off":[-3,1.1]}},{"type":"Feature","geometry":{"type":"Point","coordinates":[23.082276,40.769597]},"properties":{"line":"91X","mode":"bus","color":"#0059a9","colorDark":"#00294f","band":1,"off":[0,1.1]}},{"type":"Feature","geometry":{"type":"Point","coordinates":[23.082276,40.769597]},"properties":{"line":"91Y","mode":"bus","color":"#0059a9","colorDark":"#00294f","band":1,"off":[3,1.1]}},{"type":"Feature","geometry":{"type":"Point","coordinates":[22.930772,40.767626]},"properties":{"line":"84A","mode":"bus","color":"#0059a9","colorDark":"#00294f","band":1,"off":[-1.5,1.1]}},{"type":"Feature","geometry":{"type":"Point","coordinates":[22.930772,40.767626]},"properties":{"line":"84M","mode":"bus","color":"#0059a9","colorDark":"#00294f","band":1,"off":[1.5,1.1]}},{"type":"Feature","geometry":{"type":"Point","coordinates":[22.952914,40.779426]},"properties":{"line":"84A","mode":"bus","color":"#0059a9","colorDark":"#00294f","band":1,"off":[-1.5,1.1]}},{"type":"Feature","geometry":{"type":"Point","coordinates":[22.952914,40.779426]},"properties":{"line":"84M","mode":"bus","color":"#0059a9","colorDark":"#00294f","band":1,"off":[1.5,1.1]}},{"type":"Feature","geometry":{"type":"Point","coordinates":[23.236184,40.983861]},"properties":{"line":"85","mode":"bus","color":"#0059a9","colorDark":"#00294f","band":1,"off":[-6,1.1]}},{"type":"Feature","geometry":{"type":"Point","coordinates":[23.236184,40.983861]},"properties":{"line":"85H","mode":"bus","color":"#0059a9","colorDark":"#00294f","band":1,"off":[-3,1.1]}},{"type":"Feature","geometry":{"type":"Point","coordinates":[23.236184,40.983861]},"properties":{"line":"85K","mode":"bus","color":"#0059a9","colorDark":"#00294f","band":1,"off":[0,1.1]}},{"type":"Feature","geometry":{"type":"Point","coordinates":[23.236184,40.983861]},"properties":{"line":"85N","mode":"bus","color":"#0059a9","colorDark":"#00294f","band":1,"off":[3,1.1]}},{"type":"Feature","geometry":{"type":"Point","coordinates":[23.236184,40.983861]},"properties":{"line":"85X","mode":"bus","color":"#0059a9","colorDark":"#00294f","band":1,"off":[6,1.1]}},{"type":"Feature","geometry":{"type":"Point","coordinates":[23.236184,40.983861]},"properties":{"line":"85Z","mode":"bus","color":"#0059a9","colorDark":"#00294f","band":1,"off":[0,2.6]}},{"type":"Feature","geometry":{"type":"Point","coordinates":[22.982467,40.840061]},"properties":{"line":"85A","mode":"bus","color":"#0059a9","colorDark":"#00294f","band":1,"off":[-3,1.1]}},{"type":"Feature","geometry":{"type":"Point","coordinates":[22.982467,40.840061]},"properties":{"line":"85M","mode":"bus","color":"#0059a9","colorDark":"#00294f","band":1,"off":[0,1.1]}},{"type":"Feature","geometry":{"type":"Point","coordinates":[22.982467,40.840061]},"properties":{"line":"91E","mode":"bus","color":"#0059a9","colorDark":"#00294f","band":1,"off":[3,1.1]}},{"type":"Feature","geometry":{"type":"Point","coordinates":[23.068864,40.927392]},"properties":{"line":"85B","mode":"bus","color":"#0059a9","colorDark":"#00294f","band":1,"off":[-1.5,1.1]}},{"type":"Feature","geometry":{"type":"Point","coordinates":[23.068864,40.927392]},"properties":{"line":"85T","mode":"bus","color":"#0059a9","colorDark":"#00294f","band":1,"off":[1.5,1.1]}},{"type":"Feature","geometry":{"type":"Point","coordinates":[23.253218,40.635227]},"properties":{"line":"86","mode":"bus","color":"#0059a9","colorDark":"#00294f","band":1,"off":[-6,1.1]}},{"type":"Feature","geometry":{"type":"Point","coordinates":[23.253218,40.635227]},"properties":{"line":"86A","mode":"bus","color":"#0059a9","colorDark":"#00294f","band":1,"off":[-3,1.1]}},{"type":"Feature","geometry":{"type":"Point","coordinates":[23.253218,40.635227]},"properties":{"line":"86B","mode":"bus","color":"#0059a9","colorDark":"#00294f","band":1,"off":[0,1.1]}},{"type":"Feature","geometry":{"type":"Point","coordinates":[23.253218,40.635227]},"properties":{"line":"86E","mode":"bus","color":"#0059a9","colorDark":"#00294f","band":1,"off":[3,1.1]}},{"type":"Feature","geometry":{"type":"Point","coordinates":[23.253218,40.635227]},"properties":{"line":"86K","mode":"bus","color":"#0059a9","colorDark":"#00294f","band":1,"off":[6,1.1]}},{"type":"Feature","geometry":{"type":"Point","coordinates":[23.253218,40.635227]},"properties":{"line":"86M","mode":"bus","color":"#0059a9","colorDark":"#00294f","band":1,"off":[-6,2.6]}},{"type":"Feature","geometry":{"type":"Point","coordinates":[23.253218,40.635227]},"properties":{"line":"86N","mode":"bus","color":"#0059a9","colorDark":"#00294f","band":1,"off":[-3,2.6]}},{"type":"Feature","geometry":{"type":"Point","coordinates":[23.253218,40.635227]},"properties":{"line":"86R","mode":"bus","color":"#0059a9","colorDark":"#00294f","band":1,"off":[0,2.6]}},{"type":"Feature","geometry":{"type":"Point","coordinates":[23.253218,40.635227]},"properties":{"line":"86T","mode":"bus","color":"#0059a9","colorDark":"#00294f","band":1,"off":[3,2.6]}},{"type":"Feature","geometry":{"type":"Point","coordinates":[23.253218,40.635227]},"properties":{"line":"91T","mode":"bus","color":"#0059a9","colorDark":"#00294f","band":1,"off":[6,2.6]}},{"type":"Feature","geometry":{"type":"Point","coordinates":[23.136892,40.480594]},"properties":{"line":"87A","mode":"bus","color":"#0059a9","colorDark":"#00294f","band":1,"off":[-6,1.1]}},{"type":"Feature","geometry":{"type":"Point","coordinates":[23.136892,40.480594]},"properties":{"line":"87B","mode":"bus","color":"#0059a9","colorDark":"#00294f","band":1,"off":[-3,1.1]}},{"type":"Feature","geometry":{"type":"Point","coordinates":[23.136892,40.480594]},"properties":{"line":"87E","mode":"bus","color":"#0059a9","colorDark":"#00294f","band":1,"off":[0,1.1]}},{"type":"Feature","geometry":{"type":"Point","coordinates":[23.136892,40.480594]},"properties":{"line":"87F","mode":"bus","color":"#0059a9","colorDark":"#00294f","band":1,"off":[3,1.1]}},{"type":"Feature","geometry":{"type":"Point","coordinates":[23.136892,40.480594]},"properties":{"line":"87H","mode":"bus","color":"#0059a9","colorDark":"#00294f","band":1,"off":[6,1.1]}},{"type":"Feature","geometry":{"type":"Point","coordinates":[23.136892,40.480594]},"properties":{"line":"87L","mode":"bus","color":"#0059a9","colorDark":"#00294f","band":1,"off":[-6,2.6]}},{"type":"Feature","geometry":{"type":"Point","coordinates":[23.136892,40.480594]},"properties":{"line":"87M","mode":"bus","color":"#0059a9","colorDark":"#00294f","band":1,"off":[-3,2.6]}},{"type":"Feature","geometry":{"type":"Point","coordinates":[23.136892,40.480594]},"properties":{"line":"87N","mode":"bus","color":"#0059a9","colorDark":"#00294f","band":1,"off":[0,2.6]}},{"type":"Feature","geometry":{"type":"Point","coordinates":[23.136892,40.480594]},"properties":{"line":"87P","mode":"bus","color":"#0059a9","colorDark":"#00294f","band":1,"off":[3,2.6]}},{"type":"Feature","geometry":{"type":"Point","coordinates":[23.136892,40.480594]},"properties":{"line":"87R","mode":"bus","color":"#0059a9","colorDark":"#00294f","band":1,"off":[6,2.6]}},{"type":"Feature","geometry":{"type":"Point","coordinates":[23.136892,40.480594]},"properties":{"line":"87T","mode":"bus","color":"#0059a9","colorDark":"#00294f","band":1,"off":[-3,4.1]}},{"type":"Feature","geometry":{"type":"Point","coordinates":[23.136892,40.480594]},"properties":{"line":"87X","mode":"bus","color":"#0059a9","colorDark":"#00294f","band":1,"off":[0,4.1]}},{"type":"Feature","geometry":{"type":"Point","coordinates":[23.136892,40.480594]},"properties":{"line":"87Z","mode":"bus","color":"#0059a9","colorDark":"#00294f","band":1,"off":[3,4.1]}},{"type":"Feature","geometry":{"type":"Point","coordinates":[23.137083,40.434297]},"properties":{"line":"87M","mode":"bus","color":"#0059a9","colorDark":"#00294f","band":1,"off":[-3,1.1]}},{"type":"Feature","geometry":{"type":"Point","coordinates":[23.137083,40.434297]},"properties":{"line":"87Q","mode":"bus","color":"#0059a9","colorDark":"#00294f","band":1,"off":[0,1.1]}},{"type":"Feature","geometry":{"type":"Point","coordinates":[23.137083,40.434297]},"properties":{"line":"87X","mode":"bus","color":"#0059a9","colorDark":"#00294f","band":1,"off":[3,1.1]}},{"type":"Feature","geometry":{"type":"Point","coordinates":[23.005533,40.412059]},"properties":{"line":"88","mode":"bus","color":"#0059a9","colorDark":"#00294f","band":1,"off":[-4.5,1.1]}},{"type":"Feature","geometry":{"type":"Point","coordinates":[23.005533,40.412059]},"properties":{"line":"88K","mode":"bus","color":"#0059a9","colorDark":"#00294f","band":1,"off":[-1.5,1.1]}},{"type":"Feature","geometry":{"type":"Point","coordinates":[23.005533,40.412059]},"properties":{"line":"88M","mode":"bus","color":"#0059a9","colorDark":"#00294f","band":1,"off":[1.5,1.1]}},{"type":"Feature","geometry":{"type":"Point","coordinates":[23.005533,40.412059]},"properties":{"line":"88N","mode":"bus","color":"#0059a9","colorDark":"#00294f","band":1,"off":[4.5,1.1]}},{"type":"Feature","geometry":{"type":"Point","coordinates":[22.770386,40.804105]},"properties":{"line":"89A","mode":"bus","color":"#0059a9","colorDark":"#00294f","band":1,"off":[0,1.1]}},{"type":"Feature","geometry":{"type":"Point","coordinates":[22.651589,40.843874]},"properties":{"line":"89B","mode":"bus","color":"#0059a9","colorDark":"#00294f","band":1,"off":[-6,1.1]}},{"type":"Feature","geometry":{"type":"Point","coordinates":[22.651589,40.843874]},"properties":{"line":"89E","mode":"bus","color":"#0059a9","colorDark":"#00294f","band":1,"off":[-3,1.1]}},{"type":"Feature","geometry":{"type":"Point","coordinates":[22.651589,40.843874]},"properties":{"line":"89K","mode":"bus","color":"#0059a9","colorDark":"#00294f","band":1,"off":[0,1.1]}},{"type":"Feature","geometry":{"type":"Point","coordinates":[22.651589,40.843874]},"properties":{"line":"89N","mode":"bus","color":"#0059a9","colorDark":"#00294f","band":1,"off":[3,1.1]}},{"type":"Feature","geometry":{"type":"Point","coordinates":[22.651589,40.843874]},"properties":{"line":"90E","mode":"bus","color":"#0059a9","colorDark":"#00294f","band":1,"off":[6,1.1]}},{"type":"Feature","geometry":{"type":"Point","coordinates":[22.540764,40.677276]},"properties":{"line":"90A","mode":"bus","color":"#0059a9","colorDark":"#00294f","band":1,"off":[0,1.1]}},{"type":"Feature","geometry":{"type":"Point","coordinates":[23.039272,40.710574]},"properties":{"line":"91K","mode":"bus","color":"#0059a9","colorDark":"#00294f","band":1,"off":[0,1.1]}},{"type":"Feature","geometry":{"type":"Point","coordinates":[22.957481,40.679488]},"properties":{"line":"01","mode":"bus","color":"#0059a9","colorDark":"#00294f","band":2,"off":[-3,1.1]}},{"type":"Feature","geometry":{"type":"Point","coordinates":[22.957481,40.679488]},"properties":{"line":"01A","mode":"bus","color":"#0059a9","colorDark":"#00294f","band":2,"off":[0,1.1]}},{"type":"Feature","geometry":{"type":"Point","coordinates":[22.957481,40.679488]},"properties":{"line":"28","mode":"bus","color":"#0059a9","colorDark":"#00294f","band":2,"off":[3,1.1]}},{"type":"Feature","geometry":{"type":"Point","coordinates":[22.901745,40.654041]},"properties":{"line":"01","mode":"bus","color":"#0059a9","colorDark":"#00294f","band":2,"off":[-6,1.1]}},{"type":"Feature","geometry":{"type":"Point","coordinates":[22.901745,40.654041]},"properties":{"line":"01A","mode":"bus","color":"#0059a9","colorDark":"#00294f","band":2,"off":[-3,1.1]}},{"type":"Feature","geometry":{"type":"Point","coordinates":[22.901745,40.654041]},"properties":{"line":"01N","mode":"bus","color":"#0059a9","colorDark":"#00294f","band":2,"off":[0,1.1]}},{"type":"Feature","geometry":{"type":"Point","coordinates":[22.901745,40.654041]},"properties":{"line":"01X","mode":"bus","color":"#0059a9","colorDark":"#00294f","band":2,"off":[3,1.1]}},{"type":"Feature","geometry":{"type":"Point","coordinates":[22.901745,40.654041]},"properties":{"line":"02K","mode":"bus","color":"#0059a9","colorDark":"#00294f","band":2,"off":[6,1.1]}},{"type":"Feature","geometry":{"type":"Point","coordinates":[22.901745,40.654041]},"properties":{"line":"12","mode":"bus","color":"#0059a9","colorDark":"#00294f","band":2,"off":[-6,2.6]}},{"type":"Feature","geometry":{"type":"Point","coordinates":[22.901745,40.654041]},"properties":{"line":"1N","mode":"bus","color":"#0059a9","colorDark":"#00294f","band":2,"off":[-3,2.6]}},{"type":"Feature","geometry":{"type":"Point","coordinates":[22.901745,40.654041]},"properties":{"line":"31","mode":"bus","color":"#0059a9","colorDark":"#00294f","band":2,"off":[0,2.6]}},{"type":"Feature","geometry":{"type":"Point","coordinates":[22.901745,40.654041]},"properties":{"line":"45","mode":"bus","color":"#0059a9","colorDark":"#00294f","band":2,"off":[3,2.6]}},{"type":"Feature","geometry":{"type":"Point","coordinates":[22.901745,40.654041]},"properties":{"line":"45A","mode":"bus","color":"#0059a9","colorDark":"#00294f","band":2,"off":[6,2.6]}},{"type":"Feature","geometry":{"type":"Point","coordinates":[22.901745,40.654041]},"properties":{"line":"45B","mode":"bus","color":"#0059a9","colorDark":"#00294f","band":2,"off":[-6,4.1]}},{"type":"Feature","geometry":{"type":"Point","coordinates":[22.901745,40.654041]},"properties":{"line":"45Y","mode":"bus","color":"#0059a9","colorDark":"#00294f","band":2,"off":[-3,4.1]}},{"type":"Feature","geometry":{"type":"Point","coordinates":[22.901745,40.654041]},"properties":{"line":"80","mode":"bus","color":"#0059a9","colorDark":"#00294f","band":2,"off":[0,4.1]}},{"type":"Feature","geometry":{"type":"Point","coordinates":[22.901745,40.654041]},"properties":{"line":"80A","mode":"bus","color":"#0059a9","colorDark":"#00294f","band":2,"off":[3,4.1]}},{"type":"Feature","geometry":{"type":"Point","coordinates":[22.901745,40.654041]},"properties":{"line":"80B","mode":"bus","color":"#0059a9","colorDark":"#00294f","band":2,"off":[6,4.1]}},{"type":"Feature","geometry":{"type":"Point","coordinates":[22.901745,40.654041]},"properties":{"line":"80E","mode":"bus","color":"#0059a9","colorDark":"#00294f","band":2,"off":[-6,5.6]}},{"type":"Feature","geometry":{"type":"Point","coordinates":[22.901745,40.654041]},"properties":{"line":"80Z","mode":"bus","color":"#0059a9","colorDark":"#00294f","band":2,"off":[-3,5.6]}},{"type":"Feature","geometry":{"type":"Point","coordinates":[22.901745,40.654041]},"properties":{"line":"81A","mode":"bus","color":"#0059a9","colorDark":"#00294f","band":2,"off":[0,5.6]}},{"type":"Feature","geometry":{"type":"Point","coordinates":[22.901745,40.654041]},"properties":{"line":"81B","mode":"bus","color":"#0059a9","colorDark":"#00294f","band":2,"off":[3,5.6]}},{"type":"Feature","geometry":{"type":"Point","coordinates":[22.901745,40.654041]},"properties":{"line":"81E","mode":"bus","color":"#0059a9","colorDark":"#00294f","band":2,"off":[6,5.6]}},{"type":"Feature","geometry":{"type":"Point","coordinates":[22.901745,40.654041]},"properties":{"line":"81K","mode":"bus","color":"#0059a9","colorDark":"#00294f","band":2,"off":[-6,7.1]}},{"type":"Feature","geometry":{"type":"Point","coordinates":[22.901745,40.654041]},"properties":{"line":"82A","mode":"bus","color":"#0059a9","colorDark":"#00294f","band":2,"off":[-3,7.1]}},{"type":"Feature","geometry":{"type":"Point","coordinates":[22.901745,40.654041]},"properties":{"line":"82B","mode":"bus","color":"#0059a9","colorDark":"#00294f","band":2,"off":[0,7.1]}},{"type":"Feature","geometry":{"type":"Point","coordinates":[22.901745,40.654041]},"properties":{"line":"82E","mode":"bus","color":"#0059a9","colorDark":"#00294f","band":2,"off":[3,7.1]}},{"type":"Feature","geometry":{"type":"Point","coordinates":[22.901745,40.654041]},"properties":{"line":"82K","mode":"bus","color":"#0059a9","colorDark":"#00294f","band":2,"off":[6,7.1]}},{"type":"Feature","geometry":{"type":"Point","coordinates":[22.901745,40.654041]},"properties":{"line":"82M","mode":"bus","color":"#0059a9","colorDark":"#00294f","band":2,"off":[-6,8.6]}},{"type":"Feature","geometry":{"type":"Point","coordinates":[22.901745,40.654041]},"properties":{"line":"82N","mode":"bus","color":"#0059a9","colorDark":"#00294f","band":2,"off":[-3,8.6]}},{"type":"Feature","geometry":{"type":"Point","coordinates":[22.901745,40.654041]},"properties":{"line":"89A","mode":"bus","color":"#0059a9","colorDark":"#00294f","band":2,"off":[0,8.6]}},{"type":"Feature","geometry":{"type":"Point","coordinates":[22.901745,40.654041]},"properties":{"line":"89B","mode":"bus","color":"#0059a9","colorDark":"#00294f","band":2,"off":[3,8.6]}},{"type":"Feature","geometry":{"type":"Point","coordinates":[22.901745,40.654041]},"properties":{"line":"89E","mode":"bus","color":"#0059a9","colorDark":"#00294f","band":2,"off":[6,8.6]}},{"type":"Feature","geometry":{"type":"Point","coordinates":[22.901745,40.654041]},"properties":{"line":"89K","mode":"bus","color":"#0059a9","colorDark":"#00294f","band":2,"off":[-1.5,10.1]}},{"type":"Feature","geometry":{"type":"Point","coordinates":[22.901745,40.654041]},"properties":{"line":"89N","mode":"bus","color":"#0059a9","colorDark":"#00294f","band":2,"off":[1.5,10.1]}},{"type":"Feature","geometry":{"type":"Point","coordinates":[22.977274,40.524049]},"properties":{"line":"01N","mode":"bus","color":"#0059a9","colorDark":"#00294f","band":2,"off":[-6,1.1]}},{"type":"Feature","geometry":{"type":"Point","coordinates":[22.977274,40.524049]},"properties":{"line":"01X","mode":"bus","color":"#0059a9","colorDark":"#00294f","band":2,"off":[-3,1.1]}},{"type":"Feature","geometry":{"type":"Point","coordinates":[22.977274,40.524049]},"properties":{"line":"02X","mode":"bus","color":"#0059a9","colorDark":"#00294f","band":2,"off":[0,1.1]}},{"type":"Feature","geometry":{"type":"Point","coordinates":[22.977274,40.524049]},"properties":{"line":"1N","mode":"bus","color":"#0059a9","colorDark":"#00294f","band":2,"off":[3,1.1]}},{"type":"Feature","geometry":{"type":"Point","coordinates":[22.977274,40.524049]},"properties":{"line":"79A","mode":"bus","color":"#0059a9","colorDark":"#00294f","band":2,"off":[6,1.1]}},{"type":"Feature","geometry":{"type":"Point","coordinates":[22.977274,40.524049]},"properties":{"line":"79B","mode":"bus","color":"#0059a9","colorDark":"#00294f","band":2,"off":[-1.5,2.6]}},{"type":"Feature","geometry":{"type":"Point","coordinates":[22.977274,40.524049]},"properties":{"line":"79K","mode":"bus","color":"#0059a9","colorDark":"#00294f","band":2,"off":[1.5,2.6]}},{"type":"Feature","geometry":{"type":"Point","coordinates":[22.984514,40.548363]},"properties":{"line":"02K","mode":"bus","color":"#0059a9","colorDark":"#00294f","band":2,"off":[-6,1.1]}},{"type":"Feature","geometry":{"type":"Point","coordinates":[22.984514,40.548363]},"properties":{"line":"03K","mode":"bus","color":"#0059a9","colorDark":"#00294f","band":2,"off":[-3,1.1]}},{"type":"Feature","geometry":{"type":"Point","coordinates":[22.984514,40.548363]},"properties":{"line":"36X","mode":"bus","color":"#0059a9","colorDark":"#00294f","band":2,"off":[0,1.1]}},{"type":"Feature","geometry":{"type":"Point","coordinates":[22.984514,40.548363]},"properties":{"line":"45Y","mode":"bus","color":"#0059a9","colorDark":"#00294f","band":2,"off":[3,1.1]}},{"type":"Feature","geometry":{"type":"Point","coordinates":[22.984514,40.548363]},"properties":{"line":"60E","mode":"bus","color":"#0059a9","colorDark":"#00294f","band":2,"off":[6,1.1]}},{"type":"Feature","geometry":{"type":"Point","coordinates":[22.984514,40.548363]},"properties":{"line":"67","mode":"bus","color":"#0059a9","colorDark":"#00294f","band":2,"off":[-6,2.6]}},{"type":"Feature","geometry":{"type":"Point","coordinates":[22.984514,40.548363]},"properties":{"line":"67A","mode":"bus","color":"#0059a9","colorDark":"#00294f","band":2,"off":[-3,2.6]}},{"type":"Feature","geometry":{"type":"Point","coordinates":[22.984514,40.548363]},"properties":{"line":"67B","mode":"bus","color":"#0059a9","colorDark":"#00294f","band":2,"off":[0,2.6]}},{"type":"Feature","geometry":{"type":"Point","coordinates":[22.984514,40.548363]},"properties":{"line":"68A","mode":"bus","color":"#0059a9","colorDark":"#00294f","band":2,"off":[3,2.6]}},{"type":"Feature","geometry":{"type":"Point","coordinates":[22.984514,40.548363]},"properties":{"line":"68B","mode":"bus","color":"#0059a9","colorDark":"#00294f","band":2,"off":[6,2.6]}},{"type":"Feature","geometry":{"type":"Point","coordinates":[22.984514,40.548363]},"properties":{"line":"69A","mode":"bus","color":"#0059a9","colorDark":"#00294f","band":2,"off":[-6,4.1]}},{"type":"Feature","geometry":{"type":"Point","coordinates":[22.984514,40.548363]},"properties":{"line":"69B","mode":"bus","color":"#0059a9","colorDark":"#00294f","band":2,"off":[-3,4.1]}},{"type":"Feature","geometry":{"type":"Point","coordinates":[22.984514,40.548363]},"properties":{"line":"69H","mode":"bus","color":"#0059a9","colorDark":"#00294f","band":2,"off":[0,4.1]}},{"type":"Feature","geometry":{"type":"Point","coordinates":[22.984514,40.548363]},"properties":{"line":"69N","mode":"bus","color":"#0059a9","colorDark":"#00294f","band":2,"off":[3,4.1]}},{"type":"Feature","geometry":{"type":"Point","coordinates":[22.984514,40.548363]},"properties":{"line":"72","mode":"bus","color":"#0059a9","colorDark":"#00294f","band":2,"off":[6,4.1]}},{"type":"Feature","geometry":{"type":"Point","coordinates":[22.984514,40.548363]},"properties":{"line":"72A","mode":"bus","color":"#0059a9","colorDark":"#00294f","band":2,"off":[-6,5.6]}},{"type":"Feature","geometry":{"type":"Point","coordinates":[22.984514,40.548363]},"properties":{"line":"72B","mode":"bus","color":"#0059a9","colorDark":"#00294f","band":2,"off":[-3,5.6]}},{"type":"Feature","geometry":{"type":"Point","coordinates":[22.984514,40.548363]},"properties":{"line":"72E","mode":"bus","color":"#0059a9","colorDark":"#00294f","band":2,"off":[0,5.6]}},{"type":"Feature","geometry":{"type":"Point","coordinates":[22.984514,40.548363]},"properties":{"line":"76","mode":"bus","color":"#0059a9","colorDark":"#00294f","band":2,"off":[3,5.6]}},{"type":"Feature","geometry":{"type":"Point","coordinates":[22.984514,40.548363]},"properties":{"line":"79A","mode":"bus","color":"#0059a9","colorDark":"#00294f","band":2,"off":[6,5.6]}},{"type":"Feature","geometry":{"type":"Point","coordinates":[22.984514,40.548363]},"properties":{"line":"79B","mode":"bus","color":"#0059a9","colorDark":"#00294f","band":2,"off":[-6,7.1]}},{"type":"Feature","geometry":{"type":"Point","coordinates":[22.984514,40.548363]},"properties":{"line":"79K","mode":"bus","color":"#0059a9","colorDark":"#00294f","band":2,"off":[-3,7.1]}},{"type":"Feature","geometry":{"type":"Point","coordinates":[22.984514,40.548363]},"properties":{"line":"79X","mode":"bus","color":"#0059a9","colorDark":"#00294f","band":2,"off":[0,7.1]}},{"type":"Feature","geometry":{"type":"Point","coordinates":[22.984514,40.548363]},"properties":{"line":"87A","mode":"bus","color":"#0059a9","colorDark":"#00294f","band":2,"off":[3,7.1]}},{"type":"Feature","geometry":{"type":"Point","coordinates":[22.984514,40.548363]},"properties":{"line":"87B","mode":"bus","color":"#0059a9","colorDark":"#00294f","band":2,"off":[6,7.1]}},{"type":"Feature","geometry":{"type":"Point","coordinates":[22.984514,40.548363]},"properties":{"line":"87E","mode":"bus","color":"#0059a9","colorDark":"#00294f","band":2,"off":[-6,8.6]}},{"type":"Feature","geometry":{"type":"Point","coordinates":[22.984514,40.548363]},"properties":{"line":"87F","mode":"bus","color":"#0059a9","colorDark":"#00294f","band":2,"off":[-3,8.6]}},{"type":"Feature","geometry":{"type":"Point","coordinates":[22.984514,40.548363]},"properties":{"line":"87H","mode":"bus","color":"#0059a9","colorDark":"#00294f","band":2,"off":[0,8.6]}},{"type":"Feature","geometry":{"type":"Point","coordinates":[22.984514,40.548363]},"properties":{"line":"87L","mode":"bus","color":"#0059a9","colorDark":"#00294f","band":2,"off":[3,8.6]}},{"type":"Feature","geometry":{"type":"Point","coordinates":[22.984514,40.548363]},"properties":{"line":"87M","mode":"bus","color":"#0059a9","colorDark":"#00294f","band":2,"off":[6,8.6]}},{"type":"Feature","geometry":{"type":"Point","coordinates":[22.984514,40.548363]},"properties":{"line":"87N","mode":"bus","color":"#0059a9","colorDark":"#00294f","band":2,"off":[-6,10.1]}},{"type":"Feature","geometry":{"type":"Point","coordinates":[22.984514,40.548363]},"properties":{"line":"87P","mode":"bus","color":"#0059a9","colorDark":"#00294f","band":2,"off":[-3,10.1]}},{"type":"Feature","geometry":{"type":"Point","coordinates":[22.984514,40.548363]},"properties":{"line":"87Q","mode":"bus","color":"#0059a9","colorDark":"#00294f","band":2,"off":[0,10.1]}},{"type":"Feature","geometry":{"type":"Point","coordinates":[22.984514,40.548363]},"properties":{"line":"87R","mode":"bus","color":"#0059a9","colorDark":"#00294f","band":2,"off":[3,10.1]}},{"type":"Feature","geometry":{"type":"Point","coordinates":[22.984514,40.548363]},"properties":{"line":"87T","mode":"bus","color":"#0059a9","colorDark":"#00294f","band":2,"off":[6,10.1]}},{"type":"Feature","geometry":{"type":"Point","coordinates":[22.984514,40.548363]},"properties":{"line":"88","mode":"bus","color":"#0059a9","colorDark":"#00294f","band":2,"off":[-6,11.6]}},{"type":"Feature","geometry":{"type":"Point","coordinates":[22.984514,40.548363]},"properties":{"line":"88A","mode":"bus","color":"#0059a9","colorDark":"#00294f","band":2,"off":[-3,11.6]}},{"type":"Feature","geometry":{"type":"Point","coordinates":[22.984514,40.548363]},"properties":{"line":"88B","mode":"bus","color":"#0059a9","colorDark":"#00294f","band":2,"off":[0,11.6]}},{"type":"Feature","geometry":{"type":"Point","coordinates":[22.984514,40.548363]},"properties":{"line":"88E","mode":"bus","color":"#0059a9","colorDark":"#00294f","band":2,"off":[3,11.6]}},{"type":"Feature","geometry":{"type":"Point","coordinates":[22.984514,40.548363]},"properties":{"line":"88H","mode":"bus","color":"#0059a9","colorDark":"#00294f","band":2,"off":[6,11.6]}},{"type":"Feature","geometry":{"type":"Point","coordinates":[22.984514,40.548363]},"properties":{"line":"88K","mode":"bus","color":"#0059a9","colorDark":"#00294f","band":2,"off":[-3,13.1]}},{"type":"Feature","geometry":{"type":"Point","coordinates":[22.984514,40.548363]},"properties":{"line":"88M","mode":"bus","color":"#0059a9","colorDark":"#00294f","band":2,"off":[0,13.1]}},{"type":"Feature","geometry":{"type":"Point","coordinates":[22.984514,40.548363]},"properties":{"line":"88N","mode":"bus","color":"#0059a9","colorDark":"#00294f","band":2,"off":[3,13.1]}},{"type":"Feature","geometry":{"type":"Point","coordinates":[22.96916,40.593208]},"properties":{"line":"02X","mode":"bus","color":"#0059a9","colorDark":"#00294f","band":2,"off":[-6,1.1]}},{"type":"Feature","geometry":{"type":"Point","coordinates":[22.96916,40.593208]},"properties":{"line":"04A","mode":"bus","color":"#0059a9","colorDark":"#00294f","band":2,"off":[-3,1.1]}},{"type":"Feature","geometry":{"type":"Point","coordinates":[22.96916,40.593208]},"properties":{"line":"04B","mode":"bus","color":"#0059a9","colorDark":"#00294f","band":2,"off":[0,1.1]}},{"type":"Feature","geometry":{"type":"Point","coordinates":[22.96916,40.593208]},"properties":{"line":"10","mode":"bus","color":"#0059a9","colorDark":"#00294f","band":2,"off":[3,1.1]}},{"type":"Feature","geometry":{"type":"Point","coordinates":[22.96916,40.593208]},"properties":{"line":"11T","mode":"bus","color":"#0059a9","colorDark":"#00294f","band":2,"off":[6,1.1]}},{"type":"Feature","geometry":{"type":"Point","coordinates":[22.96916,40.593208]},"properties":{"line":"36","mode":"bus","color":"#0059a9","colorDark":"#00294f","band":2,"off":[-6,2.6]}},{"type":"Feature","geometry":{"type":"Point","coordinates":[22.96916,40.593208]},"properties":{"line":"36A","mode":"bus","color":"#0059a9","colorDark":"#00294f","band":2,"off":[-3,2.6]}},{"type":"Feature","geometry":{"type":"Point","coordinates":[22.96916,40.593208]},"properties":{"line":"36B","mode":"bus","color":"#0059a9","colorDark":"#00294f","band":2,"off":[0,2.6]}},{"type":"Feature","geometry":{"type":"Point","coordinates":[22.96916,40.593208]},"properties":{"line":"36E","mode":"bus","color":"#0059a9","colorDark":"#00294f","band":2,"off":[3,2.6]}},{"type":"Feature","geometry":{"type":"Point","coordinates":[22.96916,40.593208]},"properties":{"line":"36H","mode":"bus","color":"#0059a9","colorDark":"#00294f","band":2,"off":[6,2.6]}},{"type":"Feature","geometry":{"type":"Point","coordinates":[22.96916,40.593208]},"properties":{"line":"36K","mode":"bus","color":"#0059a9","colorDark":"#00294f","band":2,"off":[-6,4.1]}},{"type":"Feature","geometry":{"type":"Point","coordinates":[22.96916,40.593208]},"properties":{"line":"36N","mode":"bus","color":"#0059a9","colorDark":"#00294f","band":2,"off":[-3,4.1]}},{"type":"Feature","geometry":{"type":"Point","coordinates":[22.96916,40.593208]},"properties":{"line":"36P","mode":"bus","color":"#0059a9","colorDark":"#00294f","band":2,"off":[0,4.1]}},{"type":"Feature","geometry":{"type":"Point","coordinates":[22.96916,40.593208]},"properties":{"line":"36T","mode":"bus","color":"#0059a9","colorDark":"#00294f","band":2,"off":[3,4.1]}},{"type":"Feature","geometry":{"type":"Point","coordinates":[22.96916,40.593208]},"properties":{"line":"36Y","mode":"bus","color":"#0059a9","colorDark":"#00294f","band":2,"off":[6,4.1]}},{"type":"Feature","geometry":{"type":"Point","coordinates":[22.96916,40.593208]},"properties":{"line":"36Z","mode":"bus","color":"#0059a9","colorDark":"#00294f","band":2,"off":[-6,5.6]}},{"type":"Feature","geometry":{"type":"Point","coordinates":[22.96916,40.593208]},"properties":{"line":"58Μ","mode":"bus","color":"#0059a9","colorDark":"#00294f","band":2,"off":[-3,5.6]}},{"type":"Feature","geometry":{"type":"Point","coordinates":[22.96916,40.593208]},"properties":{"line":"66","mode":"bus","color":"#0059a9","colorDark":"#00294f","band":2,"off":[0,5.6]}},{"type":"Feature","geometry":{"type":"Point","coordinates":[22.96916,40.593208]},"properties":{"line":"79X","mode":"bus","color":"#0059a9","colorDark":"#00294f","band":2,"off":[3,5.6]}},{"type":"Feature","geometry":{"type":"Point","coordinates":[22.96916,40.593208]},"properties":{"line":"M1","mode":"tram","color":"#e30613","colorDark":"#7c060e","band":2,"off":[6,5.6]}},{"type":"Feature","geometry":{"type":"Point","coordinates":[22.927371,40.645497]},"properties":{"line":"03K","mode":"bus","color":"#0059a9","colorDark":"#00294f","band":2,"off":[-6,1.1]}},{"type":"Feature","geometry":{"type":"Point","coordinates":[22.927371,40.645497]},"properties":{"line":"10","mode":"bus","color":"#0059a9","colorDark":"#00294f","band":2,"off":[-3,1.1]}},{"type":"Feature","geometry":{"type":"Point","coordinates":[22.927371,40.645497]},"properties":{"line":"14","mode":"bus","color":"#0059a9","colorDark":"#00294f","band":2,"off":[0,1.1]}},{"type":"Feature","geometry":{"type":"Point","coordinates":[22.927371,40.645497]},"properties":{"line":"14A","mode":"bus","color":"#0059a9","colorDark":"#00294f","band":2,"off":[3,1.1]}},{"type":"Feature","geometry":{"type":"Point","coordinates":[22.927371,40.645497]},"properties":{"line":"52","mode":"bus","color":"#0059a9","colorDark":"#00294f","band":2,"off":[6,1.1]}},{"type":"Feature","geometry":{"type":"Point","coordinates":[22.968197,40.565901]},"properties":{"line":"04A","mode":"bus","color":"#0059a9","colorDark":"#00294f","band":2,"off":[-6,1.1]}},{"type":"Feature","geometry":{"type":"Point","coordinates":[22.968197,40.565901]},"properties":{"line":"04B","mode":"bus","color":"#0059a9","colorDark":"#00294f","band":2,"off":[-3,1.1]}},{"type":"Feature","geometry":{"type":"Point","coordinates":[22.968197,40.565901]},"properties":{"line":"05","mode":"bus","color":"#0059a9","colorDark":"#00294f","band":2,"off":[0,1.1]}},{"type":"Feature","geometry":{"type":"Point","coordinates":[22.968197,40.565901]},"properties":{"line":"05A","mode":"bus","color":"#0059a9","colorDark":"#00294f","band":2,"off":[3,1.1]}},{"type":"Feature","geometry":{"type":"Point","coordinates":[22.968197,40.565901]},"properties":{"line":"05B","mode":"bus","color":"#0059a9","colorDark":"#00294f","band":2,"off":[6,1.1]}},{"type":"Feature","geometry":{"type":"Point","coordinates":[22.968197,40.565901]},"properties":{"line":"06","mode":"bus","color":"#0059a9","colorDark":"#00294f","band":2,"off":[-1.5,2.6]}},{"type":"Feature","geometry":{"type":"Point","coordinates":[22.968197,40.565901]},"properties":{"line":"07","mode":"bus","color":"#0059a9","colorDark":"#00294f","band":2,"off":[1.5,2.6]}},{"type":"Feature","geometry":{"type":"Point","coordinates":[22.938522,40.63401]},"properties":{"line":"05","mode":"bus","color":"#0059a9","colorDark":"#00294f","band":2,"off":[-6,1.1]}},{"type":"Feature","geometry":{"type":"Point","coordinates":[22.938522,40.63401]},"properties":{"line":"05A","mode":"bus","color":"#0059a9","colorDark":"#00294f","band":2,"off":[-3,1.1]}},{"type":"Feature","geometry":{"type":"Point","coordinates":[22.938522,40.63401]},"properties":{"line":"05B","mode":"bus","color":"#0059a9","colorDark":"#00294f","band":2,"off":[0,1.1]}},{"type":"Feature","geometry":{"type":"Point","coordinates":[22.938522,40.63401]},"properties":{"line":"06","mode":"bus","color":"#0059a9","colorDark":"#00294f","band":2,"off":[3,1.1]}},{"type":"Feature","geometry":{"type":"Point","coordinates":[22.938522,40.63401]},"properties":{"line":"24","mode":"bus","color":"#0059a9","colorDark":"#00294f","band":2,"off":[6,1.1]}},{"type":"Feature","geometry":{"type":"Point","coordinates":[22.938522,40.63401]},"properties":{"line":"33","mode":"bus","color":"#0059a9","colorDark":"#00294f","band":2,"off":[-3,2.6]}},{"type":"Feature","geometry":{"type":"Point","coordinates":[22.938522,40.63401]},"properties":{"line":"33A","mode":"bus","color":"#0059a9","colorDark":"#00294f","band":2,"off":[0,2.6]}},{"type":"Feature","geometry":{"type":"Point","coordinates":[22.938522,40.63401]},"properties":{"line":"33B","mode":"bus","color":"#0059a9","colorDark":"#00294f","band":2,"off":[3,2.6]}},{"type":"Feature","geometry":{"type":"Point","coordinates":[22.954208,40.630554]},"properties":{"line":"07","mode":"bus","color":"#0059a9","colorDark":"#00294f","band":2,"off":[-6,1.1]}},{"type":"Feature","geometry":{"type":"Point","coordinates":[22.954208,40.630554]},"properties":{"line":"11","mode":"bus","color":"#0059a9","colorDark":"#00294f","band":2,"off":[-3,1.1]}},{"type":"Feature","geometry":{"type":"Point","coordinates":[22.954208,40.630554]},"properties":{"line":"11B","mode":"bus","color":"#0059a9","colorDark":"#00294f","band":2,"off":[0,1.1]}},{"type":"Feature","geometry":{"type":"Point","coordinates":[22.954208,40.630554]},"properties":{"line":"11E","mode":"bus","color":"#0059a9","colorDark":"#00294f","band":2,"off":[3,1.1]}},{"type":"Feature","geometry":{"type":"Point","coordinates":[22.954208,40.630554]},"properties":{"line":"11M","mode":"bus","color":"#0059a9","colorDark":"#00294f","band":2,"off":[6,1.1]}},{"type":"Feature","geometry":{"type":"Point","coordinates":[22.928805,40.644673]},"properties":{"line":"09","mode":"bus","color":"#0059a9","colorDark":"#00294f","band":2,"off":[-6,1.1]}},{"type":"Feature","geometry":{"type":"Point","coordinates":[22.928805,40.644673]},"properties":{"line":"19","mode":"bus","color":"#0059a9","colorDark":"#00294f","band":2,"off":[-3,1.1]}},{"type":"Feature","geometry":{"type":"Point","coordinates":[22.928805,40.644673]},"properties":{"line":"19A","mode":"bus","color":"#0059a9","colorDark":"#00294f","band":2,"off":[0,1.1]}},{"type":"Feature","geometry":{"type":"Point","coordinates":[22.928805,40.644673]},"properties":{"line":"23","mode":"bus","color":"#0059a9","colorDark":"#00294f","band":2,"off":[3,1.1]}},{"type":"Feature","geometry":{"type":"Point","coordinates":[22.928805,40.644673]},"properties":{"line":"35","mode":"bus","color":"#0059a9","colorDark":"#00294f","band":2,"off":[6,1.1]}},{"type":"Feature","geometry":{"type":"Point","coordinates":[22.928805,40.644673]},"properties":{"line":"37","mode":"bus","color":"#0059a9","colorDark":"#00294f","band":2,"off":[-6,2.6]}},{"type":"Feature","geometry":{"type":"Point","coordinates":[22.928805,40.644673]},"properties":{"line":"40","mode":"bus","color":"#0059a9","colorDark":"#00294f","band":2,"off":[-3,2.6]}},{"type":"Feature","geometry":{"type":"Point","coordinates":[22.928805,40.644673]},"properties":{"line":"40A","mode":"bus","color":"#0059a9","colorDark":"#00294f","band":2,"off":[0,2.6]}},{"type":"Feature","geometry":{"type":"Point","coordinates":[22.928805,40.644673]},"properties":{"line":"40K","mode":"bus","color":"#0059a9","colorDark":"#00294f","band":2,"off":[3,2.6]}},{"type":"Feature","geometry":{"type":"Point","coordinates":[22.928805,40.644673]},"properties":{"line":"51","mode":"bus","color":"#0059a9","colorDark":"#00294f","band":2,"off":[6,2.6]}},{"type":"Feature","geometry":{"type":"Point","coordinates":[22.928805,40.644673]},"properties":{"line":"51B","mode":"bus","color":"#0059a9","colorDark":"#00294f","band":2,"off":[-6,4.1]}},{"type":"Feature","geometry":{"type":"Point","coordinates":[22.928805,40.644673]},"properties":{"line":"54","mode":"bus","color":"#0059a9","colorDark":"#00294f","band":2,"off":[-3,4.1]}},{"type":"Feature","geometry":{"type":"Point","coordinates":[22.928805,40.644673]},"properties":{"line":"54A","mode":"bus","color":"#0059a9","colorDark":"#00294f","band":2,"off":[0,4.1]}},{"type":"Feature","geometry":{"type":"Point","coordinates":[22.928805,40.644673]},"properties":{"line":"55X","mode":"bus","color":"#0059a9","colorDark":"#00294f","band":2,"off":[3,4.1]}},{"type":"Feature","geometry":{"type":"Point","coordinates":[22.928805,40.644673]},"properties":{"line":"55Y","mode":"bus","color":"#0059a9","colorDark":"#00294f","band":2,"off":[6,4.1]}},{"type":"Feature","geometry":{"type":"Point","coordinates":[22.928805,40.644673]},"properties":{"line":"56","mode":"bus","color":"#0059a9","colorDark":"#00294f","band":2,"off":[-6,5.6]}},{"type":"Feature","geometry":{"type":"Point","coordinates":[22.928805,40.644673]},"properties":{"line":"64","mode":"bus","color":"#0059a9","colorDark":"#00294f","band":2,"off":[-3,5.6]}},{"type":"Feature","geometry":{"type":"Point","coordinates":[22.928805,40.644673]},"properties":{"line":"64A","mode":"bus","color":"#0059a9","colorDark":"#00294f","band":2,"off":[0,5.6]}},{"type":"Feature","geometry":{"type":"Point","coordinates":[22.928805,40.644673]},"properties":{"line":"64B","mode":"bus","color":"#0059a9","colorDark":"#00294f","band":2,"off":[3,5.6]}},{"type":"Feature","geometry":{"type":"Point","coordinates":[22.928805,40.644673]},"properties":{"line":"70","mode":"bus","color":"#0059a9","colorDark":"#00294f","band":2,"off":[6,5.6]}},{"type":"Feature","geometry":{"type":"Point","coordinates":[22.928805,40.644673]},"properties":{"line":"70A","mode":"bus","color":"#0059a9","colorDark":"#00294f","band":2,"off":[-6,7.1]}},{"type":"Feature","geometry":{"type":"Point","coordinates":[22.928805,40.644673]},"properties":{"line":"71","mode":"bus","color":"#0059a9","colorDark":"#00294f","band":2,"off":[-3,7.1]}},{"type":"Feature","geometry":{"type":"Point","coordinates":[22.928805,40.644673]},"properties":{"line":"71A","mode":"bus","color":"#0059a9","colorDark":"#00294f","band":2,"off":[0,7.1]}},{"type":"Feature","geometry":{"type":"Point","coordinates":[22.928805,40.644673]},"properties":{"line":"84A","mode":"bus","color":"#0059a9","colorDark":"#00294f","band":2,"off":[3,7.1]}},{"type":"Feature","geometry":{"type":"Point","coordinates":[22.928805,40.644673]},"properties":{"line":"84B","mode":"bus","color":"#0059a9","colorDark":"#00294f","band":2,"off":[6,7.1]}},{"type":"Feature","geometry":{"type":"Point","coordinates":[22.928805,40.644673]},"properties":{"line":"M1","mode":"tram","color":"#e30613","colorDark":"#7c060e","band":2,"off":[0,8.6]}},{"type":"Feature","geometry":{"type":"Point","coordinates":[22.985812,40.594251]},"properties":{"line":"11","mode":"bus","color":"#0059a9","colorDark":"#00294f","band":2,"off":[-6,1.1]}},{"type":"Feature","geometry":{"type":"Point","coordinates":[22.985812,40.594251]},"properties":{"line":"11B","mode":"bus","color":"#0059a9","colorDark":"#00294f","band":2,"off":[-3,1.1]}},{"type":"Feature","geometry":{"type":"Point","coordinates":[22.985812,40.594251]},"properties":{"line":"11E","mode":"bus","color":"#0059a9","colorDark":"#00294f","band":2,"off":[0,1.1]}},{"type":"Feature","geometry":{"type":"Point","coordinates":[22.985812,40.594251]},"properties":{"line":"11M","mode":"bus","color":"#0059a9","colorDark":"#00294f","band":2,"off":[3,1.1]}},{"type":"Feature","geometry":{"type":"Point","coordinates":[22.985812,40.594251]},"properties":{"line":"11T","mode":"bus","color":"#0059a9","colorDark":"#00294f","band":2,"off":[6,1.1]}},{"type":"Feature","geometry":{"type":"Point","coordinates":[22.981718,40.60733]},"properties":{"line":"12","mode":"bus","color":"#0059a9","colorDark":"#00294f","band":2,"off":[0,1.1]}},{"type":"Feature","geometry":{"type":"Point","coordinates":[22.993713,40.610871]},"properties":{"line":"14","mode":"bus","color":"#0059a9","colorDark":"#00294f","band":2,"off":[-1.5,1.1]}},{"type":"Feature","geometry":{"type":"Point","coordinates":[22.993713,40.610871]},"properties":{"line":"14A","mode":"bus","color":"#0059a9","colorDark":"#00294f","band":2,"off":[1.5,1.1]}},{"type":"Feature","geometry":{"type":"Point","coordinates":[22.966699,40.6272]},"properties":{"line":"15","mode":"bus","color":"#0059a9","colorDark":"#00294f","band":2,"off":[-1.5,1.1]}},{"type":"Feature","geometry":{"type":"Point","coordinates":[22.966699,40.6272]},"properties":{"line":"16","mode":"bus","color":"#0059a9","colorDark":"#00294f","band":2,"off":[1.5,1.1]}},{"type":"Feature","geometry":{"type":"Point","coordinates":[22.975679,40.625349]},"properties":{"line":"17","mode":"bus","color":"#0059a9","colorDark":"#00294f","band":2,"off":[-3,1.1]}},{"type":"Feature","geometry":{"type":"Point","coordinates":[22.975679,40.625349]},"properties":{"line":"30","mode":"bus","color":"#0059a9","colorDark":"#00294f","band":2,"off":[0,1.1]}},{"type":"Feature","geometry":{"type":"Point","coordinates":[22.975679,40.625349]},"properties":{"line":"36X","mode":"bus","color":"#0059a9","colorDark":"#00294f","band":2,"off":[3,1.1]}},{"type":"Feature","geometry":{"type":"Point","coordinates":[22.940853,40.636386]},"properties":{"line":"17","mode":"bus","color":"#0059a9","colorDark":"#00294f","band":2,"off":[-6,1.1]}},{"type":"Feature","geometry":{"type":"Point","coordinates":[22.940853,40.636386]},"properties":{"line":"20","mode":"bus","color":"#0059a9","colorDark":"#00294f","band":2,"off":[-3,1.1]}},{"type":"Feature","geometry":{"type":"Point","coordinates":[22.940853,40.636386]},"properties":{"line":"21","mode":"bus","color":"#0059a9","colorDark":"#00294f","band":2,"off":[0,1.1]}},{"type":"Feature","geometry":{"type":"Point","coordinates":[22.940853,40.636386]},"properties":{"line":"23","mode":"bus","color":"#0059a9","colorDark":"#00294f","band":2,"off":[3,1.1]}},{"type":"Feature","geometry":{"type":"Point","coordinates":[22.940853,40.636386]},"properties":{"line":"24","mode":"bus","color":"#0059a9","colorDark":"#00294f","band":2,"off":[6,1.1]}},{"type":"Feature","geometry":{"type":"Point","coordinates":[22.940853,40.636386]},"properties":{"line":"57","mode":"bus","color":"#0059a9","colorDark":"#00294f","band":2,"off":[-1.5,2.6]}},{"type":"Feature","geometry":{"type":"Point","coordinates":[22.940853,40.636386]},"properties":{"line":"58","mode":"bus","color":"#0059a9","colorDark":"#00294f","band":2,"off":[1.5,2.6]}},{"type":"Feature","geometry":{"type":"Point","coordinates":[22.902385,40.662613]},"properties":{"line":"18","mode":"bus","color":"#0059a9","colorDark":"#00294f","band":2,"off":[-6,1.1]}},{"type":"Feature","geometry":{"type":"Point","coordinates":[22.902385,40.662613]},"properties":{"line":"20","mode":"bus","color":"#0059a9","colorDark":"#00294f","band":2,"off":[-3,1.1]}},{"type":"Feature","geometry":{"type":"Point","coordinates":[22.902385,40.662613]},"properties":{"line":"42","mode":"bus","color":"#0059a9","colorDark":"#00294f","band":2,"off":[0,1.1]}},{"type":"Feature","geometry":{"type":"Point","coordinates":[22.902385,40.662613]},"properties":{"line":"42A","mode":"bus","color":"#0059a9","colorDark":"#00294f","band":2,"off":[3,1.1]}},{"type":"Feature","geometry":{"type":"Point","coordinates":[22.902385,40.662613]},"properties":{"line":"42B","mode":"bus","color":"#0059a9","colorDark":"#00294f","band":2,"off":[6,1.1]}},{"type":"Feature","geometry":{"type":"Point","coordinates":[22.961595,40.645198]},"properties":{"line":"18","mode":"bus","color":"#0059a9","colorDark":"#00294f","band":2,"off":[0,1.1]}},{"type":"Feature","geometry":{"type":"Point","coordinates":[22.894745,40.666695]},"properties":{"line":"19","mode":"bus","color":"#0059a9","colorDark":"#00294f","band":2,"off":[-1.5,1.1]}},{"type":"Feature","geometry":{"type":"Point","coordinates":[22.894745,40.666695]},"properties":{"line":"19A","mode":"bus","color":"#0059a9","colorDark":"#00294f","band":2,"off":[1.5,1.1]}},{"type":"Feature","geometry":{"type":"Point","coordinates":[22.909946,40.677376]},"properties":{"line":"21","mode":"bus","color":"#0059a9","colorDark":"#00294f","band":2,"off":[-6,1.1]}},{"type":"Feature","geometry":{"type":"Point","coordinates":[22.909946,40.677376]},"properties":{"line":"32","mode":"bus","color":"#0059a9","colorDark":"#00294f","band":2,"off":[-3,1.1]}},{"type":"Feature","geometry":{"type":"Point","coordinates":[22.909946,40.677376]},"properties":{"line":"32A","mode":"bus","color":"#0059a9","colorDark":"#00294f","band":2,"off":[0,1.1]}},{"type":"Feature","geometry":{"type":"Point","coordinates":[22.909946,40.677376]},"properties":{"line":"32N","mode":"bus","color":"#0059a9","colorDark":"#00294f","band":2,"off":[3,1.1]}},{"type":"Feature","geometry":{"type":"Point","coordinates":[22.909946,40.677376]},"properties":{"line":"43","mode":"bus","color":"#0059a9","colorDark":"#00294f","band":2,"off":[6,1.1]}},{"type":"Feature","geometry":{"type":"Point","coordinates":[22.909946,40.677376]},"properties":{"line":"43Y","mode":"bus","color":"#0059a9","colorDark":"#00294f","band":2,"off":[0,2.6]}},{"type":"Feature","geometry":{"type":"Point","coordinates":[22.945446,40.637278]},"properties":{"line":"22","mode":"bus","color":"#0059a9","colorDark":"#00294f","band":2,"off":[0,1.1]}},{"type":"Feature","geometry":{"type":"Point","coordinates":[22.957316,40.651671]},"properties":{"line":"23","mode":"bus","color":"#0059a9","colorDark":"#00294f","band":2,"off":[0,1.1]}},{"type":"Feature","geometry":{"type":"Point","coordinates":[22.96797,40.63587]},"properties":{"line":"24","mode":"bus","color":"#0059a9","colorDark":"#00294f","band":2,"off":[0,1.1]}},{"type":"Feature","geometry":{"type":"Point","coordinates":[22.964856,40.657615]},"properties":{"line":"25","mode":"bus","color":"#0059a9","colorDark":"#00294f","band":2,"off":[-3,1.1]}},{"type":"Feature","geometry":{"type":"Point","coordinates":[22.964856,40.657615]},"properties":{"line":"59","mode":"bus","color":"#0059a9","colorDark":"#00294f","band":2,"off":[0,1.1]}},{"type":"Feature","geometry":{"type":"Point","coordinates":[22.964856,40.657615]},"properties":{"line":"59K","mode":"bus","color":"#0059a9","colorDark":"#00294f","band":2,"off":[3,1.1]}},{"type":"Feature","geometry":{"type":"Point","coordinates":[22.939215,40.634379]},"properties":{"line":"25","mode":"bus","color":"#0059a9","colorDark":"#00294f","band":2,"off":[-1.5,1.1]}},{"type":"Feature","geometry":{"type":"Point","coordinates":[22.939215,40.634379]},"properties":{"line":"26","mode":"bus","color":"#0059a9","colorDark":"#00294f","band":2,"off":[1.5,1.1]}},{"type":"Feature","geometry":{"type":"Point","coordinates":[22.942378,40.646786]},"properties":{"line":"26","mode":"bus","color":"#0059a9","colorDark":"#00294f","band":2,"off":[0,1.1]}},{"type":"Feature","geometry":{"type":"Point","coordinates":[22.936058,40.69152]},"properties":{"line":"27","mode":"bus","color":"#0059a9","colorDark":"#00294f","band":2,"off":[-6,1.1]}},{"type":"Feature","geometry":{"type":"Point","coordinates":[22.936058,40.69152]},"properties":{"line":"43","mode":"bus","color":"#0059a9","colorDark":"#00294f","band":2,"off":[-3,1.1]}},{"type":"Feature","geometry":{"type":"Point","coordinates":[22.936058,40.69152]},"properties":{"line":"55","mode":"bus","color":"#0059a9","colorDark":"#00294f","band":2,"off":[0,1.1]}},{"type":"Feature","geometry":{"type":"Point","coordinates":[22.936058,40.69152]},"properties":{"line":"55B","mode":"bus","color":"#0059a9","colorDark":"#00294f","band":2,"off":[3,1.1]}},{"type":"Feature","geometry":{"type":"Point","coordinates":[22.936058,40.69152]},"properties":{"line":"55E","mode":"bus","color":"#0059a9","colorDark":"#00294f","band":2,"off":[6,1.1]}},{"type":"Feature","geometry":{"type":"Point","coordinates":[22.936058,40.69152]},"properties":{"line":"55K","mode":"bus","color":"#0059a9","colorDark":"#00294f","band":2,"off":[-6,2.6]}},{"type":"Feature","geometry":{"type":"Point","coordinates":[22.936058,40.69152]},"properties":{"line":"55M","mode":"bus","color":"#0059a9","colorDark":"#00294f","band":2,"off":[-3,2.6]}},{"type":"Feature","geometry":{"type":"Point","coordinates":[22.936058,40.69152]},"properties":{"line":"55N","mode":"bus","color":"#0059a9","colorDark":"#00294f","band":2,"off":[0,2.6]}},{"type":"Feature","geometry":{"type":"Point","coordinates":[22.936058,40.69152]},"properties":{"line":"55P","mode":"bus","color":"#0059a9","colorDark":"#00294f","band":2,"off":[3,2.6]}},{"type":"Feature","geometry":{"type":"Point","coordinates":[22.936058,40.69152]},"properties":{"line":"55X","mode":"bus","color":"#0059a9","colorDark":"#00294f","band":2,"off":[6,2.6]}},{"type":"Feature","geometry":{"type":"Point","coordinates":[22.936058,40.69152]},"properties":{"line":"55Y","mode":"bus","color":"#0059a9","colorDark":"#00294f","band":2,"off":[-6,4.1]}},{"type":"Feature","geometry":{"type":"Point","coordinates":[22.936058,40.69152]},"properties":{"line":"83N","mode":"bus","color":"#0059a9","colorDark":"#00294f","band":2,"off":[-3,4.1]}},{"type":"Feature","geometry":{"type":"Point","coordinates":[22.936058,40.69152]},"properties":{"line":"85","mode":"bus","color":"#0059a9","colorDark":"#00294f","band":2,"off":[0,4.1]}},{"type":"Feature","geometry":{"type":"Point","coordinates":[22.936058,40.69152]},"properties":{"line":"85A","mode":"bus","color":"#0059a9","colorDark":"#00294f","band":2,"off":[3,4.1]}},{"type":"Feature","geometry":{"type":"Point","coordinates":[22.936058,40.69152]},"properties":{"line":"85B","mode":"bus","color":"#0059a9","colorDark":"#00294f","band":2,"off":[6,4.1]}},{"type":"Feature","geometry":{"type":"Point","coordinates":[22.936058,40.69152]},"properties":{"line":"85K","mode":"bus","color":"#0059a9","colorDark":"#00294f","band":2,"off":[-6,5.6]}},{"type":"Feature","geometry":{"type":"Point","coordinates":[22.936058,40.69152]},"properties":{"line":"85M","mode":"bus","color":"#0059a9","colorDark":"#00294f","band":2,"off":[-3,5.6]}},{"type":"Feature","geometry":{"type":"Point","coordinates":[22.936058,40.69152]},"properties":{"line":"85N","mode":"bus","color":"#0059a9","colorDark":"#00294f","band":2,"off":[0,5.6]}},{"type":"Feature","geometry":{"type":"Point","coordinates":[22.936058,40.69152]},"properties":{"line":"85T","mode":"bus","color":"#0059a9","colorDark":"#00294f","band":2,"off":[3,5.6]}},{"type":"Feature","geometry":{"type":"Point","coordinates":[22.936058,40.69152]},"properties":{"line":"85X","mode":"bus","color":"#0059a9","colorDark":"#00294f","band":2,"off":[6,5.6]}},{"type":"Feature","geometry":{"type":"Point","coordinates":[22.936058,40.69152]},"properties":{"line":"85Z","mode":"bus","color":"#0059a9","colorDark":"#00294f","band":2,"off":[-6,7.1]}},{"type":"Feature","geometry":{"type":"Point","coordinates":[22.936058,40.69152]},"properties":{"line":"86","mode":"bus","color":"#0059a9","colorDark":"#00294f","band":2,"off":[-3,7.1]}},{"type":"Feature","geometry":{"type":"Point","coordinates":[22.936058,40.69152]},"properties":{"line":"86A","mode":"bus","color":"#0059a9","colorDark":"#00294f","band":2,"off":[0,7.1]}},{"type":"Feature","geometry":{"type":"Point","coordinates":[22.936058,40.69152]},"properties":{"line":"86B","mode":"bus","color":"#0059a9","colorDark":"#00294f","band":2,"off":[3,7.1]}},{"type":"Feature","geometry":{"type":"Point","coordinates":[22.936058,40.69152]},"properties":{"line":"86E","mode":"bus","color":"#0059a9","colorDark":"#00294f","band":2,"off":[6,7.1]}},{"type":"Feature","geometry":{"type":"Point","coordinates":[22.936058,40.69152]},"properties":{"line":"86K","mode":"bus","color":"#0059a9","colorDark":"#00294f","band":2,"off":[-6,8.6]}},{"type":"Feature","geometry":{"type":"Point","coordinates":[22.936058,40.69152]},"properties":{"line":"86M","mode":"bus","color":"#0059a9","colorDark":"#00294f","band":2,"off":[-3,8.6]}},{"type":"Feature","geometry":{"type":"Point","coordinates":[22.936058,40.69152]},"properties":{"line":"86N","mode":"bus","color":"#0059a9","colorDark":"#00294f","band":2,"off":[0,8.6]}},{"type":"Feature","geometry":{"type":"Point","coordinates":[22.936058,40.69152]},"properties":{"line":"86R","mode":"bus","color":"#0059a9","colorDark":"#00294f","band":2,"off":[3,8.6]}},{"type":"Feature","geometry":{"type":"Point","coordinates":[22.936058,40.69152]},"properties":{"line":"86T","mode":"bus","color":"#0059a9","colorDark":"#00294f","band":2,"off":[6,8.6]}},{"type":"Feature","geometry":{"type":"Point","coordinates":[22.958709,40.625886]},"properties":{"line":"27","mode":"bus","color":"#0059a9","colorDark":"#00294f","band":2,"off":[-6,1.1]}},{"type":"Feature","geometry":{"type":"Point","coordinates":[22.958709,40.625886]},"properties":{"line":"28","mode":"bus","color":"#0059a9","colorDark":"#00294f","band":2,"off":[-3,1.1]}},{"type":"Feature","geometry":{"type":"Point","coordinates":[22.958709,40.625886]},"properties":{"line":"83","mode":"bus","color":"#0059a9","colorDark":"#00294f","band":2,"off":[0,1.1]}},{"type":"Feature","geometry":{"type":"Point","coordinates":[22.958709,40.625886]},"properties":{"line":"83A","mode":"bus","color":"#0059a9","colorDark":"#00294f","band":2,"off":[3,1.1]}},{"type":"Feature","geometry":{"type":"Point","coordinates":[22.958709,40.625886]},"properties":{"line":"83B","mode":"bus","color":"#0059a9","colorDark":"#00294f","band":2,"off":[6,1.1]}},{"type":"Feature","geometry":{"type":"Point","coordinates":[22.958709,40.625886]},"properties":{"line":"83M","mode":"bus","color":"#0059a9","colorDark":"#00294f","band":2,"off":[-1.5,2.6]}},{"type":"Feature","geometry":{"type":"Point","coordinates":[22.958709,40.625886]},"properties":{"line":"83X","mode":"bus","color":"#0059a9","colorDark":"#00294f","band":2,"off":[1.5,2.6]}},{"type":"Feature","geometry":{"type":"Point","coordinates":[22.96563,40.662014]},"properties":{"line":"29","mode":"bus","color":"#0059a9","colorDark":"#00294f","band":2,"off":[-1.5,1.1]}},{"type":"Feature","geometry":{"type":"Point","coordinates":[22.96563,40.662014]},"properties":{"line":"29A","mode":"bus","color":"#0059a9","colorDark":"#00294f","band":2,"off":[1.5,1.1]}},{"type":"Feature","geometry":{"type":"Point","coordinates":[22.943602,40.63535]},"properties":{"line":"29","mode":"bus","color":"#0059a9","colorDark":"#00294f","band":2,"off":[-6,1.1]}},{"type":"Feature","geometry":{"type":"Point","coordinates":[22.943602,40.63535]},"properties":{"line":"29A","mode":"bus","color":"#0059a9","colorDark":"#00294f","band":2,"off":[-3,1.1]}},{"type":"Feature","geometry":{"type":"Point","coordinates":[22.943602,40.63535]},"properties":{"line":"32","mode":"bus","color":"#0059a9","colorDark":"#00294f","band":2,"off":[0,1.1]}},{"type":"Feature","geometry":{"type":"Point","coordinates":[22.943602,40.63535]},"properties":{"line":"32A","mode":"bus","color":"#0059a9","colorDark":"#00294f","band":2,"off":[3,1.1]}},{"type":"Feature","geometry":{"type":"Point","coordinates":[22.943602,40.63535]},"properties":{"line":"34","mode":"bus","color":"#0059a9","colorDark":"#00294f","band":2,"off":[6,1.1]}},{"type":"Feature","geometry":{"type":"Point","coordinates":[22.943602,40.63535]},"properties":{"line":"34A","mode":"bus","color":"#0059a9","colorDark":"#00294f","band":2,"off":[-3,2.6]}},{"type":"Feature","geometry":{"type":"Point","coordinates":[22.943602,40.63535]},"properties":{"line":"38","mode":"bus","color":"#0059a9","colorDark":"#00294f","band":2,"off":[0,2.6]}},{"type":"Feature","geometry":{"type":"Point","coordinates":[22.943602,40.63535]},"properties":{"line":"52B","mode":"bus","color":"#0059a9","colorDark":"#00294f","band":2,"off":[3,2.6]}},{"type":"Feature","geometry":{"type":"Point","coordinates":[22.955625,40.594156]},"properties":{"line":"30","mode":"bus","color":"#0059a9","colorDark":"#00294f","band":2,"off":[0,1.1]}},{"type":"Feature","geometry":{"type":"Point","coordinates":[22.964243,40.596575]},"properties":{"line":"31","mode":"bus","color":"#0059a9","colorDark":"#00294f","band":2,"off":[-6,1.1]}},{"type":"Feature","geometry":{"type":"Point","coordinates":[22.964243,40.596575]},"properties":{"line":"32N","mode":"bus","color":"#0059a9","colorDark":"#00294f","band":2,"off":[-3,1.1]}},{"type":"Feature","geometry":{"type":"Point","coordinates":[22.964243,40.596575]},"properties":{"line":"36","mode":"bus","color":"#0059a9","colorDark":"#00294f","band":2,"off":[0,1.1]}},{"type":"Feature","geometry":{"type":"Point","coordinates":[22.964243,40.596575]},"properties":{"line":"36A","mode":"bus","color":"#0059a9","colorDark":"#00294f","band":2,"off":[3,1.1]}},{"type":"Feature","geometry":{"type":"Point","coordinates":[22.964243,40.596575]},"properties":{"line":"36B","mode":"bus","color":"#0059a9","colorDark":"#00294f","band":2,"off":[6,1.1]}},{"type":"Feature","geometry":{"type":"Point","coordinates":[22.964243,40.596575]},"properties":{"line":"36E","mode":"bus","color":"#0059a9","colorDark":"#00294f","band":2,"off":[-6,2.6]}},{"type":"Feature","geometry":{"type":"Point","coordinates":[22.964243,40.596575]},"properties":{"line":"36H","mode":"bus","color":"#0059a9","colorDark":"#00294f","band":2,"off":[-3,2.6]}},{"type":"Feature","geometry":{"type":"Point","coordinates":[22.964243,40.596575]},"properties":{"line":"36K","mode":"bus","color":"#0059a9","colorDark":"#00294f","band":2,"off":[0,2.6]}},{"type":"Feature","geometry":{"type":"Point","coordinates":[22.964243,40.596575]},"properties":{"line":"36N","mode":"bus","color":"#0059a9","colorDark":"#00294f","band":2,"off":[3,2.6]}},{"type":"Feature","geometry":{"type":"Point","coordinates":[22.964243,40.596575]},"properties":{"line":"36P","mode":"bus","color":"#0059a9","colorDark":"#00294f","band":2,"off":[6,2.6]}},{"type":"Feature","geometry":{"type":"Point","coordinates":[22.964243,40.596575]},"properties":{"line":"36T","mode":"bus","color":"#0059a9","colorDark":"#00294f","band":2,"off":[-4.5,4.1]}},{"type":"Feature","geometry":{"type":"Point","coordinates":[22.964243,40.596575]},"properties":{"line":"36Y","mode":"bus","color":"#0059a9","colorDark":"#00294f","band":2,"off":[-1.5,4.1]}},{"type":"Feature","geometry":{"type":"Point","coordinates":[22.964243,40.596575]},"properties":{"line":"36Z","mode":"bus","color":"#0059a9","colorDark":"#00294f","band":2,"off":[1.5,4.1]}},{"type":"Feature","geometry":{"type":"Point","coordinates":[22.964243,40.596575]},"properties":{"line":"43Y","mode":"bus","color":"#0059a9","colorDark":"#00294f","band":2,"off":[4.5,4.1]}},{"type":"Feature","geometry":{"type":"Point","coordinates":[22.971543,40.583681]},"properties":{"line":"33","mode":"bus","color":"#0059a9","colorDark":"#00294f","band":2,"off":[-6,1.1]}},{"type":"Feature","geometry":{"type":"Point","coordinates":[22.971543,40.583681]},"properties":{"line":"33A","mode":"bus","color":"#0059a9","colorDark":"#00294f","band":2,"off":[-3,1.1]}},{"type":"Feature","geometry":{"type":"Point","coordinates":[22.971543,40.583681]},"properties":{"line":"33B","mode":"bus","color":"#0059a9","colorDark":"#00294f","band":2,"off":[0,1.1]}},{"type":"Feature","geometry":{"type":"Point","coordinates":[22.971543,40.583681]},"properties":{"line":"39","mode":"bus","color":"#0059a9","colorDark":"#00294f","band":2,"off":[3,1.1]}},{"type":"Feature","geometry":{"type":"Point","coordinates":[22.971543,40.583681]},"properties":{"line":"39A","mode":"bus","color":"#0059a9","colorDark":"#00294f","band":2,"off":[6,1.1]}},{"type":"Feature","geometry":{"type":"Point","coordinates":[22.971543,40.583681]},"properties":{"line":"39B","mode":"bus","color":"#0059a9","colorDark":"#00294f","band":2,"off":[0,2.6]}},{"type":"Feature","geometry":{"type":"Point","coordinates":[22.930845,40.68456]},"properties":{"line":"34","mode":"bus","color":"#0059a9","colorDark":"#00294f","band":2,"off":[-1.5,1.1]}},{"type":"Feature","geometry":{"type":"Point","coordinates":[22.930845,40.68456]},"properties":{"line":"34A","mode":"bus","color":"#0059a9","colorDark":"#00294f","band":2,"off":[1.5,1.1]}},{"type":"Feature","geometry":{"type":"Point","coordinates":[22.963125,40.660026]},"properties":{"line":"35","mode":"bus","color":"#0059a9","colorDark":"#00294f","band":2,"off":[0,1.1]}},{"type":"Feature","geometry":{"type":"Point","coordinates":[22.992028,40.556631]},"properties":{"line":"36","mode":"bus","color":"#0059a9","colorDark":"#00294f","band":2,"off":[-4.5,1.1]}},{"type":"Feature","geometry":{"type":"Point","coordinates":[22.992028,40.556631]},"properties":{"line":"36A","mode":"bus","color":"#0059a9","colorDark":"#00294f","band":2,"off":[-1.5,1.1]}},{"type":"Feature","geometry":{"type":"Point","coordinates":[22.992028,40.556631]},"properties":{"line":"36B","mode":"bus","color":"#0059a9","colorDark":"#00294f","band":2,"off":[1.5,1.1]}},{"type":"Feature","geometry":{"type":"Point","coordinates":[22.992028,40.556631]},"properties":{"line":"36Z","mode":"bus","color":"#0059a9","colorDark":"#00294f","band":2,"off":[4.5,1.1]}},{"type":"Feature","geometry":{"type":"Point","coordinates":[22.9782,40.618644]},"properties":{"line":"37","mode":"bus","color":"#0059a9","colorDark":"#00294f","band":2,"off":[0,1.1]}},{"type":"Feature","geometry":{"type":"Point","coordinates":[22.95189,40.692229]},"properties":{"line":"38","mode":"bus","color":"#0059a9","colorDark":"#00294f","band":2,"off":[0,1.1]}},{"type":"Feature","geometry":{"type":"Point","coordinates":[22.933201,40.639996]},"properties":{"line":"39","mode":"bus","color":"#0059a9","colorDark":"#00294f","band":2,"off":[-3,1.1]}},{"type":"Feature","geometry":{"type":"Point","coordinates":[22.933201,40.639996]},"properties":{"line":"39A","mode":"bus","color":"#0059a9","colorDark":"#00294f","band":2,"off":[0,1.1]}},{"type":"Feature","geometry":{"type":"Point","coordinates":[22.933201,40.639996]},"properties":{"line":"39B","mode":"bus","color":"#0059a9","colorDark":"#00294f","band":2,"off":[3,1.1]}},{"type":"Feature","geometry":{"type":"Point","coordinates":[22.856171,40.641449]},"properties":{"line":"40","mode":"bus","color":"#0059a9","colorDark":"#00294f","band":2,"off":[-3,1.1]}},{"type":"Feature","geometry":{"type":"Point","coordinates":[22.856171,40.641449]},"properties":{"line":"40A","mode":"bus","color":"#0059a9","colorDark":"#00294f","band":2,"off":[0,1.1]}},{"type":"Feature","geometry":{"type":"Point","coordinates":[22.856171,40.641449]},"properties":{"line":"40K","mode":"bus","color":"#0059a9","colorDark":"#00294f","band":2,"off":[3,1.1]}},{"type":"Feature","geometry":{"type":"Point","coordinates":[22.902427,40.68944]},"properties":{"line":"42","mode":"bus","color":"#0059a9","colorDark":"#00294f","band":2,"off":[-3,1.1]}},{"type":"Feature","geometry":{"type":"Point","coordinates":[22.902427,40.68944]},"properties":{"line":"42A","mode":"bus","color":"#0059a9","colorDark":"#00294f","band":2,"off":[0,1.1]}},{"type":"Feature","geometry":{"type":"Point","coordinates":[22.902427,40.68944]},"properties":{"line":"42B","mode":"bus","color":"#0059a9","colorDark":"#00294f","band":2,"off":[3,1.1]}},{"type":"Feature","geometry":{"type":"Point","coordinates":[22.984115,40.575106]},"properties":{"line":"45A","mode":"bus","color":"#0059a9","colorDark":"#00294f","band":2,"off":[-4.5,1.1]}},{"type":"Feature","geometry":{"type":"Point","coordinates":[22.984115,40.575106]},"properties":{"line":"79A","mode":"bus","color":"#0059a9","colorDark":"#00294f","band":2,"off":[-1.5,1.1]}},{"type":"Feature","geometry":{"type":"Point","coordinates":[22.984115,40.575106]},"properties":{"line":"79B","mode":"bus","color":"#0059a9","colorDark":"#00294f","band":2,"off":[1.5,1.1]}},{"type":"Feature","geometry":{"type":"Point","coordinates":[22.984115,40.575106]},"properties":{"line":"79K","mode":"bus","color":"#0059a9","colorDark":"#00294f","band":2,"off":[4.5,1.1]}},{"type":"Feature","geometry":{"type":"Point","coordinates":[22.949623,40.625829]},"properties":{"line":"50","mode":"bus","color":"#0059a9","colorDark":"#00294f","band":2,"off":[0,1.1]}},{"type":"Feature","geometry":{"type":"Point","coordinates":[22.800805,40.664109]},"properties":{"line":"51","mode":"bus","color":"#0059a9","colorDark":"#00294f","band":2,"off":[-6,1.1]}},{"type":"Feature","geometry":{"type":"Point","coordinates":[22.800805,40.664109]},"properties":{"line":"51A","mode":"bus","color":"#0059a9","colorDark":"#00294f","band":2,"off":[-3,1.1]}},{"type":"Feature","geometry":{"type":"Point","coordinates":[22.800805,40.664109]},"properties":{"line":"51B","mode":"bus","color":"#0059a9","colorDark":"#00294f","band":2,"off":[0,1.1]}},{"type":"Feature","geometry":{"type":"Point","coordinates":[22.800805,40.664109]},"properties":{"line":"52","mode":"bus","color":"#0059a9","colorDark":"#00294f","band":2,"off":[3,1.1]}},{"type":"Feature","geometry":{"type":"Point","coordinates":[22.800805,40.664109]},"properties":{"line":"52B","mode":"bus","color":"#0059a9","colorDark":"#00294f","band":2,"off":[6,1.1]}},{"type":"Feature","geometry":{"type":"Point","coordinates":[22.800805,40.664109]},"properties":{"line":"53","mode":"bus","color":"#0059a9","colorDark":"#00294f","band":2,"off":[-4.5,2.6]}},{"type":"Feature","geometry":{"type":"Point","coordinates":[22.800805,40.664109]},"properties":{"line":"53A","mode":"bus","color":"#0059a9","colorDark":"#00294f","band":2,"off":[-1.5,2.6]}},{"type":"Feature","geometry":{"type":"Point","coordinates":[22.800805,40.664109]},"properties":{"line":"53B","mode":"bus","color":"#0059a9","colorDark":"#00294f","band":2,"off":[1.5,2.6]}},{"type":"Feature","geometry":{"type":"Point","coordinates":[22.800805,40.664109]},"properties":{"line":"53Σ","mode":"bus","color":"#0059a9","colorDark":"#00294f","band":2,"off":[4.5,2.6]}},{"type":"Feature","geometry":{"type":"Point","coordinates":[22.838209,40.686472]},"properties":{"line":"54","mode":"bus","color":"#0059a9","colorDark":"#00294f","band":2,"off":[-1.5,1.1]}},{"type":"Feature","geometry":{"type":"Point","coordinates":[22.838209,40.686472]},"properties":{"line":"54A","mode":"bus","color":"#0059a9","colorDark":"#00294f","band":2,"off":[1.5,1.1]}},{"type":"Feature","geometry":{"type":"Point","coordinates":[22.905975,40.723279]},"properties":{"line":"56","mode":"bus","color":"#0059a9","colorDark":"#00294f","band":2,"off":[0,1.1]}},{"type":"Feature","geometry":{"type":"Point","coordinates":[22.914637,40.726814]},"properties":{"line":"56","mode":"bus","color":"#0059a9","colorDark":"#00294f","band":2,"off":[-1.5,1.1]}},{"type":"Feature","geometry":{"type":"Point","coordinates":[22.914637,40.726814]},"properties":{"line":"84M","mode":"bus","color":"#0059a9","colorDark":"#00294f","band":2,"off":[1.5,1.1]}},{"type":"Feature","geometry":{"type":"Point","coordinates":[23.062641,40.624531]},"properties":{"line":"57","mode":"bus","color":"#0059a9","colorDark":"#00294f","band":2,"off":[-3,1.1]}},{"type":"Feature","geometry":{"type":"Point","coordinates":[23.062641,40.624531]},"properties":{"line":"58","mode":"bus","color":"#0059a9","colorDark":"#00294f","band":2,"off":[0,1.1]}},{"type":"Feature","geometry":{"type":"Point","coordinates":[23.062641,40.624531]},"properties":{"line":"61","mode":"bus","color":"#0059a9","colorDark":"#00294f","band":2,"off":[3,1.1]}},{"type":"Feature","geometry":{"type":"Point","coordinates":[22.939843,40.63497]},"properties":{"line":"58","mode":"bus","color":"#0059a9","colorDark":"#00294f","band":2,"off":[0,1.1]}},{"type":"Feature","geometry":{"type":"Point","coordinates":[23.033877,40.581928]},"properties":{"line":"60A","mode":"bus","color":"#0059a9","colorDark":"#00294f","band":2,"off":[-3,1.1]}},{"type":"Feature","geometry":{"type":"Point","coordinates":[23.033877,40.581928]},"properties":{"line":"60B","mode":"bus","color":"#0059a9","colorDark":"#00294f","band":2,"off":[0,1.1]}},{"type":"Feature","geometry":{"type":"Point","coordinates":[23.033877,40.581928]},"properties":{"line":"60E","mode":"bus","color":"#0059a9","colorDark":"#00294f","band":2,"off":[3,1.1]}},{"type":"Feature","geometry":{"type":"Point","coordinates":[23.10022,40.60833]},"properties":{"line":"61","mode":"bus","color":"#0059a9","colorDark":"#00294f","band":2,"off":[0,1.1]}},{"type":"Feature","geometry":{"type":"Point","coordinates":[23.000469,40.69971]},"properties":{"line":"64","mode":"bus","color":"#0059a9","colorDark":"#00294f","band":2,"off":[-3,1.1]}},{"type":"Feature","geometry":{"type":"Point","coordinates":[23.000469,40.69971]},"properties":{"line":"64A","mode":"bus","color":"#0059a9","colorDark":"#00294f","band":2,"off":[0,1.1]}},{"type":"Feature","geometry":{"type":"Point","coordinates":[23.000469,40.69971]},"properties":{"line":"64B","mode":"bus","color":"#0059a9","colorDark":"#00294f","band":2,"off":[3,1.1]}},{"type":"Feature","geometry":{"type":"Point","coordinates":[23.019417,40.546083]},"properties":{"line":"66","mode":"bus","color":"#0059a9","colorDark":"#00294f","band":2,"off":[0,1.1]}},{"type":"Feature","geometry":{"type":"Point","coordinates":[23.047892,40.549833]},"properties":{"line":"67","mode":"bus","color":"#0059a9","colorDark":"#00294f","band":2,"off":[-3,1.1]}},{"type":"Feature","geometry":{"type":"Point","coordinates":[23.047892,40.549833]},"properties":{"line":"67A","mode":"bus","color":"#0059a9","colorDark":"#00294f","band":2,"off":[0,1.1]}},{"type":"Feature","geometry":{"type":"Point","coordinates":[23.047892,40.549833]},"properties":{"line":"67B","mode":"bus","color":"#0059a9","colorDark":"#00294f","band":2,"off":[3,1.1]}},{"type":"Feature","geometry":{"type":"Point","coordinates":[22.895742,40.407363]},"properties":{"line":"69A","mode":"bus","color":"#0059a9","colorDark":"#00294f","band":2,"off":[-1.5,1.1]}},{"type":"Feature","geometry":{"type":"Point","coordinates":[22.895742,40.407363]},"properties":{"line":"70","mode":"bus","color":"#0059a9","colorDark":"#00294f","band":2,"off":[1.5,1.1]}},{"type":"Feature","geometry":{"type":"Point","coordinates":[22.868263,40.439621]},"properties":{"line":"69B","mode":"bus","color":"#0059a9","colorDark":"#00294f","band":2,"off":[-1.5,1.1]}},{"type":"Feature","geometry":{"type":"Point","coordinates":[22.868263,40.439621]},"properties":{"line":"70A","mode":"bus","color":"#0059a9","colorDark":"#00294f","band":2,"off":[1.5,1.1]}},{"type":"Feature","geometry":{"type":"Point","coordinates":[22.929529,40.428695]},"properties":{"line":"69H","mode":"bus","color":"#0059a9","colorDark":"#00294f","band":2,"off":[-3,1.1]}},{"type":"Feature","geometry":{"type":"Point","coordinates":[22.929529,40.428695]},"properties":{"line":"77","mode":"bus","color":"#0059a9","colorDark":"#00294f","band":2,"off":[0,1.1]}},{"type":"Feature","geometry":{"type":"Point","coordinates":[22.929529,40.428695]},"properties":{"line":"77H","mode":"bus","color":"#0059a9","colorDark":"#00294f","band":2,"off":[3,1.1]}},{"type":"Feature","geometry":{"type":"Point","coordinates":[23.007611,40.350112]},"properties":{"line":"69N","mode":"bus","color":"#0059a9","colorDark":"#00294f","band":2,"off":[0,1.1]}},{"type":"Feature","geometry":{"type":"Point","coordinates":[22.87144,40.46383]},"properties":{"line":"71","mode":"bus","color":"#0059a9","colorDark":"#00294f","band":2,"off":[-6,1.1]}},{"type":"Feature","geometry":{"type":"Point","coordinates":[22.87144,40.46383]},"properties":{"line":"71A","mode":"bus","color":"#0059a9","colorDark":"#00294f","band":2,"off":[-3,1.1]}},{"type":"Feature","geometry":{"type":"Point","coordinates":[22.87144,40.46383]},"properties":{"line":"72","mode":"bus","color":"#0059a9","colorDark":"#00294f","band":2,"off":[0,1.1]}},{"type":"Feature","geometry":{"type":"Point","coordinates":[22.87144,40.46383]},"properties":{"line":"72A","mode":"bus","color":"#0059a9","colorDark":"#00294f","band":2,"off":[3,1.1]}},{"type":"Feature","geometry":{"type":"Point","coordinates":[22.87144,40.46383]},"properties":{"line":"72B","mode":"bus","color":"#0059a9","colorDark":"#00294f","band":2,"off":[6,1.1]}},{"type":"Feature","geometry":{"type":"Point","coordinates":[22.87144,40.46383]},"properties":{"line":"72E","mode":"bus","color":"#0059a9","colorDark":"#00294f","band":2,"off":[0,2.6]}},{"type":"Feature","geometry":{"type":"Point","coordinates":[22.819039,40.496898]},"properties":{"line":"76","mode":"bus","color":"#0059a9","colorDark":"#00294f","band":2,"off":[-1.5,1.1]}},{"type":"Feature","geometry":{"type":"Point","coordinates":[22.819039,40.496898]},"properties":{"line":"76A","mode":"bus","color":"#0059a9","colorDark":"#00294f","band":2,"off":[1.5,1.1]}},{"type":"Feature","geometry":{"type":"Point","coordinates":[22.867964,40.475262]},"properties":{"line":"77","mode":"bus","color":"#0059a9","colorDark":"#00294f","band":2,"off":[0,1.1]}},{"type":"Feature","geometry":{"type":"Point","coordinates":[22.9218,40.38204]},"properties":{"line":"77H","mode":"bus","color":"#0059a9","colorDark":"#00294f","band":2,"off":[0,1.1]}},{"type":"Feature","geometry":{"type":"Point","coordinates":[22.677226,40.615114]},"properties":{"line":"80","mode":"bus","color":"#0059a9","colorDark":"#00294f","band":2,"off":[-6,1.1]}},{"type":"Feature","geometry":{"type":"Point","coordinates":[22.677226,40.615114]},"properties":{"line":"80A","mode":"bus","color":"#0059a9","colorDark":"#00294f","band":2,"off":[-3,1.1]}},{"type":"Feature","geometry":{"type":"Point","coordinates":[22.677226,40.615114]},"properties":{"line":"80B","mode":"bus","color":"#0059a9","colorDark":"#00294f","band":2,"off":[0,1.1]}},{"type":"Feature","geometry":{"type":"Point","coordinates":[22.677226,40.615114]},"properties":{"line":"80E","mode":"bus","color":"#0059a9","colorDark":"#00294f","band":2,"off":[3,1.1]}},{"type":"Feature","geometry":{"type":"Point","coordinates":[22.677226,40.615114]},"properties":{"line":"80Z","mode":"bus","color":"#0059a9","colorDark":"#00294f","band":2,"off":[6,1.1]}},{"type":"Feature","geometry":{"type":"Point","coordinates":[22.677226,40.615114]},"properties":{"line":"90","mode":"bus","color":"#0059a9","colorDark":"#00294f","band":2,"off":[-1.5,2.6]}},{"type":"Feature","geometry":{"type":"Point","coordinates":[22.677226,40.615114]},"properties":{"line":"90A","mode":"bus","color":"#0059a9","colorDark":"#00294f","band":2,"off":[1.5,2.6]}},{"type":"Feature","geometry":{"type":"Point","coordinates":[22.577217,40.786414]},"properties":{"line":"81A","mode":"bus","color":"#0059a9","colorDark":"#00294f","band":2,"off":[-6,1.1]}},{"type":"Feature","geometry":{"type":"Point","coordinates":[22.577217,40.786414]},"properties":{"line":"81B","mode":"bus","color":"#0059a9","colorDark":"#00294f","band":2,"off":[-3,1.1]}},{"type":"Feature","geometry":{"type":"Point","coordinates":[22.577217,40.786414]},"properties":{"line":"81E","mode":"bus","color":"#0059a9","colorDark":"#00294f","band":2,"off":[0,1.1]}},{"type":"Feature","geometry":{"type":"Point","coordinates":[22.577217,40.786414]},"properties":{"line":"81K","mode":"bus","color":"#0059a9","colorDark":"#00294f","band":2,"off":[3,1.1]}},{"type":"Feature","geometry":{"type":"Point","coordinates":[22.577217,40.786414]},"properties":{"line":"90","mode":"bus","color":"#0059a9","colorDark":"#00294f","band":2,"off":[6,1.1]}},{"type":"Feature","geometry":{"type":"Point","coordinates":[22.577217,40.786414]},"properties":{"line":"90E","mode":"bus","color":"#0059a9","colorDark":"#00294f","band":2,"off":[-6,2.6]}},{"type":"Feature","geometry":{"type":"Point","coordinates":[22.577217,40.786414]},"properties":{"line":"92","mode":"bus","color":"#0059a9","colorDark":"#00294f","band":2,"off":[-3,2.6]}},{"type":"Feature","geometry":{"type":"Point","coordinates":[22.577217,40.786414]},"properties":{"line":"92A","mode":"bus","color":"#0059a9","colorDark":"#00294f","band":2,"off":[0,2.6]}},{"type":"Feature","geometry":{"type":"Point","coordinates":[22.577217,40.786414]},"properties":{"line":"92E","mode":"bus","color":"#0059a9","colorDark":"#00294f","band":2,"off":[3,2.6]}},{"type":"Feature","geometry":{"type":"Point","coordinates":[22.577217,40.786414]},"properties":{"line":"92P","mode":"bus","color":"#0059a9","colorDark":"#00294f","band":2,"off":[6,2.6]}},{"type":"Feature","geometry":{"type":"Point","coordinates":[22.907403,40.801861]},"properties":{"line":"82E","mode":"bus","color":"#0059a9","colorDark":"#00294f","band":2,"off":[-4.5,1.1]}},{"type":"Feature","geometry":{"type":"Point","coordinates":[22.907403,40.801861]},"properties":{"line":"82K","mode":"bus","color":"#0059a9","colorDark":"#00294f","band":2,"off":[-1.5,1.1]}},{"type":"Feature","geometry":{"type":"Point","coordinates":[22.907403,40.801861]},"properties":{"line":"82M","mode":"bus","color":"#0059a9","colorDark":"#00294f","band":2,"off":[1.5,1.1]}},{"type":"Feature","geometry":{"type":"Point","coordinates":[22.907403,40.801861]},"properties":{"line":"82N","mode":"bus","color":"#0059a9","colorDark":"#00294f","band":2,"off":[4.5,1.1]}},{"type":"Feature","geometry":{"type":"Point","coordinates":[23.065601,40.743611]},"properties":{"line":"83","mode":"bus","color":"#0059a9","colorDark":"#00294f","band":2,"off":[-6,1.1]}},{"type":"Feature","geometry":{"type":"Point","coordinates":[23.065601,40.743611]},"properties":{"line":"83B","mode":"bus","color":"#0059a9","colorDark":"#00294f","band":2,"off":[-3,1.1]}},{"type":"Feature","geometry":{"type":"Point","coordinates":[23.065601,40.743611]},"properties":{"line":"83M","mode":"bus","color":"#0059a9","colorDark":"#00294f","band":2,"off":[0,1.1]}},{"type":"Feature","geometry":{"type":"Point","coordinates":[23.065601,40.743611]},"properties":{"line":"85H","mode":"bus","color":"#0059a9","colorDark":"#00294f","band":2,"off":[3,1.1]}},{"type":"Feature","geometry":{"type":"Point","coordinates":[23.065601,40.743611]},"properties":{"line":"85X","mode":"bus","color":"#0059a9","colorDark":"#00294f","band":2,"off":[6,1.1]}},{"type":"Feature","geometry":{"type":"Point","coordinates":[23.065601,40.743611]},"properties":{"line":"91A","mode":"bus","color":"#0059a9","colorDark":"#00294f","band":2,"off":[-6,2.6]}},{"type":"Feature","geometry":{"type":"Point","coordinates":[23.065601,40.743611]},"properties":{"line":"91E","mode":"bus","color":"#0059a9","colorDark":"#00294f","band":2,"off":[-3,2.6]}},{"type":"Feature","geometry":{"type":"Point","coordinates":[23.065601,40.743611]},"properties":{"line":"91H","mode":"bus","color":"#0059a9","colorDark":"#00294f","band":2,"off":[0,2.6]}},{"type":"Feature","geometry":{"type":"Point","coordinates":[23.065601,40.743611]},"properties":{"line":"91K","mode":"bus","color":"#0059a9","colorDark":"#00294f","band":2,"off":[3,2.6]}},{"type":"Feature","geometry":{"type":"Point","coordinates":[23.065601,40.743611]},"properties":{"line":"91N","mode":"bus","color":"#0059a9","colorDark":"#00294f","band":2,"off":[6,2.6]}},{"type":"Feature","geometry":{"type":"Point","coordinates":[23.065601,40.743611]},"properties":{"line":"91T","mode":"bus","color":"#0059a9","colorDark":"#00294f","band":2,"off":[-1.5,4.1]}},{"type":"Feature","geometry":{"type":"Point","coordinates":[23.065601,40.743611]},"properties":{"line":"91X","mode":"bus","color":"#0059a9","colorDark":"#00294f","band":2,"off":[1.5,4.1]}},{"type":"Feature","geometry":{"type":"Point","coordinates":[23.174155,40.721222]},"properties":{"line":"83A","mode":"bus","color":"#0059a9","colorDark":"#00294f","band":2,"off":[-3,1.1]}},{"type":"Feature","geometry":{"type":"Point","coordinates":[23.174155,40.721222]},"properties":{"line":"91A","mode":"bus","color":"#0059a9","colorDark":"#00294f","band":2,"off":[0,1.1]}},{"type":"Feature","geometry":{"type":"Point","coordinates":[23.174155,40.721222]},"properties":{"line":"91Y","mode":"bus","color":"#0059a9","colorDark":"#00294f","band":2,"off":[3,1.1]}},{"type":"Feature","geometry":{"type":"Point","coordinates":[23.068248,40.758767]},"properties":{"line":"83N","mode":"bus","color":"#0059a9","colorDark":"#00294f","band":2,"off":[-1.5,1.1]}},{"type":"Feature","geometry":{"type":"Point","coordinates":[23.068248,40.758767]},"properties":{"line":"91N","mode":"bus","color":"#0059a9","colorDark":"#00294f","band":2,"off":[1.5,1.1]}},{"type":"Feature","geometry":{"type":"Point","coordinates":[23.082276,40.769597]},"properties":{"line":"83X","mode":"bus","color":"#0059a9","colorDark":"#00294f","band":2,"off":[-3,1.1]}},{"type":"Feature","geometry":{"type":"Point","coordinates":[23.082276,40.769597]},"properties":{"line":"91X","mode":"bus","color":"#0059a9","colorDark":"#00294f","band":2,"off":[0,1.1]}},{"type":"Feature","geometry":{"type":"Point","coordinates":[23.082276,40.769597]},"properties":{"line":"91Y","mode":"bus","color":"#0059a9","colorDark":"#00294f","band":2,"off":[3,1.1]}},{"type":"Feature","geometry":{"type":"Point","coordinates":[22.930772,40.767626]},"properties":{"line":"84A","mode":"bus","color":"#0059a9","colorDark":"#00294f","band":2,"off":[-1.5,1.1]}},{"type":"Feature","geometry":{"type":"Point","coordinates":[22.930772,40.767626]},"properties":{"line":"84M","mode":"bus","color":"#0059a9","colorDark":"#00294f","band":2,"off":[1.5,1.1]}},{"type":"Feature","geometry":{"type":"Point","coordinates":[22.952914,40.779426]},"properties":{"line":"84A","mode":"bus","color":"#0059a9","colorDark":"#00294f","band":2,"off":[-1.5,1.1]}},{"type":"Feature","geometry":{"type":"Point","coordinates":[22.952914,40.779426]},"properties":{"line":"84M","mode":"bus","color":"#0059a9","colorDark":"#00294f","band":2,"off":[1.5,1.1]}},{"type":"Feature","geometry":{"type":"Point","coordinates":[23.236184,40.983861]},"properties":{"line":"85","mode":"bus","color":"#0059a9","colorDark":"#00294f","band":2,"off":[-6,1.1]}},{"type":"Feature","geometry":{"type":"Point","coordinates":[23.236184,40.983861]},"properties":{"line":"85H","mode":"bus","color":"#0059a9","colorDark":"#00294f","band":2,"off":[-3,1.1]}},{"type":"Feature","geometry":{"type":"Point","coordinates":[23.236184,40.983861]},"properties":{"line":"85K","mode":"bus","color":"#0059a9","colorDark":"#00294f","band":2,"off":[0,1.1]}},{"type":"Feature","geometry":{"type":"Point","coordinates":[23.236184,40.983861]},"properties":{"line":"85N","mode":"bus","color":"#0059a9","colorDark":"#00294f","band":2,"off":[3,1.1]}},{"type":"Feature","geometry":{"type":"Point","coordinates":[23.236184,40.983861]},"properties":{"line":"85X","mode":"bus","color":"#0059a9","colorDark":"#00294f","band":2,"off":[6,1.1]}},{"type":"Feature","geometry":{"type":"Point","coordinates":[23.236184,40.983861]},"properties":{"line":"85Z","mode":"bus","color":"#0059a9","colorDark":"#00294f","band":2,"off":[0,2.6]}},{"type":"Feature","geometry":{"type":"Point","coordinates":[22.982467,40.840061]},"properties":{"line":"85A","mode":"bus","color":"#0059a9","colorDark":"#00294f","band":2,"off":[-3,1.1]}},{"type":"Feature","geometry":{"type":"Point","coordinates":[22.982467,40.840061]},"properties":{"line":"85M","mode":"bus","color":"#0059a9","colorDark":"#00294f","band":2,"off":[0,1.1]}},{"type":"Feature","geometry":{"type":"Point","coordinates":[22.982467,40.840061]},"properties":{"line":"91E","mode":"bus","color":"#0059a9","colorDark":"#00294f","band":2,"off":[3,1.1]}},{"type":"Feature","geometry":{"type":"Point","coordinates":[23.068864,40.927392]},"properties":{"line":"85B","mode":"bus","color":"#0059a9","colorDark":"#00294f","band":2,"off":[-1.5,1.1]}},{"type":"Feature","geometry":{"type":"Point","coordinates":[23.068864,40.927392]},"properties":{"line":"85T","mode":"bus","color":"#0059a9","colorDark":"#00294f","band":2,"off":[1.5,1.1]}},{"type":"Feature","geometry":{"type":"Point","coordinates":[23.253218,40.635227]},"properties":{"line":"86","mode":"bus","color":"#0059a9","colorDark":"#00294f","band":2,"off":[-6,1.1]}},{"type":"Feature","geometry":{"type":"Point","coordinates":[23.253218,40.635227]},"properties":{"line":"86A","mode":"bus","color":"#0059a9","colorDark":"#00294f","band":2,"off":[-3,1.1]}},{"type":"Feature","geometry":{"type":"Point","coordinates":[23.253218,40.635227]},"properties":{"line":"86B","mode":"bus","color":"#0059a9","colorDark":"#00294f","band":2,"off":[0,1.1]}},{"type":"Feature","geometry":{"type":"Point","coordinates":[23.253218,40.635227]},"properties":{"line":"86E","mode":"bus","color":"#0059a9","colorDark":"#00294f","band":2,"off":[3,1.1]}},{"type":"Feature","geometry":{"type":"Point","coordinates":[23.253218,40.635227]},"properties":{"line":"86K","mode":"bus","color":"#0059a9","colorDark":"#00294f","band":2,"off":[6,1.1]}},{"type":"Feature","geometry":{"type":"Point","coordinates":[23.253218,40.635227]},"properties":{"line":"86M","mode":"bus","color":"#0059a9","colorDark":"#00294f","band":2,"off":[-6,2.6]}},{"type":"Feature","geometry":{"type":"Point","coordinates":[23.253218,40.635227]},"properties":{"line":"86N","mode":"bus","color":"#0059a9","colorDark":"#00294f","band":2,"off":[-3,2.6]}},{"type":"Feature","geometry":{"type":"Point","coordinates":[23.253218,40.635227]},"properties":{"line":"86R","mode":"bus","color":"#0059a9","colorDark":"#00294f","band":2,"off":[0,2.6]}},{"type":"Feature","geometry":{"type":"Point","coordinates":[23.253218,40.635227]},"properties":{"line":"86T","mode":"bus","color":"#0059a9","colorDark":"#00294f","band":2,"off":[3,2.6]}},{"type":"Feature","geometry":{"type":"Point","coordinates":[23.253218,40.635227]},"properties":{"line":"91T","mode":"bus","color":"#0059a9","colorDark":"#00294f","band":2,"off":[6,2.6]}},{"type":"Feature","geometry":{"type":"Point","coordinates":[23.136892,40.480594]},"properties":{"line":"87A","mode":"bus","color":"#0059a9","colorDark":"#00294f","band":2,"off":[-6,1.1]}},{"type":"Feature","geometry":{"type":"Point","coordinates":[23.136892,40.480594]},"properties":{"line":"87B","mode":"bus","color":"#0059a9","colorDark":"#00294f","band":2,"off":[-3,1.1]}},{"type":"Feature","geometry":{"type":"Point","coordinates":[23.136892,40.480594]},"properties":{"line":"87E","mode":"bus","color":"#0059a9","colorDark":"#00294f","band":2,"off":[0,1.1]}},{"type":"Feature","geometry":{"type":"Point","coordinates":[23.136892,40.480594]},"properties":{"line":"87F","mode":"bus","color":"#0059a9","colorDark":"#00294f","band":2,"off":[3,1.1]}},{"type":"Feature","geometry":{"type":"Point","coordinates":[23.136892,40.480594]},"properties":{"line":"87H","mode":"bus","color":"#0059a9","colorDark":"#00294f","band":2,"off":[6,1.1]}},{"type":"Feature","geometry":{"type":"Point","coordinates":[23.136892,40.480594]},"properties":{"line":"87L","mode":"bus","color":"#0059a9","colorDark":"#00294f","band":2,"off":[-6,2.6]}},{"type":"Feature","geometry":{"type":"Point","coordinates":[23.136892,40.480594]},"properties":{"line":"87M","mode":"bus","color":"#0059a9","colorDark":"#00294f","band":2,"off":[-3,2.6]}},{"type":"Feature","geometry":{"type":"Point","coordinates":[23.136892,40.480594]},"properties":{"line":"87N","mode":"bus","color":"#0059a9","colorDark":"#00294f","band":2,"off":[0,2.6]}},{"type":"Feature","geometry":{"type":"Point","coordinates":[23.136892,40.480594]},"properties":{"line":"87P","mode":"bus","color":"#0059a9","colorDark":"#00294f","band":2,"off":[3,2.6]}},{"type":"Feature","geometry":{"type":"Point","coordinates":[23.136892,40.480594]},"properties":{"line":"87R","mode":"bus","color":"#0059a9","colorDark":"#00294f","band":2,"off":[6,2.6]}},{"type":"Feature","geometry":{"type":"Point","coordinates":[23.136892,40.480594]},"properties":{"line":"87T","mode":"bus","color":"#0059a9","colorDark":"#00294f","band":2,"off":[-3,4.1]}},{"type":"Feature","geometry":{"type":"Point","coordinates":[23.136892,40.480594]},"properties":{"line":"87X","mode":"bus","color":"#0059a9","colorDark":"#00294f","band":2,"off":[0,4.1]}},{"type":"Feature","geometry":{"type":"Point","coordinates":[23.136892,40.480594]},"properties":{"line":"87Z","mode":"bus","color":"#0059a9","colorDark":"#00294f","band":2,"off":[3,4.1]}},{"type":"Feature","geometry":{"type":"Point","coordinates":[23.137083,40.434297]},"properties":{"line":"87M","mode":"bus","color":"#0059a9","colorDark":"#00294f","band":2,"off":[-3,1.1]}},{"type":"Feature","geometry":{"type":"Point","coordinates":[23.137083,40.434297]},"properties":{"line":"87Q","mode":"bus","color":"#0059a9","colorDark":"#00294f","band":2,"off":[0,1.1]}},{"type":"Feature","geometry":{"type":"Point","coordinates":[23.137083,40.434297]},"properties":{"line":"87X","mode":"bus","color":"#0059a9","colorDark":"#00294f","band":2,"off":[3,1.1]}},{"type":"Feature","geometry":{"type":"Point","coordinates":[23.005533,40.412059]},"properties":{"line":"88","mode":"bus","color":"#0059a9","colorDark":"#00294f","band":2,"off":[-4.5,1.1]}},{"type":"Feature","geometry":{"type":"Point","coordinates":[23.005533,40.412059]},"properties":{"line":"88K","mode":"bus","color":"#0059a9","colorDark":"#00294f","band":2,"off":[-1.5,1.1]}},{"type":"Feature","geometry":{"type":"Point","coordinates":[23.005533,40.412059]},"properties":{"line":"88M","mode":"bus","color":"#0059a9","colorDark":"#00294f","band":2,"off":[1.5,1.1]}},{"type":"Feature","geometry":{"type":"Point","coordinates":[23.005533,40.412059]},"properties":{"line":"88N","mode":"bus","color":"#0059a9","colorDark":"#00294f","band":2,"off":[4.5,1.1]}},{"type":"Feature","geometry":{"type":"Point","coordinates":[22.92972,40.429313]},"properties":{"line":"88E","mode":"bus","color":"#0059a9","colorDark":"#00294f","band":2,"off":[-1.5,1.1]}},{"type":"Feature","geometry":{"type":"Point","coordinates":[22.92972,40.429313]},"properties":{"line":"88H","mode":"bus","color":"#0059a9","colorDark":"#00294f","band":2,"off":[1.5,1.1]}},{"type":"Feature","geometry":{"type":"Point","coordinates":[22.770386,40.804105]},"properties":{"line":"89A","mode":"bus","color":"#0059a9","colorDark":"#00294f","band":2,"off":[0,1.1]}},{"type":"Feature","geometry":{"type":"Point","coordinates":[22.651589,40.843874]},"properties":{"line":"89B","mode":"bus","color":"#0059a9","colorDark":"#00294f","band":2,"off":[-6,1.1]}},{"type":"Feature","geometry":{"type":"Point","coordinates":[22.651589,40.843874]},"properties":{"line":"89E","mode":"bus","color":"#0059a9","colorDark":"#00294f","band":2,"off":[-3,1.1]}},{"type":"Feature","geometry":{"type":"Point","coordinates":[22.651589,40.843874]},"properties":{"line":"89K","mode":"bus","color":"#0059a9","colorDark":"#00294f","band":2,"off":[0,1.1]}},{"type":"Feature","geometry":{"type":"Point","coordinates":[22.651589,40.843874]},"properties":{"line":"89N","mode":"bus","color":"#0059a9","colorDark":"#00294f","band":2,"off":[3,1.1]}},{"type":"Feature","geometry":{"type":"Point","coordinates":[22.651589,40.843874]},"properties":{"line":"90E","mode":"bus","color":"#0059a9","colorDark":"#00294f","band":2,"off":[6,1.1]}},{"type":"Feature","geometry":{"type":"Point","coordinates":[22.540764,40.677276]},"properties":{"line":"90A","mode":"bus","color":"#0059a9","colorDark":"#00294f","band":2,"off":[0,1.1]}},{"type":"Feature","geometry":{"type":"Point","coordinates":[23.039272,40.710574]},"properties":{"line":"91K","mode":"bus","color":"#0059a9","colorDark":"#00294f","band":2,"off":[0,1.1]}},{"type":"Feature","geometry":{"type":"Point","coordinates":[22.957481,40.679488]},"properties":{"line":"01","mode":"bus","color":"#0059a9","colorDark":"#00294f","band":3,"off":[-3,1.1]}},{"type":"Feature","geometry":{"type":"Point","coordinates":[22.957481,40.679488]},"properties":{"line":"01A","mode":"bus","color":"#0059a9","colorDark":"#00294f","band":3,"off":[0,1.1]}},{"type":"Feature","geometry":{"type":"Point","coordinates":[22.957481,40.679488]},"properties":{"line":"28","mode":"bus","color":"#0059a9","colorDark":"#00294f","band":3,"off":[3,1.1]}},{"type":"Feature","geometry":{"type":"Point","coordinates":[22.901745,40.654041]},"properties":{"line":"01","mode":"bus","color":"#0059a9","colorDark":"#00294f","band":3,"off":[-6,1.1]}},{"type":"Feature","geometry":{"type":"Point","coordinates":[22.901745,40.654041]},"properties":{"line":"01A","mode":"bus","color":"#0059a9","colorDark":"#00294f","band":3,"off":[-3,1.1]}},{"type":"Feature","geometry":{"type":"Point","coordinates":[22.901745,40.654041]},"properties":{"line":"01N","mode":"bus","color":"#0059a9","colorDark":"#00294f","band":3,"off":[0,1.1]}},{"type":"Feature","geometry":{"type":"Point","coordinates":[22.901745,40.654041]},"properties":{"line":"01X","mode":"bus","color":"#0059a9","colorDark":"#00294f","band":3,"off":[3,1.1]}},{"type":"Feature","geometry":{"type":"Point","coordinates":[22.901745,40.654041]},"properties":{"line":"02K","mode":"bus","color":"#0059a9","colorDark":"#00294f","band":3,"off":[6,1.1]}},{"type":"Feature","geometry":{"type":"Point","coordinates":[22.901745,40.654041]},"properties":{"line":"12","mode":"bus","color":"#0059a9","colorDark":"#00294f","band":3,"off":[-6,2.6]}},{"type":"Feature","geometry":{"type":"Point","coordinates":[22.901745,40.654041]},"properties":{"line":"1N","mode":"bus","color":"#0059a9","colorDark":"#00294f","band":3,"off":[-3,2.6]}},{"type":"Feature","geometry":{"type":"Point","coordinates":[22.901745,40.654041]},"properties":{"line":"31","mode":"bus","color":"#0059a9","colorDark":"#00294f","band":3,"off":[0,2.6]}},{"type":"Feature","geometry":{"type":"Point","coordinates":[22.901745,40.654041]},"properties":{"line":"45","mode":"bus","color":"#0059a9","colorDark":"#00294f","band":3,"off":[3,2.6]}},{"type":"Feature","geometry":{"type":"Point","coordinates":[22.901745,40.654041]},"properties":{"line":"45A","mode":"bus","color":"#0059a9","colorDark":"#00294f","band":3,"off":[6,2.6]}},{"type":"Feature","geometry":{"type":"Point","coordinates":[22.901745,40.654041]},"properties":{"line":"45B","mode":"bus","color":"#0059a9","colorDark":"#00294f","band":3,"off":[-6,4.1]}},{"type":"Feature","geometry":{"type":"Point","coordinates":[22.901745,40.654041]},"properties":{"line":"45Y","mode":"bus","color":"#0059a9","colorDark":"#00294f","band":3,"off":[-3,4.1]}},{"type":"Feature","geometry":{"type":"Point","coordinates":[22.901745,40.654041]},"properties":{"line":"80","mode":"bus","color":"#0059a9","colorDark":"#00294f","band":3,"off":[0,4.1]}},{"type":"Feature","geometry":{"type":"Point","coordinates":[22.901745,40.654041]},"properties":{"line":"80A","mode":"bus","color":"#0059a9","colorDark":"#00294f","band":3,"off":[3,4.1]}},{"type":"Feature","geometry":{"type":"Point","coordinates":[22.901745,40.654041]},"properties":{"line":"80B","mode":"bus","color":"#0059a9","colorDark":"#00294f","band":3,"off":[6,4.1]}},{"type":"Feature","geometry":{"type":"Point","coordinates":[22.901745,40.654041]},"properties":{"line":"80E","mode":"bus","color":"#0059a9","colorDark":"#00294f","band":3,"off":[-6,5.6]}},{"type":"Feature","geometry":{"type":"Point","coordinates":[22.901745,40.654041]},"properties":{"line":"80Z","mode":"bus","color":"#0059a9","colorDark":"#00294f","band":3,"off":[-3,5.6]}},{"type":"Feature","geometry":{"type":"Point","coordinates":[22.901745,40.654041]},"properties":{"line":"81A","mode":"bus","color":"#0059a9","colorDark":"#00294f","band":3,"off":[0,5.6]}},{"type":"Feature","geometry":{"type":"Point","coordinates":[22.901745,40.654041]},"properties":{"line":"81B","mode":"bus","color":"#0059a9","colorDark":"#00294f","band":3,"off":[3,5.6]}},{"type":"Feature","geometry":{"type":"Point","coordinates":[22.901745,40.654041]},"properties":{"line":"81E","mode":"bus","color":"#0059a9","colorDark":"#00294f","band":3,"off":[6,5.6]}},{"type":"Feature","geometry":{"type":"Point","coordinates":[22.901745,40.654041]},"properties":{"line":"81K","mode":"bus","color":"#0059a9","colorDark":"#00294f","band":3,"off":[-6,7.1]}},{"type":"Feature","geometry":{"type":"Point","coordinates":[22.901745,40.654041]},"properties":{"line":"82A","mode":"bus","color":"#0059a9","colorDark":"#00294f","band":3,"off":[-3,7.1]}},{"type":"Feature","geometry":{"type":"Point","coordinates":[22.901745,40.654041]},"properties":{"line":"82B","mode":"bus","color":"#0059a9","colorDark":"#00294f","band":3,"off":[0,7.1]}},{"type":"Feature","geometry":{"type":"Point","coordinates":[22.901745,40.654041]},"properties":{"line":"82E","mode":"bus","color":"#0059a9","colorDark":"#00294f","band":3,"off":[3,7.1]}},{"type":"Feature","geometry":{"type":"Point","coordinates":[22.901745,40.654041]},"properties":{"line":"82K","mode":"bus","color":"#0059a9","colorDark":"#00294f","band":3,"off":[6,7.1]}},{"type":"Feature","geometry":{"type":"Point","coordinates":[22.901745,40.654041]},"properties":{"line":"82M","mode":"bus","color":"#0059a9","colorDark":"#00294f","band":3,"off":[-6,8.6]}},{"type":"Feature","geometry":{"type":"Point","coordinates":[22.901745,40.654041]},"properties":{"line":"82N","mode":"bus","color":"#0059a9","colorDark":"#00294f","band":3,"off":[-3,8.6]}},{"type":"Feature","geometry":{"type":"Point","coordinates":[22.901745,40.654041]},"properties":{"line":"89A","mode":"bus","color":"#0059a9","colorDark":"#00294f","band":3,"off":[0,8.6]}},{"type":"Feature","geometry":{"type":"Point","coordinates":[22.901745,40.654041]},"properties":{"line":"89B","mode":"bus","color":"#0059a9","colorDark":"#00294f","band":3,"off":[3,8.6]}},{"type":"Feature","geometry":{"type":"Point","coordinates":[22.901745,40.654041]},"properties":{"line":"89E","mode":"bus","color":"#0059a9","colorDark":"#00294f","band":3,"off":[6,8.6]}},{"type":"Feature","geometry":{"type":"Point","coordinates":[22.901745,40.654041]},"properties":{"line":"89K","mode":"bus","color":"#0059a9","colorDark":"#00294f","band":3,"off":[-1.5,10.1]}},{"type":"Feature","geometry":{"type":"Point","coordinates":[22.901745,40.654041]},"properties":{"line":"89N","mode":"bus","color":"#0059a9","colorDark":"#00294f","band":3,"off":[1.5,10.1]}},{"type":"Feature","geometry":{"type":"Point","coordinates":[22.977274,40.524049]},"properties":{"line":"01N","mode":"bus","color":"#0059a9","colorDark":"#00294f","band":3,"off":[-6,1.1]}},{"type":"Feature","geometry":{"type":"Point","coordinates":[22.977274,40.524049]},"properties":{"line":"01X","mode":"bus","color":"#0059a9","colorDark":"#00294f","band":3,"off":[-3,1.1]}},{"type":"Feature","geometry":{"type":"Point","coordinates":[22.977274,40.524049]},"properties":{"line":"02X","mode":"bus","color":"#0059a9","colorDark":"#00294f","band":3,"off":[0,1.1]}},{"type":"Feature","geometry":{"type":"Point","coordinates":[22.977274,40.524049]},"properties":{"line":"1N","mode":"bus","color":"#0059a9","colorDark":"#00294f","band":3,"off":[3,1.1]}},{"type":"Feature","geometry":{"type":"Point","coordinates":[22.977274,40.524049]},"properties":{"line":"79A","mode":"bus","color":"#0059a9","colorDark":"#00294f","band":3,"off":[6,1.1]}},{"type":"Feature","geometry":{"type":"Point","coordinates":[22.977274,40.524049]},"properties":{"line":"79B","mode":"bus","color":"#0059a9","colorDark":"#00294f","band":3,"off":[-1.5,2.6]}},{"type":"Feature","geometry":{"type":"Point","coordinates":[22.977274,40.524049]},"properties":{"line":"79K","mode":"bus","color":"#0059a9","colorDark":"#00294f","band":3,"off":[1.5,2.6]}},{"type":"Feature","geometry":{"type":"Point","coordinates":[22.984514,40.548363]},"properties":{"line":"02K","mode":"bus","color":"#0059a9","colorDark":"#00294f","band":3,"off":[-6,1.1]}},{"type":"Feature","geometry":{"type":"Point","coordinates":[22.984514,40.548363]},"properties":{"line":"03K","mode":"bus","color":"#0059a9","colorDark":"#00294f","band":3,"off":[-3,1.1]}},{"type":"Feature","geometry":{"type":"Point","coordinates":[22.984514,40.548363]},"properties":{"line":"36X","mode":"bus","color":"#0059a9","colorDark":"#00294f","band":3,"off":[0,1.1]}},{"type":"Feature","geometry":{"type":"Point","coordinates":[22.984514,40.548363]},"properties":{"line":"45Y","mode":"bus","color":"#0059a9","colorDark":"#00294f","band":3,"off":[3,1.1]}},{"type":"Feature","geometry":{"type":"Point","coordinates":[22.984514,40.548363]},"properties":{"line":"60E","mode":"bus","color":"#0059a9","colorDark":"#00294f","band":3,"off":[6,1.1]}},{"type":"Feature","geometry":{"type":"Point","coordinates":[22.984514,40.548363]},"properties":{"line":"67","mode":"bus","color":"#0059a9","colorDark":"#00294f","band":3,"off":[-6,2.6]}},{"type":"Feature","geometry":{"type":"Point","coordinates":[22.984514,40.548363]},"properties":{"line":"67A","mode":"bus","color":"#0059a9","colorDark":"#00294f","band":3,"off":[-3,2.6]}},{"type":"Feature","geometry":{"type":"Point","coordinates":[22.984514,40.548363]},"properties":{"line":"67B","mode":"bus","color":"#0059a9","colorDark":"#00294f","band":3,"off":[0,2.6]}},{"type":"Feature","geometry":{"type":"Point","coordinates":[22.984514,40.548363]},"properties":{"line":"68A","mode":"bus","color":"#0059a9","colorDark":"#00294f","band":3,"off":[3,2.6]}},{"type":"Feature","geometry":{"type":"Point","coordinates":[22.984514,40.548363]},"properties":{"line":"68B","mode":"bus","color":"#0059a9","colorDark":"#00294f","band":3,"off":[6,2.6]}},{"type":"Feature","geometry":{"type":"Point","coordinates":[22.984514,40.548363]},"properties":{"line":"69A","mode":"bus","color":"#0059a9","colorDark":"#00294f","band":3,"off":[-6,4.1]}},{"type":"Feature","geometry":{"type":"Point","coordinates":[22.984514,40.548363]},"properties":{"line":"69B","mode":"bus","color":"#0059a9","colorDark":"#00294f","band":3,"off":[-3,4.1]}},{"type":"Feature","geometry":{"type":"Point","coordinates":[22.984514,40.548363]},"properties":{"line":"69H","mode":"bus","color":"#0059a9","colorDark":"#00294f","band":3,"off":[0,4.1]}},{"type":"Feature","geometry":{"type":"Point","coordinates":[22.984514,40.548363]},"properties":{"line":"69N","mode":"bus","color":"#0059a9","colorDark":"#00294f","band":3,"off":[3,4.1]}},{"type":"Feature","geometry":{"type":"Point","coordinates":[22.984514,40.548363]},"properties":{"line":"72","mode":"bus","color":"#0059a9","colorDark":"#00294f","band":3,"off":[6,4.1]}},{"type":"Feature","geometry":{"type":"Point","coordinates":[22.984514,40.548363]},"properties":{"line":"72A","mode":"bus","color":"#0059a9","colorDark":"#00294f","band":3,"off":[-6,5.6]}},{"type":"Feature","geometry":{"type":"Point","coordinates":[22.984514,40.548363]},"properties":{"line":"72B","mode":"bus","color":"#0059a9","colorDark":"#00294f","band":3,"off":[-3,5.6]}},{"type":"Feature","geometry":{"type":"Point","coordinates":[22.984514,40.548363]},"properties":{"line":"72E","mode":"bus","color":"#0059a9","colorDark":"#00294f","band":3,"off":[0,5.6]}},{"type":"Feature","geometry":{"type":"Point","coordinates":[22.984514,40.548363]},"properties":{"line":"76","mode":"bus","color":"#0059a9","colorDark":"#00294f","band":3,"off":[3,5.6]}},{"type":"Feature","geometry":{"type":"Point","coordinates":[22.984514,40.548363]},"properties":{"line":"79A","mode":"bus","color":"#0059a9","colorDark":"#00294f","band":3,"off":[6,5.6]}},{"type":"Feature","geometry":{"type":"Point","coordinates":[22.984514,40.548363]},"properties":{"line":"79B","mode":"bus","color":"#0059a9","colorDark":"#00294f","band":3,"off":[-6,7.1]}},{"type":"Feature","geometry":{"type":"Point","coordinates":[22.984514,40.548363]},"properties":{"line":"79K","mode":"bus","color":"#0059a9","colorDark":"#00294f","band":3,"off":[-3,7.1]}},{"type":"Feature","geometry":{"type":"Point","coordinates":[22.984514,40.548363]},"properties":{"line":"79X","mode":"bus","color":"#0059a9","colorDark":"#00294f","band":3,"off":[0,7.1]}},{"type":"Feature","geometry":{"type":"Point","coordinates":[22.984514,40.548363]},"properties":{"line":"87A","mode":"bus","color":"#0059a9","colorDark":"#00294f","band":3,"off":[3,7.1]}},{"type":"Feature","geometry":{"type":"Point","coordinates":[22.984514,40.548363]},"properties":{"line":"87B","mode":"bus","color":"#0059a9","colorDark":"#00294f","band":3,"off":[6,7.1]}},{"type":"Feature","geometry":{"type":"Point","coordinates":[22.984514,40.548363]},"properties":{"line":"87E","mode":"bus","color":"#0059a9","colorDark":"#00294f","band":3,"off":[-6,8.6]}},{"type":"Feature","geometry":{"type":"Point","coordinates":[22.984514,40.548363]},"properties":{"line":"87F","mode":"bus","color":"#0059a9","colorDark":"#00294f","band":3,"off":[-3,8.6]}},{"type":"Feature","geometry":{"type":"Point","coordinates":[22.984514,40.548363]},"properties":{"line":"87H","mode":"bus","color":"#0059a9","colorDark":"#00294f","band":3,"off":[0,8.6]}},{"type":"Feature","geometry":{"type":"Point","coordinates":[22.984514,40.548363]},"properties":{"line":"87L","mode":"bus","color":"#0059a9","colorDark":"#00294f","band":3,"off":[3,8.6]}},{"type":"Feature","geometry":{"type":"Point","coordinates":[22.984514,40.548363]},"properties":{"line":"87M","mode":"bus","color":"#0059a9","colorDark":"#00294f","band":3,"off":[6,8.6]}},{"type":"Feature","geometry":{"type":"Point","coordinates":[22.984514,40.548363]},"properties":{"line":"87N","mode":"bus","color":"#0059a9","colorDark":"#00294f","band":3,"off":[-6,10.1]}},{"type":"Feature","geometry":{"type":"Point","coordinates":[22.984514,40.548363]},"properties":{"line":"87P","mode":"bus","color":"#0059a9","colorDark":"#00294f","band":3,"off":[-3,10.1]}},{"type":"Feature","geometry":{"type":"Point","coordinates":[22.984514,40.548363]},"properties":{"line":"87Q","mode":"bus","color":"#0059a9","colorDark":"#00294f","band":3,"off":[0,10.1]}},{"type":"Feature","geometry":{"type":"Point","coordinates":[22.984514,40.548363]},"properties":{"line":"87R","mode":"bus","color":"#0059a9","colorDark":"#00294f","band":3,"off":[3,10.1]}},{"type":"Feature","geometry":{"type":"Point","coordinates":[22.984514,40.548363]},"properties":{"line":"87T","mode":"bus","color":"#0059a9","colorDark":"#00294f","band":3,"off":[6,10.1]}},{"type":"Feature","geometry":{"type":"Point","coordinates":[22.984514,40.548363]},"properties":{"line":"88","mode":"bus","color":"#0059a9","colorDark":"#00294f","band":3,"off":[-6,11.6]}},{"type":"Feature","geometry":{"type":"Point","coordinates":[22.984514,40.548363]},"properties":{"line":"88A","mode":"bus","color":"#0059a9","colorDark":"#00294f","band":3,"off":[-3,11.6]}},{"type":"Feature","geometry":{"type":"Point","coordinates":[22.984514,40.548363]},"properties":{"line":"88B","mode":"bus","color":"#0059a9","colorDark":"#00294f","band":3,"off":[0,11.6]}},{"type":"Feature","geometry":{"type":"Point","coordinates":[22.984514,40.548363]},"properties":{"line":"88E","mode":"bus","color":"#0059a9","colorDark":"#00294f","band":3,"off":[3,11.6]}},{"type":"Feature","geometry":{"type":"Point","coordinates":[22.984514,40.548363]},"properties":{"line":"88H","mode":"bus","color":"#0059a9","colorDark":"#00294f","band":3,"off":[6,11.6]}},{"type":"Feature","geometry":{"type":"Point","coordinates":[22.984514,40.548363]},"properties":{"line":"88K","mode":"bus","color":"#0059a9","colorDark":"#00294f","band":3,"off":[-3,13.1]}},{"type":"Feature","geometry":{"type":"Point","coordinates":[22.984514,40.548363]},"properties":{"line":"88M","mode":"bus","color":"#0059a9","colorDark":"#00294f","band":3,"off":[0,13.1]}},{"type":"Feature","geometry":{"type":"Point","coordinates":[22.984514,40.548363]},"properties":{"line":"88N","mode":"bus","color":"#0059a9","colorDark":"#00294f","band":3,"off":[3,13.1]}},{"type":"Feature","geometry":{"type":"Point","coordinates":[22.96947,40.593112]},"properties":{"line":"02X","mode":"bus","color":"#0059a9","colorDark":"#00294f","band":3,"off":[-6,1.1]}},{"type":"Feature","geometry":{"type":"Point","coordinates":[22.96947,40.593112]},"properties":{"line":"04A","mode":"bus","color":"#0059a9","colorDark":"#00294f","band":3,"off":[-3,1.1]}},{"type":"Feature","geometry":{"type":"Point","coordinates":[22.96947,40.593112]},"properties":{"line":"04B","mode":"bus","color":"#0059a9","colorDark":"#00294f","band":3,"off":[0,1.1]}},{"type":"Feature","geometry":{"type":"Point","coordinates":[22.96947,40.593112]},"properties":{"line":"10","mode":"bus","color":"#0059a9","colorDark":"#00294f","band":3,"off":[3,1.1]}},{"type":"Feature","geometry":{"type":"Point","coordinates":[22.96947,40.593112]},"properties":{"line":"11T","mode":"bus","color":"#0059a9","colorDark":"#00294f","band":3,"off":[6,1.1]}},{"type":"Feature","geometry":{"type":"Point","coordinates":[22.96947,40.593112]},"properties":{"line":"36","mode":"bus","color":"#0059a9","colorDark":"#00294f","band":3,"off":[-6,2.6]}},{"type":"Feature","geometry":{"type":"Point","coordinates":[22.96947,40.593112]},"properties":{"line":"36A","mode":"bus","color":"#0059a9","colorDark":"#00294f","band":3,"off":[-3,2.6]}},{"type":"Feature","geometry":{"type":"Point","coordinates":[22.96947,40.593112]},"properties":{"line":"36B","mode":"bus","color":"#0059a9","colorDark":"#00294f","band":3,"off":[0,2.6]}},{"type":"Feature","geometry":{"type":"Point","coordinates":[22.96947,40.593112]},"properties":{"line":"36E","mode":"bus","color":"#0059a9","colorDark":"#00294f","band":3,"off":[3,2.6]}},{"type":"Feature","geometry":{"type":"Point","coordinates":[22.96947,40.593112]},"properties":{"line":"36H","mode":"bus","color":"#0059a9","colorDark":"#00294f","band":3,"off":[6,2.6]}},{"type":"Feature","geometry":{"type":"Point","coordinates":[22.96947,40.593112]},"properties":{"line":"36K","mode":"bus","color":"#0059a9","colorDark":"#00294f","band":3,"off":[-6,4.1]}},{"type":"Feature","geometry":{"type":"Point","coordinates":[22.96947,40.593112]},"properties":{"line":"36N","mode":"bus","color":"#0059a9","colorDark":"#00294f","band":3,"off":[-3,4.1]}},{"type":"Feature","geometry":{"type":"Point","coordinates":[22.96947,40.593112]},"properties":{"line":"36P","mode":"bus","color":"#0059a9","colorDark":"#00294f","band":3,"off":[0,4.1]}},{"type":"Feature","geometry":{"type":"Point","coordinates":[22.96947,40.593112]},"properties":{"line":"36T","mode":"bus","color":"#0059a9","colorDark":"#00294f","band":3,"off":[3,4.1]}},{"type":"Feature","geometry":{"type":"Point","coordinates":[22.96947,40.593112]},"properties":{"line":"36Y","mode":"bus","color":"#0059a9","colorDark":"#00294f","band":3,"off":[6,4.1]}},{"type":"Feature","geometry":{"type":"Point","coordinates":[22.96947,40.593112]},"properties":{"line":"36Z","mode":"bus","color":"#0059a9","colorDark":"#00294f","band":3,"off":[-4.5,5.6]}},{"type":"Feature","geometry":{"type":"Point","coordinates":[22.96947,40.593112]},"properties":{"line":"58Μ","mode":"bus","color":"#0059a9","colorDark":"#00294f","band":3,"off":[-1.5,5.6]}},{"type":"Feature","geometry":{"type":"Point","coordinates":[22.96947,40.593112]},"properties":{"line":"66","mode":"bus","color":"#0059a9","colorDark":"#00294f","band":3,"off":[1.5,5.6]}},{"type":"Feature","geometry":{"type":"Point","coordinates":[22.96947,40.593112]},"properties":{"line":"79X","mode":"bus","color":"#0059a9","colorDark":"#00294f","band":3,"off":[4.5,5.6]}},{"type":"Feature","geometry":{"type":"Point","coordinates":[22.927371,40.645497]},"properties":{"line":"03K","mode":"bus","color":"#0059a9","colorDark":"#00294f","band":3,"off":[-6,1.1]}},{"type":"Feature","geometry":{"type":"Point","coordinates":[22.927371,40.645497]},"properties":{"line":"10","mode":"bus","color":"#0059a9","colorDark":"#00294f","band":3,"off":[-3,1.1]}},{"type":"Feature","geometry":{"type":"Point","coordinates":[22.927371,40.645497]},"properties":{"line":"14","mode":"bus","color":"#0059a9","colorDark":"#00294f","band":3,"off":[0,1.1]}},{"type":"Feature","geometry":{"type":"Point","coordinates":[22.927371,40.645497]},"properties":{"line":"14A","mode":"bus","color":"#0059a9","colorDark":"#00294f","band":3,"off":[3,1.1]}},{"type":"Feature","geometry":{"type":"Point","coordinates":[22.927371,40.645497]},"properties":{"line":"52","mode":"bus","color":"#0059a9","colorDark":"#00294f","band":3,"off":[6,1.1]}},{"type":"Feature","geometry":{"type":"Point","coordinates":[22.968197,40.565901]},"properties":{"line":"04A","mode":"bus","color":"#0059a9","colorDark":"#00294f","band":3,"off":[-6,1.1]}},{"type":"Feature","geometry":{"type":"Point","coordinates":[22.968197,40.565901]},"properties":{"line":"04B","mode":"bus","color":"#0059a9","colorDark":"#00294f","band":3,"off":[-3,1.1]}},{"type":"Feature","geometry":{"type":"Point","coordinates":[22.968197,40.565901]},"properties":{"line":"05","mode":"bus","color":"#0059a9","colorDark":"#00294f","band":3,"off":[0,1.1]}},{"type":"Feature","geometry":{"type":"Point","coordinates":[22.968197,40.565901]},"properties":{"line":"05A","mode":"bus","color":"#0059a9","colorDark":"#00294f","band":3,"off":[3,1.1]}},{"type":"Feature","geometry":{"type":"Point","coordinates":[22.968197,40.565901]},"properties":{"line":"05B","mode":"bus","color":"#0059a9","colorDark":"#00294f","band":3,"off":[6,1.1]}},{"type":"Feature","geometry":{"type":"Point","coordinates":[22.968197,40.565901]},"properties":{"line":"06","mode":"bus","color":"#0059a9","colorDark":"#00294f","band":3,"off":[-1.5,2.6]}},{"type":"Feature","geometry":{"type":"Point","coordinates":[22.968197,40.565901]},"properties":{"line":"07","mode":"bus","color":"#0059a9","colorDark":"#00294f","band":3,"off":[1.5,2.6]}},{"type":"Feature","geometry":{"type":"Point","coordinates":[22.938864,40.634331]},"properties":{"line":"05","mode":"bus","color":"#0059a9","colorDark":"#00294f","band":3,"off":[-6,1.1]}},{"type":"Feature","geometry":{"type":"Point","coordinates":[22.938864,40.634331]},"properties":{"line":"05A","mode":"bus","color":"#0059a9","colorDark":"#00294f","band":3,"off":[-3,1.1]}},{"type":"Feature","geometry":{"type":"Point","coordinates":[22.938864,40.634331]},"properties":{"line":"05B","mode":"bus","color":"#0059a9","colorDark":"#00294f","band":3,"off":[0,1.1]}},{"type":"Feature","geometry":{"type":"Point","coordinates":[22.938864,40.634331]},"properties":{"line":"06","mode":"bus","color":"#0059a9","colorDark":"#00294f","band":3,"off":[3,1.1]}},{"type":"Feature","geometry":{"type":"Point","coordinates":[22.938864,40.634331]},"properties":{"line":"25","mode":"bus","color":"#0059a9","colorDark":"#00294f","band":3,"off":[6,1.1]}},{"type":"Feature","geometry":{"type":"Point","coordinates":[22.938864,40.634331]},"properties":{"line":"26","mode":"bus","color":"#0059a9","colorDark":"#00294f","band":3,"off":[-4.5,2.6]}},{"type":"Feature","geometry":{"type":"Point","coordinates":[22.938864,40.634331]},"properties":{"line":"33","mode":"bus","color":"#0059a9","colorDark":"#00294f","band":3,"off":[-1.5,2.6]}},{"type":"Feature","geometry":{"type":"Point","coordinates":[22.938864,40.634331]},"properties":{"line":"33A","mode":"bus","color":"#0059a9","colorDark":"#00294f","band":3,"off":[1.5,2.6]}},{"type":"Feature","geometry":{"type":"Point","coordinates":[22.938864,40.634331]},"properties":{"line":"33B","mode":"bus","color":"#0059a9","colorDark":"#00294f","band":3,"off":[4.5,2.6]}},{"type":"Feature","geometry":{"type":"Point","coordinates":[22.954208,40.630554]},"properties":{"line":"07","mode":"bus","color":"#0059a9","colorDark":"#00294f","band":3,"off":[-6,1.1]}},{"type":"Feature","geometry":{"type":"Point","coordinates":[22.954208,40.630554]},"properties":{"line":"11","mode":"bus","color":"#0059a9","colorDark":"#00294f","band":3,"off":[-3,1.1]}},{"type":"Feature","geometry":{"type":"Point","coordinates":[22.954208,40.630554]},"properties":{"line":"11B","mode":"bus","color":"#0059a9","colorDark":"#00294f","band":3,"off":[0,1.1]}},{"type":"Feature","geometry":{"type":"Point","coordinates":[22.954208,40.630554]},"properties":{"line":"11E","mode":"bus","color":"#0059a9","colorDark":"#00294f","band":3,"off":[3,1.1]}},{"type":"Feature","geometry":{"type":"Point","coordinates":[22.954208,40.630554]},"properties":{"line":"11M","mode":"bus","color":"#0059a9","colorDark":"#00294f","band":3,"off":[6,1.1]}},{"type":"Feature","geometry":{"type":"Point","coordinates":[22.931269,40.644661]},"properties":{"line":"09","mode":"bus","color":"#0059a9","colorDark":"#00294f","band":3,"off":[-6,1.1]}},{"type":"Feature","geometry":{"type":"Point","coordinates":[22.931269,40.644661]},"properties":{"line":"40","mode":"bus","color":"#0059a9","colorDark":"#00294f","band":3,"off":[-3,1.1]}},{"type":"Feature","geometry":{"type":"Point","coordinates":[22.931269,40.644661]},"properties":{"line":"40A","mode":"bus","color":"#0059a9","colorDark":"#00294f","band":3,"off":[0,1.1]}},{"type":"Feature","geometry":{"type":"Point","coordinates":[22.931269,40.644661]},"properties":{"line":"40K","mode":"bus","color":"#0059a9","colorDark":"#00294f","band":3,"off":[3,1.1]}},{"type":"Feature","geometry":{"type":"Point","coordinates":[22.931269,40.644661]},"properties":{"line":"51","mode":"bus","color":"#0059a9","colorDark":"#00294f","band":3,"off":[6,1.1]}},{"type":"Feature","geometry":{"type":"Point","coordinates":[22.931269,40.644661]},"properties":{"line":"51B","mode":"bus","color":"#0059a9","colorDark":"#00294f","band":3,"off":[-6,2.6]}},{"type":"Feature","geometry":{"type":"Point","coordinates":[22.931269,40.644661]},"properties":{"line":"55Y","mode":"bus","color":"#0059a9","colorDark":"#00294f","band":3,"off":[-3,2.6]}},{"type":"Feature","geometry":{"type":"Point","coordinates":[22.931269,40.644661]},"properties":{"line":"70","mode":"bus","color":"#0059a9","colorDark":"#00294f","band":3,"off":[0,2.6]}},{"type":"Feature","geometry":{"type":"Point","coordinates":[22.931269,40.644661]},"properties":{"line":"70A","mode":"bus","color":"#0059a9","colorDark":"#00294f","band":3,"off":[3,2.6]}},{"type":"Feature","geometry":{"type":"Point","coordinates":[22.931269,40.644661]},"properties":{"line":"71","mode":"bus","color":"#0059a9","colorDark":"#00294f","band":3,"off":[6,2.6]}},{"type":"Feature","geometry":{"type":"Point","coordinates":[22.931269,40.644661]},"properties":{"line":"71A","mode":"bus","color":"#0059a9","colorDark":"#00294f","band":3,"off":[0,4.1]}},{"type":"Feature","geometry":{"type":"Point","coordinates":[22.985812,40.594251]},"properties":{"line":"11","mode":"bus","color":"#0059a9","colorDark":"#00294f","band":3,"off":[-6,1.1]}},{"type":"Feature","geometry":{"type":"Point","coordinates":[22.985812,40.594251]},"properties":{"line":"11B","mode":"bus","color":"#0059a9","colorDark":"#00294f","band":3,"off":[-3,1.1]}},{"type":"Feature","geometry":{"type":"Point","coordinates":[22.985812,40.594251]},"properties":{"line":"11E","mode":"bus","color":"#0059a9","colorDark":"#00294f","band":3,"off":[0,1.1]}},{"type":"Feature","geometry":{"type":"Point","coordinates":[22.985812,40.594251]},"properties":{"line":"11M","mode":"bus","color":"#0059a9","colorDark":"#00294f","band":3,"off":[3,1.1]}},{"type":"Feature","geometry":{"type":"Point","coordinates":[22.985812,40.594251]},"properties":{"line":"11T","mode":"bus","color":"#0059a9","colorDark":"#00294f","band":3,"off":[6,1.1]}},{"type":"Feature","geometry":{"type":"Point","coordinates":[22.981718,40.60733]},"properties":{"line":"12","mode":"bus","color":"#0059a9","colorDark":"#00294f","band":3,"off":[0,1.1]}},{"type":"Feature","geometry":{"type":"Point","coordinates":[22.993713,40.610871]},"properties":{"line":"14","mode":"bus","color":"#0059a9","colorDark":"#00294f","band":3,"off":[-1.5,1.1]}},{"type":"Feature","geometry":{"type":"Point","coordinates":[22.993713,40.610871]},"properties":{"line":"14A","mode":"bus","color":"#0059a9","colorDark":"#00294f","band":3,"off":[1.5,1.1]}},{"type":"Feature","geometry":{"type":"Point","coordinates":[22.966699,40.6272]},"properties":{"line":"15","mode":"bus","color":"#0059a9","colorDark":"#00294f","band":3,"off":[-1.5,1.1]}},{"type":"Feature","geometry":{"type":"Point","coordinates":[22.966699,40.6272]},"properties":{"line":"16","mode":"bus","color":"#0059a9","colorDark":"#00294f","band":3,"off":[1.5,1.1]}},{"type":"Feature","geometry":{"type":"Point","coordinates":[22.975679,40.625349]},"properties":{"line":"17","mode":"bus","color":"#0059a9","colorDark":"#00294f","band":3,"off":[-3,1.1]}},{"type":"Feature","geometry":{"type":"Point","coordinates":[22.975679,40.625349]},"properties":{"line":"30","mode":"bus","color":"#0059a9","colorDark":"#00294f","band":3,"off":[0,1.1]}},{"type":"Feature","geometry":{"type":"Point","coordinates":[22.975679,40.625349]},"properties":{"line":"36X","mode":"bus","color":"#0059a9","colorDark":"#00294f","band":3,"off":[3,1.1]}},{"type":"Feature","geometry":{"type":"Point","coordinates":[22.941479,40.636518]},"properties":{"line":"17","mode":"bus","color":"#0059a9","colorDark":"#00294f","band":3,"off":[-4.5,1.1]}},{"type":"Feature","geometry":{"type":"Point","coordinates":[22.941479,40.636518]},"properties":{"line":"23","mode":"bus","color":"#0059a9","colorDark":"#00294f","band":3,"off":[-1.5,1.1]}},{"type":"Feature","geometry":{"type":"Point","coordinates":[22.941479,40.636518]},"properties":{"line":"24","mode":"bus","color":"#0059a9","colorDark":"#00294f","band":3,"off":[1.5,1.1]}},{"type":"Feature","geometry":{"type":"Point","coordinates":[22.941479,40.636518]},"properties":{"line":"58","mode":"bus","color":"#0059a9","colorDark":"#00294f","band":3,"off":[4.5,1.1]}},{"type":"Feature","geometry":{"type":"Point","coordinates":[22.902385,40.662613]},"properties":{"line":"18","mode":"bus","color":"#0059a9","colorDark":"#00294f","band":3,"off":[-6,1.1]}},{"type":"Feature","geometry":{"type":"Point","coordinates":[22.902385,40.662613]},"properties":{"line":"20","mode":"bus","color":"#0059a9","colorDark":"#00294f","band":3,"off":[-3,1.1]}},{"type":"Feature","geometry":{"type":"Point","coordinates":[22.902385,40.662613]},"properties":{"line":"42","mode":"bus","color":"#0059a9","colorDark":"#00294f","band":3,"off":[0,1.1]}},{"type":"Feature","geometry":{"type":"Point","coordinates":[22.902385,40.662613]},"properties":{"line":"42A","mode":"bus","color":"#0059a9","colorDark":"#00294f","band":3,"off":[3,1.1]}},{"type":"Feature","geometry":{"type":"Point","coordinates":[22.902385,40.662613]},"properties":{"line":"42B","mode":"bus","color":"#0059a9","colorDark":"#00294f","band":3,"off":[6,1.1]}},{"type":"Feature","geometry":{"type":"Point","coordinates":[22.961595,40.645198]},"properties":{"line":"18","mode":"bus","color":"#0059a9","colorDark":"#00294f","band":3,"off":[0,1.1]}},{"type":"Feature","geometry":{"type":"Point","coordinates":[22.928015,40.644928]},"properties":{"line":"19","mode":"bus","color":"#0059a9","colorDark":"#00294f","band":3,"off":[-6,1.1]}},{"type":"Feature","geometry":{"type":"Point","coordinates":[22.928015,40.644928]},"properties":{"line":"19A","mode":"bus","color":"#0059a9","colorDark":"#00294f","band":3,"off":[-3,1.1]}},{"type":"Feature","geometry":{"type":"Point","coordinates":[22.928015,40.644928]},"properties":{"line":"23","mode":"bus","color":"#0059a9","colorDark":"#00294f","band":3,"off":[0,1.1]}},{"type":"Feature","geometry":{"type":"Point","coordinates":[22.928015,40.644928]},"properties":{"line":"35","mode":"bus","color":"#0059a9","colorDark":"#00294f","band":3,"off":[3,1.1]}},{"type":"Feature","geometry":{"type":"Point","coordinates":[22.928015,40.644928]},"properties":{"line":"37","mode":"bus","color":"#0059a9","colorDark":"#00294f","band":3,"off":[6,1.1]}},{"type":"Feature","geometry":{"type":"Point","coordinates":[22.928015,40.644928]},"properties":{"line":"54","mode":"bus","color":"#0059a9","colorDark":"#00294f","band":3,"off":[-6,2.6]}},{"type":"Feature","geometry":{"type":"Point","coordinates":[22.928015,40.644928]},"properties":{"line":"54A","mode":"bus","color":"#0059a9","colorDark":"#00294f","band":3,"off":[-3,2.6]}},{"type":"Feature","geometry":{"type":"Point","coordinates":[22.928015,40.644928]},"properties":{"line":"55X","mode":"bus","color":"#0059a9","colorDark":"#00294f","band":3,"off":[0,2.6]}},{"type":"Feature","geometry":{"type":"Point","coordinates":[22.928015,40.644928]},"properties":{"line":"56","mode":"bus","color":"#0059a9","colorDark":"#00294f","band":3,"off":[3,2.6]}},{"type":"Feature","geometry":{"type":"Point","coordinates":[22.928015,40.644928]},"properties":{"line":"64","mode":"bus","color":"#0059a9","colorDark":"#00294f","band":3,"off":[6,2.6]}},{"type":"Feature","geometry":{"type":"Point","coordinates":[22.928015,40.644928]},"properties":{"line":"64A","mode":"bus","color":"#0059a9","colorDark":"#00294f","band":3,"off":[-4.5,4.1]}},{"type":"Feature","geometry":{"type":"Point","coordinates":[22.928015,40.644928]},"properties":{"line":"64B","mode":"bus","color":"#0059a9","colorDark":"#00294f","band":3,"off":[-1.5,4.1]}},{"type":"Feature","geometry":{"type":"Point","coordinates":[22.928015,40.644928]},"properties":{"line":"84A","mode":"bus","color":"#0059a9","colorDark":"#00294f","band":3,"off":[1.5,4.1]}},{"type":"Feature","geometry":{"type":"Point","coordinates":[22.928015,40.644928]},"properties":{"line":"84B","mode":"bus","color":"#0059a9","colorDark":"#00294f","band":3,"off":[4.5,4.1]}},{"type":"Feature","geometry":{"type":"Point","coordinates":[22.894745,40.666695]},"properties":{"line":"19","mode":"bus","color":"#0059a9","colorDark":"#00294f","band":3,"off":[-1.5,1.1]}},{"type":"Feature","geometry":{"type":"Point","coordinates":[22.894745,40.666695]},"properties":{"line":"19A","mode":"bus","color":"#0059a9","colorDark":"#00294f","band":3,"off":[1.5,1.1]}},{"type":"Feature","geometry":{"type":"Point","coordinates":[22.940227,40.636253]},"properties":{"line":"20","mode":"bus","color":"#0059a9","colorDark":"#00294f","band":3,"off":[-3,1.1]}},{"type":"Feature","geometry":{"type":"Point","coordinates":[22.940227,40.636253]},"properties":{"line":"21","mode":"bus","color":"#0059a9","colorDark":"#00294f","band":3,"off":[0,1.1]}},{"type":"Feature","geometry":{"type":"Point","coordinates":[22.940227,40.636253]},"properties":{"line":"57","mode":"bus","color":"#0059a9","colorDark":"#00294f","band":3,"off":[3,1.1]}},{"type":"Feature","geometry":{"type":"Point","coordinates":[22.909946,40.677376]},"properties":{"line":"21","mode":"bus","color":"#0059a9","colorDark":"#00294f","band":3,"off":[-6,1.1]}},{"type":"Feature","geometry":{"type":"Point","coordinates":[22.909946,40.677376]},"properties":{"line":"32","mode":"bus","color":"#0059a9","colorDark":"#00294f","band":3,"off":[-3,1.1]}},{"type":"Feature","geometry":{"type":"Point","coordinates":[22.909946,40.677376]},"properties":{"line":"32A","mode":"bus","color":"#0059a9","colorDark":"#00294f","band":3,"off":[0,1.1]}},{"type":"Feature","geometry":{"type":"Point","coordinates":[22.909946,40.677376]},"properties":{"line":"32N","mode":"bus","color":"#0059a9","colorDark":"#00294f","band":3,"off":[3,1.1]}},{"type":"Feature","geometry":{"type":"Point","coordinates":[22.909946,40.677376]},"properties":{"line":"43","mode":"bus","color":"#0059a9","colorDark":"#00294f","band":3,"off":[6,1.1]}},{"type":"Feature","geometry":{"type":"Point","coordinates":[22.909946,40.677376]},"properties":{"line":"43Y","mode":"bus","color":"#0059a9","colorDark":"#00294f","band":3,"off":[0,2.6]}},{"type":"Feature","geometry":{"type":"Point","coordinates":[22.945446,40.637278]},"properties":{"line":"22","mode":"bus","color":"#0059a9","colorDark":"#00294f","band":3,"off":[0,1.1]}},{"type":"Feature","geometry":{"type":"Point","coordinates":[22.957316,40.651671]},"properties":{"line":"23","mode":"bus","color":"#0059a9","colorDark":"#00294f","band":3,"off":[0,1.1]}},{"type":"Feature","geometry":{"type":"Point","coordinates":[22.938533,40.633738]},"properties":{"line":"24","mode":"bus","color":"#0059a9","colorDark":"#00294f","band":3,"off":[0,1.1]}},{"type":"Feature","geometry":{"type":"Point","coordinates":[22.96797,40.63587]},"properties":{"line":"24","mode":"bus","color":"#0059a9","colorDark":"#00294f","band":3,"off":[0,1.1]}},{"type":"Feature","geometry":{"type":"Point","coordinates":[22.964856,40.657615]},"properties":{"line":"25","mode":"bus","color":"#0059a9","colorDark":"#00294f","band":3,"off":[-3,1.1]}},{"type":"Feature","geometry":{"type":"Point","coordinates":[22.964856,40.657615]},"properties":{"line":"59","mode":"bus","color":"#0059a9","colorDark":"#00294f","band":3,"off":[0,1.1]}},{"type":"Feature","geometry":{"type":"Point","coordinates":[22.964856,40.657615]},"properties":{"line":"59K","mode":"bus","color":"#0059a9","colorDark":"#00294f","band":3,"off":[3,1.1]}},{"type":"Feature","geometry":{"type":"Point","coordinates":[22.942378,40.646786]},"properties":{"line":"26","mode":"bus","color":"#0059a9","colorDark":"#00294f","band":3,"off":[0,1.1]}},{"type":"Feature","geometry":{"type":"Point","coordinates":[22.936058,40.69152]},"properties":{"line":"27","mode":"bus","color":"#0059a9","colorDark":"#00294f","band":3,"off":[-6,1.1]}},{"type":"Feature","geometry":{"type":"Point","coordinates":[22.936058,40.69152]},"properties":{"line":"43","mode":"bus","color":"#0059a9","colorDark":"#00294f","band":3,"off":[-3,1.1]}},{"type":"Feature","geometry":{"type":"Point","coordinates":[22.936058,40.69152]},"properties":{"line":"55","mode":"bus","color":"#0059a9","colorDark":"#00294f","band":3,"off":[0,1.1]}},{"type":"Feature","geometry":{"type":"Point","coordinates":[22.936058,40.69152]},"properties":{"line":"55B","mode":"bus","color":"#0059a9","colorDark":"#00294f","band":3,"off":[3,1.1]}},{"type":"Feature","geometry":{"type":"Point","coordinates":[22.936058,40.69152]},"properties":{"line":"55E","mode":"bus","color":"#0059a9","colorDark":"#00294f","band":3,"off":[6,1.1]}},{"type":"Feature","geometry":{"type":"Point","coordinates":[22.936058,40.69152]},"properties":{"line":"55K","mode":"bus","color":"#0059a9","colorDark":"#00294f","band":3,"off":[-6,2.6]}},{"type":"Feature","geometry":{"type":"Point","coordinates":[22.936058,40.69152]},"properties":{"line":"55M","mode":"bus","color":"#0059a9","colorDark":"#00294f","band":3,"off":[-3,2.6]}},{"type":"Feature","geometry":{"type":"Point","coordinates":[22.936058,40.69152]},"properties":{"line":"55N","mode":"bus","color":"#0059a9","colorDark":"#00294f","band":3,"off":[0,2.6]}},{"type":"Feature","geometry":{"type":"Point","coordinates":[22.936058,40.69152]},"properties":{"line":"55P","mode":"bus","color":"#0059a9","colorDark":"#00294f","band":3,"off":[3,2.6]}},{"type":"Feature","geometry":{"type":"Point","coordinates":[22.936058,40.69152]},"properties":{"line":"55X","mode":"bus","color":"#0059a9","colorDark":"#00294f","band":3,"off":[6,2.6]}},{"type":"Feature","geometry":{"type":"Point","coordinates":[22.936058,40.69152]},"properties":{"line":"55Y","mode":"bus","color":"#0059a9","colorDark":"#00294f","band":3,"off":[-6,4.1]}},{"type":"Feature","geometry":{"type":"Point","coordinates":[22.936058,40.69152]},"properties":{"line":"83N","mode":"bus","color":"#0059a9","colorDark":"#00294f","band":3,"off":[-3,4.1]}},{"type":"Feature","geometry":{"type":"Point","coordinates":[22.936058,40.69152]},"properties":{"line":"85","mode":"bus","color":"#0059a9","colorDark":"#00294f","band":3,"off":[0,4.1]}},{"type":"Feature","geometry":{"type":"Point","coordinates":[22.936058,40.69152]},"properties":{"line":"85A","mode":"bus","color":"#0059a9","colorDark":"#00294f","band":3,"off":[3,4.1]}},{"type":"Feature","geometry":{"type":"Point","coordinates":[22.936058,40.69152]},"properties":{"line":"85B","mode":"bus","color":"#0059a9","colorDark":"#00294f","band":3,"off":[6,4.1]}},{"type":"Feature","geometry":{"type":"Point","coordinates":[22.936058,40.69152]},"properties":{"line":"85K","mode":"bus","color":"#0059a9","colorDark":"#00294f","band":3,"off":[-6,5.6]}},{"type":"Feature","geometry":{"type":"Point","coordinates":[22.936058,40.69152]},"properties":{"line":"85M","mode":"bus","color":"#0059a9","colorDark":"#00294f","band":3,"off":[-3,5.6]}},{"type":"Feature","geometry":{"type":"Point","coordinates":[22.936058,40.69152]},"properties":{"line":"85N","mode":"bus","color":"#0059a9","colorDark":"#00294f","band":3,"off":[0,5.6]}},{"type":"Feature","geometry":{"type":"Point","coordinates":[22.936058,40.69152]},"properties":{"line":"85T","mode":"bus","color":"#0059a9","colorDark":"#00294f","band":3,"off":[3,5.6]}},{"type":"Feature","geometry":{"type":"Point","coordinates":[22.936058,40.69152]},"properties":{"line":"85X","mode":"bus","color":"#0059a9","colorDark":"#00294f","band":3,"off":[6,5.6]}},{"type":"Feature","geometry":{"type":"Point","coordinates":[22.936058,40.69152]},"properties":{"line":"85Z","mode":"bus","color":"#0059a9","colorDark":"#00294f","band":3,"off":[-6,7.1]}},{"type":"Feature","geometry":{"type":"Point","coordinates":[22.936058,40.69152]},"properties":{"line":"86","mode":"bus","color":"#0059a9","colorDark":"#00294f","band":3,"off":[-3,7.1]}},{"type":"Feature","geometry":{"type":"Point","coordinates":[22.936058,40.69152]},"properties":{"line":"86A","mode":"bus","color":"#0059a9","colorDark":"#00294f","band":3,"off":[0,7.1]}},{"type":"Feature","geometry":{"type":"Point","coordinates":[22.936058,40.69152]},"properties":{"line":"86B","mode":"bus","color":"#0059a9","colorDark":"#00294f","band":3,"off":[3,7.1]}},{"type":"Feature","geometry":{"type":"Point","coordinates":[22.936058,40.69152]},"properties":{"line":"86E","mode":"bus","color":"#0059a9","colorDark":"#00294f","band":3,"off":[6,7.1]}},{"type":"Feature","geometry":{"type":"Point","coordinates":[22.936058,40.69152]},"properties":{"line":"86K","mode":"bus","color":"#0059a9","colorDark":"#00294f","band":3,"off":[-6,8.6]}},{"type":"Feature","geometry":{"type":"Point","coordinates":[22.936058,40.69152]},"properties":{"line":"86M","mode":"bus","color":"#0059a9","colorDark":"#00294f","band":3,"off":[-3,8.6]}},{"type":"Feature","geometry":{"type":"Point","coordinates":[22.936058,40.69152]},"properties":{"line":"86N","mode":"bus","color":"#0059a9","colorDark":"#00294f","band":3,"off":[0,8.6]}},{"type":"Feature","geometry":{"type":"Point","coordinates":[22.936058,40.69152]},"properties":{"line":"86R","mode":"bus","color":"#0059a9","colorDark":"#00294f","band":3,"off":[3,8.6]}},{"type":"Feature","geometry":{"type":"Point","coordinates":[22.936058,40.69152]},"properties":{"line":"86T","mode":"bus","color":"#0059a9","colorDark":"#00294f","band":3,"off":[6,8.6]}},{"type":"Feature","geometry":{"type":"Point","coordinates":[22.958709,40.625886]},"properties":{"line":"27","mode":"bus","color":"#0059a9","colorDark":"#00294f","band":3,"off":[-6,1.1]}},{"type":"Feature","geometry":{"type":"Point","coordinates":[22.958709,40.625886]},"properties":{"line":"28","mode":"bus","color":"#0059a9","colorDark":"#00294f","band":3,"off":[-3,1.1]}},{"type":"Feature","geometry":{"type":"Point","coordinates":[22.958709,40.625886]},"properties":{"line":"83","mode":"bus","color":"#0059a9","colorDark":"#00294f","band":3,"off":[0,1.1]}},{"type":"Feature","geometry":{"type":"Point","coordinates":[22.958709,40.625886]},"properties":{"line":"83A","mode":"bus","color":"#0059a9","colorDark":"#00294f","band":3,"off":[3,1.1]}},{"type":"Feature","geometry":{"type":"Point","coordinates":[22.958709,40.625886]},"properties":{"line":"83B","mode":"bus","color":"#0059a9","colorDark":"#00294f","band":3,"off":[6,1.1]}},{"type":"Feature","geometry":{"type":"Point","coordinates":[22.958709,40.625886]},"properties":{"line":"83M","mode":"bus","color":"#0059a9","colorDark":"#00294f","band":3,"off":[-1.5,2.6]}},{"type":"Feature","geometry":{"type":"Point","coordinates":[22.958709,40.625886]},"properties":{"line":"83X","mode":"bus","color":"#0059a9","colorDark":"#00294f","band":3,"off":[1.5,2.6]}},{"type":"Feature","geometry":{"type":"Point","coordinates":[22.96563,40.662014]},"properties":{"line":"29","mode":"bus","color":"#0059a9","colorDark":"#00294f","band":3,"off":[-1.5,1.1]}},{"type":"Feature","geometry":{"type":"Point","coordinates":[22.96563,40.662014]},"properties":{"line":"29A","mode":"bus","color":"#0059a9","colorDark":"#00294f","band":3,"off":[1.5,1.1]}},{"type":"Feature","geometry":{"type":"Point","coordinates":[22.943602,40.63535]},"properties":{"line":"29","mode":"bus","color":"#0059a9","colorDark":"#00294f","band":3,"off":[-6,1.1]}},{"type":"Feature","geometry":{"type":"Point","coordinates":[22.943602,40.63535]},"properties":{"line":"29A","mode":"bus","color":"#0059a9","colorDark":"#00294f","band":3,"off":[-3,1.1]}},{"type":"Feature","geometry":{"type":"Point","coordinates":[22.943602,40.63535]},"properties":{"line":"32","mode":"bus","color":"#0059a9","colorDark":"#00294f","band":3,"off":[0,1.1]}},{"type":"Feature","geometry":{"type":"Point","coordinates":[22.943602,40.63535]},"properties":{"line":"32A","mode":"bus","color":"#0059a9","colorDark":"#00294f","band":3,"off":[3,1.1]}},{"type":"Feature","geometry":{"type":"Point","coordinates":[22.943602,40.63535]},"properties":{"line":"34","mode":"bus","color":"#0059a9","colorDark":"#00294f","band":3,"off":[6,1.1]}},{"type":"Feature","geometry":{"type":"Point","coordinates":[22.943602,40.63535]},"properties":{"line":"34A","mode":"bus","color":"#0059a9","colorDark":"#00294f","band":3,"off":[-3,2.6]}},{"type":"Feature","geometry":{"type":"Point","coordinates":[22.943602,40.63535]},"properties":{"line":"38","mode":"bus","color":"#0059a9","colorDark":"#00294f","band":3,"off":[0,2.6]}},{"type":"Feature","geometry":{"type":"Point","coordinates":[22.943602,40.63535]},"properties":{"line":"52B","mode":"bus","color":"#0059a9","colorDark":"#00294f","band":3,"off":[3,2.6]}},{"type":"Feature","geometry":{"type":"Point","coordinates":[22.955625,40.594156]},"properties":{"line":"30","mode":"bus","color":"#0059a9","colorDark":"#00294f","band":3,"off":[0,1.1]}},{"type":"Feature","geometry":{"type":"Point","coordinates":[22.964243,40.596575]},"properties":{"line":"31","mode":"bus","color":"#0059a9","colorDark":"#00294f","band":3,"off":[-6,1.1]}},{"type":"Feature","geometry":{"type":"Point","coordinates":[22.964243,40.596575]},"properties":{"line":"32N","mode":"bus","color":"#0059a9","colorDark":"#00294f","band":3,"off":[-3,1.1]}},{"type":"Feature","geometry":{"type":"Point","coordinates":[22.964243,40.596575]},"properties":{"line":"36","mode":"bus","color":"#0059a9","colorDark":"#00294f","band":3,"off":[0,1.1]}},{"type":"Feature","geometry":{"type":"Point","coordinates":[22.964243,40.596575]},"properties":{"line":"36A","mode":"bus","color":"#0059a9","colorDark":"#00294f","band":3,"off":[3,1.1]}},{"type":"Feature","geometry":{"type":"Point","coordinates":[22.964243,40.596575]},"properties":{"line":"36B","mode":"bus","color":"#0059a9","colorDark":"#00294f","band":3,"off":[6,1.1]}},{"type":"Feature","geometry":{"type":"Point","coordinates":[22.964243,40.596575]},"properties":{"line":"36E","mode":"bus","color":"#0059a9","colorDark":"#00294f","band":3,"off":[-6,2.6]}},{"type":"Feature","geometry":{"type":"Point","coordinates":[22.964243,40.596575]},"properties":{"line":"36H","mode":"bus","color":"#0059a9","colorDark":"#00294f","band":3,"off":[-3,2.6]}},{"type":"Feature","geometry":{"type":"Point","coordinates":[22.964243,40.596575]},"properties":{"line":"36K","mode":"bus","color":"#0059a9","colorDark":"#00294f","band":3,"off":[0,2.6]}},{"type":"Feature","geometry":{"type":"Point","coordinates":[22.964243,40.596575]},"properties":{"line":"36N","mode":"bus","color":"#0059a9","colorDark":"#00294f","band":3,"off":[3,2.6]}},{"type":"Feature","geometry":{"type":"Point","coordinates":[22.964243,40.596575]},"properties":{"line":"36P","mode":"bus","color":"#0059a9","colorDark":"#00294f","band":3,"off":[6,2.6]}},{"type":"Feature","geometry":{"type":"Point","coordinates":[22.964243,40.596575]},"properties":{"line":"36T","mode":"bus","color":"#0059a9","colorDark":"#00294f","band":3,"off":[-4.5,4.1]}},{"type":"Feature","geometry":{"type":"Point","coordinates":[22.964243,40.596575]},"properties":{"line":"36Y","mode":"bus","color":"#0059a9","colorDark":"#00294f","band":3,"off":[-1.5,4.1]}},{"type":"Feature","geometry":{"type":"Point","coordinates":[22.964243,40.596575]},"properties":{"line":"36Z","mode":"bus","color":"#0059a9","colorDark":"#00294f","band":3,"off":[1.5,4.1]}},{"type":"Feature","geometry":{"type":"Point","coordinates":[22.964243,40.596575]},"properties":{"line":"43Y","mode":"bus","color":"#0059a9","colorDark":"#00294f","band":3,"off":[4.5,4.1]}},{"type":"Feature","geometry":{"type":"Point","coordinates":[22.971543,40.583681]},"properties":{"line":"33","mode":"bus","color":"#0059a9","colorDark":"#00294f","band":3,"off":[-6,1.1]}},{"type":"Feature","geometry":{"type":"Point","coordinates":[22.971543,40.583681]},"properties":{"line":"33A","mode":"bus","color":"#0059a9","colorDark":"#00294f","band":3,"off":[-3,1.1]}},{"type":"Feature","geometry":{"type":"Point","coordinates":[22.971543,40.583681]},"properties":{"line":"33B","mode":"bus","color":"#0059a9","colorDark":"#00294f","band":3,"off":[0,1.1]}},{"type":"Feature","geometry":{"type":"Point","coordinates":[22.971543,40.583681]},"properties":{"line":"39","mode":"bus","color":"#0059a9","colorDark":"#00294f","band":3,"off":[3,1.1]}},{"type":"Feature","geometry":{"type":"Point","coordinates":[22.971543,40.583681]},"properties":{"line":"39A","mode":"bus","color":"#0059a9","colorDark":"#00294f","band":3,"off":[6,1.1]}},{"type":"Feature","geometry":{"type":"Point","coordinates":[22.971543,40.583681]},"properties":{"line":"39B","mode":"bus","color":"#0059a9","colorDark":"#00294f","band":3,"off":[0,2.6]}},{"type":"Feature","geometry":{"type":"Point","coordinates":[22.930845,40.68456]},"properties":{"line":"34","mode":"bus","color":"#0059a9","colorDark":"#00294f","band":3,"off":[-1.5,1.1]}},{"type":"Feature","geometry":{"type":"Point","coordinates":[22.930845,40.68456]},"properties":{"line":"34A","mode":"bus","color":"#0059a9","colorDark":"#00294f","band":3,"off":[1.5,1.1]}},{"type":"Feature","geometry":{"type":"Point","coordinates":[22.963125,40.660026]},"properties":{"line":"35","mode":"bus","color":"#0059a9","colorDark":"#00294f","band":3,"off":[0,1.1]}},{"type":"Feature","geometry":{"type":"Point","coordinates":[22.992028,40.556631]},"properties":{"line":"36","mode":"bus","color":"#0059a9","colorDark":"#00294f","band":3,"off":[-4.5,1.1]}},{"type":"Feature","geometry":{"type":"Point","coordinates":[22.992028,40.556631]},"properties":{"line":"36A","mode":"bus","color":"#0059a9","colorDark":"#00294f","band":3,"off":[-1.5,1.1]}},{"type":"Feature","geometry":{"type":"Point","coordinates":[22.992028,40.556631]},"properties":{"line":"36B","mode":"bus","color":"#0059a9","colorDark":"#00294f","band":3,"off":[1.5,1.1]}},{"type":"Feature","geometry":{"type":"Point","coordinates":[22.992028,40.556631]},"properties":{"line":"36Z","mode":"bus","color":"#0059a9","colorDark":"#00294f","band":3,"off":[4.5,1.1]}},{"type":"Feature","geometry":{"type":"Point","coordinates":[22.9782,40.618644]},"properties":{"line":"37","mode":"bus","color":"#0059a9","colorDark":"#00294f","band":3,"off":[0,1.1]}},{"type":"Feature","geometry":{"type":"Point","coordinates":[22.95189,40.692229]},"properties":{"line":"38","mode":"bus","color":"#0059a9","colorDark":"#00294f","band":3,"off":[0,1.1]}},{"type":"Feature","geometry":{"type":"Point","coordinates":[22.933201,40.639996]},"properties":{"line":"39","mode":"bus","color":"#0059a9","colorDark":"#00294f","band":3,"off":[-3,1.1]}},{"type":"Feature","geometry":{"type":"Point","coordinates":[22.933201,40.639996]},"properties":{"line":"39A","mode":"bus","color":"#0059a9","colorDark":"#00294f","band":3,"off":[0,1.1]}},{"type":"Feature","geometry":{"type":"Point","coordinates":[22.933201,40.639996]},"properties":{"line":"39B","mode":"bus","color":"#0059a9","colorDark":"#00294f","band":3,"off":[3,1.1]}},{"type":"Feature","geometry":{"type":"Point","coordinates":[22.856171,40.641449]},"properties":{"line":"40","mode":"bus","color":"#0059a9","colorDark":"#00294f","band":3,"off":[-3,1.1]}},{"type":"Feature","geometry":{"type":"Point","coordinates":[22.856171,40.641449]},"properties":{"line":"40A","mode":"bus","color":"#0059a9","colorDark":"#00294f","band":3,"off":[0,1.1]}},{"type":"Feature","geometry":{"type":"Point","coordinates":[22.856171,40.641449]},"properties":{"line":"40K","mode":"bus","color":"#0059a9","colorDark":"#00294f","band":3,"off":[3,1.1]}},{"type":"Feature","geometry":{"type":"Point","coordinates":[22.902427,40.68944]},"properties":{"line":"42","mode":"bus","color":"#0059a9","colorDark":"#00294f","band":3,"off":[-3,1.1]}},{"type":"Feature","geometry":{"type":"Point","coordinates":[22.902427,40.68944]},"properties":{"line":"42A","mode":"bus","color":"#0059a9","colorDark":"#00294f","band":3,"off":[0,1.1]}},{"type":"Feature","geometry":{"type":"Point","coordinates":[22.902427,40.68944]},"properties":{"line":"42B","mode":"bus","color":"#0059a9","colorDark":"#00294f","band":3,"off":[3,1.1]}},{"type":"Feature","geometry":{"type":"Point","coordinates":[22.984115,40.575106]},"properties":{"line":"45A","mode":"bus","color":"#0059a9","colorDark":"#00294f","band":3,"off":[-4.5,1.1]}},{"type":"Feature","geometry":{"type":"Point","coordinates":[22.984115,40.575106]},"properties":{"line":"79A","mode":"bus","color":"#0059a9","colorDark":"#00294f","band":3,"off":[-1.5,1.1]}},{"type":"Feature","geometry":{"type":"Point","coordinates":[22.984115,40.575106]},"properties":{"line":"79B","mode":"bus","color":"#0059a9","colorDark":"#00294f","band":3,"off":[1.5,1.1]}},{"type":"Feature","geometry":{"type":"Point","coordinates":[22.984115,40.575106]},"properties":{"line":"79K","mode":"bus","color":"#0059a9","colorDark":"#00294f","band":3,"off":[4.5,1.1]}},{"type":"Feature","geometry":{"type":"Point","coordinates":[22.949623,40.625829]},"properties":{"line":"50","mode":"bus","color":"#0059a9","colorDark":"#00294f","band":3,"off":[0,1.1]}},{"type":"Feature","geometry":{"type":"Point","coordinates":[22.800805,40.664109]},"properties":{"line":"51","mode":"bus","color":"#0059a9","colorDark":"#00294f","band":3,"off":[-6,1.1]}},{"type":"Feature","geometry":{"type":"Point","coordinates":[22.800805,40.664109]},"properties":{"line":"51A","mode":"bus","color":"#0059a9","colorDark":"#00294f","band":3,"off":[-3,1.1]}},{"type":"Feature","geometry":{"type":"Point","coordinates":[22.800805,40.664109]},"properties":{"line":"51B","mode":"bus","color":"#0059a9","colorDark":"#00294f","band":3,"off":[0,1.1]}},{"type":"Feature","geometry":{"type":"Point","coordinates":[22.800805,40.664109]},"properties":{"line":"52","mode":"bus","color":"#0059a9","colorDark":"#00294f","band":3,"off":[3,1.1]}},{"type":"Feature","geometry":{"type":"Point","coordinates":[22.800805,40.664109]},"properties":{"line":"52B","mode":"bus","color":"#0059a9","colorDark":"#00294f","band":3,"off":[6,1.1]}},{"type":"Feature","geometry":{"type":"Point","coordinates":[22.800805,40.664109]},"properties":{"line":"53","mode":"bus","color":"#0059a9","colorDark":"#00294f","band":3,"off":[-4.5,2.6]}},{"type":"Feature","geometry":{"type":"Point","coordinates":[22.800805,40.664109]},"properties":{"line":"53A","mode":"bus","color":"#0059a9","colorDark":"#00294f","band":3,"off":[-1.5,2.6]}},{"type":"Feature","geometry":{"type":"Point","coordinates":[22.800805,40.664109]},"properties":{"line":"53B","mode":"bus","color":"#0059a9","colorDark":"#00294f","band":3,"off":[1.5,2.6]}},{"type":"Feature","geometry":{"type":"Point","coordinates":[22.800805,40.664109]},"properties":{"line":"53Σ","mode":"bus","color":"#0059a9","colorDark":"#00294f","band":3,"off":[4.5,2.6]}},{"type":"Feature","geometry":{"type":"Point","coordinates":[22.838209,40.686472]},"properties":{"line":"54","mode":"bus","color":"#0059a9","colorDark":"#00294f","band":3,"off":[-1.5,1.1]}},{"type":"Feature","geometry":{"type":"Point","coordinates":[22.838209,40.686472]},"properties":{"line":"54A","mode":"bus","color":"#0059a9","colorDark":"#00294f","band":3,"off":[1.5,1.1]}},{"type":"Feature","geometry":{"type":"Point","coordinates":[22.905975,40.723279]},"properties":{"line":"56","mode":"bus","color":"#0059a9","colorDark":"#00294f","band":3,"off":[0,1.1]}},{"type":"Feature","geometry":{"type":"Point","coordinates":[22.914637,40.726814]},"properties":{"line":"56","mode":"bus","color":"#0059a9","colorDark":"#00294f","band":3,"off":[-1.5,1.1]}},{"type":"Feature","geometry":{"type":"Point","coordinates":[22.914637,40.726814]},"properties":{"line":"84M","mode":"bus","color":"#0059a9","colorDark":"#00294f","band":3,"off":[1.5,1.1]}},{"type":"Feature","geometry":{"type":"Point","coordinates":[23.062641,40.624531]},"properties":{"line":"57","mode":"bus","color":"#0059a9","colorDark":"#00294f","band":3,"off":[-3,1.1]}},{"type":"Feature","geometry":{"type":"Point","coordinates":[23.062641,40.624531]},"properties":{"line":"58","mode":"bus","color":"#0059a9","colorDark":"#00294f","band":3,"off":[0,1.1]}},{"type":"Feature","geometry":{"type":"Point","coordinates":[23.062641,40.624531]},"properties":{"line":"61","mode":"bus","color":"#0059a9","colorDark":"#00294f","band":3,"off":[3,1.1]}},{"type":"Feature","geometry":{"type":"Point","coordinates":[22.939843,40.63497]},"properties":{"line":"58","mode":"bus","color":"#0059a9","colorDark":"#00294f","band":3,"off":[0,1.1]}},{"type":"Feature","geometry":{"type":"Point","coordinates":[23.033877,40.581928]},"properties":{"line":"60A","mode":"bus","color":"#0059a9","colorDark":"#00294f","band":3,"off":[-3,1.1]}},{"type":"Feature","geometry":{"type":"Point","coordinates":[23.033877,40.581928]},"properties":{"line":"60B","mode":"bus","color":"#0059a9","colorDark":"#00294f","band":3,"off":[0,1.1]}},{"type":"Feature","geometry":{"type":"Point","coordinates":[23.033877,40.581928]},"properties":{"line":"60E","mode":"bus","color":"#0059a9","colorDark":"#00294f","band":3,"off":[3,1.1]}},{"type":"Feature","geometry":{"type":"Point","coordinates":[23.10022,40.60833]},"properties":{"line":"61","mode":"bus","color":"#0059a9","colorDark":"#00294f","band":3,"off":[0,1.1]}},{"type":"Feature","geometry":{"type":"Point","coordinates":[23.000469,40.69971]},"properties":{"line":"64","mode":"bus","color":"#0059a9","colorDark":"#00294f","band":3,"off":[-3,1.1]}},{"type":"Feature","geometry":{"type":"Point","coordinates":[23.000469,40.69971]},"properties":{"line":"64A","mode":"bus","color":"#0059a9","colorDark":"#00294f","band":3,"off":[0,1.1]}},{"type":"Feature","geometry":{"type":"Point","coordinates":[23.000469,40.69971]},"properties":{"line":"64B","mode":"bus","color":"#0059a9","colorDark":"#00294f","band":3,"off":[3,1.1]}},{"type":"Feature","geometry":{"type":"Point","coordinates":[23.019417,40.546083]},"properties":{"line":"66","mode":"bus","color":"#0059a9","colorDark":"#00294f","band":3,"off":[0,1.1]}},{"type":"Feature","geometry":{"type":"Point","coordinates":[23.047892,40.549833]},"properties":{"line":"67","mode":"bus","color":"#0059a9","colorDark":"#00294f","band":3,"off":[-3,1.1]}},{"type":"Feature","geometry":{"type":"Point","coordinates":[23.047892,40.549833]},"properties":{"line":"67A","mode":"bus","color":"#0059a9","colorDark":"#00294f","band":3,"off":[0,1.1]}},{"type":"Feature","geometry":{"type":"Point","coordinates":[23.047892,40.549833]},"properties":{"line":"67B","mode":"bus","color":"#0059a9","colorDark":"#00294f","band":3,"off":[3,1.1]}},{"type":"Feature","geometry":{"type":"Point","coordinates":[22.895742,40.407363]},"properties":{"line":"69A","mode":"bus","color":"#0059a9","colorDark":"#00294f","band":3,"off":[-1.5,1.1]}},{"type":"Feature","geometry":{"type":"Point","coordinates":[22.895742,40.407363]},"properties":{"line":"70","mode":"bus","color":"#0059a9","colorDark":"#00294f","band":3,"off":[1.5,1.1]}},{"type":"Feature","geometry":{"type":"Point","coordinates":[22.868263,40.439621]},"properties":{"line":"69B","mode":"bus","color":"#0059a9","colorDark":"#00294f","band":3,"off":[-1.5,1.1]}},{"type":"Feature","geometry":{"type":"Point","coordinates":[22.868263,40.439621]},"properties":{"line":"70A","mode":"bus","color":"#0059a9","colorDark":"#00294f","band":3,"off":[1.5,1.1]}},{"type":"Feature","geometry":{"type":"Point","coordinates":[22.929529,40.428695]},"properties":{"line":"69H","mode":"bus","color":"#0059a9","colorDark":"#00294f","band":3,"off":[-3,1.1]}},{"type":"Feature","geometry":{"type":"Point","coordinates":[22.929529,40.428695]},"properties":{"line":"77","mode":"bus","color":"#0059a9","colorDark":"#00294f","band":3,"off":[0,1.1]}},{"type":"Feature","geometry":{"type":"Point","coordinates":[22.929529,40.428695]},"properties":{"line":"77H","mode":"bus","color":"#0059a9","colorDark":"#00294f","band":3,"off":[3,1.1]}},{"type":"Feature","geometry":{"type":"Point","coordinates":[23.007611,40.350112]},"properties":{"line":"69N","mode":"bus","color":"#0059a9","colorDark":"#00294f","band":3,"off":[0,1.1]}},{"type":"Feature","geometry":{"type":"Point","coordinates":[22.87144,40.46383]},"properties":{"line":"71","mode":"bus","color":"#0059a9","colorDark":"#00294f","band":3,"off":[-6,1.1]}},{"type":"Feature","geometry":{"type":"Point","coordinates":[22.87144,40.46383]},"properties":{"line":"71A","mode":"bus","color":"#0059a9","colorDark":"#00294f","band":3,"off":[-3,1.1]}},{"type":"Feature","geometry":{"type":"Point","coordinates":[22.87144,40.46383]},"properties":{"line":"72","mode":"bus","color":"#0059a9","colorDark":"#00294f","band":3,"off":[0,1.1]}},{"type":"Feature","geometry":{"type":"Point","coordinates":[22.87144,40.46383]},"properties":{"line":"72A","mode":"bus","color":"#0059a9","colorDark":"#00294f","band":3,"off":[3,1.1]}},{"type":"Feature","geometry":{"type":"Point","coordinates":[22.87144,40.46383]},"properties":{"line":"72B","mode":"bus","color":"#0059a9","colorDark":"#00294f","band":3,"off":[6,1.1]}},{"type":"Feature","geometry":{"type":"Point","coordinates":[22.87144,40.46383]},"properties":{"line":"72E","mode":"bus","color":"#0059a9","colorDark":"#00294f","band":3,"off":[0,2.6]}},{"type":"Feature","geometry":{"type":"Point","coordinates":[22.819039,40.496898]},"properties":{"line":"76","mode":"bus","color":"#0059a9","colorDark":"#00294f","band":3,"off":[-1.5,1.1]}},{"type":"Feature","geometry":{"type":"Point","coordinates":[22.819039,40.496898]},"properties":{"line":"76A","mode":"bus","color":"#0059a9","colorDark":"#00294f","band":3,"off":[1.5,1.1]}},{"type":"Feature","geometry":{"type":"Point","coordinates":[22.867964,40.475262]},"properties":{"line":"77","mode":"bus","color":"#0059a9","colorDark":"#00294f","band":3,"off":[0,1.1]}},{"type":"Feature","geometry":{"type":"Point","coordinates":[22.9218,40.38204]},"properties":{"line":"77H","mode":"bus","color":"#0059a9","colorDark":"#00294f","band":3,"off":[0,1.1]}},{"type":"Feature","geometry":{"type":"Point","coordinates":[22.677226,40.615114]},"properties":{"line":"80","mode":"bus","color":"#0059a9","colorDark":"#00294f","band":3,"off":[-6,1.1]}},{"type":"Feature","geometry":{"type":"Point","coordinates":[22.677226,40.615114]},"properties":{"line":"80A","mode":"bus","color":"#0059a9","colorDark":"#00294f","band":3,"off":[-3,1.1]}},{"type":"Feature","geometry":{"type":"Point","coordinates":[22.677226,40.615114]},"properties":{"line":"80B","mode":"bus","color":"#0059a9","colorDark":"#00294f","band":3,"off":[0,1.1]}},{"type":"Feature","geometry":{"type":"Point","coordinates":[22.677226,40.615114]},"properties":{"line":"80E","mode":"bus","color":"#0059a9","colorDark":"#00294f","band":3,"off":[3,1.1]}},{"type":"Feature","geometry":{"type":"Point","coordinates":[22.677226,40.615114]},"properties":{"line":"80Z","mode":"bus","color":"#0059a9","colorDark":"#00294f","band":3,"off":[6,1.1]}},{"type":"Feature","geometry":{"type":"Point","coordinates":[22.677226,40.615114]},"properties":{"line":"90","mode":"bus","color":"#0059a9","colorDark":"#00294f","band":3,"off":[-1.5,2.6]}},{"type":"Feature","geometry":{"type":"Point","coordinates":[22.677226,40.615114]},"properties":{"line":"90A","mode":"bus","color":"#0059a9","colorDark":"#00294f","band":3,"off":[1.5,2.6]}},{"type":"Feature","geometry":{"type":"Point","coordinates":[22.577217,40.786414]},"properties":{"line":"81A","mode":"bus","color":"#0059a9","colorDark":"#00294f","band":3,"off":[-6,1.1]}},{"type":"Feature","geometry":{"type":"Point","coordinates":[22.577217,40.786414]},"properties":{"line":"81B","mode":"bus","color":"#0059a9","colorDark":"#00294f","band":3,"off":[-3,1.1]}},{"type":"Feature","geometry":{"type":"Point","coordinates":[22.577217,40.786414]},"properties":{"line":"81E","mode":"bus","color":"#0059a9","colorDark":"#00294f","band":3,"off":[0,1.1]}},{"type":"Feature","geometry":{"type":"Point","coordinates":[22.577217,40.786414]},"properties":{"line":"81K","mode":"bus","color":"#0059a9","colorDark":"#00294f","band":3,"off":[3,1.1]}},{"type":"Feature","geometry":{"type":"Point","coordinates":[22.577217,40.786414]},"properties":{"line":"90","mode":"bus","color":"#0059a9","colorDark":"#00294f","band":3,"off":[6,1.1]}},{"type":"Feature","geometry":{"type":"Point","coordinates":[22.577217,40.786414]},"properties":{"line":"90E","mode":"bus","color":"#0059a9","colorDark":"#00294f","band":3,"off":[-6,2.6]}},{"type":"Feature","geometry":{"type":"Point","coordinates":[22.577217,40.786414]},"properties":{"line":"92","mode":"bus","color":"#0059a9","colorDark":"#00294f","band":3,"off":[-3,2.6]}},{"type":"Feature","geometry":{"type":"Point","coordinates":[22.577217,40.786414]},"properties":{"line":"92A","mode":"bus","color":"#0059a9","colorDark":"#00294f","band":3,"off":[0,2.6]}},{"type":"Feature","geometry":{"type":"Point","coordinates":[22.577217,40.786414]},"properties":{"line":"92E","mode":"bus","color":"#0059a9","colorDark":"#00294f","band":3,"off":[3,2.6]}},{"type":"Feature","geometry":{"type":"Point","coordinates":[22.577217,40.786414]},"properties":{"line":"92P","mode":"bus","color":"#0059a9","colorDark":"#00294f","band":3,"off":[6,2.6]}},{"type":"Feature","geometry":{"type":"Point","coordinates":[22.907403,40.801861]},"properties":{"line":"82E","mode":"bus","color":"#0059a9","colorDark":"#00294f","band":3,"off":[-4.5,1.1]}},{"type":"Feature","geometry":{"type":"Point","coordinates":[22.907403,40.801861]},"properties":{"line":"82K","mode":"bus","color":"#0059a9","colorDark":"#00294f","band":3,"off":[-1.5,1.1]}},{"type":"Feature","geometry":{"type":"Point","coordinates":[22.907403,40.801861]},"properties":{"line":"82M","mode":"bus","color":"#0059a9","colorDark":"#00294f","band":3,"off":[1.5,1.1]}},{"type":"Feature","geometry":{"type":"Point","coordinates":[22.907403,40.801861]},"properties":{"line":"82N","mode":"bus","color":"#0059a9","colorDark":"#00294f","band":3,"off":[4.5,1.1]}},{"type":"Feature","geometry":{"type":"Point","coordinates":[23.065601,40.743611]},"properties":{"line":"83","mode":"bus","color":"#0059a9","colorDark":"#00294f","band":3,"off":[-6,1.1]}},{"type":"Feature","geometry":{"type":"Point","coordinates":[23.065601,40.743611]},"properties":{"line":"83B","mode":"bus","color":"#0059a9","colorDark":"#00294f","band":3,"off":[-3,1.1]}},{"type":"Feature","geometry":{"type":"Point","coordinates":[23.065601,40.743611]},"properties":{"line":"83M","mode":"bus","color":"#0059a9","colorDark":"#00294f","band":3,"off":[0,1.1]}},{"type":"Feature","geometry":{"type":"Point","coordinates":[23.065601,40.743611]},"properties":{"line":"85H","mode":"bus","color":"#0059a9","colorDark":"#00294f","band":3,"off":[3,1.1]}},{"type":"Feature","geometry":{"type":"Point","coordinates":[23.065601,40.743611]},"properties":{"line":"85X","mode":"bus","color":"#0059a9","colorDark":"#00294f","band":3,"off":[6,1.1]}},{"type":"Feature","geometry":{"type":"Point","coordinates":[23.065601,40.743611]},"properties":{"line":"91A","mode":"bus","color":"#0059a9","colorDark":"#00294f","band":3,"off":[-6,2.6]}},{"type":"Feature","geometry":{"type":"Point","coordinates":[23.065601,40.743611]},"properties":{"line":"91E","mode":"bus","color":"#0059a9","colorDark":"#00294f","band":3,"off":[-3,2.6]}},{"type":"Feature","geometry":{"type":"Point","coordinates":[23.065601,40.743611]},"properties":{"line":"91H","mode":"bus","color":"#0059a9","colorDark":"#00294f","band":3,"off":[0,2.6]}},{"type":"Feature","geometry":{"type":"Point","coordinates":[23.065601,40.743611]},"properties":{"line":"91K","mode":"bus","color":"#0059a9","colorDark":"#00294f","band":3,"off":[3,2.6]}},{"type":"Feature","geometry":{"type":"Point","coordinates":[23.065601,40.743611]},"properties":{"line":"91N","mode":"bus","color":"#0059a9","colorDark":"#00294f","band":3,"off":[6,2.6]}},{"type":"Feature","geometry":{"type":"Point","coordinates":[23.065601,40.743611]},"properties":{"line":"91T","mode":"bus","color":"#0059a9","colorDark":"#00294f","band":3,"off":[-1.5,4.1]}},{"type":"Feature","geometry":{"type":"Point","coordinates":[23.065601,40.743611]},"properties":{"line":"91X","mode":"bus","color":"#0059a9","colorDark":"#00294f","band":3,"off":[1.5,4.1]}},{"type":"Feature","geometry":{"type":"Point","coordinates":[23.174155,40.721222]},"properties":{"line":"83A","mode":"bus","color":"#0059a9","colorDark":"#00294f","band":3,"off":[-3,1.1]}},{"type":"Feature","geometry":{"type":"Point","coordinates":[23.174155,40.721222]},"properties":{"line":"91A","mode":"bus","color":"#0059a9","colorDark":"#00294f","band":3,"off":[0,1.1]}},{"type":"Feature","geometry":{"type":"Point","coordinates":[23.174155,40.721222]},"properties":{"line":"91Y","mode":"bus","color":"#0059a9","colorDark":"#00294f","band":3,"off":[3,1.1]}},{"type":"Feature","geometry":{"type":"Point","coordinates":[23.068248,40.758767]},"properties":{"line":"83N","mode":"bus","color":"#0059a9","colorDark":"#00294f","band":3,"off":[-1.5,1.1]}},{"type":"Feature","geometry":{"type":"Point","coordinates":[23.068248,40.758767]},"properties":{"line":"91N","mode":"bus","color":"#0059a9","colorDark":"#00294f","band":3,"off":[1.5,1.1]}},{"type":"Feature","geometry":{"type":"Point","coordinates":[23.082276,40.769597]},"properties":{"line":"83X","mode":"bus","color":"#0059a9","colorDark":"#00294f","band":3,"off":[-3,1.1]}},{"type":"Feature","geometry":{"type":"Point","coordinates":[23.082276,40.769597]},"properties":{"line":"91X","mode":"bus","color":"#0059a9","colorDark":"#00294f","band":3,"off":[0,1.1]}},{"type":"Feature","geometry":{"type":"Point","coordinates":[23.082276,40.769597]},"properties":{"line":"91Y","mode":"bus","color":"#0059a9","colorDark":"#00294f","band":3,"off":[3,1.1]}},{"type":"Feature","geometry":{"type":"Point","coordinates":[22.930772,40.767626]},"properties":{"line":"84A","mode":"bus","color":"#0059a9","colorDark":"#00294f","band":3,"off":[-1.5,1.1]}},{"type":"Feature","geometry":{"type":"Point","coordinates":[22.930772,40.767626]},"properties":{"line":"84M","mode":"bus","color":"#0059a9","colorDark":"#00294f","band":3,"off":[1.5,1.1]}},{"type":"Feature","geometry":{"type":"Point","coordinates":[22.952914,40.779426]},"properties":{"line":"84A","mode":"bus","color":"#0059a9","colorDark":"#00294f","band":3,"off":[-1.5,1.1]}},{"type":"Feature","geometry":{"type":"Point","coordinates":[22.952914,40.779426]},"properties":{"line":"84M","mode":"bus","color":"#0059a9","colorDark":"#00294f","band":3,"off":[1.5,1.1]}},{"type":"Feature","geometry":{"type":"Point","coordinates":[23.236184,40.983861]},"properties":{"line":"85","mode":"bus","color":"#0059a9","colorDark":"#00294f","band":3,"off":[-6,1.1]}},{"type":"Feature","geometry":{"type":"Point","coordinates":[23.236184,40.983861]},"properties":{"line":"85H","mode":"bus","color":"#0059a9","colorDark":"#00294f","band":3,"off":[-3,1.1]}},{"type":"Feature","geometry":{"type":"Point","coordinates":[23.236184,40.983861]},"properties":{"line":"85K","mode":"bus","color":"#0059a9","colorDark":"#00294f","band":3,"off":[0,1.1]}},{"type":"Feature","geometry":{"type":"Point","coordinates":[23.236184,40.983861]},"properties":{"line":"85N","mode":"bus","color":"#0059a9","colorDark":"#00294f","band":3,"off":[3,1.1]}},{"type":"Feature","geometry":{"type":"Point","coordinates":[23.236184,40.983861]},"properties":{"line":"85X","mode":"bus","color":"#0059a9","colorDark":"#00294f","band":3,"off":[6,1.1]}},{"type":"Feature","geometry":{"type":"Point","coordinates":[23.236184,40.983861]},"properties":{"line":"85Z","mode":"bus","color":"#0059a9","colorDark":"#00294f","band":3,"off":[0,2.6]}},{"type":"Feature","geometry":{"type":"Point","coordinates":[22.982467,40.840061]},"properties":{"line":"85A","mode":"bus","color":"#0059a9","colorDark":"#00294f","band":3,"off":[-3,1.1]}},{"type":"Feature","geometry":{"type":"Point","coordinates":[22.982467,40.840061]},"properties":{"line":"85M","mode":"bus","color":"#0059a9","colorDark":"#00294f","band":3,"off":[0,1.1]}},{"type":"Feature","geometry":{"type":"Point","coordinates":[22.982467,40.840061]},"properties":{"line":"91E","mode":"bus","color":"#0059a9","colorDark":"#00294f","band":3,"off":[3,1.1]}},{"type":"Feature","geometry":{"type":"Point","coordinates":[23.068864,40.927392]},"properties":{"line":"85B","mode":"bus","color":"#0059a9","colorDark":"#00294f","band":3,"off":[-1.5,1.1]}},{"type":"Feature","geometry":{"type":"Point","coordinates":[23.068864,40.927392]},"properties":{"line":"85T","mode":"bus","color":"#0059a9","colorDark":"#00294f","band":3,"off":[1.5,1.1]}},{"type":"Feature","geometry":{"type":"Point","coordinates":[23.253218,40.635227]},"properties":{"line":"86","mode":"bus","color":"#0059a9","colorDark":"#00294f","band":3,"off":[-6,1.1]}},{"type":"Feature","geometry":{"type":"Point","coordinates":[23.253218,40.635227]},"properties":{"line":"86A","mode":"bus","color":"#0059a9","colorDark":"#00294f","band":3,"off":[-3,1.1]}},{"type":"Feature","geometry":{"type":"Point","coordinates":[23.253218,40.635227]},"properties":{"line":"86B","mode":"bus","color":"#0059a9","colorDark":"#00294f","band":3,"off":[0,1.1]}},{"type":"Feature","geometry":{"type":"Point","coordinates":[23.253218,40.635227]},"properties":{"line":"86E","mode":"bus","color":"#0059a9","colorDark":"#00294f","band":3,"off":[3,1.1]}},{"type":"Feature","geometry":{"type":"Point","coordinates":[23.253218,40.635227]},"properties":{"line":"86K","mode":"bus","color":"#0059a9","colorDark":"#00294f","band":3,"off":[6,1.1]}},{"type":"Feature","geometry":{"type":"Point","coordinates":[23.253218,40.635227]},"properties":{"line":"86M","mode":"bus","color":"#0059a9","colorDark":"#00294f","band":3,"off":[-6,2.6]}},{"type":"Feature","geometry":{"type":"Point","coordinates":[23.253218,40.635227]},"properties":{"line":"86N","mode":"bus","color":"#0059a9","colorDark":"#00294f","band":3,"off":[-3,2.6]}},{"type":"Feature","geometry":{"type":"Point","coordinates":[23.253218,40.635227]},"properties":{"line":"86R","mode":"bus","color":"#0059a9","colorDark":"#00294f","band":3,"off":[0,2.6]}},{"type":"Feature","geometry":{"type":"Point","coordinates":[23.253218,40.635227]},"properties":{"line":"86T","mode":"bus","color":"#0059a9","colorDark":"#00294f","band":3,"off":[3,2.6]}},{"type":"Feature","geometry":{"type":"Point","coordinates":[23.253218,40.635227]},"properties":{"line":"91T","mode":"bus","color":"#0059a9","colorDark":"#00294f","band":3,"off":[6,2.6]}},{"type":"Feature","geometry":{"type":"Point","coordinates":[23.136892,40.480594]},"properties":{"line":"87A","mode":"bus","color":"#0059a9","colorDark":"#00294f","band":3,"off":[-6,1.1]}},{"type":"Feature","geometry":{"type":"Point","coordinates":[23.136892,40.480594]},"properties":{"line":"87B","mode":"bus","color":"#0059a9","colorDark":"#00294f","band":3,"off":[-3,1.1]}},{"type":"Feature","geometry":{"type":"Point","coordinates":[23.136892,40.480594]},"properties":{"line":"87E","mode":"bus","color":"#0059a9","colorDark":"#00294f","band":3,"off":[0,1.1]}},{"type":"Feature","geometry":{"type":"Point","coordinates":[23.136892,40.480594]},"properties":{"line":"87F","mode":"bus","color":"#0059a9","colorDark":"#00294f","band":3,"off":[3,1.1]}},{"type":"Feature","geometry":{"type":"Point","coordinates":[23.136892,40.480594]},"properties":{"line":"87H","mode":"bus","color":"#0059a9","colorDark":"#00294f","band":3,"off":[6,1.1]}},{"type":"Feature","geometry":{"type":"Point","coordinates":[23.136892,40.480594]},"properties":{"line":"87L","mode":"bus","color":"#0059a9","colorDark":"#00294f","band":3,"off":[-6,2.6]}},{"type":"Feature","geometry":{"type":"Point","coordinates":[23.136892,40.480594]},"properties":{"line":"87M","mode":"bus","color":"#0059a9","colorDark":"#00294f","band":3,"off":[-3,2.6]}},{"type":"Feature","geometry":{"type":"Point","coordinates":[23.136892,40.480594]},"properties":{"line":"87N","mode":"bus","color":"#0059a9","colorDark":"#00294f","band":3,"off":[0,2.6]}},{"type":"Feature","geometry":{"type":"Point","coordinates":[23.136892,40.480594]},"properties":{"line":"87P","mode":"bus","color":"#0059a9","colorDark":"#00294f","band":3,"off":[3,2.6]}},{"type":"Feature","geometry":{"type":"Point","coordinates":[23.136892,40.480594]},"properties":{"line":"87R","mode":"bus","color":"#0059a9","colorDark":"#00294f","band":3,"off":[6,2.6]}},{"type":"Feature","geometry":{"type":"Point","coordinates":[23.136892,40.480594]},"properties":{"line":"87T","mode":"bus","color":"#0059a9","colorDark":"#00294f","band":3,"off":[-3,4.1]}},{"type":"Feature","geometry":{"type":"Point","coordinates":[23.136892,40.480594]},"properties":{"line":"87X","mode":"bus","color":"#0059a9","colorDark":"#00294f","band":3,"off":[0,4.1]}},{"type":"Feature","geometry":{"type":"Point","coordinates":[23.136892,40.480594]},"properties":{"line":"87Z","mode":"bus","color":"#0059a9","colorDark":"#00294f","band":3,"off":[3,4.1]}},{"type":"Feature","geometry":{"type":"Point","coordinates":[23.137083,40.434297]},"properties":{"line":"87M","mode":"bus","color":"#0059a9","colorDark":"#00294f","band":3,"off":[-3,1.1]}},{"type":"Feature","geometry":{"type":"Point","coordinates":[23.137083,40.434297]},"properties":{"line":"87Q","mode":"bus","color":"#0059a9","colorDark":"#00294f","band":3,"off":[0,1.1]}},{"type":"Feature","geometry":{"type":"Point","coordinates":[23.137083,40.434297]},"properties":{"line":"87X","mode":"bus","color":"#0059a9","colorDark":"#00294f","band":3,"off":[3,1.1]}},{"type":"Feature","geometry":{"type":"Point","coordinates":[23.005533,40.412059]},"properties":{"line":"88","mode":"bus","color":"#0059a9","colorDark":"#00294f","band":3,"off":[-4.5,1.1]}},{"type":"Feature","geometry":{"type":"Point","coordinates":[23.005533,40.412059]},"properties":{"line":"88K","mode":"bus","color":"#0059a9","colorDark":"#00294f","band":3,"off":[-1.5,1.1]}},{"type":"Feature","geometry":{"type":"Point","coordinates":[23.005533,40.412059]},"properties":{"line":"88M","mode":"bus","color":"#0059a9","colorDark":"#00294f","band":3,"off":[1.5,1.1]}},{"type":"Feature","geometry":{"type":"Point","coordinates":[23.005533,40.412059]},"properties":{"line":"88N","mode":"bus","color":"#0059a9","colorDark":"#00294f","band":3,"off":[4.5,1.1]}},{"type":"Feature","geometry":{"type":"Point","coordinates":[22.92972,40.429313]},"properties":{"line":"88E","mode":"bus","color":"#0059a9","colorDark":"#00294f","band":3,"off":[-1.5,1.1]}},{"type":"Feature","geometry":{"type":"Point","coordinates":[22.92972,40.429313]},"properties":{"line":"88H","mode":"bus","color":"#0059a9","colorDark":"#00294f","band":3,"off":[1.5,1.1]}},{"type":"Feature","geometry":{"type":"Point","coordinates":[22.770386,40.804105]},"properties":{"line":"89A","mode":"bus","color":"#0059a9","colorDark":"#00294f","band":3,"off":[0,1.1]}},{"type":"Feature","geometry":{"type":"Point","coordinates":[22.651589,40.843874]},"properties":{"line":"89B","mode":"bus","color":"#0059a9","colorDark":"#00294f","band":3,"off":[-6,1.1]}},{"type":"Feature","geometry":{"type":"Point","coordinates":[22.651589,40.843874]},"properties":{"line":"89E","mode":"bus","color":"#0059a9","colorDark":"#00294f","band":3,"off":[-3,1.1]}},{"type":"Feature","geometry":{"type":"Point","coordinates":[22.651589,40.843874]},"properties":{"line":"89K","mode":"bus","color":"#0059a9","colorDark":"#00294f","band":3,"off":[0,1.1]}},{"type":"Feature","geometry":{"type":"Point","coordinates":[22.651589,40.843874]},"properties":{"line":"89N","mode":"bus","color":"#0059a9","colorDark":"#00294f","band":3,"off":[3,1.1]}},{"type":"Feature","geometry":{"type":"Point","coordinates":[22.651589,40.843874]},"properties":{"line":"90E","mode":"bus","color":"#0059a9","colorDark":"#00294f","band":3,"off":[6,1.1]}},{"type":"Feature","geometry":{"type":"Point","coordinates":[22.540764,40.677276]},"properties":{"line":"90A","mode":"bus","color":"#0059a9","colorDark":"#00294f","band":3,"off":[0,1.1]}},{"type":"Feature","geometry":{"type":"Point","coordinates":[23.039272,40.710574]},"properties":{"line":"91K","mode":"bus","color":"#0059a9","colorDark":"#00294f","band":3,"off":[0,1.1]}},{"type":"Feature","geometry":{"type":"Point","coordinates":[22.928711,40.643918]},"properties":{"line":"M1","mode":"tram","color":"#e30613","colorDark":"#7c060e","band":3,"off":[0,1.1]}},{"type":"Feature","geometry":{"type":"Point","coordinates":[22.968849,40.593303]},"properties":{"line":"M1","mode":"tram","color":"#e30613","colorDark":"#7c060e","band":3,"off":[0,1.1]}}]}