{"type":"FeatureCollection","features":[{"type":"Feature","geometry":{"type":"Point","coordinates":[22.956608,40.6795]},"properties":{"lines":"01, 01A, 28","color":"#0059a9","mode":"bus","arr":["01","01A","28"],"angle":4.1}},{"type":"Feature","geometry":{"type":"Point","coordinates":[22.95818,40.680981]},"properties":{"lines":"01, 01A, 28","color":"#0059a9","mode":"bus","arr":["01","01A","28"],"angle":73}},{"type":"Feature","geometry":{"type":"Point","coordinates":[22.960481,40.674287]},"properties":{"lines":"01, 01A, 28","color":"#0059a9","mode":"bus","arr":["01","01A","28"],"angle":-33.3}},{"type":"Feature","geometry":{"type":"Point","coordinates":[22.960885,40.673838]},"properties":{"lines":"01, 01A, 28","color":"#0059a9","mode":"bus","arr":["01","01A","28"],"angle":76.2}},{"type":"Feature","geometry":{"type":"Point","coordinates":[22.956348,40.67948]},"properties":{"lines":"01, 01A, 28","color":"#0059a9","mode":"bus","arr":["01","01A","28"],"angle":8.6}},{"type":"Feature","geometry":{"type":"Point","coordinates":[22.960138,40.675999]},"properties":{"lines":"01, 01A, 28","color":"#0059a9","mode":"bus","arr":["01","01A","28"],"angle":74.6}},{"type":"Feature","geometry":{"type":"Point","coordinates":[22.955152,40.681148]},"properties":{"lines":"01, 01A, 38","color":"#0059a9","mode":"bus","arr":["01","01A","38"],"angle":-88.1}},{"type":"Feature","geometry":{"type":"Point","coordinates":[22.96051,40.672816]},"properties":{"lines":"01, 01A","color":"#0059a9","mode":"bus","arr":["01","01A"],"angle":72}},{"type":"Feature","geometry":{"type":"Point","coordinates":[22.962699,40.668065]},"properties":{"lines":"01, 01A","color":"#0059a9","mode":"bus","arr":["01","01A"],"angle":76.5}},{"type":"Feature","geometry":{"type":"Point","coordinates":[22.946986,40.662386]},"properties":{"lines":"01, 01A, 29, 29A","color":"#0059a9","mode":"bus","arr":["01","01A","29","29A"],"angle":-59.2}},{"type":"Feature","geometry":{"type":"Point","coordinates":[22.942166,40.658364]},"properties":{"lines":"01, 01A, 29, 29A, 35","color":"#0059a9","mode":"bus","arr":["01","01A","29","29A","35"],"angle":-25.6}},{"type":"Feature","geometry":{"type":"Point","coordinates":[22.938544,40.656921]},"properties":{"lines":"01, 01A, 18, 29, 29A","color":"#0059a9","mode":"bus","arr":["01","01A","18","29","29A"],"angle":-0.5}},{"type":"Feature","geometry":{"type":"Point","coordinates":[22.896956,40.668683]},"properties":{"lines":"01, 01A, 18","color":"#0059a9","mode":"bus","arr":["01","01A","18"],"angle":-63.7}},{"type":"Feature","geometry":{"type":"Point","coordinates":[22.935356,40.659712]},"properties":{"lines":"01, 01A, 18, 27, 38, 43Y, 56, 83, 83B, 83M, 84A, 84B","color":"#0059a9","mode":"bus","arr":["01","01A","18","27","38","43Y","56","83","83B","83M","84A","84B"],"angle":-79.8}},{"type":"Feature","geometry":{"type":"Point","coordinates":[22.934317,40.662997]},"properties":{"lines":"01, 01A, 18, 43Y, 55Y","color":"#0059a9","mode":"bus","arr":["01","01A","18","43Y","55Y"],"angle":34.7}},{"type":"Feature","geometry":{"type":"Point","coordinates":[22.932634,40.663896]},"properties":{"lines":"01, 01A, 18, 32, 32A, 32N, 34, 34A, 43Y, 55Y","color":"#0059a9","mode":"bus","arr":["01","01A","18","32","32A","32N","34","34A","43Y","55Y"],"angle":35.4}},{"type":"Feature","geometry":{"type":"Point","coordinates":[22.930929,40.664828]},"properties":{"lines":"01, 32, 32A, 32N, 34, 34A, 43Y","color":"#0059a9","mode":"bus","arr":["01","32","32A","32N","34","34A","43Y"],"angle":35.5}},{"type":"Feature","geometry":{"type":"Point","coordinates":[22.930198,40.66514]},"properties":{"lines":"01, 32, 32A, 32N, 34, 34A, 43Y","color":"#0059a9","mode":"bus","arr":["01","32","32A","32N","34","34A","43Y"],"angle":35.6}},{"type":"Feature","geometry":{"type":"Point","coordinates":[22.924234,40.666432]},"properties":{"lines":"01, 32, 32A, 32N, 42, 42A, 42B, 43Y","color":"#0059a9","mode":"bus","arr":["01","32","32A","32N","42","42A","42B","43Y"],"angle":3.8}},{"type":"Feature","geometry":{"type":"Point","coordinates":[22.917759,40.666754]},"properties":{"lines":"01, 18, 32, 42, 42A, 42B","color":"#0059a9","mode":"bus","arr":["01","18","32","42","42A","42B"],"angle":3.8}},{"type":"Feature","geometry":{"type":"Point","coordinates":[22.911945,40.668513]},"properties":{"lines":"01, 32, 42","color":"#0059a9","mode":"bus","arr":["01","32","42"],"angle":30.4}},{"type":"Feature","geometry":{"type":"Point","coordinates":[22.906576,40.669907]},"properties":{"lines":"01, 01A, 21, 42, 42A, 42B","color":"#0059a9","mode":"bus","arr":["01","01A","21","42","42A","42B"],"angle":13.4}},{"type":"Feature","geometry":{"type":"Point","coordinates":[22.904356,40.6704]},"properties":{"lines":"01, 01A, 18, 21, 42, 42A, 42B","color":"#0059a9","mode":"bus","arr":["01","01A","18","21","42","42A","42B"],"angle":18.6}},{"type":"Feature","geometry":{"type":"Point","coordinates":[22.90249,40.670911]},"properties":{"lines":"01, 01A, 18, 42, 42A, 42B","color":"#0059a9","mode":"bus","arr":["01","01A","18","42","42A","42B"],"angle":21.6}},{"type":"Feature","geometry":{"type":"Point","coordinates":[22.897582,40.672328]},"properties":{"lines":"01, 01A, 18, 42, 42A, 42B","color":"#0059a9","mode":"bus","arr":["01","01A","18","42","42A","42B"],"angle":-2}},{"type":"Feature","geometry":{"type":"Point","coordinates":[22.900285,40.671628]},"properties":{"lines":"01, 01A, 18, 19, 19A, 42, 42A, 42B","color":"#0059a9","mode":"bus","arr":["01","01A","18","19","19A","42","42A","42B"],"angle":24.3}},{"type":"Feature","geometry":{"type":"Point","coordinates":[22.894667,40.667518]},"properties":{"lines":"01, 01A, 18, 19, 19A, 42, 42A, 42B","color":"#0059a9","mode":"bus","arr":["01","01A","18","19","19A","42","42A","42B"],"angle":85.4}},{"type":"Feature","geometry":{"type":"Point","coordinates":[22.895669,40.67267]},"properties":{"lines":"01, 01A, 18, 42, 42B","color":"#0059a9","mode":"bus","arr":["01","01A","18","42","42B"],"angle":84.6}},{"type":"Feature","geometry":{"type":"Point","coordinates":[22.894833,40.673175]},"properties":{"lines":"01, 01A, 18, 19, 19A, 42, 42B","color":"#0059a9","mode":"bus","arr":["01","01A","18","19","19A","42","42B"],"angle":6}},{"type":"Feature","geometry":{"type":"Point","coordinates":[22.892426,40.670679]},"properties":{"lines":"01, 01A, 18, 19A","color":"#0059a9","mode":"bus","arr":["01","01A","18","19A"],"angle":-88.9}},{"type":"Feature","geometry":{"type":"Point","coordinates":[22.894727,40.665884]},"properties":{"lines":"01, 01A, 18, 19, 42, 42A, 42B","color":"#0059a9","mode":"bus","arr":["01","01A","18","19","42","42A","42B"],"angle":-83.5}},{"type":"Feature","geometry":{"type":"Point","coordinates":[22.895414,40.664411]},"properties":{"lines":"01, 01A, 18, 19, 42, 42A, 42B, 51, 54, 55X, 80E, 81B, 81K, 82A, 82B, 82K, 82N, 89A, 89E, 89N","color":"#0059a9","mode":"bus","arr":["01","01A","18","19","42","42A","42B","51","54","55X","80E","81B","81K","82A","82B","82K","82N","89A","89E","89N"],"angle":45.7}},{"type":"Feature","geometry":{"type":"Point","coordinates":[22.899635,40.660433]},"properties":{"lines":"01, 01A, 19, 51, 54, 55X, 80E, 81B, 81K, 82A, 82B, 82K, 82N, 89A, 89E, 89N","color":"#0059a9","mode":"bus","arr":["01","01A","19","51","54","55X","80E","81B","81K","82A","82B","82K","82N","89A","89E","89N"],"angle":53.8}},{"type":"Feature","geometry":{"type":"Point","coordinates":[22.902545,40.656538]},"properties":{"lines":"01, 01A, 01N, 01X, 02K, 09, 12, 1N, 31, 45, 45A, 45B, 52, 55Y, 80E, 81B, 81K, 82A, 82B, 82K, 82N, 89A, 89E, 89N","color":"#0059a9","mode":"bus","arr":["01","01A","01N","01X","02K","09","12","1N","31","45","45A","45B","52","55Y","80E","81B","81K","82A","82B","82K","82N","89A","89E","89N"],"angle":-40.6}},{"type":"Feature","geometry":{"type":"Point","coordinates":[22.901575,40.655894]},"properties":{"lines":"01, 01A, 01N, 01X, 02K, 09, 12, 1N, 31, 45, 45A, 45B, 52, 55Y, 80, 80A, 80E, 81B, 81K, 82A, 82B, 82K, 82N, 89A, 89E, 89N","color":"#0059a9","mode":"bus","arr":["01","01A","01N","01X","02K","09","12","1N","31","45","45A","45B","52","55Y","80","80A","80E","81B","81K","82A","82B","82K","82N","89A","89E","89N"],"angle":-48.5}},{"type":"Feature","geometry":{"type":"Point","coordinates":[22.90085,40.654983]},"properties":{"lines":"01, 01A, 01N, 01X, 02K, 09, 12, 1N, 31, 42A, 42B, 45, 45A, 45B, 52, 55Y, 80, 80A, 80E, 81B, 81K, 82A, 82B, 82K, 82N, 89A, 89E, 89N","color":"#0059a9","mode":"bus","arr":["01","01A","01N","01X","02K","09","12","1N","31","42A","42B","45","45A","45B","52","55Y","80","80A","80E","81B","81K","82A","82B","82K","82N","89A","89E","89N"],"angle":-52.9}},{"type":"Feature","geometry":{"type":"Point","coordinates":[22.900992,40.65471]},"properties":{"lines":"01, 01A, 01N, 01X, 02K, 09, 12, 1N, 31, 45, 45A, 45B, 45Y, 52, 55Y, 80, 80B, 80E, 81B, 81K, 82A, 82B, 82K, 82N, 89A, 89E, 89N","color":"#0059a9","mode":"bus","arr":["01","01A","01N","01X","02K","09","12","1N","31","45","45A","45B","45Y","52","55Y","80","80B","80E","81B","81K","82A","82B","82K","82N","89A","89E","89N"],"angle":-67}},{"type":"Feature","geometry":{"type":"Point","coordinates":[22.901404,40.654788]},"properties":{"lines":"01, 01A, 01N, 01X, 02K, 12, 1N, 31, 45, 45A, 45B, 45Y, 80, 80B, 80E, 81B, 81K, 82A, 82B, 82K, 82N, 89A, 89E, 89N","color":"#0059a9","mode":"bus","arr":["01","01A","01N","01X","02K","12","1N","31","45","45A","45B","45Y","80","80B","80E","81B","81K","82A","82B","82K","82N","89A","89E","89N"],"angle":-53.7}},{"type":"Feature","geometry":{"type":"Point","coordinates":[22.901317,40.65467]},"properties":{"lines":"01, 01A, 01N, 01X, 02K, 12, 1N, 31, 45, 45A, 45B, 80, 80A, 80Z, 81A, 81E, 82A, 82B, 82E, 82M, 89A, 89B, 89K","color":"#0059a9","mode":"bus","arr":["01","01A","01N","01X","02K","12","1N","31","45","45A","45B","80","80A","80Z","81A","81E","82A","82B","82E","82M","89A","89B","89K"],"angle":-55.9}},{"type":"Feature","geometry":{"type":"Point","coordinates":[22.902898,40.656019]},"properties":{"lines":"01, 01A, 01N, 01X, 02K, 09, 12, 1N, 31, 45, 45A, 45B, 52, 55Y, 80Z, 81A, 81E, 82A, 82B, 82E, 82M, 89A, 89B, 89K","color":"#0059a9","mode":"bus","arr":["01","01A","01N","01X","02K","09","12","1N","31","45","45A","45B","52","55Y","80Z","81A","81E","82A","82B","82E","82M","89A","89B","89K"],"angle":-35.1}},{"type":"Feature","geometry":{"type":"Point","coordinates":[22.903316,40.656661]},"properties":{"lines":"01, 01A, 01N, 01X, 02K, 09, 12, 19, 19A, 1N, 31, 45, 45A, 45B, 51, 51B, 52, 54, 54A, 55X, 55Y, 80Z, 81A, 81E, 82A, 82B, 82E, 82M, 89A, 89B, 89K","color":"#0059a9","mode":"bus","arr":["01","01A","01N","01X","02K","09","12","19","19A","1N","31","45","45A","45B","51","51B","52","54","54A","55X","55Y","80Z","81A","81E","82A","82B","82E","82M","89A","89B","89K"],"angle":52.2}},{"type":"Feature","geometry":{"type":"Point","coordinates":[22.89974,40.660457]},"properties":{"lines":"01, 01A, 19, 19A, 51, 51B, 54, 54A, 55X, 80Z, 81A, 81E, 82A, 82B, 82E, 82M, 89A, 89B, 89K","color":"#0059a9","mode":"bus","arr":["01","01A","19","19A","51","51B","54","54A","55X","80Z","81A","81E","82A","82B","82E","82M","89A","89B","89K"],"angle":52.3}},{"type":"Feature","geometry":{"type":"Point","coordinates":[22.895341,40.664609]},"properties":{"lines":"01, 01A, 18, 51, 51B, 54, 54A, 55X, 80Z, 81A, 81E, 82A, 82B, 82E, 82M, 89A, 89B, 89K","color":"#0059a9","mode":"bus","arr":["01","01A","18","51","51B","54","54A","55X","80Z","81A","81E","82A","82B","82E","82M","89A","89B","89K"],"angle":43.3}},{"type":"Feature","geometry":{"type":"Point","coordinates":[22.932679,40.663785]},"properties":{"lines":"01, 43Y","color":"#0059a9","mode":"bus","arr":["01","43Y"],"angle":35.2}},{"type":"Feature","geometry":{"type":"Point","coordinates":[22.935149,40.659627]},"properties":{"lines":"01, 01A, 18, 27, 38, 43Y, 56, 83, 83A, 83B, 83X, 84A, 84B","color":"#0059a9","mode":"bus","arr":["01","01A","18","27","38","43Y","56","83","83A","83B","83X","84A","84B"],"angle":-79.7}},{"type":"Feature","geometry":{"type":"Point","coordinates":[22.938068,40.656842]},"properties":{"lines":"01, 01A, 18, 29","color":"#0059a9","mode":"bus","arr":["01","01A","18","29"],"angle":0.8}},{"type":"Feature","geometry":{"type":"Point","coordinates":[22.952983,40.665245]},"properties":{"lines":"01, 01A, 29","color":"#0059a9","mode":"bus","arr":["01","01A","29"],"angle":-22}},{"type":"Feature","geometry":{"type":"Point","coordinates":[22.931672,40.663137]},"properties":{"lines":"01A, 18, 32, 32A, 32N, 34, 34A, 55Y","color":"#0059a9","mode":"bus","arr":["01A","18","32","32A","32N","34","34A","55Y"],"angle":-25.1}},{"type":"Feature","geometry":{"type":"Point","coordinates":[22.927948,40.66145]},"properties":{"lines":"01A, 18, 32, 32A, 32N, 55Y","color":"#0059a9","mode":"bus","arr":["01A","18","32","32A","32N","55Y"],"angle":-58.4}},{"type":"Feature","geometry":{"type":"Point","coordinates":[22.92421,40.656452]},"properties":{"lines":"01A, 18, 32, 32A, 32N, 42B","color":"#0059a9","mode":"bus","arr":["01A","18","32","32A","32N","42B"],"angle":-70.8}},{"type":"Feature","geometry":{"type":"Point","coordinates":[22.920439,40.656481]},"properties":{"lines":"01A, 18, 21, 42B","color":"#0059a9","mode":"bus","arr":["01A","18","21","42B"],"angle":40}},{"type":"Feature","geometry":{"type":"Point","coordinates":[22.919276,40.654539]},"properties":{"lines":"01A, 18, 20, 21, 42B","color":"#0059a9","mode":"bus","arr":["01A","18","20","21","42B"],"angle":39.2}},{"type":"Feature","geometry":{"type":"Point","coordinates":[22.911708,40.662093]},"properties":{"lines":"01A, 18, 21, 42A, 42B","color":"#0059a9","mode":"bus","arr":["01A","18","21","42A","42B"],"angle":-24.1}},{"type":"Feature","geometry":{"type":"Point","coordinates":[22.911819,40.664455]},"properties":{"lines":"01A, 18, 21, 42A, 42B","color":"#0059a9","mode":"bus","arr":["01A","18","21","42A","42B"],"angle":-88}},{"type":"Feature","geometry":{"type":"Point","coordinates":[22.90869,40.666502]},"properties":{"lines":"01A, 21, 42A, 42B","color":"#0059a9","mode":"bus","arr":["01A","21","42A","42B"],"angle":85.7}},{"type":"Feature","geometry":{"type":"Point","coordinates":[22.92297,40.653569]},"properties":{"lines":"01A, 18, 42B","color":"#0059a9","mode":"bus","arr":["01A","18","42B"],"angle":-67.4}},{"type":"Feature","geometry":{"type":"Point","coordinates":[22.907642,40.654115]},"properties":{"lines":"01N, 01X, 02K, 09, 12, 19, 1N, 45, 45A, 45B, 51, 52, 54, 55X, 55Y","color":"#0059a9","mode":"bus","arr":["01N","01X","02K","09","12","19","1N","45","45A","45B","51","52","54","55X","55Y"],"angle":28.2}},{"type":"Feature","geometry":{"type":"Point","coordinates":[22.918698,40.649082]},"properties":{"lines":"01N, 01X, 02K, 09, 19, 1N, 45, 45A, 45B, 51, 52, 54, 55X, 55Y","color":"#0059a9","mode":"bus","arr":["01N","01X","02K","09","19","1N","45","45A","45B","51","52","54","55X","55Y"],"angle":35.5}},{"type":"Feature","geometry":{"type":"Point","coordinates":[22.925758,40.645899]},"properties":{"lines":"01N, 09, 19, 1N, 40, 40K, 51, 52, 54, 55X, 55Y, 70, 70A, 71, 71A","color":"#0059a9","mode":"bus","arr":["01N","09","19","1N","40","40K","51","52","54","55X","55Y","70","70A","71","71A"],"angle":-53.4}},{"type":"Feature","geometry":{"type":"Point","coordinates":[22.926787,40.645981]},"properties":{"lines":"01N, 03K, 10, 14, 19, 1N, 23, 35, 52, 54, 55X, 56, 64, 64A, 64B","color":"#0059a9","mode":"bus","arr":["01N","03K","10","14","19","1N","23","35","52","54","55X","56","64","64A","64B"],"angle":35.4}},{"type":"Feature","geometry":{"type":"Point","coordinates":[22.927473,40.645581]},"properties":{"lines":"01N, 19, 1N, 23, 35, 54, 55X, 56, 64, 64A, 64B","color":"#0059a9","mode":"bus","arr":["01N","19","1N","23","35","54","55X","56","64","64A","64B"],"angle":37.7}},{"type":"Feature","geometry":{"type":"Point","coordinates":[22.928546,40.644377]},"properties":{"lines":"01N, 03K, 10, 14A, 19, 19A, 1N, 23, 35, 37, 54, 54A, 55X, 56, 64, 64A, 64B, 84A, 84B","color":"#0059a9","mode":"bus","arr":["01N","03K","10","14A","19","19A","1N","23","35","37","54","54A","55X","56","64","64A","64B","84A","84B"],"angle":72.5}},{"type":"Feature","geometry":{"type":"Point","coordinates":[22.929652,40.643204]},"properties":{"lines":"01N, 01X, 02K, 03K, 10, 14A, 1N, 23, 35, 37, 45, 45A, 45B, 56, 64, 64A, 64B, 84A, 84B","color":"#0059a9","mode":"bus","arr":["01N","01X","02K","03K","10","14A","1N","23","35","37","45","45A","45B","56","64","64A","64B","84A","84B"],"angle":33.9}},{"type":"Feature","geometry":{"type":"Point","coordinates":[22.93297,40.641553]},"properties":{"lines":"01N, 01X, 02K, 03K, 10, 14A, 1N, 21, 23, 35, 37, 40, 40A, 45, 45A, 45B, 70, 70A, 71, 71A","color":"#0059a9","mode":"bus","arr":["01N","01X","02K","03K","10","14A","1N","21","23","35","37","40","40A","45","45A","45B","70","70A","71","71A"],"angle":32.7}},{"type":"Feature","geometry":{"type":"Point","coordinates":[22.935482,40.640326]},"properties":{"lines":"01N, 01X, 02K, 03K, 10, 12, 14A, 16, 1N, 20, 21, 23, 25, 27, 29, 29A, 31, 32, 32A, 34, 34A, 37, 38, 40, 40A, 45, 45A, 45B, 45Y, 52B, 57, 70, 70A, 71, 71A, 83, 83A, 83B, 83X","color":"#0059a9","mode":"bus","arr":["01N","01X","02K","03K","10","12","14A","16","1N","20","21","23","25","27","29","29A","31","32","32A","34","34A","37","38","40","40A","45","45A","45B","45Y","52B","57","70","70A","71","71A","83","83A","83B","83X"],"angle":32.8}},{"type":"Feature","geometry":{"type":"Point","coordinates":[22.937522,40.639339]},"properties":{"lines":"01N, 01X, 02K, 10, 12, 14, 14A, 15, 1N, 20, 21, 25, 26, 27, 29, 29A, 31, 32, 32A, 34, 34A, 37, 38, 39, 39A, 39B, 45, 45A, 45B, 52B, 57, 70, 70A, 71, 71A, 83, 83A, 83B, 83M, 83X","color":"#0059a9","mode":"bus","arr":["01N","01X","02K","10","12","14","14A","15","1N","20","21","25","26","27","29","29A","31","32","32A","34","34A","37","38","39","39A","39B","45","45A","45B","52B","57","70","70A","71","71A","83","83A","83B","83M","83X"],"angle":36.1}},{"type":"Feature","geometry":{"type":"Point","coordinates":[22.939899,40.638067]},"properties":{"lines":"01N, 01X, 02K, 10, 12, 14, 14A, 1N, 20, 21, 25, 26, 27, 28, 29, 29A, 31, 32, 32A, 34, 34A, 37, 38, 39, 39A, 39B, 45, 45A, 45B, 50, 52B, 57, 70, 70A, 71, 71A, 83, 83A, 83B, 83M, 83X","color":"#0059a9","mode":"bus","arr":["01N","01X","02K","10","12","14","14A","1N","20","21","25","26","27","28","29","29A","31","32","32A","34","34A","37","38","39","39A","39B","45","45A","45B","50","52B","57","70","70A","71","71A","83","83A","83B","83M","83X"],"angle":34.5}},{"type":"Feature","geometry":{"type":"Point","coordinates":[22.941429,40.637277]},"properties":{"lines":"01N, 01X, 02K, 10, 14, 14A, 1N, 20, 21, 25, 26, 27, 28, 29, 29A, 31, 32, 32A, 34, 34A, 37, 38, 39, 39A, 39B, 45, 45A, 45B, 50, 52B, 57, 70, 70A, 71, 71A, 83, 83A, 83B, 83M, 83X","color":"#0059a9","mode":"bus","arr":["01N","01X","02K","10","14","14A","1N","20","21","25","26","27","28","29","29A","31","32","32A","34","34A","37","38","39","39A","39B","45","45A","45B","50","52B","57","70","70A","71","71A","83","83A","83B","83M","83X"],"angle":33.7}},{"type":"Feature","geometry":{"type":"Point","coordinates":[22.942952,40.636501]},"properties":{"lines":"01N, 01X, 02K, 10, 14, 14A, 17, 1N, 22, 24, 27, 28, 29, 29A, 31, 32, 32A, 34, 34A, 37, 38, 39, 39A, 39B, 45, 45A, 45B, 50, 52B, 58, 70, 70A, 71, 71A, 83, 83A, 83B, 83M, 83X","color":"#0059a9","mode":"bus","arr":["01N","01X","02K","10","14","14A","17","1N","22","24","27","28","29","29A","31","32","32A","34","34A","37","38","39","39A","39B","45","45A","45B","50","52B","58","70","70A","71","71A","83","83A","83B","83M","83X"],"angle":34}},{"type":"Feature","geometry":{"type":"Point","coordinates":[22.944867,40.63552]},"properties":{"lines":"01N, 01X, 02K, 10, 14, 14A, 17, 1N, 22, 24, 27, 28, 31, 37, 39, 39A, 39B, 45, 45A, 45B, 50, 58, 70, 70A, 71, 71A, 83, 83A, 83B, 83M, 83X","color":"#0059a9","mode":"bus","arr":["01N","01X","02K","10","14","14A","17","1N","22","24","27","28","31","37","39","39A","39B","45","45A","45B","50","58","70","70A","71","71A","83","83A","83B","83M","83X"],"angle":34.1}},{"type":"Feature","geometry":{"type":"Point","coordinates":[22.946168,40.634838]},"properties":{"lines":"01N, 01X, 02K, 10, 14, 14A, 17, 1N, 24, 27, 28, 31, 37, 39, 39A, 39B, 45, 45A, 45B, 50, 58, 70, 70A, 71, 71A, 83, 83A, 83B, 83M, 83X","color":"#0059a9","mode":"bus","arr":["01N","01X","02K","10","14","14A","17","1N","24","27","28","31","37","39","39A","39B","45","45A","45B","50","58","70","70A","71","71A","83","83A","83B","83M","83X"],"angle":35.1}},{"type":"Feature","geometry":{"type":"Point","coordinates":[22.949913,40.632902]},"properties":{"lines":"01N, 01X, 02K, 10, 14, 14A, 17, 1N, 24, 27, 28, 31, 37, 39, 39A, 39B, 45, 45A, 45B, 58, 70, 70A, 71, 71A, 83, 83A, 83B, 83M, 83X","color":"#0059a9","mode":"bus","arr":["01N","01X","02K","10","14","14A","17","1N","24","27","28","31","37","39","39A","39B","45","45A","45B","58","70","70A","71","71A","83","83A","83B","83M","83X"],"angle":33.8}},{"type":"Feature","geometry":{"type":"Point","coordinates":[22.953588,40.630895]},"properties":{"lines":"01N, 01X, 02K, 10, 14A, 17, 1N, 24, 27, 28, 31, 32N, 37, 43Y, 45, 45A, 45B, 58, 83, 83A, 83B, 83X","color":"#0059a9","mode":"bus","arr":["01N","01X","02K","10","14A","17","1N","24","27","28","31","32N","37","43Y","45","45A","45B","58","83","83A","83B","83X"],"angle":37.3}},{"type":"Feature","geometry":{"type":"Point","coordinates":[22.957208,40.628696]},"properties":{"lines":"01N, 01X, 02K, 07, 10, 11, 11B, 11E, 11M, 14A, 17, 1N, 24, 27, 28, 31, 32N, 37, 43Y, 45, 45A, 45B, 58, 83, 83A, 83B, 83X","color":"#0059a9","mode":"bus","arr":["01N","01X","02K","07","10","11","11B","11E","11M","14A","17","1N","24","27","28","31","32N","37","43Y","45","45A","45B","58","83","83A","83B","83X"],"angle":50.4}},{"type":"Feature","geometry":{"type":"Point","coordinates":[22.961015,40.624844]},"properties":{"lines":"01N, 02K, 07, 14A, 1N, 32N, 43Y, 45, 45A, 45B, 58","color":"#0059a9","mode":"bus","arr":["01N","02K","07","14A","1N","32N","43Y","45","45A","45B","58"],"angle":58.2}},{"type":"Feature","geometry":{"type":"Point","coordinates":[22.962209,40.622876]},"properties":{"lines":"01N, 02K, 12, 14A, 1N, 32N, 43Y, 45, 45A, 45B, 58","color":"#0059a9","mode":"bus","arr":["01N","02K","12","14A","1N","32N","43Y","45","45A","45B","58"],"angle":84}},{"type":"Feature","geometry":{"type":"Point","coordinates":[22.962356,40.62094]},"properties":{"lines":"01N, 02K, 12, 1N, 32N, 43Y, 45, 45A, 45B, 58","color":"#0059a9","mode":"bus","arr":["01N","02K","12","1N","32N","43Y","45","45A","45B","58"],"angle":86.1}},{"type":"Feature","geometry":{"type":"Point","coordinates":[22.962724,40.617075]},"properties":{"lines":"01N, 02K, 1N, 32N, 43Y, 45, 45A, 45B, 58","color":"#0059a9","mode":"bus","arr":["01N","02K","1N","32N","43Y","45","45A","45B","58"],"angle":85.9}},{"type":"Feature","geometry":{"type":"Point","coordinates":[22.96317,40.612515]},"properties":{"lines":"01N, 02K, 11, 11B, 11E, 11M, 1N, 32N, 43Y, 45, 45A, 45B","color":"#0059a9","mode":"bus","arr":["01N","02K","11","11B","11E","11M","1N","32N","43Y","45","45A","45B"],"angle":85.7}},{"type":"Feature","geometry":{"type":"Point","coordinates":[22.963973,40.603904]},"properties":{"lines":"01N, 02K, 1N, 31, 32N, 43Y, 45, 45A, 45B","color":"#0059a9","mode":"bus","arr":["01N","02K","1N","31","32N","43Y","45","45A","45B"],"angle":85.9}},{"type":"Feature","geometry":{"type":"Point","coordinates":[22.962534,40.596485]},"properties":{"lines":"01N, 02K, 04B, 1N","color":"#0059a9","mode":"bus","arr":["01N","02K","04B","1N"],"angle":-28.1}},{"type":"Feature","geometry":{"type":"Point","coordinates":[22.959507,40.594805]},"properties":{"lines":"01N, 02K, 04B, 07, 1N, 33, 39, 39A","color":"#0059a9","mode":"bus","arr":["01N","02K","04B","07","1N","33","39","39A"],"angle":-78.2}},{"type":"Feature","geometry":{"type":"Point","coordinates":[22.957061,40.591683]},"properties":{"lines":"01N, 02K, 04B, 07, 1N","color":"#0059a9","mode":"bus","arr":["01N","02K","04B","07","1N"],"angle":-43.3}},{"type":"Feature","geometry":{"type":"Point","coordinates":[22.956657,40.585618]},"properties":{"lines":"01N, 01X, 02K, 03K, 1N, 45Y, 70, 70A, 71, 71A","color":"#0059a9","mode":"bus","arr":["01N","01X","02K","03K","1N","45Y","70","70A","71","71A"],"angle":47.1}},{"type":"Feature","geometry":{"type":"Point","coordinates":[22.970149,40.576064]},"properties":{"lines":"01N, 01X, 02K, 03K, 1N, 45Y, 70, 70A, 71, 71A","color":"#0059a9","mode":"bus","arr":["01N","01X","02K","03K","1N","45Y","70","70A","71","71A"],"angle":69}},{"type":"Feature","geometry":{"type":"Point","coordinates":[22.974735,40.567187]},"properties":{"lines":"01N, 01X, 02K, 03K, 1N, 45Y, 70, 70A, 71, 71A","color":"#0059a9","mode":"bus","arr":["01N","01X","02K","03K","1N","45Y","70","70A","71","71A"],"angle":76.2}},{"type":"Feature","geometry":{"type":"Point","coordinates":[22.981402,40.5521]},"properties":{"lines":"01N, 01X, 02K, 03K, 1N, 45Y, 70, 70A, 71, 71A","color":"#0059a9","mode":"bus","arr":["01N","01X","02K","03K","1N","45Y","70","70A","71","71A"],"angle":68.6,"extra":1}},{"type":"Feature","geometry":{"type":"Point","coordinates":[22.976361,40.561202]},"properties":{"lines":"01N, 01X, 02K, 03K, 1N, 45Y, 70, 70A, 71, 71A","color":"#0059a9","mode":"bus","arr":["01N","01X","02K","03K","1N","45Y","70","70A","71","71A"],"angle":77.5,"extra":1}},{"type":"Feature","geometry":{"type":"Point","coordinates":[22.979814,40.555203]},"properties":{"lines":"01N, 01X, 02K, 03K, 1N, 45Y, 70, 70A, 71, 71A","color":"#0059a9","mode":"bus","arr":["01N","01X","02K","03K","1N","45Y","70","70A","71","71A"],"angle":65,"extra":1}},{"type":"Feature","geometry":{"type":"Point","coordinates":[22.958766,40.590634]},"properties":{"lines":"01N, 01X, 02K, 03K, 1N, 45Y, 70, 70A, 71, 71A","color":"#0059a9","mode":"bus","arr":["01N","01X","02K","03K","1N","45Y","70","70A","71","71A"],"angle":54.2}},{"type":"Feature","geometry":{"type":"Point","coordinates":[22.962503,40.582994]},"properties":{"lines":"01N, 01X, 02K, 03K, 1N, 39, 39A, 45Y, 70, 70A, 71, 71A","color":"#0059a9","mode":"bus","arr":["01N","01X","02K","03K","1N","39","39A","45Y","70","70A","71","71A"],"angle":26.9}},{"type":"Feature","geometry":{"type":"Point","coordinates":[22.964016,40.582411]},"properties":{"lines":"01N, 01X, 02K, 03K, 1N, 33, 39, 39A, 45Y, 70, 70A, 71, 71A","color":"#0059a9","mode":"bus","arr":["01N","01X","02K","03K","1N","33","39","39A","45Y","70","70A","71","71A"],"angle":27.8}},{"type":"Feature","geometry":{"type":"Point","coordinates":[22.973811,40.569049]},"properties":{"lines":"01N, 01X, 02K, 03K, 04B, 1N, 45Y, 70, 70A, 71, 71A","color":"#0059a9","mode":"bus","arr":["01N","01X","02K","03K","04B","1N","45Y","70","70A","71","71A"],"angle":65.4}},{"type":"Feature","geometry":{"type":"Point","coordinates":[22.97443,40.568131]},"properties":{"lines":"01N, 01X, 02K, 03K, 04A, 04B, 1N, 45Y, 70, 70A, 71, 71A","color":"#0059a9","mode":"bus","arr":["01N","01X","02K","03K","04A","04B","1N","45Y","70","70A","71","71A"],"angle":69.1}},{"type":"Feature","geometry":{"type":"Point","coordinates":[22.98686,40.542875]},"properties":{"lines":"01N, 01X, 1N, 36, 36A, 36B, 36X, 36Z, 60E, 67, 67B, 68A, 68B, 69A, 69B, 69H, 69N, 70, 70A, 71, 71A, 72, 72A, 72B, 72E, 76, 79A, 79K, 79X, 87A, 87B, 87E, 87F, 87H, 87L, 87M, 87N, 87P, 87R, 87T, 88, 88A, 88B, 88E, 88H, 88K, 88M, 88N","color":"#0059a9","mode":"bus","arr":["01N","01X","1N","36","36A","36B","36X","36Z","60E","67","67B","68A","68B","69A","69B","69H","69N","70","70A","71","71A","72","72A","72B","72E","76","79A","79K","79X","87A","87B","87E","87F","87H","87L","87M","87N","87P","87R","87T","88","88A","88B","88E","88H","88K","88M","88N"],"angle":55.7}},{"type":"Feature","geometry":{"type":"Point","coordinates":[22.992362,40.536059]},"properties":{"lines":"01N, 01X, 1N, 69A, 69B, 69H, 69N, 70, 70A, 71, 71A, 72, 72A, 72B, 72E, 76, 79A, 79K, 87A, 87M, 87N, 87R, 87T, 88, 88A, 88B, 88E, 88H, 88K, 88M, 88N","color":"#0059a9","mode":"bus","arr":["01N","01X","1N","69A","69B","69H","69N","70","70A","71","71A","72","72A","72B","72E","76","79A","79K","87A","87M","87N","87R","87T","88","88A","88B","88E","88H","88K","88M","88N"],"angle":69.8}},{"type":"Feature","geometry":{"type":"Point","coordinates":[22.98111,40.526501]},"properties":{"lines":"01N, 01X, 02X, 1N, 79A, 79B, 79K","color":"#0059a9","mode":"bus","arr":["01N","01X","02X","1N","79A","79B","79K"],"angle":-27.9}},{"type":"Feature","geometry":{"type":"Point","coordinates":[22.988508,40.529679]},"properties":{"lines":"01N, 01X, 02X, 1N, 79A, 79B, 79K","color":"#0059a9","mode":"bus","arr":["01N","01X","02X","1N","79A","79B","79K"],"angle":-30.3,"extra":1}},{"type":"Feature","geometry":{"type":"Point","coordinates":[22.976871,40.526856]},"properties":{"lines":"01N, 01X, 02X, 1N, 79A, 79B, 79K","color":"#0059a9","mode":"bus","arr":["01N","01X","02X","1N","79A","79B","79K"],"angle":-18.1,"extra":1}},{"type":"Feature","geometry":{"type":"Point","coordinates":[22.9762,40.524801]},"properties":{"lines":"01N, 01X, 02X, 1N, 79A, 79B, 79K","color":"#0059a9","mode":"bus","arr":["01N","01X","02X","1N","79A","79B","79K"],"angle":40.5}},{"type":"Feature","geometry":{"type":"Point","coordinates":[22.99249,40.536144]},"properties":{"lines":"01N, 01X, 1N, 67A, 68A, 69A, 69B, 69H, 69N, 70, 70A, 71, 71A, 72, 72A, 76, 79B, 87A, 87M, 87N, 87R, 88, 88A, 88B, 88E, 88K, 88M","color":"#0059a9","mode":"bus","arr":["01N","01X","1N","67A","68A","69A","69B","69H","69N","70","70A","71","71A","72","72A","76","79B","87A","87M","87N","87R","88","88A","88B","88E","88K","88M"],"angle":70.1}},{"type":"Feature","geometry":{"type":"Point","coordinates":[22.987345,40.542592]},"properties":{"lines":"01N, 01X, 1N, 60E, 67, 67A, 67B, 68A, 68B, 69A, 69B, 69H, 69N, 70, 70A, 71, 71A, 72, 72A, 76, 79B, 79X, 87A, 87E, 87F, 87H, 87L, 87M, 87N, 87Q, 87R, 88, 88A, 88B, 88E, 88K, 88M","color":"#0059a9","mode":"bus","arr":["01N","01X","1N","60E","67","67A","67B","68A","68B","69A","69B","69H","69N","70","70A","71","71A","72","72A","76","79B","79X","87A","87E","87F","87H","87L","87M","87N","87Q","87R","88","88A","88B","88E","88K","88M"],"angle":52.2}},{"type":"Feature","geometry":{"type":"Point","coordinates":[22.984316,40.54677]},"properties":{"lines":"01N, 01X, 1N, 70, 70A, 71, 71A, 72, 72A","color":"#0059a9","mode":"bus","arr":["01N","01X","1N","70","70A","71","71A","72","72A"],"angle":68.3}},{"type":"Feature","geometry":{"type":"Point","coordinates":[22.983724,40.547919]},"properties":{"lines":"01N, 01X, 1N, 70, 70A, 71, 71A","color":"#0059a9","mode":"bus","arr":["01N","01X","1N","70","70A","71","71A"],"angle":69}},{"type":"Feature","geometry":{"type":"Point","coordinates":[22.963004,40.585787]},"properties":{"lines":"01N, 01X, 02K, 03K, 1N, 39, 39A, 39B, 45Y, 70, 70A, 71, 71A","color":"#0059a9","mode":"bus","arr":["01N","01X","02K","03K","1N","39","39A","39B","45Y","70","70A","71","71A"],"angle":61.6}},{"type":"Feature","geometry":{"type":"Point","coordinates":[22.956997,40.592714]},"properties":{"lines":"01N, 01X, 03K, 1N, 45Y, 70, 70A, 71, 71A","color":"#0059a9","mode":"bus","arr":["01N","01X","03K","1N","45Y","70","70A","71","71A"],"angle":60.3}},{"type":"Feature","geometry":{"type":"Point","coordinates":[22.95266,40.604939]},"properties":{"lines":"01N, 01X, 03K, 05, 05A, 05B, 06, 1N, 45Y, 70, 70A, 71, 71A","color":"#0059a9","mode":"bus","arr":["01N","01X","03K","05","05A","05B","06","1N","45Y","70","70A","71","71A"],"angle":-84.4}},{"type":"Feature","geometry":{"type":"Point","coordinates":[22.956035,40.597168]},"properties":{"lines":"01N, 01X, 03K, 05, 05A, 05B, 06, 1N, 30, 45Y, 70, 70A, 71, 71A","color":"#0059a9","mode":"bus","arr":["01N","01X","03K","05","05A","05B","06","1N","30","45Y","70","70A","71","71A"],"angle":75.9}},{"type":"Feature","geometry":{"type":"Point","coordinates":[22.954635,40.617023]},"properties":{"lines":"01N, 01X, 03K, 05, 05A, 05B, 06, 1N, 33, 33A, 33B, 39, 39A, 39B, 45Y, 70, 70A, 71, 71A","color":"#0059a9","mode":"bus","arr":["01N","01X","03K","05","05A","05B","06","1N","33","33A","33B","39","39A","39B","45Y","70","70A","71","71A"],"angle":-85.3}},{"type":"Feature","geometry":{"type":"Point","coordinates":[22.95416,40.624431]},"properties":{"lines":"01N, 01X, 1N, 33","color":"#0059a9","mode":"bus","arr":["01N","01X","1N","33"],"angle":-31.5}},{"type":"Feature","geometry":{"type":"Point","coordinates":[22.957573,40.625514]},"properties":{"lines":"01N, 01X, 1N","color":"#0059a9","mode":"bus","arr":["01N","01X","1N"],"angle":-19.4}},{"type":"Feature","geometry":{"type":"Point","coordinates":[22.95717,40.628915]},"properties":{"lines":"01N, 01X, 02K, 14, 1N, 45, 45A, 45B","color":"#0059a9","mode":"bus","arr":["01N","01X","02K","14","1N","45","45A","45B"],"angle":49}},{"type":"Feature","geometry":{"type":"Point","coordinates":[22.935803,40.640289]},"properties":{"lines":"01N, 01X, 02K, 14, 1N, 20, 21, 25, 26, 27, 29, 32, 32A, 34, 34A, 37, 38, 45, 45A, 45B, 52B, 57, 71, 71A, 83, 83B, 83M","color":"#0059a9","mode":"bus","arr":["01N","01X","02K","14","1N","20","21","25","26","27","29","32","32A","34","34A","37","38","45","45A","45B","52B","57","71","71A","83","83B","83M"],"angle":32.9}},{"type":"Feature","geometry":{"type":"Point","coordinates":[22.933048,40.64164]},"properties":{"lines":"01N, 01X, 02K, 14, 1N, 21, 35, 37, 40, 40K, 45, 45A, 45B, 71, 71A","color":"#0059a9","mode":"bus","arr":["01N","01X","02K","14","1N","21","35","37","40","40K","45","45A","45B","71","71A"],"angle":33}},{"type":"Feature","geometry":{"type":"Point","coordinates":[22.929782,40.643289]},"properties":{"lines":"01N, 01X, 02K, 09, 14, 1N, 35, 37, 40, 40K, 45, 45A, 45B, 51, 51B, 55Y, 56, 64, 64A, 64B, 71, 71A, 84A, 84B","color":"#0059a9","mode":"bus","arr":["01N","01X","02K","09","14","1N","35","37","40","40K","45","45A","45B","51","51B","55Y","56","64","64A","64B","71","71A","84A","84B"],"angle":33.9}},{"type":"Feature","geometry":{"type":"Point","coordinates":[22.927828,40.644308]},"properties":{"lines":"01N, 01X, 02K, 03K, 09, 10, 14, 19, 19A, 1N, 23, 35, 40, 40K, 45, 45A, 45B, 51, 51B, 54, 54A, 55X, 55Y, 56, 64, 64A, 64B, 70, 70A, 71, 71A","color":"#0059a9","mode":"bus","arr":["01N","01X","02K","03K","09","10","14","19","19A","1N","23","35","40","40K","45","45A","45B","51","51B","54","54A","55X","55Y","56","64","64A","64B","70","70A","71","71A"],"angle":35.2}},{"type":"Feature","geometry":{"type":"Point","coordinates":[22.92665,40.644946]},"properties":{"lines":"01N, 01X, 02K, 03K, 09, 10, 14, 19, 19A, 1N, 23, 35, 40, 40K, 45, 45A, 45B, 51, 51B, 52, 54, 54A, 55X, 55Y, 56, 64, 64A, 64B, 70, 70A, 71, 71A","color":"#0059a9","mode":"bus","arr":["01N","01X","02K","03K","09","10","14","19","19A","1N","23","35","40","40K","45","45A","45B","51","51B","52","54","54A","55X","55Y","56","64","64A","64B","70","70A","71","71A"],"angle":35.7}},{"type":"Feature","geometry":{"type":"Point","coordinates":[22.926179,40.645754]},"properties":{"lines":"01N, 03K, 10, 14, 1N, 23, 35, 56, 64, 64A, 64B","color":"#0059a9","mode":"bus","arr":["01N","03K","10","14","1N","23","35","56","64","64A","64B"],"angle":-56.1}},{"type":"Feature","geometry":{"type":"Point","coordinates":[22.918948,40.649055]},"properties":{"lines":"01N, 01X, 02K, 09, 19, 19A, 1N, 45, 45A, 45B, 51, 51B, 52, 54, 54A, 55X, 55Y","color":"#0059a9","mode":"bus","arr":["01N","01X","02K","09","19","19A","1N","45","45A","45B","51","51B","52","54","54A","55X","55Y"],"angle":35}},{"type":"Feature","geometry":{"type":"Point","coordinates":[22.907713,40.6542]},"properties":{"lines":"01N, 01X, 02K, 09, 12, 19, 19A, 1N, 45, 45A, 45B, 51, 51B, 52, 54, 54A, 55X, 55Y","color":"#0059a9","mode":"bus","arr":["01N","01X","02K","09","12","19","19A","1N","45","45A","45B","51","51B","52","54","54A","55X","55Y"],"angle":27.3}},{"type":"Feature","geometry":{"type":"Point","coordinates":[22.926822,40.644705]},"properties":{"lines":"01X, 02K, 45, 45A, 45B","color":"#0059a9","mode":"bus","arr":["01X","02K","45","45A","45B"],"angle":35.9}},{"type":"Feature","geometry":{"type":"Point","coordinates":[22.959407,40.626056]},"properties":{"lines":"01X, 10, 11, 11B, 11E, 11M, 27, 28, 31, 83, 83A, 83B, 83X","color":"#0059a9","mode":"bus","arr":["01X","10","11","11B","11E","11M","27","28","31","83","83A","83B","83X"],"angle":-17.8}},{"type":"Feature","geometry":{"type":"Point","coordinates":[22.956984,40.625439]},"properties":{"lines":"01X, 10, 11, 11B, 11E, 11M, 27, 28, 31, 83, 83B, 83M","color":"#0059a9","mode":"bus","arr":["01X","10","11","11B","11E","11M","27","28","31","83","83B","83M"],"angle":-19.2}},{"type":"Feature","geometry":{"type":"Point","coordinates":[22.953672,40.624294]},"properties":{"lines":"01X","color":"#0059a9","mode":"bus","arr":["01X"],"angle":-31.9}},{"type":"Feature","geometry":{"type":"Point","coordinates":[22.951886,40.611166]},"properties":{"lines":"01X, 03K, 05, 05A, 06, 45Y, 70, 70A, 71, 71A","color":"#0059a9","mode":"bus","arr":["01X","03K","05","05A","06","45Y","70","70A","71","71A"],"angle":-81.6}},{"type":"Feature","geometry":{"type":"Point","coordinates":[22.953124,40.618783]},"properties":{"lines":"01X, 03K, 05, 05A, 06, 45Y, 70, 70A, 71, 71A","color":"#0059a9","mode":"bus","arr":["01X","03K","05","05A","06","45Y","70","70A","71","71A"],"angle":84.4,"extra":1}},{"type":"Feature","geometry":{"type":"Point","coordinates":[22.95171,40.599304]},"properties":{"lines":"01X, 03K, 05, 05A, 06, 45Y, 70, 70A, 71, 71A","color":"#0059a9","mode":"bus","arr":["01X","03K","05","05A","06","45Y","70","70A","71","71A"],"angle":71.8,"extra":1}},{"type":"Feature","geometry":{"type":"Point","coordinates":[22.952674,40.597082]},"properties":{"lines":"01X, 03K, 05, 05A, 06, 30, 45Y, 70, 70A, 71, 71A","color":"#0059a9","mode":"bus","arr":["01X","03K","05","05A","06","30","45Y","70","70A","71","71A"],"angle":70.5}},{"type":"Feature","geometry":{"type":"Point","coordinates":[22.953792,40.59436]},"properties":{"lines":"01X, 03K, 30, 45Y, 70, 70A, 71, 71A","color":"#0059a9","mode":"bus","arr":["01X","03K","30","45Y","70","70A","71","71A"],"angle":82.9}},{"type":"Feature","geometry":{"type":"Point","coordinates":[22.954275,40.591587]},"properties":{"lines":"01X, 03K, 45Y, 70, 70A, 71, 71A","color":"#0059a9","mode":"bus","arr":["01X","03K","45Y","70","70A","71","71A"],"angle":83.3}},{"type":"Feature","geometry":{"type":"Point","coordinates":[22.985023,40.54789]},"properties":{"lines":"02K, 03K, 1N, 36, 36A, 36B, 36X, 36Z, 45Y, 60E, 67, 67B, 68A, 68B, 69A, 69B, 69H, 69N, 72, 72A, 72B, 72E, 76, 79A, 79K, 79X, 87A, 87B, 87E, 87F, 87H, 87L, 87M, 87N, 87P, 87R, 87T, 88, 88A, 88B, 88E, 88H, 88K, 88M, 88N","color":"#0059a9","mode":"bus","arr":["02K","03K","1N","36","36A","36B","36X","36Z","45Y","60E","67","67B","68A","68B","69A","69B","69H","69N","72","72A","72B","72E","76","79A","79K","79X","87A","87B","87E","87F","87H","87L","87M","87N","87P","87R","87T","88","88A","88B","88E","88H","88K","88M","88N"],"angle":-66.4}},{"type":"Feature","geometry":{"type":"Point","coordinates":[22.983841,40.547833]},"properties":{"lines":"02K, 03K, 45Y","color":"#0059a9","mode":"bus","arr":["02K","03K","45Y"],"angle":62.7}},{"type":"Feature","geometry":{"type":"Point","coordinates":[22.958654,40.592657]},"properties":{"lines":"02K, 04A, 07","color":"#0059a9","mode":"bus","arr":["02K","04A","07"],"angle":-45.9}},{"type":"Feature","geometry":{"type":"Point","coordinates":[22.959626,40.594702]},"properties":{"lines":"02K, 04A, 07, 33, 33A, 33B, 36, 36A, 36B, 36E, 36H, 36K, 36N, 36P, 36T, 36Y, 36Z, 39, 39A, 39B","color":"#0059a9","mode":"bus","arr":["02K","04A","07","33","33A","33B","36","36A","36B","36E","36H","36K","36N","36P","36T","36Y","36Z","39","39A","39B"],"angle":-79.1}},{"type":"Feature","geometry":{"type":"Point","coordinates":[22.962054,40.596172]},"properties":{"lines":"02K, 04A, 36, 36A, 36B, 36E, 36H, 36K, 36N, 36P, 36T, 36Y, 36Z","color":"#0059a9","mode":"bus","arr":["02K","04A","36","36A","36B","36E","36H","36K","36N","36P","36T","36Y","36Z"],"angle":-28.1}},{"type":"Feature","geometry":{"type":"Point","coordinates":[22.963971,40.596945]},"properties":{"lines":"02K, 04A, 31, 32N, 36, 36A, 36B, 36E, 36H, 36K, 36N, 36P, 36T, 36Y, 36Z, 43Y","color":"#0059a9","mode":"bus","arr":["02K","04A","31","32N","36","36A","36B","36E","36H","36K","36N","36P","36T","36Y","36Z","43Y"],"angle":-29.2}},{"type":"Feature","geometry":{"type":"Point","coordinates":[22.964235,40.602507]},"properties":{"lines":"02K, 31, 32N, 43Y, 45, 45A, 45B","color":"#0059a9","mode":"bus","arr":["02K","31","32N","43Y","45","45A","45B"],"angle":86}},{"type":"Feature","geometry":{"type":"Point","coordinates":[22.962993,40.615761]},"properties":{"lines":"02K, 32N, 43Y, 45, 45A, 45B","color":"#0059a9","mode":"bus","arr":["02K","32N","43Y","45","45A","45B"],"angle":86.1}},{"type":"Feature","geometry":{"type":"Point","coordinates":[22.963434,40.611256]},"properties":{"lines":"02K, 11, 11B, 11E, 11M, 32N, 43Y, 45, 45A, 45B","color":"#0059a9","mode":"bus","arr":["02K","11","11B","11E","11M","32N","43Y","45","45A","45B"],"angle":86.6}},{"type":"Feature","geometry":{"type":"Point","coordinates":[22.962521,40.620833]},"properties":{"lines":"02K, 12, 32N, 43Y, 45, 45A, 45B","color":"#0059a9","mode":"bus","arr":["02K","12","32N","43Y","45","45A","45B"],"angle":86}},{"type":"Feature","geometry":{"type":"Point","coordinates":[22.962363,40.622855]},"properties":{"lines":"02K, 12, 14, 32N, 43Y, 45, 45A, 45B","color":"#0059a9","mode":"bus","arr":["02K","12","14","32N","43Y","45","45A","45B"],"angle":84.7}},{"type":"Feature","geometry":{"type":"Point","coordinates":[22.961127,40.624858]},"properties":{"lines":"02K, 14, 32N, 43Y, 45, 45A, 45B","color":"#0059a9","mode":"bus","arr":["02K","14","32N","43Y","45","45A","45B"],"angle":57.8}},{"type":"Feature","geometry":{"type":"Point","coordinates":[22.984739,40.547661]},"properties":{"lines":"02K, 03K, 1N, 45Y, 60E, 67, 67A, 67B, 68A, 68B, 69A, 69B, 69H, 69N, 72, 72A, 76, 79B, 79X, 87A, 87E, 87F, 87H, 87L, 87M, 87N, 87Q, 87R, 88, 88A, 88B, 88E, 88K, 88M","color":"#0059a9","mode":"bus","arr":["02K","03K","1N","45Y","60E","67","67A","67B","68A","68B","69A","69B","69H","69N","72","72A","76","79B","79X","87A","87E","87F","87H","87L","87M","87N","87Q","87R","88","88A","88B","88E","88K","88M"],"angle":-29.4}},{"type":"Feature","geometry":{"type":"Point","coordinates":[22.968404,40.593242]},"properties":{"lines":"02X, 04B, 36, 36A, 36B, 36E, 36H, 36K, 36N, 36P, 36T, 36Y, 36Z, 58Μ, 66, 79X","color":"#0059a9","mode":"bus","arr":["02X","04B","36","36A","36B","36E","36H","36K","36N","36P","36T","36Y","36Z","58Μ","66","79X"],"angle":-15.1}},{"type":"Feature","geometry":{"type":"Point","coordinates":[22.968478,40.592743]},"properties":{"lines":"02X, 04A, 04B, 10, 11T, 36, 36A, 36B, 36E, 36H, 36K, 36N, 36P, 36T, 36Y, 36Z, 79X","color":"#0059a9","mode":"bus","arr":["02X","04A","04B","10","11T","36","36A","36B","36E","36H","36K","36N","36P","36T","36Y","36Z","79X"],"angle":-10.4}},{"type":"Feature","geometry":{"type":"Point","coordinates":[22.965838,40.592375]},"properties":{"lines":"02X, 36, 36A, 36B, 36E, 36H, 36K, 36N, 36P, 36T, 36Y, 36Z, 79X","color":"#0059a9","mode":"bus","arr":["02X","36","36A","36B","36E","36H","36K","36N","36P","36T","36Y","36Z","79X"],"angle":-10}},{"type":"Feature","geometry":{"type":"Point","coordinates":[22.966061,40.591297]},"properties":{"lines":"02X, 36, 36A, 36B, 36E, 36H, 36K, 36N, 36P, 36T, 36Y, 36Z, 79X","color":"#0059a9","mode":"bus","arr":["02X","36","36A","36B","36E","36H","36K","36N","36P","36T","36Y","36Z","79X"],"angle":57.4}},{"type":"Feature","geometry":{"type":"Point","coordinates":[22.966824,40.590916]},"properties":{"lines":"02X, 36, 36A, 36B, 36E, 36H, 36K, 36N, 36P, 36T, 36Y, 36Z, 79X","color":"#0059a9","mode":"bus","arr":["02X","36","36A","36B","36E","36H","36K","36N","36P","36T","36Y","36Z","79X"],"angle":62.3}},{"type":"Feature","geometry":{"type":"Point","coordinates":[22.977229,40.58135]},"properties":{"lines":"02X, 36, 36A, 36B, 36E, 36H, 36K, 36N, 36P, 36T, 36Y, 36Z, 45, 45A, 45B, 79X","color":"#0059a9","mode":"bus","arr":["02X","36","36A","36B","36E","36H","36K","36N","36P","36T","36Y","36Z","45","45A","45B","79X"],"angle":53.4}},{"type":"Feature","geometry":{"type":"Point","coordinates":[22.971079,40.586917]},"properties":{"lines":"02X, 36, 36A, 36B, 36E, 36H, 36K, 36N, 36P, 36T, 36Y, 36Z, 45, 45A, 45B, 79X","color":"#0059a9","mode":"bus","arr":["02X","36","36A","36B","36E","36H","36K","36N","36P","36T","36Y","36Z","45","45A","45B","79X"],"angle":47,"extra":1}},{"type":"Feature","geometry":{"type":"Point","coordinates":[22.980867,40.577358]},"properties":{"lines":"02X, 36, 36A, 36B, 36E, 36H, 36K, 36N, 36P, 36T, 36Y, 36Z, 45, 45A, 45B, 79X","color":"#0059a9","mode":"bus","arr":["02X","36","36A","36B","36E","36H","36K","36N","36P","36T","36Y","36Z","45","45A","45B","79X"],"angle":60.7,"extra":1}},{"type":"Feature","geometry":{"type":"Point","coordinates":[22.985813,40.569625]},"properties":{"lines":"02X, 36A, 36B, 36N, 36Y, 45B, 79X","color":"#0059a9","mode":"bus","arr":["02X","36A","36B","36N","36Y","45B","79X"],"angle":63.4}},{"type":"Feature","geometry":{"type":"Point","coordinates":[22.989548,40.564197]},"properties":{"lines":"02X, 36, 36A, 36B, 36E, 36H, 36K, 36N, 36P, 36Y, 36Z, 45, 45B, 79B, 79X","color":"#0059a9","mode":"bus","arr":["02X","36","36A","36B","36E","36H","36K","36N","36P","36Y","36Z","45","45B","79B","79X"],"angle":60.4}},{"type":"Feature","geometry":{"type":"Point","coordinates":[23.000758,40.551007]},"properties":{"lines":"02X, 79B, 79X","color":"#0059a9","mode":"bus","arr":["02X","79B","79X"],"angle":58}},{"type":"Feature","geometry":{"type":"Point","coordinates":[22.996593,40.55592]},"properties":{"lines":"02X, 79B, 79X","color":"#0059a9","mode":"bus","arr":["02X","79B","79X"],"angle":56.9,"extra":1}},{"type":"Feature","geometry":{"type":"Point","coordinates":[23.003335,40.547461]},"properties":{"lines":"02X, 79B, 79X","color":"#0059a9","mode":"bus","arr":["02X","79B","79X"],"angle":64,"extra":1}},{"type":"Feature","geometry":{"type":"Point","coordinates":[23.005544,40.534565]},"properties":{"lines":"02X, 79B","color":"#0059a9","mode":"bus","arr":["02X","79B"],"angle":-6.8}},{"type":"Feature","geometry":{"type":"Point","coordinates":[23.009757,40.53691]},"properties":{"lines":"02X, 79B","color":"#0059a9","mode":"bus","arr":["02X","79B"],"angle":-86.6,"extra":1}},{"type":"Feature","geometry":{"type":"Point","coordinates":[22.998365,40.533883]},"properties":{"lines":"02X, 79B","color":"#0059a9","mode":"bus","arr":["02X","79B"],"angle":-7.5,"extra":1}},{"type":"Feature","geometry":{"type":"Point","coordinates":[23.007707,40.534661]},"properties":{"lines":"02X, 79A, 79K","color":"#0059a9","mode":"bus","arr":["02X","79A","79K"],"angle":-6.8}},{"type":"Feature","geometry":{"type":"Point","coordinates":[23.000321,40.533965]},"properties":{"lines":"02X, 79A, 79K","color":"#0059a9","mode":"bus","arr":["02X","79A","79K"],"angle":-7.3,"extra":1}},{"type":"Feature","geometry":{"type":"Point","coordinates":[23.012829,40.535716]},"properties":{"lines":"02X, 79A, 79K","color":"#0059a9","mode":"bus","arr":["02X","79A","79K"],"angle":-86,"extra":1}},{"type":"Feature","geometry":{"type":"Point","coordinates":[23.000409,40.551692]},"properties":{"lines":"02X, 36, 36A, 36B, 36X, 36Z, 79A, 79K, 79X","color":"#0059a9","mode":"bus","arr":["02X","36","36A","36B","36X","36Z","79A","79K","79X"],"angle":58}},{"type":"Feature","geometry":{"type":"Point","coordinates":[23.005195,40.544952]},"properties":{"lines":"02X, 36, 36A, 36B, 36X, 36Z, 79A, 79K, 79X","color":"#0059a9","mode":"bus","arr":["02X","36","36A","36B","36X","36Z","79A","79K","79X"],"angle":63.5,"extra":1}},{"type":"Feature","geometry":{"type":"Point","coordinates":[22.991667,40.561842]},"properties":{"lines":"02X, 36, 36A, 36B, 36X, 36Z, 79A, 79K, 79X","color":"#0059a9","mode":"bus","arr":["02X","36","36A","36B","36X","36Z","79A","79K","79X"],"angle":57,"extra":1}},{"type":"Feature","geometry":{"type":"Point","coordinates":[22.990968,40.562661]},"properties":{"lines":"02X, 79X","color":"#0059a9","mode":"bus","arr":["02X","79X"],"angle":57.4}},{"type":"Feature","geometry":{"type":"Point","coordinates":[22.987743,40.567036]},"properties":{"lines":"02X, 36A, 36N, 45, 79K, 79X","color":"#0059a9","mode":"bus","arr":["02X","36A","36N","45","79K","79X"],"angle":63}},{"type":"Feature","geometry":{"type":"Point","coordinates":[22.984458,40.57202]},"properties":{"lines":"02X, 36A, 36N, 45, 79X","color":"#0059a9","mode":"bus","arr":["02X","36A","36N","45","79X"],"angle":63.3}},{"type":"Feature","geometry":{"type":"Point","coordinates":[22.965076,40.593035]},"properties":{"lines":"36, 36A, 36B, 36E, 36H, 36K, 36N, 36P, 36T, 36Y, 36Z","color":"#0059a9","mode":"bus","arr":["36","36A","36B","36E","36H","36K","36N","36P","36T","36Y","36Z"],"angle":84.9}},{"type":"Feature","geometry":{"type":"Point","coordinates":[22.965718,40.59228]},"properties":{"lines":"36, 36A, 36B, 36E, 36H, 36K, 36N, 36P, 36T, 36Y, 36Z","color":"#0059a9","mode":"bus","arr":["36","36A","36B","36E","36H","36K","36N","36P","36T","36Y","36Z"],"angle":-10.8}},{"type":"Feature","geometry":{"type":"Point","coordinates":[22.969063,40.592751]},"properties":{"lines":"02X, 10, 11T, 36, 36A, 36B, 36E, 36H, 36K, 36N, 36P, 36T, 36Y, 36Z, 58Μ, 66, 79X","color":"#0059a9","mode":"bus","arr":["02X","10","11T","36","36A","36B","36E","36H","36K","36N","36P","36T","36Y","36Z","58Μ","66","79X"],"angle":-10.5}},{"type":"Feature","geometry":{"type":"Point","coordinates":[22.970099,40.593211]},"properties":{"lines":"02X, 04B, 10, 11T, 36, 36A, 36B, 36E, 36H, 36K, 36N, 36P, 36T, 36Y, 36Z, 58Μ, 66, 79X","color":"#0059a9","mode":"bus","arr":["02X","04B","10","11T","36","36A","36B","36E","36H","36K","36N","36P","36T","36Y","36Z","58Μ","66","79X"],"angle":10.5}},{"type":"Feature","geometry":{"type":"Point","coordinates":[22.952852,40.625072]},"properties":{"lines":"03K, 05, 05A, 05B, 06, 33, 33A, 33B, 39, 39A, 39B, 45Y, 50, 70, 70A, 71, 71A","color":"#0059a9","mode":"bus","arr":["03K","05","05A","05B","06","33","33A","33B","39","39A","39B","45Y","50","70","70A","71","71A"],"angle":85.6}},{"type":"Feature","geometry":{"type":"Point","coordinates":[22.946282,40.630644]},"properties":{"lines":"03K, 05, 05A, 05B, 06, 10, 12, 33, 33A, 33B, 45Y, 58, 70, 70A","color":"#0059a9","mode":"bus","arr":["03K","05","05A","05B","06","10","12","33","33A","33B","45Y","58","70","70A"],"angle":40.4}},{"type":"Feature","geometry":{"type":"Point","coordinates":[22.939089,40.634936]},"properties":{"lines":"03K, 05, 05A, 05B, 06, 10, 12, 33, 33A, 33B, 45Y, 70, 70A","color":"#0059a9","mode":"bus","arr":["03K","05","05A","05B","06","10","12","33","33A","33B","45Y","70","70A"],"angle":35}},{"type":"Feature","geometry":{"type":"Point","coordinates":[22.937376,40.635864]},"properties":{"lines":"03K, 10, 12, 16, 23, 45Y, 70, 70A","color":"#0059a9","mode":"bus","arr":["03K","10","12","16","23","45Y","70","70A"],"angle":35.9}},{"type":"Feature","geometry":{"type":"Point","coordinates":[22.93367,40.637847]},"properties":{"lines":"03K, 10, 12, 16, 23, 31, 39, 39A, 39B, 40, 40A, 45Y, 70, 70A","color":"#0059a9","mode":"bus","arr":["03K","10","12","16","23","31","39","39A","39B","40","40A","45Y","70","70A"],"angle":34.1}},{"type":"Feature","geometry":{"type":"Point","coordinates":[22.930386,40.640095]},"properties":{"lines":"03K, 10, 12, 23, 52B, 70, 70A","color":"#0059a9","mode":"bus","arr":["03K","10","12","23","52B","70","70A"],"angle":39.4}},{"type":"Feature","geometry":{"type":"Point","coordinates":[22.928162,40.641786]},"properties":{"lines":"03K, 10, 12, 23, 70, 70A","color":"#0059a9","mode":"bus","arr":["03K","10","12","23","70","70A"],"angle":70.5}},{"type":"Feature","geometry":{"type":"Point","coordinates":[22.928095,40.644536]},"properties":{"lines":"84A, 84B","color":"#0059a9","mode":"bus","arr":["84A","84B"],"angle":31.4}},{"type":"Feature","geometry":{"type":"Point","coordinates":[22.983471,40.740367]},"properties":{"lines":"84A, 84B","color":"#0059a9","mode":"bus","arr":["84A","84B"],"angle":51.5}},{"type":"Feature","geometry":{"type":"Point","coordinates":[22.93737,40.772314]},"properties":{"lines":"84A, 84B","color":"#0059a9","mode":"bus","arr":["84A","84B"],"angle":-22.5}},{"type":"Feature","geometry":{"type":"Point","coordinates":[22.949398,40.777778]},"properties":{"lines":"84A, 84B","color":"#0059a9","mode":"bus","arr":["84A","84B"],"angle":-22.8}},{"type":"Feature","geometry":{"type":"Point","coordinates":[22.936217,40.638243]},"properties":{"lines":"03K, 15, 23, 31, 39, 39A, 39B, 40, 40A, 45Y","color":"#0059a9","mode":"bus","arr":["03K","15","23","31","39","39A","39B","40","40A","45Y"],"angle":84.9}},{"type":"Feature","geometry":{"type":"Point","coordinates":[22.935317,40.635103]},"properties":{"lines":"03K, 15, 23, 39, 39A, 45Y","color":"#0059a9","mode":"bus","arr":["03K","15","23","39","39A","45Y"],"angle":46.9}},{"type":"Feature","geometry":{"type":"Point","coordinates":[22.937915,40.633441]},"properties":{"lines":"03K, 15, 23, 24, 39, 39A, 45Y","color":"#0059a9","mode":"bus","arr":["03K","15","23","24","39","39A","45Y"],"angle":26.3}},{"type":"Feature","geometry":{"type":"Point","coordinates":[22.943565,40.631442]},"properties":{"lines":"03K, 05, 05A, 06, 12, 33, 39, 39A, 45Y","color":"#0059a9","mode":"bus","arr":["03K","05","05A","06","12","33","39","39A","45Y"],"angle":32.9}},{"type":"Feature","geometry":{"type":"Point","coordinates":[22.948388,40.627388]},"properties":{"lines":"03K, 05, 05A, 06, 12, 15, 33, 39, 39A, 45Y","color":"#0059a9","mode":"bus","arr":["03K","05","05A","06","12","15","33","39","39A","45Y"],"angle":79}},{"type":"Feature","geometry":{"type":"Point","coordinates":[22.950712,40.624976]},"properties":{"lines":"03K, 05, 05A, 06, 33, 45Y, 50, 70, 70A, 71, 71A","color":"#0059a9","mode":"bus","arr":["03K","05","05A","06","33","45Y","50","70","70A","71","71A"],"angle":45.9}},{"type":"Feature","geometry":{"type":"Point","coordinates":[22.970801,40.56537]},"properties":{"lines":"04A, 04B, 05, 05A, 05B, 06, 07","color":"#0059a9","mode":"bus","arr":["04A","04B","05","05A","05B","06","07"],"angle":22.3}},{"type":"Feature","geometry":{"type":"Point","coordinates":[22.966123,40.566418]},"properties":{"lines":"04B, 05, 05A, 05B","color":"#0059a9","mode":"bus","arr":["04B","05","05A","05B"],"angle":29.3}},{"type":"Feature","geometry":{"type":"Point","coordinates":[22.972007,40.56776]},"properties":{"lines":"04A, 04B, 05, 05A, 06, 07","color":"#0059a9","mode":"bus","arr":["04A","04B","05","05A","06","07"],"angle":67.5}},{"type":"Feature","geometry":{"type":"Point","coordinates":[22.971194,40.569245]},"properties":{"lines":"04A, 06, 07","color":"#0059a9","mode":"bus","arr":["04A","06","07"],"angle":68.1}},{"type":"Feature","geometry":{"type":"Point","coordinates":[22.965859,40.576536]},"properties":{"lines":"04A, 06, 07","color":"#0059a9","mode":"bus","arr":["04A","06","07"],"angle":42.7}},{"type":"Feature","geometry":{"type":"Point","coordinates":[22.969215,40.572902]},"properties":{"lines":"04A, 07","color":"#0059a9","mode":"bus","arr":["04A","07"],"angle":67.6}},{"type":"Feature","geometry":{"type":"Point","coordinates":[22.955255,40.59023]},"properties":{"lines":"04A, 07","color":"#0059a9","mode":"bus","arr":["04A","07"],"angle":-43.2}},{"type":"Feature","geometry":{"type":"Point","coordinates":[22.960425,40.572226]},"properties":{"lines":"04A, 04B, 06, 07","color":"#0059a9","mode":"bus","arr":["04A","04B","06","07"],"angle":-46.5}},{"type":"Feature","geometry":{"type":"Point","coordinates":[22.950316,40.575789]},"properties":{"lines":"04A, 05B, 06","color":"#0059a9","mode":"bus","arr":["04A","05B","06"],"angle":40.1}},{"type":"Feature","geometry":{"type":"Point","coordinates":[22.945315,40.578901]},"properties":{"lines":"04A, 06","color":"#0059a9","mode":"bus","arr":["04A","06"],"angle":39.4}},{"type":"Feature","geometry":{"type":"Point","coordinates":[22.951267,40.589865]},"properties":{"lines":"04A, 06","color":"#0059a9","mode":"bus","arr":["04A","06"],"angle":46.9}},{"type":"Feature","geometry":{"type":"Point","coordinates":[22.938656,40.585473]},"properties":{"lines":"04A, 05, 05A","color":"#0059a9","mode":"bus","arr":["04A","05","05A"],"angle":-33.2}},{"type":"Feature","geometry":{"type":"Point","coordinates":[22.938891,40.580249]},"properties":{"lines":"04A, 05, 05A","color":"#0059a9","mode":"bus","arr":["04A","05","05A"],"angle":33.4,"extra":1}},{"type":"Feature","geometry":{"type":"Point","coordinates":[22.942644,40.587539]},"properties":{"lines":"04A, 05, 05A","color":"#0059a9","mode":"bus","arr":["04A","05","05A"],"angle":-42.6,"extra":1}},{"type":"Feature","geometry":{"type":"Point","coordinates":[22.967727,40.597376]},"properties":{"lines":"04A","color":"#0059a9","mode":"bus","arr":["04A"],"angle":-1.6}},{"type":"Feature","geometry":{"type":"Point","coordinates":[22.975536,40.56806]},"properties":{"lines":"04A","color":"#0059a9","mode":"bus","arr":["04A"],"angle":-22.5}},{"type":"Feature","geometry":{"type":"Point","coordinates":[22.975067,40.569866]},"properties":{"lines":"04A","color":"#0059a9","mode":"bus","arr":["04A"],"angle":-86.1}},{"type":"Feature","geometry":{"type":"Point","coordinates":[22.979615,40.568825]},"properties":{"lines":"04A, 04B","color":"#0059a9","mode":"bus","arr":["04A","04B"],"angle":-13.9}},{"type":"Feature","geometry":{"type":"Point","coordinates":[22.972898,40.569414]},"properties":{"lines":"04A, 04B","color":"#0059a9","mode":"bus","arr":["04A","04B"],"angle":-42.2}},{"type":"Feature","geometry":{"type":"Point","coordinates":[22.971476,40.595359]},"properties":{"lines":"04A, 04B, 10, 36X","color":"#0059a9","mode":"bus","arr":["04A","04B","10","36X"],"angle":78.7}},{"type":"Feature","geometry":{"type":"Point","coordinates":[22.971293,40.593067]},"properties":{"lines":"04A, 04B, 10, 11T, 58Μ, 66","color":"#0059a9","mode":"bus","arr":["04A","04B","10","11T","58Μ","66"],"angle":-10.6}},{"type":"Feature","geometry":{"type":"Point","coordinates":[22.975142,40.585592]},"properties":{"lines":"04A, 04B, 36X, 58Μ, 66","color":"#0059a9","mode":"bus","arr":["04A","04B","36X","58Μ","66"],"angle":53.5}},{"type":"Feature","geometry":{"type":"Point","coordinates":[22.971371,40.588317]},"properties":{"lines":"04A, 04B, 36X, 58Μ, 66","color":"#0059a9","mode":"bus","arr":["04A","04B","36X","58Μ","66"],"angle":48.6,"extra":1}},{"type":"Feature","geometry":{"type":"Point","coordinates":[22.981604,40.586755]},"properties":{"lines":"04A, 04B, 36X, 58Μ, 66","color":"#0059a9","mode":"bus","arr":["04A","04B","36X","58Μ","66"],"angle":75.2,"extra":1}},{"type":"Feature","geometry":{"type":"Point","coordinates":[22.98699,40.577418]},"properties":{"lines":"04A, 04B, 36X, 58Μ, 66","color":"#0059a9","mode":"bus","arr":["04A","04B","36X","58Μ","66"],"angle":54.4}},{"type":"Feature","geometry":{"type":"Point","coordinates":[22.98382,40.580837]},"properties":{"lines":"04A, 36X, 58Μ, 66","color":"#0059a9","mode":"bus","arr":["04A","36X","58Μ","66"],"angle":62.7}},{"type":"Feature","geometry":{"type":"Point","coordinates":[22.989419,40.574969]},"properties":{"lines":"04A, 36H, 36X, 58Μ, 66","color":"#0059a9","mode":"bus","arr":["04A","36H","36X","58Μ","66"],"angle":52.6}},{"type":"Feature","geometry":{"type":"Point","coordinates":[22.98897,40.573156]},"properties":{"lines":"04A, 36, 36B, 36E, 36H, 36K, 36P, 36Y, 36Z, 45B, 79A","color":"#0059a9","mode":"bus","arr":["04A","36","36B","36E","36H","36K","36P","36Y","36Z","45B","79A"],"angle":-30.4}},{"type":"Feature","geometry":{"type":"Point","coordinates":[22.987263,40.572313]},"properties":{"lines":"04A, 36, 36B, 36E, 36H, 36K, 36P, 36T, 36Y, 36Z, 45, 45A, 45B, 79A, 79B","color":"#0059a9","mode":"bus","arr":["04A","36","36B","36E","36H","36K","36P","36T","36Y","36Z","45","45A","45B","79A","79B"],"angle":-34.8}},{"type":"Feature","geometry":{"type":"Point","coordinates":[22.985249,40.571145]},"properties":{"lines":"04A, 36, 36E, 36H, 36K, 36P, 36Z, 45, 79B","color":"#0059a9","mode":"bus","arr":["04A","36","36E","36H","36K","36P","36Z","45","79B"],"angle":-46.8}},{"type":"Feature","geometry":{"type":"Point","coordinates":[22.987255,40.571344]},"properties":{"lines":"04A, 04B, 79K","color":"#0059a9","mode":"bus","arr":["04A","04B","79K"],"angle":9.5}},{"type":"Feature","geometry":{"type":"Point","coordinates":[22.985159,40.572181]},"properties":{"lines":"79K","color":"#0059a9","mode":"bus","arr":["79K"],"angle":-37}},{"type":"Feature","geometry":{"type":"Point","coordinates":[22.985324,40.572344]},"properties":{"lines":"04A, 04B, 36, 36B, 36E, 36H, 36K, 36P, 36T, 36Y, 36Z, 45, 45A, 45B, 79A, 79K","color":"#0059a9","mode":"bus","arr":["04A","04B","36","36B","36E","36H","36K","36P","36T","36Y","36Z","45","45A","45B","79A","79K"],"angle":-23.4}},{"type":"Feature","geometry":{"type":"Point","coordinates":[22.983314,40.574106]},"properties":{"lines":"04A, 04B, 36, 36B, 36E, 36H, 36K, 36P, 36T, 36Z, 45, 45A, 45B, 79A, 79K","color":"#0059a9","mode":"bus","arr":["04A","04B","36","36B","36E","36H","36K","36P","36T","36Z","45","45A","45B","79A","79K"],"angle":62.8}},{"type":"Feature","geometry":{"type":"Point","coordinates":[22.985293,40.575628]},"properties":{"lines":"04A, 04B, 36, 36B, 36E, 36H, 36K, 36P, 36T, 36Z, 45, 45A, 45B, 79B","color":"#0059a9","mode":"bus","arr":["04A","04B","36","36B","36E","36H","36K","36P","36T","36Z","45","45A","45B","79B"],"angle":29.2}},{"type":"Feature","geometry":{"type":"Point","coordinates":[22.987058,40.575373]},"properties":{"lines":"04A, 04B, 36H","color":"#0059a9","mode":"bus","arr":["04A","04B","36H"],"angle":-33.8}},{"type":"Feature","geometry":{"type":"Point","coordinates":[22.972064,40.568701]},"properties":{"lines":"04A, 04B, 05B","color":"#0059a9","mode":"bus","arr":["04A","04B","05B"],"angle":-48.9}},{"type":"Feature","geometry":{"type":"Point","coordinates":[22.969751,40.567447]},"properties":{"lines":"04A, 05, 05A, 05B, 06, 07","color":"#0059a9","mode":"bus","arr":["04A","05","05A","05B","06","07"],"angle":-39.4}},{"type":"Feature","geometry":{"type":"Point","coordinates":[22.975571,40.567968]},"properties":{"lines":"04B","color":"#0059a9","mode":"bus","arr":["04B"],"angle":-22.3}},{"type":"Feature","geometry":{"type":"Point","coordinates":[22.967654,40.597464]},"properties":{"lines":"04B","color":"#0059a9","mode":"bus","arr":["04B"],"angle":-0.7}},{"type":"Feature","geometry":{"type":"Point","coordinates":[22.961559,40.578326]},"properties":{"lines":"04B","color":"#0059a9","mode":"bus","arr":["04B"],"angle":18}},{"type":"Feature","geometry":{"type":"Point","coordinates":[22.985221,40.570966]},"properties":{"lines":"04B, 36, 36E, 36H, 36K, 36P, 36T, 36Z, 45, 45A","color":"#0059a9","mode":"bus","arr":["04B","36","36E","36H","36K","36P","36T","36Z","45","45A"],"angle":-48.6}},{"type":"Feature","geometry":{"type":"Point","coordinates":[22.988186,40.576252]},"properties":{"lines":"04B, 36X, 58Μ, 66","color":"#0059a9","mode":"bus","arr":["04B","36X","58Μ","66"],"angle":51.1}},{"type":"Feature","geometry":{"type":"Point","coordinates":[22.984345,40.581043]},"properties":{"lines":"04B, 36X, 58Μ, 66","color":"#0059a9","mode":"bus","arr":["04B","36X","58Μ","66"],"angle":62.3}},{"type":"Feature","geometry":{"type":"Point","coordinates":[22.953673,40.589219]},"properties":{"lines":"04B, 07","color":"#0059a9","mode":"bus","arr":["04B","07"],"angle":-44.3}},{"type":"Feature","geometry":{"type":"Point","coordinates":[22.955803,40.578217]},"properties":{"lines":"04B, 07","color":"#0059a9","mode":"bus","arr":["04B","07"],"angle":-7.5}},{"type":"Feature","geometry":{"type":"Point","coordinates":[22.952919,40.586527]},"properties":{"lines":"04B, 06, 07","color":"#0059a9","mode":"bus","arr":["04B","06","07"],"angle":87.9}},{"type":"Feature","geometry":{"type":"Point","coordinates":[22.953192,40.582017]},"properties":{"lines":"04B, 07, 33","color":"#0059a9","mode":"bus","arr":["04B","07","33"],"angle":88.7}},{"type":"Feature","geometry":{"type":"Point","coordinates":[22.955506,40.572713]},"properties":{"lines":"04B, 06","color":"#0059a9","mode":"bus","arr":["04B","06"],"angle":32.1}},{"type":"Feature","geometry":{"type":"Point","coordinates":[22.957501,40.571496]},"properties":{"lines":"04B, 05, 05A, 06","color":"#0059a9","mode":"bus","arr":["04B","05","05A","06"],"angle":55.7}},{"type":"Feature","geometry":{"type":"Point","coordinates":[22.959947,40.567239]},"properties":{"lines":"04B, 05, 05A","color":"#0059a9","mode":"bus","arr":["04B","05","05A"],"angle":31.5}},{"type":"Feature","geometry":{"type":"Point","coordinates":[22.959616,40.570162]},"properties":{"lines":"05, 05A, 05B","color":"#0059a9","mode":"bus","arr":["05","05A","05B"],"angle":55.9}},{"type":"Feature","geometry":{"type":"Point","coordinates":[22.949974,40.574156]},"properties":{"lines":"05, 05A, 07","color":"#0059a9","mode":"bus","arr":["05","05A","07"],"angle":39.3}},{"type":"Feature","geometry":{"type":"Point","coordinates":[22.954796,40.571051]},"properties":{"lines":"05, 05A","color":"#0059a9","mode":"bus","arr":["05","05A"],"angle":-34.4}},{"type":"Feature","geometry":{"type":"Point","coordinates":[22.94586,40.589837]},"properties":{"lines":"05, 05A","color":"#0059a9","mode":"bus","arr":["05","05A"],"angle":-43.4}},{"type":"Feature","geometry":{"type":"Point","coordinates":[22.946352,40.584922]},"properties":{"lines":"05, 05A","color":"#0059a9","mode":"bus","arr":["05","05A"],"angle":46.7}},{"type":"Feature","geometry":{"type":"Point","coordinates":[22.951724,40.592593]},"properties":{"lines":"05, 05A, 05B, 06","color":"#0059a9","mode":"bus","arr":["05","05A","05B","06"],"angle":-43.3}},{"type":"Feature","geometry":{"type":"Point","coordinates":[22.955773,40.59347]},"properties":{"lines":"05, 05A, 05B, 06","color":"#0059a9","mode":"bus","arr":["05","05A","05B","06"],"angle":-6.8}},{"type":"Feature","geometry":{"type":"Point","coordinates":[22.954556,40.59336]},"properties":{"lines":"05, 05A, 05B, 06, 30","color":"#0059a9","mode":"bus","arr":["05","05A","05B","06","30"],"angle":-6.8}},{"type":"Feature","geometry":{"type":"Point","coordinates":[22.938363,40.634897]},"properties":{"lines":"05, 05A, 05B, 06, 12, 24, 25, 26, 33, 33A, 33B","color":"#0059a9","mode":"bus","arr":["05","05A","05B","06","12","24","25","26","33","33A","33B"],"angle":-54.5}},{"type":"Feature","geometry":{"type":"Point","coordinates":[22.951177,40.593679]},"properties":{"lines":"05, 05A, 06","color":"#0059a9","mode":"bus","arr":["05","05A","06"],"angle":-43.1}},{"type":"Feature","geometry":{"type":"Point","coordinates":[22.946547,40.581255]},"properties":{"lines":"05, 05A, 06","color":"#0059a9","mode":"bus","arr":["05","05A","06"],"angle":-43.8}},{"type":"Feature","geometry":{"type":"Point","coordinates":[22.969527,40.562761]},"properties":{"lines":"05A","color":"#0059a9","mode":"bus","arr":["05A"],"angle":-64.9}},{"type":"Feature","geometry":{"type":"Point","coordinates":[22.97367,40.568079]},"properties":{"lines":"05B","color":"#0059a9","mode":"bus","arr":["05B"],"angle":-87.1}},{"type":"Feature","geometry":{"type":"Point","coordinates":[22.949695,40.580175]},"properties":{"lines":"05B, 06, 07","color":"#0059a9","mode":"bus","arr":["05B","06","07"],"angle":-32.3}},{"type":"Feature","geometry":{"type":"Point","coordinates":[22.953005,40.586502]},"properties":{"lines":"05B, 06, 07","color":"#0059a9","mode":"bus","arr":["05B","06","07"],"angle":87.1}},{"type":"Feature","geometry":{"type":"Point","coordinates":[22.95321,40.583142]},"properties":{"lines":"05B, 06, 07, 33, 33A, 33B","color":"#0059a9","mode":"bus","arr":["05B","06","07","33","33A","33B"],"angle":87.5}},{"type":"Feature","geometry":{"type":"Point","coordinates":[22.951382,40.589886]},"properties":{"lines":"05B, 06","color":"#0059a9","mode":"bus","arr":["05B","06"],"angle":47.1}},{"type":"Feature","geometry":{"type":"Point","coordinates":[22.968865,40.569648]},"properties":{"lines":"06","color":"#0059a9","mode":"bus","arr":["06"],"angle":-1.2}},{"type":"Feature","geometry":{"type":"Point","coordinates":[22.964964,40.574937]},"properties":{"lines":"06","color":"#0059a9","mode":"bus","arr":["06"],"angle":-28.6}},{"type":"Feature","geometry":{"type":"Point","coordinates":[22.949216,40.591529]},"properties":{"lines":"06","color":"#0059a9","mode":"bus","arr":["06"],"angle":48}},{"type":"Feature","geometry":{"type":"Point","coordinates":[22.950901,40.583805]},"properties":{"lines":"06","color":"#0059a9","mode":"bus","arr":["06"],"angle":-37}},{"type":"Feature","geometry":{"type":"Point","coordinates":[22.963346,40.57456]},"properties":{"lines":"06","color":"#0059a9","mode":"bus","arr":["06"],"angle":-21.1}},{"type":"Feature","geometry":{"type":"Point","coordinates":[22.965109,40.574978]},"properties":{"lines":"06, 07","color":"#0059a9","mode":"bus","arr":["06","07"],"angle":2.6}},{"type":"Feature","geometry":{"type":"Point","coordinates":[22.945769,40.577685]},"properties":{"lines":"07","color":"#0059a9","mode":"bus","arr":["07"],"angle":-52.6}},{"type":"Feature","geometry":{"type":"Point","coordinates":[22.958733,40.60707]},"properties":{"lines":"07","color":"#0059a9","mode":"bus","arr":["07"],"angle":-2.9}},{"type":"Feature","geometry":{"type":"Point","coordinates":[22.960608,40.576724]},"properties":{"lines":"07","color":"#0059a9","mode":"bus","arr":["07"],"angle":27.4}},{"type":"Feature","geometry":{"type":"Point","coordinates":[22.95961,40.600006]},"properties":{"lines":"07, 33, 33A, 33B, 39, 39A, 39B","color":"#0059a9","mode":"bus","arr":["07","33","33A","33B","39","39A","39B"],"angle":78.1}},{"type":"Feature","geometry":{"type":"Point","coordinates":[22.959703,40.605879]},"properties":{"lines":"07, 33, 33A, 33B, 39, 39A, 39B","color":"#0059a9","mode":"bus","arr":["07","33","33A","33B","39","39A","39B"],"angle":-79.3}},{"type":"Feature","geometry":{"type":"Point","coordinates":[22.957482,40.610046]},"properties":{"lines":"07, 33, 39, 39A","color":"#0059a9","mode":"bus","arr":["07","33","39","39A"],"angle":87}},{"type":"Feature","geometry":{"type":"Point","coordinates":[22.958784,40.602981]},"properties":{"lines":"07, 33, 39, 39A","color":"#0059a9","mode":"bus","arr":["07","33","39","39A"],"angle":77.3,"extra":1}},{"type":"Feature","geometry":{"type":"Point","coordinates":[22.958628,40.61801]},"properties":{"lines":"07, 31, 33, 39, 39A","color":"#0059a9","mode":"bus","arr":["07","31","33","39","39A"],"angle":71.4}},{"type":"Feature","geometry":{"type":"Point","coordinates":[22.957599,40.620215]},"properties":{"lines":"07, 10, 11, 11B, 11E, 11M, 31, 33, 39, 39A, 58","color":"#0059a9","mode":"bus","arr":["07","10","11","11B","11E","11M","31","33","39","39A","58"],"angle":70.6}},{"type":"Feature","geometry":{"type":"Point","coordinates":[22.956163,40.623513]},"properties":{"lines":"07, 10, 11, 11B, 11E, 11M, 12, 31, 33, 39, 39A, 58","color":"#0059a9","mode":"bus","arr":["07","10","11","11B","11E","11M","12","31","33","39","39A","58"],"angle":71.4}},{"type":"Feature","geometry":{"type":"Point","coordinates":[22.954344,40.625459]},"properties":{"lines":"07, 10, 11, 11B, 11E, 11M, 12, 27, 28, 31, 39, 39A, 58, 83, 83B, 83M","color":"#0059a9","mode":"bus","arr":["07","10","11","11B","11E","11M","12","27","28","31","39","39A","58","83","83B","83M"],"angle":42.9}},{"type":"Feature","geometry":{"type":"Point","coordinates":[22.953274,40.62638]},"properties":{"lines":"07, 11, 11B, 11E, 11M, 27, 28, 31, 83, 83B, 83M","color":"#0059a9","mode":"bus","arr":["07","11","11B","11E","11M","27","28","31","83","83B","83M"],"angle":59.4}},{"type":"Feature","geometry":{"type":"Point","coordinates":[22.953158,40.62807]},"properties":{"lines":"07, 11, 11B, 11E, 11M, 15, 27, 28, 31, 39, 39A, 39B, 50, 71, 71A, 83, 83B, 83M","color":"#0059a9","mode":"bus","arr":["07","11","11B","11E","11M","15","27","28","31","39","39A","39B","50","71","71A","83","83B","83M"],"angle":-84.5}},{"type":"Feature","geometry":{"type":"Point","coordinates":[22.953405,40.629957]},"properties":{"lines":"07, 11, 11B, 11E, 11M, 15, 27, 28, 31, 39, 39A, 39B, 71, 71A, 83, 83B, 83M","color":"#0059a9","mode":"bus","arr":["07","11","11B","11E","11M","15","27","28","31","39","39A","39B","71","71A","83","83B","83M"],"angle":-84.6}},{"type":"Feature","geometry":{"type":"Point","coordinates":[22.959483,40.622679]},"properties":{"lines":"07, 12","color":"#0059a9","mode":"bus","arr":["07","12"],"angle":-21.4}},{"type":"Feature","geometry":{"type":"Point","coordinates":[22.928589,40.646066]},"properties":{"lines":"09, 40, 40K, 51, 55Y, 70, 70A, 71, 71A","color":"#0059a9","mode":"bus","arr":["09","40","40K","51","55Y","70","70A","71","71A"],"angle":27.1}},{"type":"Feature","geometry":{"type":"Point","coordinates":[22.931884,40.644251]},"properties":{"lines":"09, 40, 40A, 51, 51B, 55Y, 70, 70A, 71, 71A","color":"#0059a9","mode":"bus","arr":["09","40","40A","51","51B","55Y","70","70A","71","71A"],"angle":42.9}},{"type":"Feature","geometry":{"type":"Point","coordinates":[22.931766,40.64324]},"properties":{"lines":"09, 21, 40, 40A, 51, 51B, 55Y, 56, 64, 64A, 64B, 70, 70A, 71, 71A, 84A, 84B","color":"#0059a9","mode":"bus","arr":["09","21","40","40A","51","51B","55Y","56","64","64A","64B","70","70A","71","71A","84A","84B"],"angle":-51.4}},{"type":"Feature","geometry":{"type":"Point","coordinates":[22.901232,40.658028]},"properties":{"lines":"09","color":"#0059a9","mode":"bus","arr":["09"],"angle":52.2}},{"type":"Feature","geometry":{"type":"Point","coordinates":[22.883314,40.657802]},"properties":{"lines":"09","color":"#0059a9","mode":"bus","arr":["09"],"angle":-27.2}},{"type":"Feature","geometry":{"type":"Point","coordinates":[22.8871,40.664843]},"properties":{"lines":"09","color":"#0059a9","mode":"bus","arr":["09"],"angle":20}},{"type":"Feature","geometry":{"type":"Point","coordinates":[22.882007,40.664682]},"properties":{"lines":"09","color":"#0059a9","mode":"bus","arr":["09"],"angle":-83.6,"extra":1}},{"type":"Feature","geometry":{"type":"Point","coordinates":[22.881564,40.657665]},"properties":{"lines":"09","color":"#0059a9","mode":"bus","arr":["09"],"angle":2.5}},{"type":"Feature","geometry":{"type":"Point","coordinates":[22.876406,40.658442]},"properties":{"lines":"09","color":"#0059a9","mode":"bus","arr":["09"],"angle":55.8}},{"type":"Feature","geometry":{"type":"Point","coordinates":[22.849206,40.65804]},"properties":{"lines":"09","color":"#0059a9","mode":"bus","arr":["09"],"angle":89.7}},{"type":"Feature","geometry":{"type":"Point","coordinates":[22.871807,40.65577]},"properties":{"lines":"09","color":"#0059a9","mode":"bus","arr":["09"],"angle":0.3,"extra":1}},{"type":"Feature","geometry":{"type":"Point","coordinates":[22.858825,40.654893]},"properties":{"lines":"09","color":"#0059a9","mode":"bus","arr":["09"],"angle":-6.1,"extra":1}},{"type":"Feature","geometry":{"type":"Point","coordinates":[22.851839,40.66427]},"properties":{"lines":"09","color":"#0059a9","mode":"bus","arr":["09"],"angle":16.7,"extra":1}},{"type":"Feature","geometry":{"type":"Point","coordinates":[22.864334,40.66143]},"properties":{"lines":"09","color":"#0059a9","mode":"bus","arr":["09"],"angle":16.7,"extra":1}},{"type":"Feature","geometry":{"type":"Point","coordinates":[22.883962,40.661197]},"properties":{"lines":"09","color":"#0059a9","mode":"bus","arr":["09"],"angle":-60.2}},{"type":"Feature","geometry":{"type":"Point","coordinates":[22.898219,40.660894]},"properties":{"lines":"09, 42A, 42B","color":"#0059a9","mode":"bus","arr":["09","42A","42B"],"angle":51.2}},{"type":"Feature","geometry":{"type":"Point","coordinates":[22.970525,40.599558]},"properties":{"lines":"10, 36X","color":"#0059a9","mode":"bus","arr":["10","36X"],"angle":73.1}},{"type":"Feature","geometry":{"type":"Point","coordinates":[22.969643,40.601749]},"properties":{"lines":"10, 36X, 58","color":"#0059a9","mode":"bus","arr":["10","36X","58"],"angle":-19.4}},{"type":"Feature","geometry":{"type":"Point","coordinates":[22.967817,40.605994]},"properties":{"lines":"10, 30, 36X, 58","color":"#0059a9","mode":"bus","arr":["10","30","36X","58"],"angle":61.4}},{"type":"Feature","geometry":{"type":"Point","coordinates":[22.964917,40.610026]},"properties":{"lines":"10, 58","color":"#0059a9","mode":"bus","arr":["10","58"],"angle":72.8}},{"type":"Feature","geometry":{"type":"Point","coordinates":[22.961864,40.615617]},"properties":{"lines":"10, 11, 11B, 11E, 11M, 58","color":"#0059a9","mode":"bus","arr":["10","11","11B","11E","11M","58"],"angle":48.4}},{"type":"Feature","geometry":{"type":"Point","coordinates":[22.953278,40.626258]},"properties":{"lines":"10, 12, 58","color":"#0059a9","mode":"bus","arr":["10","12","58"],"angle":44.1}},{"type":"Feature","geometry":{"type":"Point","coordinates":[22.96111,40.616167]},"properties":{"lines":"10, 11, 11B, 11E, 11M","color":"#0059a9","mode":"bus","arr":["10","11","11B","11E","11M"],"angle":49.5}},{"type":"Feature","geometry":{"type":"Point","coordinates":[22.987318,40.599595]},"properties":{"lines":"11, 11B, 11E, 11M, 11T","color":"#0059a9","mode":"bus","arr":["11","11B","11E","11M","11T"],"angle":-29.5}},{"type":"Feature","geometry":{"type":"Point","coordinates":[22.985755,40.596308]},"properties":{"lines":"11, 11B, 11E, 11M","color":"#0059a9","mode":"bus","arr":["11","11B","11E","11M"],"angle":84.5}},{"type":"Feature","geometry":{"type":"Point","coordinates":[22.97201,40.603002]},"properties":{"lines":"11, 11B, 11E, 11M","color":"#0059a9","mode":"bus","arr":["11","11B","11E","11M"],"angle":73.9}},{"type":"Feature","geometry":{"type":"Point","coordinates":[22.974609,40.598202]},"properties":{"lines":"11, 11B, 11E, 11M","color":"#0059a9","mode":"bus","arr":["11","11B","11E","11M"],"angle":-3.2,"extra":1}},{"type":"Feature","geometry":{"type":"Point","coordinates":[22.970596,40.606979]},"properties":{"lines":"11, 11B, 11E, 11M","color":"#0059a9","mode":"bus","arr":["11","11B","11E","11M"],"angle":71.4,"extra":1}},{"type":"Feature","geometry":{"type":"Point","coordinates":[22.965223,40.612593]},"properties":{"lines":"11, 11B, 11E, 11M","color":"#0059a9","mode":"bus","arr":["11","11B","11E","11M"],"angle":-18.3}},{"type":"Feature","geometry":{"type":"Point","coordinates":[22.9673,40.613085]},"properties":{"lines":"11, 11B, 11E, 11M","color":"#0059a9","mode":"bus","arr":["11","11B","11E","11M"],"angle":9.4}},{"type":"Feature","geometry":{"type":"Point","coordinates":[22.989574,40.599204]},"properties":{"lines":"11, 11E, 11M","color":"#0059a9","mode":"bus","arr":["11","11E","11M"],"angle":15.4}},{"type":"Feature","geometry":{"type":"Point","coordinates":[22.990326,40.600885]},"properties":{"lines":"11, 11E, 11M, 58","color":"#0059a9","mode":"bus","arr":["11","11E","11M","58"],"angle":10.5}},{"type":"Feature","geometry":{"type":"Point","coordinates":[22.987347,40.600888]},"properties":{"lines":"11, 11B, 11E, 11M, 11T, 58","color":"#0059a9","mode":"bus","arr":["11","11B","11E","11M","11T","58"],"angle":-2.9}},{"type":"Feature","geometry":{"type":"Point","coordinates":[22.980501,40.601793]},"properties":{"lines":"11, 11B, 11E, 11M, 58","color":"#0059a9","mode":"bus","arr":["11","11B","11E","11M","58"],"angle":21.1}},{"type":"Feature","geometry":{"type":"Point","coordinates":[22.981874,40.593668]},"properties":{"lines":"11B, 11E, 11M","color":"#0059a9","mode":"bus","arr":["11B","11E","11M"],"angle":-13.9}},{"type":"Feature","geometry":{"type":"Point","coordinates":[22.982243,40.590642]},"properties":{"lines":"11B, 11E, 11M","color":"#0059a9","mode":"bus","arr":["11B","11E","11M"],"angle":-79.6}},{"type":"Feature","geometry":{"type":"Point","coordinates":[22.985951,40.599914]},"properties":{"lines":"11B, 11T","color":"#0059a9","mode":"bus","arr":["11B","11T"],"angle":81.6}},{"type":"Feature","geometry":{"type":"Point","coordinates":[22.9736,40.602462]},"properties":{"lines":"11E, 11M, 58","color":"#0059a9","mode":"bus","arr":["11E","11M","58"],"angle":-16.1}},{"type":"Feature","geometry":{"type":"Point","coordinates":[22.993111,40.59705]},"properties":{"lines":"11T","color":"#0059a9","mode":"bus","arr":["11T"],"angle":43.2}},{"type":"Feature","geometry":{"type":"Point","coordinates":[22.979451,40.597163]},"properties":{"lines":"11T","color":"#0059a9","mode":"bus","arr":["11T"],"angle":-19.6}},{"type":"Feature","geometry":{"type":"Point","coordinates":[22.976164,40.594502]},"properties":{"lines":"11T","color":"#0059a9","mode":"bus","arr":["11T"],"angle":76.4}},{"type":"Feature","geometry":{"type":"Point","coordinates":[22.919362,40.646409]},"properties":{"lines":"12","color":"#0059a9","mode":"bus","arr":["12"],"angle":-56.8}},{"type":"Feature","geometry":{"type":"Point","coordinates":[22.938519,40.634368]},"properties":{"lines":"12","color":"#0059a9","mode":"bus","arr":["12"],"angle":37.2}},{"type":"Feature","geometry":{"type":"Point","coordinates":[22.956739,40.621826]},"properties":{"lines":"12","color":"#0059a9","mode":"bus","arr":["12"],"angle":-18.8}},{"type":"Feature","geometry":{"type":"Point","coordinates":[22.963049,40.618984]},"properties":{"lines":"12","color":"#0059a9","mode":"bus","arr":["12"],"angle":55.9}},{"type":"Feature","geometry":{"type":"Point","coordinates":[22.973582,40.611945]},"properties":{"lines":"12","color":"#0059a9","mode":"bus","arr":["12"],"angle":68.6}},{"type":"Feature","geometry":{"type":"Point","coordinates":[22.98163,40.606781]},"properties":{"lines":"12","color":"#0059a9","mode":"bus","arr":["12"],"angle":-28.2}},{"type":"Feature","geometry":{"type":"Point","coordinates":[22.967255,40.613958]},"properties":{"lines":"12","color":"#0059a9","mode":"bus","arr":["12"],"angle":63.6}},{"type":"Feature","geometry":{"type":"Point","coordinates":[22.919655,40.64773]},"properties":{"lines":"12","color":"#0059a9","mode":"bus","arr":["12"],"angle":34.6}},{"type":"Feature","geometry":{"type":"Point","coordinates":[22.912177,40.652001]},"properties":{"lines":"12","color":"#0059a9","mode":"bus","arr":["12"],"angle":79.1,"extra":1}},{"type":"Feature","geometry":{"type":"Point","coordinates":[22.924456,40.642021]},"properties":{"lines":"12, 52B","color":"#0059a9","mode":"bus","arr":["12","52B"],"angle":24.2}},{"type":"Feature","geometry":{"type":"Point","coordinates":[22.932364,40.639843]},"properties":{"lines":"12, 16, 31, 39, 39A, 39B, 40, 40K, 45Y, 52B","color":"#0059a9","mode":"bus","arr":["12","16","31","39","39A","39B","40","40K","45Y","52B"],"angle":-12.5}},{"type":"Feature","geometry":{"type":"Point","coordinates":[22.934034,40.640159]},"properties":{"lines":"12, 16, 31, 39, 39A, 40, 40K, 45Y, 52B","color":"#0059a9","mode":"bus","arr":["12","16","31","39","39A","40","40K","45Y","52B"],"angle":-15.1}},{"type":"Feature","geometry":{"type":"Point","coordinates":[22.940365,40.637007]},"properties":{"lines":"12, 20, 21, 23, 25, 26, 57","color":"#0059a9","mode":"bus","arr":["12","20","21","23","25","26","57"],"angle":-54.1}},{"type":"Feature","geometry":{"type":"Point","coordinates":[22.939237,40.635822]},"properties":{"lines":"12, 16, 23, 24, 25, 26","color":"#0059a9","mode":"bus","arr":["12","16","23","24","25","26"],"angle":-54.3}},{"type":"Feature","geometry":{"type":"Point","coordinates":[22.951038,40.626293]},"properties":{"lines":"12, 15, 39, 39A","color":"#0059a9","mode":"bus","arr":["12","15","39","39A"],"angle":-0.2}},{"type":"Feature","geometry":{"type":"Point","coordinates":[22.953255,40.626169]},"properties":{"lines":"12, 39, 39A","color":"#0059a9","mode":"bus","arr":["12","39","39A"],"angle":28.5}},{"type":"Feature","geometry":{"type":"Point","coordinates":[22.975589,40.607837]},"properties":{"lines":"12, 30, 36X","color":"#0059a9","mode":"bus","arr":["12","30","36X"],"angle":13.3}},{"type":"Feature","geometry":{"type":"Point","coordinates":[22.993728,40.610862]},"properties":{"lines":"14, 14A","color":"#0059a9","mode":"bus","arr":["14","14A"],"angle":36}},{"type":"Feature","geometry":{"type":"Point","coordinates":[22.988656,40.61048]},"properties":{"lines":"14, 14A","color":"#0059a9","mode":"bus","arr":["14","14A"],"angle":36.8}},{"type":"Feature","geometry":{"type":"Point","coordinates":[22.964023,40.621196]},"properties":{"lines":"14, 14A","color":"#0059a9","mode":"bus","arr":["14","14A"],"angle":31.7}},{"type":"Feature","geometry":{"type":"Point","coordinates":[22.992017,40.610207]},"properties":{"lines":"14","color":"#0059a9","mode":"bus","arr":["14"],"angle":-54.9}},{"type":"Feature","geometry":{"type":"Point","coordinates":[22.979903,40.613817]},"properties":{"lines":"14, 14A, 30, 36X","color":"#0059a9","mode":"bus","arr":["14","14A","30","36X"],"angle":30.1}},{"type":"Feature","geometry":{"type":"Point","coordinates":[22.983711,40.61227]},"properties":{"lines":"14, 30, 36X","color":"#0059a9","mode":"bus","arr":["14","30","36X"],"angle":24.5}},{"type":"Feature","geometry":{"type":"Point","coordinates":[22.972138,40.616511]},"properties":{"lines":"14, 14A, 30, 36X, 37","color":"#0059a9","mode":"bus","arr":["14","14A","30","36X","37"],"angle":19.5}},{"type":"Feature","geometry":{"type":"Point","coordinates":[22.967545,40.619627]},"properties":{"lines":"14, 14A, 36X, 37","color":"#0059a9","mode":"bus","arr":["14","14A","36X","37"],"angle":31.7}},{"type":"Feature","geometry":{"type":"Point","coordinates":[22.994992,40.607187]},"properties":{"lines":"14A","color":"#0059a9","mode":"bus","arr":["14A"],"angle":25.7}},{"type":"Feature","geometry":{"type":"Point","coordinates":[22.983683,40.612228]},"properties":{"lines":"14A, 30, 36X","color":"#0059a9","mode":"bus","arr":["14A","30","36X"],"angle":23.7}},{"type":"Feature","geometry":{"type":"Point","coordinates":[22.960007,40.633685]},"properties":{"lines":"15, 16","color":"#0059a9","mode":"bus","arr":["15","16"],"angle":13.5}},{"type":"Feature","geometry":{"type":"Point","coordinates":[22.965592,40.627982]},"properties":{"lines":"15, 16","color":"#0059a9","mode":"bus","arr":["15","16"],"angle":53.9}},{"type":"Feature","geometry":{"type":"Point","coordinates":[22.968862,40.628751]},"properties":{"lines":"15, 16","color":"#0059a9","mode":"bus","arr":["15","16"],"angle":58.7}},{"type":"Feature","geometry":{"type":"Point","coordinates":[22.956103,40.634579]},"properties":{"lines":"15, 24, 32N, 43Y","color":"#0059a9","mode":"bus","arr":["15","24","32N","43Y"],"angle":33.4}},{"type":"Feature","geometry":{"type":"Point","coordinates":[22.955167,40.635556]},"properties":{"lines":"15, 22, 24, 32N, 43Y, 50","color":"#0059a9","mode":"bus","arr":["15","22","24","32N","43Y","50"],"angle":59.8}},{"type":"Feature","geometry":{"type":"Point","coordinates":[22.95258,40.63721]},"properties":{"lines":"15, 24, 32N, 43Y, 50","color":"#0059a9","mode":"bus","arr":["15","24","32N","43Y","50"],"angle":34.3}},{"type":"Feature","geometry":{"type":"Point","coordinates":[22.949575,40.638746]},"properties":{"lines":"15, 23, 24, 32N, 43Y, 50","color":"#0059a9","mode":"bus","arr":["15","23","24","32N","43Y","50"],"angle":33.8}},{"type":"Feature","geometry":{"type":"Point","coordinates":[22.946589,40.64026]},"properties":{"lines":"15, 23, 32N, 43Y, 50","color":"#0059a9","mode":"bus","arr":["15","23","32N","43Y","50"],"angle":33.8}},{"type":"Feature","geometry":{"type":"Point","coordinates":[22.944024,40.640928]},"properties":{"lines":"15, 22, 23, 50","color":"#0059a9","mode":"bus","arr":["15","22","23","50"],"angle":-55.8}},{"type":"Feature","geometry":{"type":"Point","coordinates":[22.941693,40.640496]},"properties":{"lines":"15, 16, 28, 50","color":"#0059a9","mode":"bus","arr":["15","16","28","50"],"angle":-2.9}},{"type":"Feature","geometry":{"type":"Point","coordinates":[22.939514,40.639631]},"properties":{"lines":"15, 26, 28, 50","color":"#0059a9","mode":"bus","arr":["15","26","28","50"],"angle":-54.4}},{"type":"Feature","geometry":{"type":"Point","coordinates":[22.947284,40.631754]},"properties":{"lines":"15","color":"#0059a9","mode":"bus","arr":["15"],"angle":79.1}},{"type":"Feature","geometry":{"type":"Point","coordinates":[22.953664,40.631377]},"properties":{"lines":"15","color":"#0059a9","mode":"bus","arr":["15"],"angle":-57.2}},{"type":"Feature","geometry":{"type":"Point","coordinates":[22.966338,40.633337]},"properties":{"lines":"15","color":"#0059a9","mode":"bus","arr":["15"],"angle":-12.6}},{"type":"Feature","geometry":{"type":"Point","coordinates":[22.939248,40.634409]},"properties":{"lines":"15, 23, 24, 25, 26","color":"#0059a9","mode":"bus","arr":["15","23","24","25","26"],"angle":-50.8}},{"type":"Feature","geometry":{"type":"Point","coordinates":[22.940198,40.635309]},"properties":{"lines":"15, 23, 24, 25, 26, 58","color":"#0059a9","mode":"bus","arr":["15","23","24","25","26","58"],"angle":-51.5}},{"type":"Feature","geometry":{"type":"Point","coordinates":[22.942764,40.634956]},"properties":{"lines":"15, 16, 17, 24","color":"#0059a9","mode":"bus","arr":["15","16","17","24"],"angle":33}},{"type":"Feature","geometry":{"type":"Point","coordinates":[22.955029,40.632895]},"properties":{"lines":"15, 16, 17, 24, 32N, 37, 43Y, 50","color":"#0059a9","mode":"bus","arr":["15","16","17","24","32N","37","43Y","50"],"angle":-54.9}},{"type":"Feature","geometry":{"type":"Point","coordinates":[22.95989,40.635781]},"properties":{"lines":"16","color":"#0059a9","mode":"bus","arr":["16"],"angle":45.5}},{"type":"Feature","geometry":{"type":"Point","coordinates":[22.938063,40.640357]},"properties":{"lines":"16","color":"#0059a9","mode":"bus","arr":["16"],"angle":-3.2}},{"type":"Feature","geometry":{"type":"Point","coordinates":[22.953619,40.631411]},"properties":{"lines":"16, 17, 24, 32N, 37, 43Y, 50","color":"#0059a9","mode":"bus","arr":["16","17","24","32N","37","43Y","50"],"angle":-51.7}},{"type":"Feature","geometry":{"type":"Point","coordinates":[22.949096,40.631652]},"properties":{"lines":"16, 17, 24, 50","color":"#0059a9","mode":"bus","arr":["16","17","24","50"],"angle":36.3}},{"type":"Feature","geometry":{"type":"Point","coordinates":[22.952675,40.630335]},"properties":{"lines":"16, 17, 24, 50, 70, 70A, 71, 71A","color":"#0059a9","mode":"bus","arr":["16","17","24","50","70","70A","71","71A"],"angle":-55}},{"type":"Feature","geometry":{"type":"Point","coordinates":[22.945424,40.633685]},"properties":{"lines":"16, 17, 24","color":"#0059a9","mode":"bus","arr":["16","17","24"],"angle":33.6}},{"type":"Feature","geometry":{"type":"Point","coordinates":[22.940341,40.636192]},"properties":{"lines":"16, 20, 21, 24, 57","color":"#0059a9","mode":"bus","arr":["16","20","21","24","57"],"angle":35.4}},{"type":"Feature","geometry":{"type":"Point","coordinates":[22.944045,40.640284]},"properties":{"lines":"16, 22, 32N, 43Y, 50","color":"#0059a9","mode":"bus","arr":["16","22","32N","43Y","50"],"angle":33.9}},{"type":"Feature","geometry":{"type":"Point","coordinates":[22.946218,40.639181]},"properties":{"lines":"16, 22, 23, 32N, 43Y, 50","color":"#0059a9","mode":"bus","arr":["16","22","23","32N","43Y","50"],"angle":33.3}},{"type":"Feature","geometry":{"type":"Point","coordinates":[22.950006,40.63733]},"properties":{"lines":"16, 22, 23, 24, 32N, 43Y, 50","color":"#0059a9","mode":"bus","arr":["16","22","23","24","32N","43Y","50"],"angle":31.8}},{"type":"Feature","geometry":{"type":"Point","coordinates":[22.953816,40.635533]},"properties":{"lines":"16, 22, 24, 32N, 43Y, 50","color":"#0059a9","mode":"bus","arr":["16","22","24","32N","43Y","50"],"angle":31.7}},{"type":"Feature","geometry":{"type":"Point","coordinates":[22.975324,40.623702]},"properties":{"lines":"17, 30, 36X","color":"#0059a9","mode":"bus","arr":["17","30","36X"],"angle":-76.5}},{"type":"Feature","geometry":{"type":"Point","coordinates":[22.971754,40.623405]},"properties":{"lines":"17, 30, 36X","color":"#0059a9","mode":"bus","arr":["17","30","36X"],"angle":1.2}},{"type":"Feature","geometry":{"type":"Point","coordinates":[22.969774,40.621958]},"properties":{"lines":"17, 30, 36X","color":"#0059a9","mode":"bus","arr":["17","30","36X"],"angle":59.4}},{"type":"Feature","geometry":{"type":"Point","coordinates":[22.975024,40.62451]},"properties":{"lines":"17, 36X","color":"#0059a9","mode":"bus","arr":["17","36X"],"angle":-76.5}},{"type":"Feature","geometry":{"type":"Point","coordinates":[22.968116,40.62143]},"properties":{"lines":"17, 36X, 37","color":"#0059a9","mode":"bus","arr":["17","36X","37"],"angle":-8.2}},{"type":"Feature","geometry":{"type":"Point","coordinates":[22.965435,40.624755]},"properties":{"lines":"17, 37","color":"#0059a9","mode":"bus","arr":["17","37"],"angle":63}},{"type":"Feature","geometry":{"type":"Point","coordinates":[22.960994,40.631508]},"properties":{"lines":"17, 24, 32N, 37, 43Y","color":"#0059a9","mode":"bus","arr":["17","24","32N","37","43Y"],"angle":55.8}},{"type":"Feature","geometry":{"type":"Point","coordinates":[22.961857,40.626807]},"properties":{"lines":"17, 24, 32N, 37, 43Y","color":"#0059a9","mode":"bus","arr":["17","24","32N","37","43Y"],"angle":-26.1}},{"type":"Feature","geometry":{"type":"Point","coordinates":[22.941415,40.636459]},"properties":{"lines":"17, 20, 21, 23, 24, 25, 26, 57, 58","color":"#0059a9","mode":"bus","arr":["17","20","21","23","24","25","26","57","58"],"angle":-51}},{"type":"Feature","geometry":{"type":"Point","coordinates":[22.967453,40.621685]},"properties":{"lines":"17","color":"#0059a9","mode":"bus","arr":["17"],"angle":69.4}},{"type":"Feature","geometry":{"type":"Point","coordinates":[22.900805,40.66361]},"properties":{"lines":"18, 42, 42A, 42B","color":"#0059a9","mode":"bus","arr":["18","42","42A","42B"],"angle":-21.3}},{"type":"Feature","geometry":{"type":"Point","coordinates":[22.897901,40.662657]},"properties":{"lines":"18, 42, 42A, 42B","color":"#0059a9","mode":"bus","arr":["18","42","42A","42B"],"angle":88.8}},{"type":"Feature","geometry":{"type":"Point","coordinates":[22.905253,40.671766]},"properties":{"lines":"18","color":"#0059a9","mode":"bus","arr":["18"],"angle":-77.2}},{"type":"Feature","geometry":{"type":"Point","coordinates":[22.919164,40.672662]},"properties":{"lines":"18","color":"#0059a9","mode":"bus","arr":["18"],"angle":0}},{"type":"Feature","geometry":{"type":"Point","coordinates":[22.950335,40.652113]},"properties":{"lines":"18","color":"#0059a9","mode":"bus","arr":["18"],"angle":46.7}},{"type":"Feature","geometry":{"type":"Point","coordinates":[22.955796,40.650704]},"properties":{"lines":"18","color":"#0059a9","mode":"bus","arr":["18"],"angle":7.1}},{"type":"Feature","geometry":{"type":"Point","coordinates":[22.960749,40.645475]},"properties":{"lines":"18","color":"#0059a9","mode":"bus","arr":["18"],"angle":-89.5}},{"type":"Feature","geometry":{"type":"Point","coordinates":[22.906994,40.672992]},"properties":{"lines":"18, 32, 43","color":"#0059a9","mode":"bus","arr":["18","32","43"],"angle":15.7}},{"type":"Feature","geometry":{"type":"Point","coordinates":[22.910257,40.67284]},"properties":{"lines":"18, 32, 43","color":"#0059a9","mode":"bus","arr":["18","32","43"],"angle":-42.6}},{"type":"Feature","geometry":{"type":"Point","coordinates":[22.90906,40.672639]},"properties":{"lines":"18, 43","color":"#0059a9","mode":"bus","arr":["18","43"],"angle":7.7}},{"type":"Feature","geometry":{"type":"Point","coordinates":[22.914295,40.672746]},"properties":{"lines":"18, 32A, 32N, 43Y","color":"#0059a9","mode":"bus","arr":["18","32A","32N","43Y"],"angle":4.9}},{"type":"Feature","geometry":{"type":"Point","coordinates":[22.920374,40.669642]},"properties":{"lines":"18, 32A, 32N, 43Y","color":"#0059a9","mode":"bus","arr":["18","32A","32N","43Y"],"angle":89.8}},{"type":"Feature","geometry":{"type":"Point","coordinates":[22.913516,40.666977]},"properties":{"lines":"18, 42A, 42B","color":"#0059a9","mode":"bus","arr":["18","42A","42B"],"angle":3.6}},{"type":"Feature","geometry":{"type":"Point","coordinates":[22.939967,40.655987]},"properties":{"lines":"18, 35","color":"#0059a9","mode":"bus","arr":["18","35"],"angle":-38.5}},{"type":"Feature","geometry":{"type":"Point","coordinates":[22.939,40.653098]},"properties":{"lines":"18, 25, 35","color":"#0059a9","mode":"bus","arr":["18","25","35"],"angle":-81.9}},{"type":"Feature","geometry":{"type":"Point","coordinates":[22.939914,40.652366]},"properties":{"lines":"18, 25","color":"#0059a9","mode":"bus","arr":["18","25"],"angle":16.9}},{"type":"Feature","geometry":{"type":"Point","coordinates":[22.94725,40.651155]},"properties":{"lines":"18, 25, 57, 64, 64A, 64B","color":"#0059a9","mode":"bus","arr":["18","25","57","64","64A","64B"],"angle":-23.2}},{"type":"Feature","geometry":{"type":"Point","coordinates":[22.952234,40.651272]},"properties":{"lines":"18, 26","color":"#0059a9","mode":"bus","arr":["18","26"],"angle":-12.5}},{"type":"Feature","geometry":{"type":"Point","coordinates":[22.959408,40.649453]},"properties":{"lines":"18, 23, 28","color":"#0059a9","mode":"bus","arr":["18","23","28"],"angle":52.5}},{"type":"Feature","geometry":{"type":"Point","coordinates":[22.962242,40.646729]},"properties":{"lines":"18, 23","color":"#0059a9","mode":"bus","arr":["18","23"],"angle":63}},{"type":"Feature","geometry":{"type":"Point","coordinates":[22.95485,40.652856]},"properties":{"lines":"18, 28","color":"#0059a9","mode":"bus","arr":["18","28"],"angle":35.4}},{"type":"Feature","geometry":{"type":"Point","coordinates":[22.909552,40.673241]},"properties":{"lines":"18, 21, 32A, 32N, 43Y","color":"#0059a9","mode":"bus","arr":["18","21","32A","32N","43Y"],"angle":8.4}},{"type":"Feature","geometry":{"type":"Point","coordinates":[22.907184,40.673631]},"properties":{"lines":"18, 21","color":"#0059a9","mode":"bus","arr":["18","21"],"angle":14.5}},{"type":"Feature","geometry":{"type":"Point","coordinates":[22.90467,40.67219]},"properties":{"lines":"18, 21","color":"#0059a9","mode":"bus","arr":["18","21"],"angle":-70.3}},{"type":"Feature","geometry":{"type":"Point","coordinates":[22.905815,40.67356]},"properties":{"lines":"18, 21, 32, 43","color":"#0059a9","mode":"bus","arr":["18","21","32","43"],"angle":-76.8}},{"type":"Feature","geometry":{"type":"Point","coordinates":[22.898886,40.667641]},"properties":{"lines":"19, 19A, 42, 42A, 42B","color":"#0059a9","mode":"bus","arr":["19","19A","42","42A","42B"],"angle":-55.8}},{"type":"Feature","geometry":{"type":"Point","coordinates":[22.898513,40.674654]},"properties":{"lines":"19, 19A","color":"#0059a9","mode":"bus","arr":["19","19A"],"angle":14.8}},{"type":"Feature","geometry":{"type":"Point","coordinates":[22.894077,40.672536]},"properties":{"lines":"19, 42, 42B","color":"#0059a9","mode":"bus","arr":["19","42","42B"],"angle":84.7}},{"type":"Feature","geometry":{"type":"Point","coordinates":[22.894367,40.670167]},"properties":{"lines":"19, 42, 42A, 42B","color":"#0059a9","mode":"bus","arr":["19","42","42A","42B"],"angle":84.7}},{"type":"Feature","geometry":{"type":"Point","coordinates":[22.903237,40.65655]},"properties":{"lines":"19, 51, 54, 55X","color":"#0059a9","mode":"bus","arr":["19","51","54","55X"],"angle":52.9}},{"type":"Feature","geometry":{"type":"Point","coordinates":[22.984131,40.547963]},"properties":{"lines":"1N, 36, 36A, 36B, 36X, 36Z, 60E, 67, 67B, 68A, 68B, 69A, 69B, 69H, 69N, 76, 79X, 87A, 87B, 87E, 87F, 87H, 87L, 87M, 87N, 87P, 87R, 87T, 88, 88A, 88B, 88E, 88H, 88K, 88M, 88N","color":"#0059a9","mode":"bus","arr":["1N","36","36A","36B","36X","36Z","60E","67","67B","68A","68B","69A","69B","69H","69N","76","79X","87A","87B","87E","87F","87H","87L","87M","87N","87P","87R","87T","88","88A","88B","88E","88H","88K","88M","88N"],"angle":32}},{"type":"Feature","geometry":{"type":"Point","coordinates":[22.984207,40.547516]},"properties":{"lines":"1N, 36, 36A, 36B, 36X, 36Z, 60E, 67, 67B, 68A, 68B, 69A, 69B, 69H, 69N, 72, 72A, 72B, 72E, 76, 79A, 79K, 79X, 87A, 87B, 87E, 87F, 87H, 87L, 87M, 87N, 87P, 87R, 87T, 88, 88A, 88B, 88E, 88H, 88K, 88M, 88N","color":"#0059a9","mode":"bus","arr":["1N","36","36A","36B","36X","36Z","60E","67","67B","68A","68B","69A","69B","69H","69N","72","72A","72B","72E","76","79A","79K","79X","87A","87B","87E","87F","87H","87L","87M","87N","87P","87R","87T","88","88A","88B","88E","88H","88K","88M","88N"],"angle":-26.5}},{"type":"Feature","geometry":{"type":"Point","coordinates":[22.906211,40.661639]},"properties":{"lines":"20","color":"#0059a9","mode":"bus","arr":["20"],"angle":28.3}},{"type":"Feature","geometry":{"type":"Point","coordinates":[22.918459,40.651487]},"properties":{"lines":"20","color":"#0059a9","mode":"bus","arr":["20"],"angle":49.6}},{"type":"Feature","geometry":{"type":"Point","coordinates":[22.912139,40.657584]},"properties":{"lines":"20, 42A, 42B","color":"#0059a9","mode":"bus","arr":["20","42A","42B"],"angle":36.2}},{"type":"Feature","geometry":{"type":"Point","coordinates":[22.922557,40.650419]},"properties":{"lines":"20, 21, 42B","color":"#0059a9","mode":"bus","arr":["20","21","42B"],"angle":89.1}},{"type":"Feature","geometry":{"type":"Point","coordinates":[22.926272,40.649736]},"properties":{"lines":"20, 21, 42B","color":"#0059a9","mode":"bus","arr":["20","21","42B"],"angle":54.9}},{"type":"Feature","geometry":{"type":"Point","coordinates":[22.926261,40.647911]},"properties":{"lines":"20, 21","color":"#0059a9","mode":"bus","arr":["20","21"],"angle":35.9}},{"type":"Feature","geometry":{"type":"Point","coordinates":[22.92843,40.648012]},"properties":{"lines":"20, 21","color":"#0059a9","mode":"bus","arr":["20","21"],"angle":-16}},{"type":"Feature","geometry":{"type":"Point","coordinates":[22.932112,40.646337]},"properties":{"lines":"20, 21, 32, 32A, 32N, 34, 34A","color":"#0059a9","mode":"bus","arr":["20","21","32","32A","32N","34","34A"],"angle":51.2}},{"type":"Feature","geometry":{"type":"Point","coordinates":[22.934579,40.644667]},"properties":{"lines":"20, 32, 32A, 32N, 34, 34A, 56, 64, 64A, 64B, 84A, 84B","color":"#0059a9","mode":"bus","arr":["20","32","32A","32N","34","34A","56","64","64A","64B","84A","84B"],"angle":-18.6}},{"type":"Feature","geometry":{"type":"Point","coordinates":[22.935151,40.642713]},"properties":{"lines":"20, 25, 27, 29, 29A, 32, 32A, 34, 34A, 35, 38, 57, 83, 83A, 83B, 83X","color":"#0059a9","mode":"bus","arr":["20","25","27","29","29A","32","32A","34","34A","35","38","57","83","83A","83B","83X"],"angle":-89.6}},{"type":"Feature","geometry":{"type":"Point","coordinates":[22.935277,40.642538]},"properties":{"lines":"20, 25, 26, 27, 29, 32, 32A, 34, 34A, 35, 38, 57, 83, 83B, 83M","color":"#0059a9","mode":"bus","arr":["20","25","26","27","29","32","32A","34","34A","35","38","57","83","83B","83M"],"angle":89.8}},{"type":"Feature","geometry":{"type":"Point","coordinates":[22.924594,40.650422]},"properties":{"lines":"20, 42B","color":"#0059a9","mode":"bus","arr":["20","42B"],"angle":-27.6}},{"type":"Feature","geometry":{"type":"Point","coordinates":[22.909118,40.677336]},"properties":{"lines":"21, 32, 32A, 32N, 43Y","color":"#0059a9","mode":"bus","arr":["21","32","32A","32N","43Y"],"angle":0.9}},{"type":"Feature","geometry":{"type":"Point","coordinates":[22.908421,40.676705]},"properties":{"lines":"21, 32, 32A, 32N, 43, 43Y","color":"#0059a9","mode":"bus","arr":["21","32","32A","32N","43","43Y"],"angle":89.1}},{"type":"Feature","geometry":{"type":"Point","coordinates":[22.91087,40.675654]},"properties":{"lines":"21, 32, 32A, 32N, 43, 43Y","color":"#0059a9","mode":"bus","arr":["21","32","32A","32N","43","43Y"],"angle":89.7}},{"type":"Feature","geometry":{"type":"Point","coordinates":[22.908457,40.674733]},"properties":{"lines":"21, 32A, 32N, 43Y","color":"#0059a9","mode":"bus","arr":["21","32A","32N","43Y"],"angle":89.6}},{"type":"Feature","geometry":{"type":"Point","coordinates":[22.933052,40.644268]},"properties":{"lines":"21, 56, 64, 64A, 64B, 84A, 84B","color":"#0059a9","mode":"bus","arr":["21","56","64","64A","64B","84A","84B"],"angle":-20.8}},{"type":"Feature","geometry":{"type":"Point","coordinates":[22.931449,40.642857]},"properties":{"lines":"21, 56, 64, 64A, 64B, 84A, 84B","color":"#0059a9","mode":"bus","arr":["21","56","64","64A","64B","84A","84B"],"angle":-55.9}},{"type":"Feature","geometry":{"type":"Point","coordinates":[22.926787,40.650829]},"properties":{"lines":"21, 42B","color":"#0059a9","mode":"bus","arr":["21","42B"],"angle":-53}},{"type":"Feature","geometry":{"type":"Point","coordinates":[22.925616,40.65323]},"properties":{"lines":"21, 32, 32A, 32N","color":"#0059a9","mode":"bus","arr":["21","32","32A","32N"],"angle":43.7}},{"type":"Feature","geometry":{"type":"Point","coordinates":[22.906115,40.675841]},"properties":{"lines":"21, 32, 43","color":"#0059a9","mode":"bus","arr":["21","32","43"],"angle":-84.4}},{"type":"Feature","geometry":{"type":"Point","coordinates":[22.944962,40.637928]},"properties":{"lines":"22","color":"#0059a9","mode":"bus","arr":["22"],"angle":-56.1}},{"type":"Feature","geometry":{"type":"Point","coordinates":[22.949524,40.640929]},"properties":{"lines":"22","color":"#0059a9","mode":"bus","arr":["22"],"angle":32.3}},{"type":"Feature","geometry":{"type":"Point","coordinates":[22.950153,40.641395]},"properties":{"lines":"22","color":"#0059a9","mode":"bus","arr":["22"],"angle":83.4}},{"type":"Feature","geometry":{"type":"Point","coordinates":[22.947678,40.642374]},"properties":{"lines":"22","color":"#0059a9","mode":"bus","arr":["22"],"angle":-35.7}},{"type":"Feature","geometry":{"type":"Point","coordinates":[22.952548,40.642365]},"properties":{"lines":"22","color":"#0059a9","mode":"bus","arr":["22"],"angle":31.8}},{"type":"Feature","geometry":{"type":"Point","coordinates":[22.953049,40.643058]},"properties":{"lines":"22","color":"#0059a9","mode":"bus","arr":["22"],"angle":33.1}},{"type":"Feature","geometry":{"type":"Point","coordinates":[22.943296,40.638616]},"properties":{"lines":"22, 23","color":"#0059a9","mode":"bus","arr":["22","23"],"angle":-58.3}},{"type":"Feature","geometry":{"type":"Point","coordinates":[22.951951,40.639952]},"properties":{"lines":"22, 23","color":"#0059a9","mode":"bus","arr":["22","23"],"angle":-52.4}},{"type":"Feature","geometry":{"type":"Point","coordinates":[22.952776,40.638559]},"properties":{"lines":"22, 23, 50","color":"#0059a9","mode":"bus","arr":["22","23","50"],"angle":58.2}},{"type":"Feature","geometry":{"type":"Point","coordinates":[22.952684,40.637136]},"properties":{"lines":"23, 50","color":"#0059a9","mode":"bus","arr":["23","50"],"angle":-56}},{"type":"Feature","geometry":{"type":"Point","coordinates":[22.957577,40.64014]},"properties":{"lines":"23, 50","color":"#0059a9","mode":"bus","arr":["23","50"],"angle":18.3}},{"type":"Feature","geometry":{"type":"Point","coordinates":[22.959121,40.641971]},"properties":{"lines":"23, 50","color":"#0059a9","mode":"bus","arr":["23","50"],"angle":61.8}},{"type":"Feature","geometry":{"type":"Point","coordinates":[22.953775,40.640277]},"properties":{"lines":"23","color":"#0059a9","mode":"bus","arr":["23"],"angle":4.2}},{"type":"Feature","geometry":{"type":"Point","coordinates":[22.963218,40.644622]},"properties":{"lines":"23","color":"#0059a9","mode":"bus","arr":["23"],"angle":75}},{"type":"Feature","geometry":{"type":"Point","coordinates":[22.960514,40.653183]},"properties":{"lines":"23","color":"#0059a9","mode":"bus","arr":["23"],"angle":35.3}},{"type":"Feature","geometry":{"type":"Point","coordinates":[22.958177,40.651831]},"properties":{"lines":"23","color":"#0059a9","mode":"bus","arr":["23"],"angle":12.4}},{"type":"Feature","geometry":{"type":"Point","coordinates":[22.951036,40.638999]},"properties":{"lines":"23","color":"#0059a9","mode":"bus","arr":["23"],"angle":-54.7}},{"type":"Feature","geometry":{"type":"Point","coordinates":[22.942301,40.639032]},"properties":{"lines":"23","color":"#0059a9","mode":"bus","arr":["23"],"angle":-54.3}},{"type":"Feature","geometry":{"type":"Point","coordinates":[22.957722,40.651072]},"properties":{"lines":"23, 28","color":"#0059a9","mode":"bus","arr":["23","28"],"angle":49.2}},{"type":"Feature","geometry":{"type":"Point","coordinates":[22.96487,40.637065]},"properties":{"lines":"24","color":"#0059a9","mode":"bus","arr":["24"],"angle":63.5}},{"type":"Feature","geometry":{"type":"Point","coordinates":[22.948375,40.638725]},"properties":{"lines":"24","color":"#0059a9","mode":"bus","arr":["24"],"angle":-57.7}},{"type":"Feature","geometry":{"type":"Point","coordinates":[22.937709,40.634197]},"properties":{"lines":"24","color":"#0059a9","mode":"bus","arr":["24"],"angle":-54.7}},{"type":"Feature","geometry":{"type":"Point","coordinates":[22.957458,40.637456]},"properties":{"lines":"24, 50","color":"#0059a9","mode":"bus","arr":["24","50"],"angle":-54.2}},{"type":"Feature","geometry":{"type":"Point","coordinates":[22.964698,40.657237]},"properties":{"lines":"25, 28, 57, 59, 59K, 64, 64A, 64B","color":"#0059a9","mode":"bus","arr":["25","28","57","59","59K","64","64A","64B"],"angle":-34.8}},{"type":"Feature","geometry":{"type":"Point","coordinates":[22.960831,40.655291]},"properties":{"lines":"25, 28, 57, 64, 64A, 64B","color":"#0059a9","mode":"bus","arr":["25","28","57","64","64A","64B"],"angle":-48.7}},{"type":"Feature","geometry":{"type":"Point","coordinates":[22.954322,40.654589]},"properties":{"lines":"25, 28, 35, 57, 64, 64A, 64B","color":"#0059a9","mode":"bus","arr":["25","28","35","57","64","64A","64B"],"angle":-4.2}},{"type":"Feature","geometry":{"type":"Point","coordinates":[22.937064,40.65344]},"properties":{"lines":"25","color":"#0059a9","mode":"bus","arr":["25"],"angle":-6}},{"type":"Feature","geometry":{"type":"Point","coordinates":[22.935349,40.650834]},"properties":{"lines":"25, 27, 29, 29A, 38, 43Y, 56, 83, 83A, 83B, 83X, 84A, 84B","color":"#0059a9","mode":"bus","arr":["25","27","29","29A","38","43Y","56","83","83A","83B","83X","84A","84B"],"angle":88.2}},{"type":"Feature","geometry":{"type":"Point","coordinates":[22.935193,40.646561]},"properties":{"lines":"25, 27, 29, 29A, 35, 38, 43Y, 56, 57, 64, 64A, 64B, 83, 83A, 83B, 83X, 84A, 84B","color":"#0059a9","mode":"bus","arr":["25","27","29","29A","35","38","43Y","56","57","64","64A","64B","83","83A","83B","83X","84A","84B"],"angle":-89.5}},{"type":"Feature","geometry":{"type":"Point","coordinates":[22.935317,40.646307]},"properties":{"lines":"25, 27, 29, 35, 38, 43Y, 56, 57, 64, 64A, 64B, 83, 83B, 83M, 84A, 84B","color":"#0059a9","mode":"bus","arr":["25","27","29","35","38","43Y","56","57","64","64A","64B","83","83B","83M","84A","84B"],"angle":-89.5}},{"type":"Feature","geometry":{"type":"Point","coordinates":[22.935476,40.650326]},"properties":{"lines":"25, 27, 29, 35, 38, 43Y, 56, 83, 83B, 83M, 84A, 84B","color":"#0059a9","mode":"bus","arr":["25","27","29","35","38","43Y","56","83","83B","83M","84A","84B"],"angle":86.7}},{"type":"Feature","geometry":{"type":"Point","coordinates":[22.937115,40.652881]},"properties":{"lines":"25, 35","color":"#0059a9","mode":"bus","arr":["25","35"],"angle":-6.2}},{"type":"Feature","geometry":{"type":"Point","coordinates":[22.953647,40.650634]},"properties":{"lines":"26","color":"#0059a9","mode":"bus","arr":["26"],"angle":-21.7}},{"type":"Feature","geometry":{"type":"Point","coordinates":[22.939841,40.644768]},"properties":{"lines":"26","color":"#0059a9","mode":"bus","arr":["26"],"angle":31.5}},{"type":"Feature","geometry":{"type":"Point","coordinates":[22.937599,40.64456]},"properties":{"lines":"26","color":"#0059a9","mode":"bus","arr":["26"],"angle":-54.9}},{"type":"Feature","geometry":{"type":"Point","coordinates":[22.950087,40.64691]},"properties":{"lines":"26","color":"#0059a9","mode":"bus","arr":["26"],"angle":-27.8}},{"type":"Feature","geometry":{"type":"Point","coordinates":[22.94308,40.646823]},"properties":{"lines":"26","color":"#0059a9","mode":"bus","arr":["26"],"angle":-74.6}},{"type":"Feature","geometry":{"type":"Point","coordinates":[22.95057,40.65003]},"properties":{"lines":"26","color":"#0059a9","mode":"bus","arr":["26"],"angle":-51.7}},{"type":"Feature","geometry":{"type":"Point","coordinates":[22.94584,40.649954]},"properties":{"lines":"26","color":"#0059a9","mode":"bus","arr":["26"],"angle":29.9}},{"type":"Feature","geometry":{"type":"Point","coordinates":[22.938651,40.644902]},"properties":{"lines":"26","color":"#0059a9","mode":"bus","arr":["26"],"angle":23.6}},{"type":"Feature","geometry":{"type":"Point","coordinates":[22.949912,40.650737]},"properties":{"lines":"26","color":"#0059a9","mode":"bus","arr":["26"],"angle":-50.3}},{"type":"Feature","geometry":{"type":"Point","coordinates":[22.941489,40.643957]},"properties":{"lines":"26, 28","color":"#0059a9","mode":"bus","arr":["26","28"],"angle":50.3}},{"type":"Feature","geometry":{"type":"Point","coordinates":[22.939871,40.641678]},"properties":{"lines":"26, 28","color":"#0059a9","mode":"bus","arr":["26","28"],"angle":75.7}},{"type":"Feature","geometry":{"type":"Point","coordinates":[22.940431,40.642897]},"properties":{"lines":"26, 28, 32N, 43Y","color":"#0059a9","mode":"bus","arr":["26","28","32N","43Y"],"angle":-11}},{"type":"Feature","geometry":{"type":"Point","coordinates":[22.936444,40.644105]},"properties":{"lines":"26, 32N, 43Y","color":"#0059a9","mode":"bus","arr":["26","32N","43Y"],"angle":33.5}},{"type":"Feature","geometry":{"type":"Point","coordinates":[22.935591,40.691419]},"properties":{"lines":"27, 43, 55, 55B, 55E, 55K, 55M, 55N, 55P, 55X, 55Y, 83N, 85, 85A, 85B, 85K, 85N, 85T, 85X, 85Z, 86A, 86B, 86E, 86K, 86M, 86N, 86R","color":"#0059a9","mode":"bus","arr":["27","43","55","55B","55E","55K","55M","55N","55P","55X","55Y","83N","85","85A","85B","85K","85N","85T","85X","85Z","86A","86B","86E","86K","86M","86N","86R"],"angle":-5.8}},{"type":"Feature","geometry":{"type":"Point","coordinates":[22.939307,40.683374]},"properties":{"lines":"27, 55Y","color":"#0059a9","mode":"bus","arr":["27","55Y"],"angle":76.4}},{"type":"Feature","geometry":{"type":"Point","coordinates":[22.937581,40.686874]},"properties":{"lines":"27, 55Y","color":"#0059a9","mode":"bus","arr":["27","55Y"],"angle":59.9,"extra":1}},{"type":"Feature","geometry":{"type":"Point","coordinates":[22.938742,40.677382]},"properties":{"lines":"27, 55Y","color":"#0059a9","mode":"bus","arr":["27","55Y"],"angle":-88.8,"extra":1}},{"type":"Feature","geometry":{"type":"Point","coordinates":[22.938814,40.67319]},"properties":{"lines":"27, 55Y, 56, 83, 83A, 83B, 83X, 84A, 84B","color":"#0059a9","mode":"bus","arr":["27","55Y","56","83","83A","83B","83X","84A","84B"],"angle":88.6}},{"type":"Feature","geometry":{"type":"Point","coordinates":[22.937174,40.667018]},"properties":{"lines":"27, 38, 55Y, 56, 83, 83A, 83B, 83X, 84A, 84B","color":"#0059a9","mode":"bus","arr":["27","38","55Y","56","83","83A","83B","83X","84A","84B"],"angle":-74.8}},{"type":"Feature","geometry":{"type":"Point","coordinates":[22.934618,40.655018]},"properties":{"lines":"27, 29, 29A, 38, 43Y, 56, 83, 83A, 83B, 83X, 84A, 84B","color":"#0059a9","mode":"bus","arr":["27","29","29A","38","43Y","56","83","83A","83B","83X","84A","84B"],"angle":79.8}},{"type":"Feature","geometry":{"type":"Point","coordinates":[22.934766,40.654754]},"properties":{"lines":"27, 29, 38, 43Y, 56, 83, 83B, 83M, 84A, 84B","color":"#0059a9","mode":"bus","arr":["27","29","38","43Y","56","83","83B","83M","84A","84B"],"angle":81.2}},{"type":"Feature","geometry":{"type":"Point","coordinates":[22.937356,40.666998]},"properties":{"lines":"27, 38, 55Y, 56, 83, 83B, 83M, 84A, 84B","color":"#0059a9","mode":"bus","arr":["27","38","55Y","56","83","83B","83M","84A","84B"],"angle":-74.8}},{"type":"Feature","geometry":{"type":"Point","coordinates":[22.940257,40.682154]},"properties":{"lines":"27, 55Y, 56, 83, 83B, 83M, 84A, 84B","color":"#0059a9","mode":"bus","arr":["27","55Y","56","83","83B","83M","84A","84B"],"angle":-70.5}},{"type":"Feature","geometry":{"type":"Point","coordinates":[22.939038,40.677393]},"properties":{"lines":"27, 55Y, 56, 83, 83M, 84A, 84B","color":"#0059a9","mode":"bus","arr":["27","55Y","56","83","83M","84A","84B"],"angle":-87.3}},{"type":"Feature","geometry":{"type":"Point","coordinates":[22.938933,40.677401]},"properties":{"lines":"83B","color":"#0059a9","mode":"bus","arr":["83B"],"angle":-88}},{"type":"Feature","geometry":{"type":"Point","coordinates":[22.956938,40.710891]},"properties":{"lines":"83B","color":"#0059a9","mode":"bus","arr":["83B"],"angle":-76.4}},{"type":"Feature","geometry":{"type":"Point","coordinates":[22.957463,40.710418]},"properties":{"lines":"83B","color":"#0059a9","mode":"bus","arr":["83B"],"angle":-38.7}},{"type":"Feature","geometry":{"type":"Point","coordinates":[22.941871,40.689001]},"properties":{"lines":"27, 55Y, 56, 84A, 84B","color":"#0059a9","mode":"bus","arr":["27","55Y","56","84A","84B"],"angle":76.1}},{"type":"Feature","geometry":{"type":"Point","coordinates":[22.936997,40.694846]},"properties":{"lines":"27, 55E, 55Y","color":"#0059a9","mode":"bus","arr":["27","55E","55Y"],"angle":-1.1}},{"type":"Feature","geometry":{"type":"Point","coordinates":[22.933268,40.694532]},"properties":{"lines":"27, 55, 55B, 55E, 55K, 55M, 55N, 55X, 55Y, 83N, 85, 85B, 85K, 85M, 85N, 85T, 85Z, 86, 86T","color":"#0059a9","mode":"bus","arr":["27","55","55B","55E","55K","55M","55N","55X","55Y","83N","85","85B","85K","85M","85N","85T","85Z","86","86T"],"angle":62.3}},{"type":"Feature","geometry":{"type":"Point","coordinates":[22.934177,40.69317]},"properties":{"lines":"27, 55, 55B, 55E, 55K, 55M, 55N, 55X, 55Y, 83N, 85, 85A, 85B, 85K, 85M, 85N, 85T, 85X, 85Z, 86, 86A, 86B, 86E, 86K, 86M, 86N, 86R, 86T","color":"#0059a9","mode":"bus","arr":["27","55","55B","55E","55K","55M","55N","55X","55Y","83N","85","85A","85B","85K","85M","85N","85T","85X","85Z","86","86A","86B","86E","86K","86M","86N","86R","86T"],"angle":69.4}},{"type":"Feature","geometry":{"type":"Point","coordinates":[22.934811,40.691774]},"properties":{"lines":"27, 43, 55, 55B, 55E, 55K, 55M, 55N, 55P, 55X, 55Y, 83N, 85, 85A, 85B, 85K, 85M, 85N, 85T, 85X, 85Z, 86, 86A, 86B, 86E, 86K, 86M, 86N, 86R, 86T","color":"#0059a9","mode":"bus","arr":["27","43","55","55B","55E","55K","55M","55N","55P","55X","55Y","83N","85","85A","85B","85K","85M","85N","85T","85X","85Z","86","86A","86B","86E","86K","86M","86N","86R","86T"],"angle":71.1}},{"type":"Feature","geometry":{"type":"Point","coordinates":[22.953477,40.681254]},"properties":{"lines":"28","color":"#0059a9","mode":"bus","arr":["28"],"angle":-85.5}},{"type":"Feature","geometry":{"type":"Point","coordinates":[22.963305,40.666147]},"properties":{"lines":"28","color":"#0059a9","mode":"bus","arr":["28"],"angle":56.9}},{"type":"Feature","geometry":{"type":"Point","coordinates":[22.961813,40.669416]},"properties":{"lines":"28","color":"#0059a9","mode":"bus","arr":["28"],"angle":76.6,"extra":1}},{"type":"Feature","geometry":{"type":"Point","coordinates":[22.968201,40.661084]},"properties":{"lines":"28","color":"#0059a9","mode":"bus","arr":["28"],"angle":87.2,"extra":1}},{"type":"Feature","geometry":{"type":"Point","coordinates":[22.966447,40.663794]},"properties":{"lines":"28","color":"#0059a9","mode":"bus","arr":["28"],"angle":42.6,"extra":1}},{"type":"Feature","geometry":{"type":"Point","coordinates":[22.95562,40.652365]},"properties":{"lines":"28","color":"#0059a9","mode":"bus","arr":["28"],"angle":36.5}},{"type":"Feature","geometry":{"type":"Point","coordinates":[22.95465,40.646764]},"properties":{"lines":"28","color":"#0059a9","mode":"bus","arr":["28"],"angle":67.9}},{"type":"Feature","geometry":{"type":"Point","coordinates":[22.942042,40.64499]},"properties":{"lines":"28","color":"#0059a9","mode":"bus","arr":["28"],"angle":-14}},{"type":"Feature","geometry":{"type":"Point","coordinates":[22.942373,40.641907]},"properties":{"lines":"28","color":"#0059a9","mode":"bus","arr":["28"],"angle":57.4}},{"type":"Feature","geometry":{"type":"Point","coordinates":[22.94308,40.644295]},"properties":{"lines":"28","color":"#0059a9","mode":"bus","arr":["28"],"angle":-59.4}},{"type":"Feature","geometry":{"type":"Point","coordinates":[22.950277,40.645734]},"properties":{"lines":"28","color":"#0059a9","mode":"bus","arr":["28"],"angle":-19}},{"type":"Feature","geometry":{"type":"Point","coordinates":[22.957617,40.679356]},"properties":{"lines":"28","color":"#0059a9","mode":"bus","arr":["28"],"angle":-23.1}},{"type":"Feature","geometry":{"type":"Point","coordinates":[22.944082,40.645494]},"properties":{"lines":"28","color":"#0059a9","mode":"bus","arr":["28"],"angle":-75.1}},{"type":"Feature","geometry":{"type":"Point","coordinates":[22.954357,40.682223]},"properties":{"lines":"28, 38","color":"#0059a9","mode":"bus","arr":["28","38"],"angle":1.9}},{"type":"Feature","geometry":{"type":"Point","coordinates":[22.954087,40.680195]},"properties":{"lines":"28, 38","color":"#0059a9","mode":"bus","arr":["28","38"],"angle":7.1}},{"type":"Feature","geometry":{"type":"Point","coordinates":[22.949385,40.681014]},"properties":{"lines":"38","color":"#0059a9","mode":"bus","arr":["38"],"angle":-79.9}},{"type":"Feature","geometry":{"type":"Point","coordinates":[22.953511,40.686107]},"properties":{"lines":"38","color":"#0059a9","mode":"bus","arr":["38"],"angle":-72.4}},{"type":"Feature","geometry":{"type":"Point","coordinates":[22.947815,40.681267]},"properties":{"lines":"38","color":"#0059a9","mode":"bus","arr":["38"],"angle":-58.4,"extra":1}},{"type":"Feature","geometry":{"type":"Point","coordinates":[22.949578,40.682413]},"properties":{"lines":"38","color":"#0059a9","mode":"bus","arr":["38"],"angle":35.6}},{"type":"Feature","geometry":{"type":"Point","coordinates":[22.94742,40.680922]},"properties":{"lines":"38","color":"#0059a9","mode":"bus","arr":["38"],"angle":7.4}},{"type":"Feature","geometry":{"type":"Point","coordinates":[22.94442,40.674694]},"properties":{"lines":"38","color":"#0059a9","mode":"bus","arr":["38"],"angle":-57.2}},{"type":"Feature","geometry":{"type":"Point","coordinates":[22.9672,40.658658]},"properties":{"lines":"28, 57, 59, 59K, 64, 64A, 64B","color":"#0059a9","mode":"bus","arr":["28","57","59","59K","64","64A","64B"],"angle":-62.4}},{"type":"Feature","geometry":{"type":"Point","coordinates":[22.975333,40.659381]},"properties":{"lines":"57, 59, 59K, 64, 64A, 64B","color":"#0059a9","mode":"bus","arr":["57","59","59K","64","64A","64B"],"angle":-69.9}},{"type":"Feature","geometry":{"type":"Point","coordinates":[22.968476,40.659447]},"properties":{"lines":"57, 59, 59K, 64, 64A, 64B","color":"#0059a9","mode":"bus","arr":["57","59","59K","64","64A","64B"],"angle":-11.4}},{"type":"Feature","geometry":{"type":"Point","coordinates":[22.961098,40.663993]},"properties":{"lines":"29, 29A","color":"#0059a9","mode":"bus","arr":["29","29A"],"angle":31.7}},{"type":"Feature","geometry":{"type":"Point","coordinates":[22.946239,40.667062]},"properties":{"lines":"29, 29A","color":"#0059a9","mode":"bus","arr":["29","29A"],"angle":71.8}},{"type":"Feature","geometry":{"type":"Point","coordinates":[22.946971,40.672518]},"properties":{"lines":"29, 29A","color":"#0059a9","mode":"bus","arr":["29","29A"],"angle":20.5}},{"type":"Feature","geometry":{"type":"Point","coordinates":[22.965462,40.661836]},"properties":{"lines":"29","color":"#0059a9","mode":"bus","arr":["29"],"angle":22.9}},{"type":"Feature","geometry":{"type":"Point","coordinates":[22.94822,40.661498]},"properties":{"lines":"29","color":"#0059a9","mode":"bus","arr":["29"],"angle":-76.9}},{"type":"Feature","geometry":{"type":"Point","coordinates":[22.943639,40.635688]},"properties":{"lines":"29, 29A, 32, 32A, 34, 34A, 38, 52B","color":"#0059a9","mode":"bus","arr":["29","29A","32","32A","34","34A","38","52B"],"angle":-63.7}},{"type":"Feature","geometry":{"type":"Point","coordinates":[22.944065,40.635418]},"properties":{"lines":"29, 32, 32A, 34, 34A, 38, 52B","color":"#0059a9","mode":"bus","arr":["29","32","32A","34","34A","38","52B"],"angle":-45.2}},{"type":"Feature","geometry":{"type":"Point","coordinates":[22.960478,40.601132]},"properties":{"lines":"30","color":"#0059a9","mode":"bus","arr":["30"],"angle":-21.2}},{"type":"Feature","geometry":{"type":"Point","coordinates":[22.955451,40.594031]},"properties":{"lines":"30","color":"#0059a9","mode":"bus","arr":["30"],"angle":-43.5}},{"type":"Feature","geometry":{"type":"Point","coordinates":[22.970494,40.619876]},"properties":{"lines":"30, 36X, 37","color":"#0059a9","mode":"bus","arr":["30","36X","37"],"angle":70.5}},{"type":"Feature","geometry":{"type":"Point","coordinates":[22.984696,40.60994]},"properties":{"lines":"30, 36X","color":"#0059a9","mode":"bus","arr":["30","36X"],"angle":-54.5}},{"type":"Feature","geometry":{"type":"Point","coordinates":[22.968798,40.608903]},"properties":{"lines":"30, 36X","color":"#0059a9","mode":"bus","arr":["30","36X"],"angle":-16.4}},{"type":"Feature","geometry":{"type":"Point","coordinates":[22.979676,40.610104]},"properties":{"lines":"30, 36X","color":"#0059a9","mode":"bus","arr":["30","36X"],"angle":81.2}},{"type":"Feature","geometry":{"type":"Point","coordinates":[22.981231,40.609802]},"properties":{"lines":"30, 36X","color":"#0059a9","mode":"bus","arr":["30","36X"],"angle":49.3}},{"type":"Feature","geometry":{"type":"Point","coordinates":[22.97935,40.611466]},"properties":{"lines":"30, 36X","color":"#0059a9","mode":"bus","arr":["30","36X"],"angle":-46.2}},{"type":"Feature","geometry":{"type":"Point","coordinates":[22.962777,40.608762]},"properties":{"lines":"31","color":"#0059a9","mode":"bus","arr":["31"],"angle":71.1}},{"type":"Feature","geometry":{"type":"Point","coordinates":[22.960675,40.613446]},"properties":{"lines":"31","color":"#0059a9","mode":"bus","arr":["31"],"angle":71.2}},{"type":"Feature","geometry":{"type":"Point","coordinates":[22.913891,40.64241]},"properties":{"lines":"31, 40, 40A, 45Y","color":"#0059a9","mode":"bus","arr":["31","40","40A","45Y"],"angle":22.8}},{"type":"Feature","geometry":{"type":"Point","coordinates":[22.924527,40.640086]},"properties":{"lines":"31, 40, 40A, 45Y","color":"#0059a9","mode":"bus","arr":["31","40","40A","45Y"],"angle":6.6,"extra":1}},{"type":"Feature","geometry":{"type":"Point","coordinates":[22.902882,40.649597]},"properties":{"lines":"31, 40, 40A, 45Y","color":"#0059a9","mode":"bus","arr":["31","40","40A","45Y"],"angle":49.6,"extra":1}},{"type":"Feature","geometry":{"type":"Point","coordinates":[22.900352,40.65275]},"properties":{"lines":"31, 40, 40A, 45Y, 52, 80, 80B","color":"#0059a9","mode":"bus","arr":["31","40","40A","45Y","52","80","80B"],"angle":57.3}},{"type":"Feature","geometry":{"type":"Point","coordinates":[22.901957,40.655219]},"properties":{"lines":"31, 80, 80A","color":"#0059a9","mode":"bus","arr":["31","80","80A"],"angle":-69.6}},{"type":"Feature","geometry":{"type":"Point","coordinates":[22.899807,40.653428]},"properties":{"lines":"31, 40, 40A","color":"#0059a9","mode":"bus","arr":["31","40","40A"],"angle":84.8}},{"type":"Feature","geometry":{"type":"Point","coordinates":[22.901516,40.651312]},"properties":{"lines":"31, 40, 40K","color":"#0059a9","mode":"bus","arr":["31","40","40K"],"angle":57}},{"type":"Feature","geometry":{"type":"Point","coordinates":[22.914438,40.642142]},"properties":{"lines":"31, 40, 40K, 45Y","color":"#0059a9","mode":"bus","arr":["31","40","40K","45Y"],"angle":22.6}},{"type":"Feature","geometry":{"type":"Point","coordinates":[22.906963,40.647183]},"properties":{"lines":"31, 40, 40K, 45Y","color":"#0059a9","mode":"bus","arr":["31","40","40K","45Y"],"angle":35.6,"extra":1}},{"type":"Feature","geometry":{"type":"Point","coordinates":[22.929585,40.639553]},"properties":{"lines":"31, 40, 40K, 45Y","color":"#0059a9","mode":"bus","arr":["31","40","40K","45Y"],"angle":6.4,"extra":1}},{"type":"Feature","geometry":{"type":"Point","coordinates":[22.963994,40.596424]},"properties":{"lines":"31, 32N, 43Y","color":"#0059a9","mode":"bus","arr":["31","32N","43Y"],"angle":-22.7}},{"type":"Feature","geometry":{"type":"Point","coordinates":[22.908512,40.671165]},"properties":{"lines":"32","color":"#0059a9","mode":"bus","arr":["32"],"angle":-79}},{"type":"Feature","geometry":{"type":"Point","coordinates":[22.909399,40.671023]},"properties":{"lines":"32","color":"#0059a9","mode":"bus","arr":["32"],"angle":-78.5}},{"type":"Feature","geometry":{"type":"Point","coordinates":[22.92756,40.656004]},"properties":{"lines":"32, 32A, 32N, 34, 34A, 42B","color":"#0059a9","mode":"bus","arr":["32","32A","32N","34","34A","42B"],"angle":52.4}},{"type":"Feature","geometry":{"type":"Point","coordinates":[22.93103,40.652112]},"properties":{"lines":"32, 32A, 32N, 34, 34A","color":"#0059a9","mode":"bus","arr":["32","32A","32N","34","34A"],"angle":75.9}},{"type":"Feature","geometry":{"type":"Point","coordinates":[22.931255,40.650141]},"properties":{"lines":"32, 32A, 32N, 34, 34A","color":"#0059a9","mode":"bus","arr":["32","32A","32N","34","34A"],"angle":-39.5}},{"type":"Feature","geometry":{"type":"Point","coordinates":[22.929157,40.65036]},"properties":{"lines":"32, 32A, 32N","color":"#0059a9","mode":"bus","arr":["32","32A","32N"],"angle":49.1}},{"type":"Feature","geometry":{"type":"Point","coordinates":[22.917957,40.67696]},"properties":{"lines":"32A, 32N, 43Y","color":"#0059a9","mode":"bus","arr":["32A","32N","43Y"],"angle":-88.3}},{"type":"Feature","geometry":{"type":"Point","coordinates":[22.923326,40.674486]},"properties":{"lines":"32A, 32N, 43Y","color":"#0059a9","mode":"bus","arr":["32A","32N","43Y"],"angle":81}},{"type":"Feature","geometry":{"type":"Point","coordinates":[22.924548,40.668945]},"properties":{"lines":"32A, 32N, 43Y","color":"#0059a9","mode":"bus","arr":["32A","32N","43Y"],"angle":87.5,"extra":1}},{"type":"Feature","geometry":{"type":"Point","coordinates":[22.941099,40.641766]},"properties":{"lines":"32N, 43Y","color":"#0059a9","mode":"bus","arr":["32N","43Y"],"angle":33.5}},{"type":"Feature","geometry":{"type":"Point","coordinates":[22.942825,40.642163]},"properties":{"lines":"32N, 43Y","color":"#0059a9","mode":"bus","arr":["32N","43Y"],"angle":33.5}},{"type":"Feature","geometry":{"type":"Point","coordinates":[22.969155,40.583407]},"properties":{"lines":"33, 33A, 33B, 39, 39A, 39B","color":"#0059a9","mode":"bus","arr":["33","33A","33B","39","39A","39B"],"angle":-24.1}},{"type":"Feature","geometry":{"type":"Point","coordinates":[22.961664,40.590584]},"properties":{"lines":"33, 33A, 33B, 39, 39A, 39B","color":"#0059a9","mode":"bus","arr":["33","33A","33B","39","39A","39B"],"angle":-43}},{"type":"Feature","geometry":{"type":"Point","coordinates":[22.958213,40.610342]},"properties":{"lines":"33, 33A, 33B, 39, 39A, 39B","color":"#0059a9","mode":"bus","arr":["33","33A","33B","39","39A","39B"],"angle":21.8}},{"type":"Feature","geometry":{"type":"Point","coordinates":[22.971299,40.581267]},"properties":{"lines":"33A, 33B, 39A, 39B","color":"#0059a9","mode":"bus","arr":["33A","33B","39A","39B"],"angle":81.2}},{"type":"Feature","geometry":{"type":"Point","coordinates":[22.974904,40.578871]},"properties":{"lines":"33A, 33B, 39A, 39B","color":"#0059a9","mode":"bus","arr":["33A","33B","39A","39B"],"angle":65.7}},{"type":"Feature","geometry":{"type":"Point","coordinates":[22.96628,40.583596]},"properties":{"lines":"33, 33A, 33B","color":"#0059a9","mode":"bus","arr":["33","33A","33B"],"angle":89.8}},{"type":"Feature","geometry":{"type":"Point","coordinates":[22.95674,40.581665]},"properties":{"lines":"33, 33A, 33B","color":"#0059a9","mode":"bus","arr":["33","33A","33B"],"angle":-17.7}},{"type":"Feature","geometry":{"type":"Point","coordinates":[22.956532,40.586917]},"properties":{"lines":"33, 33A, 33B","color":"#0059a9","mode":"bus","arr":["33","33A","33B"],"angle":-44}},{"type":"Feature","geometry":{"type":"Point","coordinates":[22.964189,40.584044]},"properties":{"lines":"33, 33A, 33B, 39, 39A","color":"#0059a9","mode":"bus","arr":["33","33A","33B","39","39A"],"angle":-29.4}},{"type":"Feature","geometry":{"type":"Point","coordinates":[22.960643,40.592678]},"properties":{"lines":"33, 33A, 33B, 36, 36A, 36B, 36E, 36H, 36K, 36N, 36P, 36T, 36Y, 36Z, 39, 39A, 39B","color":"#0059a9","mode":"bus","arr":["33","33A","33B","36","36A","36B","36E","36H","36K","36N","36P","36T","36Y","36Z","39","39A","39B"],"angle":42.6}},{"type":"Feature","geometry":{"type":"Point","coordinates":[22.95263,40.623712]},"properties":{"lines":"33, 50","color":"#0059a9","mode":"bus","arr":["33","50"],"angle":-29.7}},{"type":"Feature","geometry":{"type":"Point","coordinates":[22.958574,40.58084]},"properties":{"lines":"33","color":"#0059a9","mode":"bus","arr":["33"],"angle":1.1}},{"type":"Feature","geometry":{"type":"Point","coordinates":[22.97719,40.579532]},"properties":{"lines":"33B, 39B","color":"#0059a9","mode":"bus","arr":["33B","39B"],"angle":22.9}},{"type":"Feature","geometry":{"type":"Point","coordinates":[22.932732,40.681161]},"properties":{"lines":"34, 34A","color":"#0059a9","mode":"bus","arr":["34","34A"],"angle":65.8}},{"type":"Feature","geometry":{"type":"Point","coordinates":[22.935795,40.675676]},"properties":{"lines":"34, 34A","color":"#0059a9","mode":"bus","arr":["34","34A"],"angle":-64}},{"type":"Feature","geometry":{"type":"Point","coordinates":[22.934219,40.673474]},"properties":{"lines":"34, 34A","color":"#0059a9","mode":"bus","arr":["34","34A"],"angle":8.1}},{"type":"Feature","geometry":{"type":"Point","coordinates":[22.928209,40.674023]},"properties":{"lines":"34, 34A","color":"#0059a9","mode":"bus","arr":["34","34A"],"angle":54.1}},{"type":"Feature","geometry":{"type":"Point","coordinates":[22.929644,40.67252]},"properties":{"lines":"34, 34A","color":"#0059a9","mode":"bus","arr":["34","34A"],"angle":35.1}},{"type":"Feature","geometry":{"type":"Point","coordinates":[22.928025,40.666704]},"properties":{"lines":"34, 34A","color":"#0059a9","mode":"bus","arr":["34","34A"],"angle":85.7,"extra":1}},{"type":"Feature","geometry":{"type":"Point","coordinates":[22.931001,40.662151]},"properties":{"lines":"34, 34A","color":"#0059a9","mode":"bus","arr":["34","34A"],"angle":65.1}},{"type":"Feature","geometry":{"type":"Point","coordinates":[22.929193,40.659519]},"properties":{"lines":"34, 34A","color":"#0059a9","mode":"bus","arr":["34","34A"],"angle":-12.3}},{"type":"Feature","geometry":{"type":"Point","coordinates":[22.931341,40.651562]},"properties":{"lines":"34, 34A","color":"#0059a9","mode":"bus","arr":["34","34A"],"angle":74.6}},{"type":"Feature","geometry":{"type":"Point","coordinates":[22.93098,40.684871]},"properties":{"lines":"34, 34A, 43","color":"#0059a9","mode":"bus","arr":["34","34A","43"],"angle":-37.7}},{"type":"Feature","geometry":{"type":"Point","coordinates":[22.930671,40.683479]},"properties":{"lines":"34, 34A, 43","color":"#0059a9","mode":"bus","arr":["34","34A","43"],"angle":64.7}},{"type":"Feature","geometry":{"type":"Point","coordinates":[22.927723,40.690984]},"properties":{"lines":"34, 34A, 43, 55P","color":"#0059a9","mode":"bus","arr":["34","34A","43","55P"],"angle":-39.9}},{"type":"Feature","geometry":{"type":"Point","coordinates":[22.932925,40.673073]},"properties":{"lines":"34, 34A, 42, 42A, 42B","color":"#0059a9","mode":"bus","arr":["34","34A","42","42A","42B"],"angle":2.1}},{"type":"Feature","geometry":{"type":"Point","coordinates":[22.930527,40.674709]},"properties":{"lines":"34, 34A, 42, 42A, 42B","color":"#0059a9","mode":"bus","arr":["34","34A","42","42A","42B"],"angle":54}},{"type":"Feature","geometry":{"type":"Point","coordinates":[22.926313,40.67602]},"properties":{"lines":"34, 34A, 42, 42A, 42B","color":"#0059a9","mode":"bus","arr":["34","34A","42","42A","42B"],"angle":-87.6}},{"type":"Feature","geometry":{"type":"Point","coordinates":[22.927622,40.656073]},"properties":{"lines":"34, 34A, 42B","color":"#0059a9","mode":"bus","arr":["34","34A","42B"],"angle":53.1}},{"type":"Feature","geometry":{"type":"Point","coordinates":[22.949035,40.658293]},"properties":{"lines":"35","color":"#0059a9","mode":"bus","arr":["35"],"angle":26.8}},{"type":"Feature","geometry":{"type":"Point","coordinates":[22.956808,40.656391]},"properties":{"lines":"35","color":"#0059a9","mode":"bus","arr":["35"],"angle":-68.2}},{"type":"Feature","geometry":{"type":"Point","coordinates":[22.93766,40.65138]},"properties":{"lines":"35","color":"#0059a9","mode":"bus","arr":["35"],"angle":-54.2}},{"type":"Feature","geometry":{"type":"Point","coordinates":[22.959212,40.661271]},"properties":{"lines":"35","color":"#0059a9","mode":"bus","arr":["35"],"angle":-54.5}},{"type":"Feature","geometry":{"type":"Point","coordinates":[22.96345,40.659938]},"properties":{"lines":"35","color":"#0059a9","mode":"bus","arr":["35"],"angle":-13.4}},{"type":"Feature","geometry":{"type":"Point","coordinates":[22.936489,40.649058]},"properties":{"lines":"35, 57, 64, 64A, 64B","color":"#0059a9","mode":"bus","arr":["35","57","64","64A","64B"],"angle":-54.4}},{"type":"Feature","geometry":{"type":"Point","coordinates":[22.803219,40.664757]},"properties":{"lines":"52","color":"#0059a9","mode":"bus","arr":["52"],"angle":-10.2}},{"type":"Feature","geometry":{"type":"Point","coordinates":[22.803314,40.661962]},"properties":{"lines":"52","color":"#0059a9","mode":"bus","arr":["52"],"angle":-60.5}},{"type":"Feature","geometry":{"type":"Point","coordinates":[22.806418,40.670267]},"properties":{"lines":"52","color":"#0059a9","mode":"bus","arr":["52"],"angle":8.4}},{"type":"Feature","geometry":{"type":"Point","coordinates":[22.985193,40.56979]},"properties":{"lines":"36, 36E, 36H, 36K, 36P, 36T, 36Z, 45, 45A","color":"#0059a9","mode":"bus","arr":["36","36E","36H","36K","36P","36T","36Z","45","45A"],"angle":-49.9}},{"type":"Feature","geometry":{"type":"Point","coordinates":[22.986831,40.573654]},"properties":{"lines":"36, 36B, 36E, 36H, 36K, 36P, 36T, 36Z, 45, 45A, 45B, 79B","color":"#0059a9","mode":"bus","arr":["36","36B","36E","36H","36K","36P","36T","36Z","45","45A","45B","79B"],"angle":57.7}},{"type":"Feature","geometry":{"type":"Point","coordinates":[22.985513,40.569605]},"properties":{"lines":"36, 36E, 36H, 36K, 36P, 36Z, 45, 79B","color":"#0059a9","mode":"bus","arr":["36","36E","36H","36K","36P","36Z","45","79B"],"angle":22.3}},{"type":"Feature","geometry":{"type":"Point","coordinates":[22.993903,40.55892]},"properties":{"lines":"36, 36A, 36B, 36E, 36H, 36K, 36N, 36P, 36Y, 36Z, 45, 45B","color":"#0059a9","mode":"bus","arr":["36","36A","36B","36E","36H","36K","36N","36P","36Y","36Z","45","45B"],"angle":59.3}},{"type":"Feature","geometry":{"type":"Point","coordinates":[22.992018,40.557252]},"properties":{"lines":"36, 36A, 36B, 36E, 36H, 36K, 36N, 36P, 36X, 36Y, 36Z, 45, 45B, 79K","color":"#0059a9","mode":"bus","arr":["36","36A","36B","36E","36H","36K","36N","36P","36X","36Y","36Z","45","45B","79K"],"angle":69.7}},{"type":"Feature","geometry":{"type":"Point","coordinates":[22.99268,40.560678]},"properties":{"lines":"36, 36A, 36B, 36E, 36H, 36K, 36N, 36P, 36X, 36Y, 36Z, 45, 45B, 79K","color":"#0059a9","mode":"bus","arr":["36","36A","36B","36E","36H","36K","36N","36P","36X","36Y","36Z","45","45B","79K"],"angle":-27.1}},{"type":"Feature","geometry":{"type":"Point","coordinates":[22.99168,40.556449]},"properties":{"lines":"36, 36A, 36B, 36X, 36Z","color":"#0059a9","mode":"bus","arr":["36","36A","36B","36X","36Z"],"angle":-83.2}},{"type":"Feature","geometry":{"type":"Point","coordinates":[22.991399,40.550422]},"properties":{"lines":"36, 36A, 36B, 36X, 36Z","color":"#0059a9","mode":"bus","arr":["36","36A","36B","36X","36Z"],"angle":-67.2}},{"type":"Feature","geometry":{"type":"Point","coordinates":[23.005885,40.539273]},"properties":{"lines":"36, 36A, 36B, 36X, 36Z, 60E, 67, 67B, 68A, 68B, 79X, 87B, 87E, 87F, 87H, 87L, 87P","color":"#0059a9","mode":"bus","arr":["36","36A","36B","36X","36Z","60E","67","67B","68A","68B","79X","87B","87E","87F","87H","87L","87P"],"angle":-24.4}},{"type":"Feature","geometry":{"type":"Point","coordinates":[22.998354,40.539003]},"properties":{"lines":"36, 36A, 36B, 36X, 36Z, 60E, 67, 67B, 68A, 68B, 79X, 87B, 87E, 87F, 87H, 87L, 87P, 87Q","color":"#0059a9","mode":"bus","arr":["36","36A","36B","36X","36Z","60E","67","67B","68A","68B","79X","87B","87E","87F","87H","87L","87P","87Q"],"angle":1}},{"type":"Feature","geometry":{"type":"Point","coordinates":[23.008262,40.53933]},"properties":{"lines":"36, 36A, 36B, 36X, 36Z, 60E, 67, 67B, 68B, 79X, 87B, 87E, 87F, 87H, 87L, 87P","color":"#0059a9","mode":"bus","arr":["36","36A","36B","36X","36Z","60E","67","67B","68B","79X","87B","87E","87F","87H","87L","87P"],"angle":19.9}},{"type":"Feature","geometry":{"type":"Point","coordinates":[23.00968,40.540119]},"properties":{"lines":"36, 36A, 36B, 36X, 36Z, 79X","color":"#0059a9","mode":"bus","arr":["36","36A","36B","36X","36Z","79X"],"angle":31.4}},{"type":"Feature","geometry":{"type":"Point","coordinates":[22.991266,40.562609]},"properties":{"lines":"36, 36A, 36B, 36X, 36Z, 79A, 79K","color":"#0059a9","mode":"bus","arr":["36","36A","36B","36X","36Z","79A","79K"],"angle":-79.7}},{"type":"Feature","geometry":{"type":"Point","coordinates":[22.991973,40.563133]},"properties":{"lines":"36, 36A, 36B, 36N, 36X, 36Z, 45, 79A, 79K","color":"#0059a9","mode":"bus","arr":["36","36A","36B","36N","36X","36Z","45","79A","79K"],"angle":-31.6}},{"type":"Feature","geometry":{"type":"Point","coordinates":[22.991889,40.557916]},"properties":{"lines":"36, 36A, 36B, 36X, 36Z, 79K","color":"#0059a9","mode":"bus","arr":["36","36A","36B","36X","36Z","79K"],"angle":-82.9}},{"type":"Feature","geometry":{"type":"Point","coordinates":[22.994768,40.565903]},"properties":{"lines":"36, 36B, 36E, 36H, 36K, 36P, 36X, 36Y, 36Z, 45B, 79A","color":"#0059a9","mode":"bus","arr":["36","36B","36E","36H","36K","36P","36X","36Y","36Z","45B","79A"],"angle":-53.3}},{"type":"Feature","geometry":{"type":"Point","coordinates":[22.993993,40.570186]},"properties":{"lines":"36, 36B, 36E, 36H, 36K, 36P, 36X, 36Y, 36Z, 45B, 58Μ, 66, 79A","color":"#0059a9","mode":"bus","arr":["36","36B","36E","36H","36K","36P","36X","36Y","36Z","45B","58Μ","66","79A"],"angle":54.4}},{"type":"Feature","geometry":{"type":"Point","coordinates":[22.984111,40.572714]},"properties":{"lines":"36, 36B, 36E, 36H, 36K, 36P, 36T, 36Y, 36Z, 45A, 45B","color":"#0059a9","mode":"bus","arr":["36","36B","36E","36H","36K","36P","36T","36Y","36Z","45A","45B"],"angle":53.2}},{"type":"Feature","geometry":{"type":"Point","coordinates":[22.991032,40.5629]},"properties":{"lines":"36A, 36N, 45, 79K","color":"#0059a9","mode":"bus","arr":["36A","36N","45","79K"],"angle":13.2}},{"type":"Feature","geometry":{"type":"Point","coordinates":[22.994374,40.574888]},"properties":{"lines":"36E, 36H, 36Y, 36Z","color":"#0059a9","mode":"bus","arr":["36E","36H","36Y","36Z"],"angle":-24.4}},{"type":"Feature","geometry":{"type":"Point","coordinates":[22.99523,40.575403]},"properties":{"lines":"36E, 36H, 36Y, 36Z","color":"#0059a9","mode":"bus","arr":["36E","36H","36Y","36Z"],"angle":-38.7}},{"type":"Feature","geometry":{"type":"Point","coordinates":[22.988653,40.575777]},"properties":{"lines":"36X, 58Μ, 66","color":"#0059a9","mode":"bus","arr":["36X","58Μ","66"],"angle":56.3}},{"type":"Feature","geometry":{"type":"Point","coordinates":[22.966595,40.6212]},"properties":{"lines":"36X, 37","color":"#0059a9","mode":"bus","arr":["36X","37"],"angle":-51.8}},{"type":"Feature","geometry":{"type":"Point","coordinates":[23.006731,40.560043]},"properties":{"lines":"58Μ, 66","color":"#0059a9","mode":"bus","arr":["58Μ","66"],"angle":35.3}},{"type":"Feature","geometry":{"type":"Point","coordinates":[23.001747,40.563467]},"properties":{"lines":"58Μ, 66","color":"#0059a9","mode":"bus","arr":["58Μ","66"],"angle":71.3,"extra":1}},{"type":"Feature","geometry":{"type":"Point","coordinates":[23.011646,40.557268]},"properties":{"lines":"58Μ, 66","color":"#0059a9","mode":"bus","arr":["58Μ","66"],"angle":44.7,"extra":1}},{"type":"Feature","geometry":{"type":"Point","coordinates":[22.976944,40.619107]},"properties":{"lines":"37","color":"#0059a9","mode":"bus","arr":["37"],"angle":25.8}},{"type":"Feature","geometry":{"type":"Point","coordinates":[22.935365,40.640122]},"properties":{"lines":"39, 39A","color":"#0059a9","mode":"bus","arr":["39","39A"],"angle":33.3}},{"type":"Feature","geometry":{"type":"Point","coordinates":[22.963768,40.592004]},"properties":{"lines":"39, 39A","color":"#0059a9","mode":"bus","arr":["39","39A"],"angle":-22.8}},{"type":"Feature","geometry":{"type":"Point","coordinates":[22.969679,40.587874]},"properties":{"lines":"39, 39A","color":"#0059a9","mode":"bus","arr":["39","39A"],"angle":46.5}},{"type":"Feature","geometry":{"type":"Point","coordinates":[22.888172,40.650843]},"properties":{"lines":"40, 40A","color":"#0059a9","mode":"bus","arr":["40","40A"],"angle":-7.2}},{"type":"Feature","geometry":{"type":"Point","coordinates":[22.853381,40.638286]},"properties":{"lines":"40, 40A","color":"#0059a9","mode":"bus","arr":["40","40A"],"angle":-6.1}},{"type":"Feature","geometry":{"type":"Point","coordinates":[22.898236,40.652134]},"properties":{"lines":"40, 40A, 40K","color":"#0059a9","mode":"bus","arr":["40","40A","40K"],"angle":18.7}},{"type":"Feature","geometry":{"type":"Point","coordinates":[22.875661,40.649939]},"properties":{"lines":"40, 40A, 40K","color":"#0059a9","mode":"bus","arr":["40","40A","40K"],"angle":-5.6}},{"type":"Feature","geometry":{"type":"Point","coordinates":[22.865096,40.643906]},"properties":{"lines":"40, 40K","color":"#0059a9","mode":"bus","arr":["40","40K"],"angle":-50.5}},{"type":"Feature","geometry":{"type":"Point","coordinates":[22.856771,40.641494]},"properties":{"lines":"40, 40K","color":"#0059a9","mode":"bus","arr":["40","40K"],"angle":-7.5,"extra":1}},{"type":"Feature","geometry":{"type":"Point","coordinates":[22.880698,40.650327]},"properties":{"lines":"40, 40K","color":"#0059a9","mode":"bus","arr":["40","40K"],"angle":-8.1}},{"type":"Feature","geometry":{"type":"Point","coordinates":[22.857229,40.642148]},"properties":{"lines":"40","color":"#0059a9","mode":"bus","arr":["40"],"angle":-7.7}},{"type":"Feature","geometry":{"type":"Point","coordinates":[22.882849,40.650483]},"properties":{"lines":"40","color":"#0059a9","mode":"bus","arr":["40"],"angle":-3.7}},{"type":"Feature","geometry":{"type":"Point","coordinates":[22.855975,40.648302]},"properties":{"lines":"40A","color":"#0059a9","mode":"bus","arr":["40A"],"angle":-5.5}},{"type":"Feature","geometry":{"type":"Point","coordinates":[22.865349,40.649022]},"properties":{"lines":"40A","color":"#0059a9","mode":"bus","arr":["40A"],"angle":-5,"extra":1}},{"type":"Feature","geometry":{"type":"Point","coordinates":[22.886636,40.65521]},"properties":{"lines":"40K","color":"#0059a9","mode":"bus","arr":["40K"],"angle":1.1}},{"type":"Feature","geometry":{"type":"Point","coordinates":[22.895135,40.65313]},"properties":{"lines":"40K","color":"#0059a9","mode":"bus","arr":["40K"],"angle":22,"extra":1}},{"type":"Feature","geometry":{"type":"Point","coordinates":[22.925828,40.67651]},"properties":{"lines":"42, 42A, 42B","color":"#0059a9","mode":"bus","arr":["42","42A","42B"],"angle":53.4}},{"type":"Feature","geometry":{"type":"Point","coordinates":[22.915717,40.677588]},"properties":{"lines":"42, 42A, 42B","color":"#0059a9","mode":"bus","arr":["42","42A","42B"],"angle":2.2}},{"type":"Feature","geometry":{"type":"Point","coordinates":[22.902508,40.683497]},"properties":{"lines":"42, 42A, 42B","color":"#0059a9","mode":"bus","arr":["42","42A","42B"],"angle":88.9}},{"type":"Feature","geometry":{"type":"Point","coordinates":[22.932752,40.66823]},"properties":{"lines":"42, 42A, 42B","color":"#0059a9","mode":"bus","arr":["42","42A","42B"],"angle":-76.9}},{"type":"Feature","geometry":{"type":"Point","coordinates":[22.902647,40.690406]},"properties":{"lines":"42, 42A, 42B","color":"#0059a9","mode":"bus","arr":["42","42A","42B"],"angle":-87.4}},{"type":"Feature","geometry":{"type":"Point","coordinates":[22.901994,40.691014]},"properties":{"lines":"42, 42A, 42B","color":"#0059a9","mode":"bus","arr":["42","42A","42B"],"angle":0.1}},{"type":"Feature","geometry":{"type":"Point","coordinates":[22.899615,40.692088]},"properties":{"lines":"42, 42A, 42B","color":"#0059a9","mode":"bus","arr":["42","42A","42B"],"angle":-50.7}},{"type":"Feature","geometry":{"type":"Point","coordinates":[22.902524,40.690117]},"properties":{"lines":"42, 42A, 42B","color":"#0059a9","mode":"bus","arr":["42","42A","42B"],"angle":-88.8}},{"type":"Feature","geometry":{"type":"Point","coordinates":[22.906098,40.679236]},"properties":{"lines":"42, 42A, 42B, 43","color":"#0059a9","mode":"bus","arr":["42","42A","42B","43"],"angle":89.9}},{"type":"Feature","geometry":{"type":"Point","coordinates":[22.899541,40.656685]},"properties":{"lines":"42A, 42B","color":"#0059a9","mode":"bus","arr":["42A","42B"],"angle":-88}},{"type":"Feature","geometry":{"type":"Point","coordinates":[22.896836,40.662582]},"properties":{"lines":"42A, 42B","color":"#0059a9","mode":"bus","arr":["42A","42B"],"angle":-43.7}},{"type":"Feature","geometry":{"type":"Point","coordinates":[22.905968,40.658713]},"properties":{"lines":"42A, 42B, 55Y","color":"#0059a9","mode":"bus","arr":["42A","42B","55Y"],"angle":-45.7}},{"type":"Feature","geometry":{"type":"Point","coordinates":[22.899701,40.65401]},"properties":{"lines":"42A, 42B, 52, 80, 80A","color":"#0059a9","mode":"bus","arr":["42A","42B","52","80","80A"],"angle":-49.5}},{"type":"Feature","geometry":{"type":"Point","coordinates":[22.896123,40.654586]},"properties":{"lines":"52, 80, 80A","color":"#0059a9","mode":"bus","arr":["52","80","80A"],"angle":11.5}},{"type":"Feature","geometry":{"type":"Point","coordinates":[22.801475,40.657164]},"properties":{"lines":"52, 80, 80A","color":"#0059a9","mode":"bus","arr":["52","80","80A"],"angle":-78.2}},{"type":"Feature","geometry":{"type":"Point","coordinates":[22.894931,40.67212]},"properties":{"lines":"42A","color":"#0059a9","mode":"bus","arr":["42A"],"angle":-5.8}},{"type":"Feature","geometry":{"type":"Point","coordinates":[22.925454,40.649189]},"properties":{"lines":"42B","color":"#0059a9","mode":"bus","arr":["42B"],"angle":-17}},{"type":"Feature","geometry":{"type":"Point","coordinates":[22.928809,40.6529]},"properties":{"lines":"42B","color":"#0059a9","mode":"bus","arr":["42B"],"angle":-49.9}},{"type":"Feature","geometry":{"type":"Point","coordinates":[22.909196,40.677502]},"properties":{"lines":"43","color":"#0059a9","mode":"bus","arr":["43"],"angle":2}},{"type":"Feature","geometry":{"type":"Point","coordinates":[22.916474,40.683214]},"properties":{"lines":"43","color":"#0059a9","mode":"bus","arr":["43"],"angle":12.6}},{"type":"Feature","geometry":{"type":"Point","coordinates":[22.907947,40.683928]},"properties":{"lines":"43","color":"#0059a9","mode":"bus","arr":["43"],"angle":-0.5,"extra":1}},{"type":"Feature","geometry":{"type":"Point","coordinates":[22.920773,40.682523]},"properties":{"lines":"43","color":"#0059a9","mode":"bus","arr":["43"],"angle":1.8,"extra":1}},{"type":"Feature","geometry":{"type":"Point","coordinates":[22.916537,40.677887]},"properties":{"lines":"43","color":"#0059a9","mode":"bus","arr":["43"],"angle":4.4}},{"type":"Feature","geometry":{"type":"Point","coordinates":[22.919476,40.681317]},"properties":{"lines":"43","color":"#0059a9","mode":"bus","arr":["43"],"angle":-0.5,"extra":1}},{"type":"Feature","geometry":{"type":"Point","coordinates":[22.931854,40.691656]},"properties":{"lines":"43, 55P","color":"#0059a9","mode":"bus","arr":["43","55P"],"angle":-12.1}},{"type":"Feature","geometry":{"type":"Point","coordinates":[22.93566,40.691551]},"properties":{"lines":"43, 55E, 55Y, 83N, 85, 85B, 85K, 85M, 85N, 85T, 85Z, 86, 86T","color":"#0059a9","mode":"bus","arr":["43","55E","55Y","83N","85","85B","85K","85M","85N","85T","85Z","86","86T"],"angle":-12.3}},{"type":"Feature","geometry":{"type":"Point","coordinates":[22.915695,40.675853]},"properties":{"lines":"43Y","color":"#0059a9","mode":"bus","arr":["43Y"],"angle":89.9}},{"type":"Feature","geometry":{"type":"Point","coordinates":[22.965448,40.593319]},"properties":{"lines":"45, 45A, 45B","color":"#0059a9","mode":"bus","arr":["45","45A","45B"],"angle":78}},{"type":"Feature","geometry":{"type":"Point","coordinates":[22.901155,40.654207]},"properties":{"lines":"45Y","color":"#0059a9","mode":"bus","arr":["45Y"],"angle":61}},{"type":"Feature","geometry":{"type":"Point","coordinates":[22.952807,40.62963]},"properties":{"lines":"50","color":"#0059a9","mode":"bus","arr":["50"],"angle":35.9}},{"type":"Feature","geometry":{"type":"Point","coordinates":[22.946583,40.633945]},"properties":{"lines":"50","color":"#0059a9","mode":"bus","arr":["50"],"angle":-54.5}},{"type":"Feature","geometry":{"type":"Point","coordinates":[22.959894,40.639516]},"properties":{"lines":"50","color":"#0059a9","mode":"bus","arr":["50"],"angle":22}},{"type":"Feature","geometry":{"type":"Point","coordinates":[22.950647,40.628133]},"properties":{"lines":"50, 70, 70A, 71, 71A","color":"#0059a9","mode":"bus","arr":["50","70","70A","71","71A"],"angle":-55}},{"type":"Feature","geometry":{"type":"Point","coordinates":[22.800431,40.666452]},"properties":{"lines":"51, 51A, 52B, 53, 53A, 53B, 53Σ, 80, 80A, 80E, 80Z","color":"#0059a9","mode":"bus","arr":["51","51A","52B","53","53A","53B","53Σ","80","80A","80E","80Z"],"angle":-87.6}},{"type":"Feature","geometry":{"type":"Point","coordinates":[22.802482,40.669243]},"properties":{"lines":"51, 51A, 52B, 53, 53A, 53B, 53Σ, 80, 80A, 80E, 80Z","color":"#0059a9","mode":"bus","arr":["51","51A","52B","53","53A","53B","53Σ","80","80A","80E","80Z"],"angle":-61.2}},{"type":"Feature","geometry":{"type":"Point","coordinates":[22.802776,40.670574]},"properties":{"lines":"51, 52, 52B, 53, 53A, 53B, 53Σ, 80E, 80Z","color":"#0059a9","mode":"bus","arr":["51","52","52B","53","53A","53B","53Σ","80E","80Z"],"angle":-88.5}},{"type":"Feature","geometry":{"type":"Point","coordinates":[22.80241,40.671963]},"properties":{"lines":"51, 52B, 53, 53A, 53B, 53Σ, 80E, 80Z","color":"#0059a9","mode":"bus","arr":["51","52B","53","53A","53B","53Σ","80E","80Z"],"angle":67.2}},{"type":"Feature","geometry":{"type":"Point","coordinates":[22.802601,40.673694]},"properties":{"lines":"51, 51B, 52B, 53, 53A, 53B, 53Σ, 80E, 80Z","color":"#0059a9","mode":"bus","arr":["51","51B","52B","53","53A","53B","53Σ","80E","80Z"],"angle":-77.1}},{"type":"Feature","geometry":{"type":"Point","coordinates":[22.803336,40.67699]},"properties":{"lines":"51, 51B, 52B, 53, 53A, 53B, 53Σ, 80E, 80Z","color":"#0059a9","mode":"bus","arr":["51","51B","52B","53","53A","53B","53Σ","80E","80Z"],"angle":-78.1}},{"type":"Feature","geometry":{"type":"Point","coordinates":[22.801474,40.675263]},"properties":{"lines":"51, 52B, 53, 53A, 53B, 53Σ, 80E","color":"#0059a9","mode":"bus","arr":["51","52B","53","53A","53B","53Σ","80E"],"angle":-73.5}},{"type":"Feature","geometry":{"type":"Point","coordinates":[22.804219,40.680085]},"properties":{"lines":"51, 51B, 52B, 53, 80E, 80Z","color":"#0059a9","mode":"bus","arr":["51","51B","52B","53","80E","80Z"],"angle":-77.6}},{"type":"Feature","geometry":{"type":"Point","coordinates":[22.808123,40.692281]},"properties":{"lines":"51, 51B, 52B, 53, 80E, 80Z","color":"#0059a9","mode":"bus","arr":["51","51B","52B","53","80E","80Z"],"angle":-54.2}},{"type":"Feature","geometry":{"type":"Point","coordinates":[22.821068,40.698671]},"properties":{"lines":"51, 51B, 80E, 80Z","color":"#0059a9","mode":"bus","arr":["51","51B","80E","80Z"],"angle":-29}},{"type":"Feature","geometry":{"type":"Point","coordinates":[22.81659,40.697097]},"properties":{"lines":"51, 51B, 80E, 80Z","color":"#0059a9","mode":"bus","arr":["51","51B","80E","80Z"],"angle":-42.3,"extra":1}},{"type":"Feature","geometry":{"type":"Point","coordinates":[22.826903,40.699448]},"properties":{"lines":"51, 51B, 80E, 80Z","color":"#0059a9","mode":"bus","arr":["51","51B","80E","80Z"],"angle":15.3,"extra":1}},{"type":"Feature","geometry":{"type":"Point","coordinates":[22.844356,40.691912]},"properties":{"lines":"51, 51B, 80E, 80Z","color":"#0059a9","mode":"bus","arr":["51","51B","80E","80Z"],"angle":34.2}},{"type":"Feature","geometry":{"type":"Point","coordinates":[22.836698,40.69602]},"properties":{"lines":"51, 51B, 54, 54A, 80E, 80Z","color":"#0059a9","mode":"bus","arr":["51","51B","54","54A","80E","80Z"],"angle":28.6}},{"type":"Feature","geometry":{"type":"Point","coordinates":[22.847417,40.690264]},"properties":{"lines":"51, 80E","color":"#0059a9","mode":"bus","arr":["51","80E"],"angle":20.4}},{"type":"Feature","geometry":{"type":"Point","coordinates":[22.854602,40.686426]},"properties":{"lines":"51, 80E, 81B, 81K, 89A, 89E, 89N","color":"#0059a9","mode":"bus","arr":["51","80E","81B","81K","89A","89E","89N"],"angle":34.6}},{"type":"Feature","geometry":{"type":"Point","coordinates":[22.864912,40.680982]},"properties":{"lines":"51, 54, 80E, 81B, 81K, 89A, 89E, 89N","color":"#0059a9","mode":"bus","arr":["51","54","80E","81B","81K","89A","89E","89N"],"angle":34.8}},{"type":"Feature","geometry":{"type":"Point","coordinates":[22.88189,40.672517]},"properties":{"lines":"51, 54, 55X, 80E, 81B, 81K, 82A, 82B, 82K, 82N, 89A, 89E, 89N","color":"#0059a9","mode":"bus","arr":["51","54","55X","80E","81B","81K","82A","82B","82K","82N","89A","89E","89N"],"angle":33.3}},{"type":"Feature","geometry":{"type":"Point","coordinates":[22.873918,40.676425]},"properties":{"lines":"51, 54, 55X, 80E, 81B, 81K, 82A, 82B, 82K, 82N, 89A, 89E, 89N","color":"#0059a9","mode":"bus","arr":["51","54","55X","80E","81B","81K","82A","82B","82K","82N","89A","89E","89N"],"angle":32.1,"extra":1}},{"type":"Feature","geometry":{"type":"Point","coordinates":[22.882262,40.672426]},"properties":{"lines":"51, 51B, 54, 54A, 55X, 80Z, 81A, 81E, 82A, 82B, 82E, 82M, 89A, 89B, 89K","color":"#0059a9","mode":"bus","arr":["51","51B","54","54A","55X","80Z","81A","81E","82A","82B","82E","82M","89A","89B","89K"],"angle":32.7}},{"type":"Feature","geometry":{"type":"Point","coordinates":[22.889394,40.668037]},"properties":{"lines":"51, 51B, 54, 54A, 55X, 80Z, 81A, 81E, 82A, 82B, 82E, 82M, 89A, 89B, 89K","color":"#0059a9","mode":"bus","arr":["51","51B","54","54A","55X","80Z","81A","81E","82A","82B","82E","82M","89A","89B","89K"],"angle":36.5,"extra":1}},{"type":"Feature","geometry":{"type":"Point","coordinates":[22.879067,40.67401]},"properties":{"lines":"51, 51B, 54, 54A, 55X, 80Z, 81A, 81E, 82A, 82B, 82E, 82M, 89A, 89B, 89K","color":"#0059a9","mode":"bus","arr":["51","51B","54","54A","55X","80Z","81A","81E","82A","82B","82E","82M","89A","89B","89K"],"angle":33.1,"extra":1}},{"type":"Feature","geometry":{"type":"Point","coordinates":[22.865357,40.680886]},"properties":{"lines":"51, 51B, 54, 54A, 80Z, 81A, 81E, 89A, 89B, 89K","color":"#0059a9","mode":"bus","arr":["51","51B","54","54A","80Z","81A","81E","89A","89B","89K"],"angle":34.7}},{"type":"Feature","geometry":{"type":"Point","coordinates":[22.854756,40.686452]},"properties":{"lines":"51, 51B, 80Z, 81A, 81E, 89A, 89B, 89K","color":"#0059a9","mode":"bus","arr":["51","51B","80Z","81A","81E","89A","89B","89K"],"angle":34.8}},{"type":"Feature","geometry":{"type":"Point","coordinates":[22.847512,40.690346]},"properties":{"lines":"51, 51B, 80Z","color":"#0059a9","mode":"bus","arr":["51","51B","80Z"],"angle":13.9}},{"type":"Feature","geometry":{"type":"Point","coordinates":[22.801412,40.675264]},"properties":{"lines":"51, 51B, 52B, 53, 53A, 53B, 53Σ, 80Z","color":"#0059a9","mode":"bus","arr":["51","51B","52B","53","53A","53B","53Σ","80Z"],"angle":-74.9}},{"type":"Feature","geometry":{"type":"Point","coordinates":[22.803544,40.672788]},"properties":{"lines":"51, 51B, 53, 53B, 53Σ","color":"#0059a9","mode":"bus","arr":["51","51B","53","53B","53Σ"],"angle":17.7}},{"type":"Feature","geometry":{"type":"Point","coordinates":[22.808561,40.671648]},"properties":{"lines":"51, 51B, 53","color":"#0059a9","mode":"bus","arr":["51","51B","53"],"angle":18}},{"type":"Feature","geometry":{"type":"Point","coordinates":[22.807774,40.666096]},"properties":{"lines":"51, 51B, 52, 53","color":"#0059a9","mode":"bus","arr":["51","51B","52","53"],"angle":-10.6}},{"type":"Feature","geometry":{"type":"Point","coordinates":[22.803191,40.662015]},"properties":{"lines":"51, 51B, 52, 53","color":"#0059a9","mode":"bus","arr":["51","51B","52","53"],"angle":-60.2}},{"type":"Feature","geometry":{"type":"Point","coordinates":[22.800125,40.662258]},"properties":{"lines":"51, 51B, 53, 53B, 53Σ, 80, 80A","color":"#0059a9","mode":"bus","arr":["51","51B","53","53B","53Σ","80","80A"],"angle":27.9}},{"type":"Feature","geometry":{"type":"Point","coordinates":[22.799472,40.664202]},"properties":{"lines":"51, 51B, 53, 53B, 53Σ, 80, 80A, 80B","color":"#0059a9","mode":"bus","arr":["51","51B","53","53B","53Σ","80","80A","80B"],"angle":-11.2}},{"type":"Feature","geometry":{"type":"Point","coordinates":[22.800248,40.670147]},"properties":{"lines":"51A, 80, 80A, 80B, 80E, 80Z","color":"#0059a9","mode":"bus","arr":["51A","80","80A","80B","80E","80Z"],"angle":-2.8}},{"type":"Feature","geometry":{"type":"Point","coordinates":[22.777597,40.661267]},"properties":{"lines":"51A, 80, 80A, 80B, 80E, 80Z","color":"#0059a9","mode":"bus","arr":["51A","80","80A","80B","80E","80Z"],"angle":-29.9}},{"type":"Feature","geometry":{"type":"Point","coordinates":[22.784328,40.664176]},"properties":{"lines":"51A, 80, 80A, 80B, 80E, 80Z","color":"#0059a9","mode":"bus","arr":["51A","80","80A","80B","80E","80Z"],"angle":-30,"extra":1}},{"type":"Feature","geometry":{"type":"Point","coordinates":[22.773001,40.659276]},"properties":{"lines":"51A, 80, 80A, 80B, 80E, 80Z","color":"#0059a9","mode":"bus","arr":["51A","80","80A","80B","80E","80Z"],"angle":-29.5,"extra":1}},{"type":"Feature","geometry":{"type":"Point","coordinates":[22.795169,40.668868]},"properties":{"lines":"51A, 52B, 80, 80A, 80B, 80E, 80Z","color":"#0059a9","mode":"bus","arr":["51A","52B","80","80A","80B","80E","80Z"],"angle":-29.6}},{"type":"Feature","geometry":{"type":"Point","coordinates":[22.791475,40.667327]},"properties":{"lines":"51A, 52B, 80, 80A, 80Z","color":"#0059a9","mode":"bus","arr":["51A","52B","80","80A","80Z"],"angle":-30.5}},{"type":"Feature","geometry":{"type":"Point","coordinates":[22.738902,40.661714]},"properties":{"lines":"51A, 80A, 80B, 80Z","color":"#0059a9","mode":"bus","arr":["51A","80A","80B","80Z"],"angle":14.5}},{"type":"Feature","geometry":{"type":"Point","coordinates":[22.758776,40.658025]},"properties":{"lines":"51A, 80A, 80B, 80Z","color":"#0059a9","mode":"bus","arr":["51A","80A","80B","80Z"],"angle":19.9,"extra":1}},{"type":"Feature","geometry":{"type":"Point","coordinates":[22.746203,40.660307]},"properties":{"lines":"51A, 80A, 80B, 80Z","color":"#0059a9","mode":"bus","arr":["51A","80A","80B","80Z"],"angle":14,"extra":1}},{"type":"Feature","geometry":{"type":"Point","coordinates":[22.733537,40.662601]},"properties":{"lines":"51A, 80A, 80B, 80Z","color":"#0059a9","mode":"bus","arr":["51A","80A","80B","80Z"],"angle":-7.1,"extra":1}},{"type":"Feature","geometry":{"type":"Point","coordinates":[22.721797,40.659331]},"properties":{"lines":"51A, 80A, 80B, 80Z","color":"#0059a9","mode":"bus","arr":["51A","80A","80B","80Z"],"angle":-1.3,"extra":1}},{"type":"Feature","geometry":{"type":"Point","coordinates":[22.790609,40.666854]},"properties":{"lines":"51A, 80, 80B, 80E","color":"#0059a9","mode":"bus","arr":["51A","80","80B","80E"],"angle":-28.6}},{"type":"Feature","geometry":{"type":"Point","coordinates":[22.791867,40.667397]},"properties":{"lines":"51A, 52B, 80, 80B, 80E","color":"#0059a9","mode":"bus","arr":["51A","52B","80","80B","80E"],"angle":-32.4}},{"type":"Feature","geometry":{"type":"Point","coordinates":[22.80239,40.669234]},"properties":{"lines":"51A, 52, 52B, 53A, 53B, 53Σ, 80, 80B, 80E, 80Z","color":"#0059a9","mode":"bus","arr":["51A","52","52B","53A","53B","53Σ","80","80B","80E","80Z"],"angle":-60.5}},{"type":"Feature","geometry":{"type":"Point","coordinates":[22.800322,40.666485]},"properties":{"lines":"51A, 52, 52B, 53A, 53B, 53Σ, 80, 80B, 80E, 80Z","color":"#0059a9","mode":"bus","arr":["51A","52","52B","53A","53B","53Σ","80","80B","80E","80Z"],"angle":-87.8}},{"type":"Feature","geometry":{"type":"Point","coordinates":[22.783041,40.698723]},"properties":{"lines":"51B, 53A, 53B, 53Σ","color":"#0059a9","mode":"bus","arr":["51B","53A","53B","53Σ"],"angle":9.7}},{"type":"Feature","geometry":{"type":"Point","coordinates":[22.783605,40.682761]},"properties":{"lines":"51B, 53A, 53B, 53Σ","color":"#0059a9","mode":"bus","arr":["51B","53A","53B","53Σ"],"angle":15.6,"extra":1}},{"type":"Feature","geometry":{"type":"Point","coordinates":[22.782539,40.691946]},"properties":{"lines":"51B, 53A, 53B, 53Σ","color":"#0059a9","mode":"bus","arr":["51B","53A","53B","53Σ"],"angle":-89.8,"extra":1}},{"type":"Feature","geometry":{"type":"Point","coordinates":[22.790166,40.690731]},"properties":{"lines":"51B, 53A, 53B, 53Σ","color":"#0059a9","mode":"bus","arr":["51B","53A","53B","53Σ"],"angle":-89.7,"extra":1}},{"type":"Feature","geometry":{"type":"Point","coordinates":[22.799095,40.679343]},"properties":{"lines":"51B, 52B, 53, 53A, 53B, 53Σ","color":"#0059a9","mode":"bus","arr":["51B","52B","53","53A","53B","53Σ"],"angle":15.6}},{"type":"Feature","geometry":{"type":"Point","coordinates":[22.801534,40.659726]},"properties":{"lines":"52, 53B, 53Σ, 80, 80B","color":"#0059a9","mode":"bus","arr":["52","53B","53Σ","80","80B"],"angle":-67.2}},{"type":"Feature","geometry":{"type":"Point","coordinates":[22.801323,40.65711]},"properties":{"lines":"52, 80, 80B","color":"#0059a9","mode":"bus","arr":["52","80","80B"],"angle":-77.8}},{"type":"Feature","geometry":{"type":"Point","coordinates":[22.902052,40.65177]},"properties":{"lines":"52, 80, 80B","color":"#0059a9","mode":"bus","arr":["52","80","80B"],"angle":-77.3}},{"type":"Feature","geometry":{"type":"Point","coordinates":[22.80227,40.658671]},"properties":{"lines":"52, 53B, 53Σ","color":"#0059a9","mode":"bus","arr":["52","53B","53Σ"],"angle":46.4}},{"type":"Feature","geometry":{"type":"Point","coordinates":[22.849214,40.653749]},"properties":{"lines":"52, 52B, 80, 80B","color":"#0059a9","mode":"bus","arr":["52","52B","80","80B"],"angle":-5.6}},{"type":"Feature","geometry":{"type":"Point","coordinates":[22.805195,40.652881]},"properties":{"lines":"52, 52B, 80, 80B","color":"#0059a9","mode":"bus","arr":["52","52B","80","80B"],"angle":37.1,"extra":1}},{"type":"Feature","geometry":{"type":"Point","coordinates":[22.816249,40.649506]},"properties":{"lines":"52, 52B, 80, 80B","color":"#0059a9","mode":"bus","arr":["52","52B","80","80B"],"angle":-48.4,"extra":1}},{"type":"Feature","geometry":{"type":"Point","coordinates":[22.828398,40.652058]},"properties":{"lines":"52, 52B, 80, 80B","color":"#0059a9","mode":"bus","arr":["52","52B","80","80B"],"angle":-5.9,"extra":1}},{"type":"Feature","geometry":{"type":"Point","coordinates":[22.841372,40.653083]},"properties":{"lines":"52, 52B, 80, 80B","color":"#0059a9","mode":"bus","arr":["52","52B","80","80B"],"angle":-6.2,"extra":1}},{"type":"Feature","geometry":{"type":"Point","coordinates":[22.854342,40.654139]},"properties":{"lines":"52, 52B, 80, 80B","color":"#0059a9","mode":"bus","arr":["52","52B","80","80B"],"angle":-6.2,"extra":1}},{"type":"Feature","geometry":{"type":"Point","coordinates":[22.867312,40.655196]},"properties":{"lines":"52, 52B, 80, 80B","color":"#0059a9","mode":"bus","arr":["52","52B","80","80B"],"angle":-6.2,"extra":1}},{"type":"Feature","geometry":{"type":"Point","coordinates":[22.880345,40.655398]},"properties":{"lines":"52, 52B, 80, 80B","color":"#0059a9","mode":"bus","arr":["52","52B","80","80B"],"angle":0.2,"extra":1}},{"type":"Feature","geometry":{"type":"Point","coordinates":[22.893312,40.65484]},"properties":{"lines":"52, 52B, 80, 80B","color":"#0059a9","mode":"bus","arr":["52","52B","80","80B"],"angle":15.4,"extra":1}},{"type":"Feature","geometry":{"type":"Point","coordinates":[22.845608,40.653627]},"properties":{"lines":"52, 52B, 80, 80A","color":"#0059a9","mode":"bus","arr":["52","52B","80","80A"],"angle":-5.9}},{"type":"Feature","geometry":{"type":"Point","coordinates":[22.886815,40.655574]},"properties":{"lines":"52, 52B, 80, 80A","color":"#0059a9","mode":"bus","arr":["52","52B","80","80A"],"angle":1.3,"extra":1}},{"type":"Feature","geometry":{"type":"Point","coordinates":[22.873771,40.655613]},"properties":{"lines":"52, 52B, 80, 80A","color":"#0059a9","mode":"bus","arr":["52","52B","80","80A"],"angle":0.1,"extra":1}},{"type":"Feature","geometry":{"type":"Point","coordinates":[22.860776,40.654854]},"properties":{"lines":"52, 52B, 80, 80A","color":"#0059a9","mode":"bus","arr":["52","52B","80","80A"],"angle":-6.2,"extra":1}},{"type":"Feature","geometry":{"type":"Point","coordinates":[22.834835,40.65276]},"properties":{"lines":"52, 52B, 80, 80A","color":"#0059a9","mode":"bus","arr":["52","52B","80","80A"],"angle":-6.2,"extra":1}},{"type":"Feature","geometry":{"type":"Point","coordinates":[22.821865,40.651701]},"properties":{"lines":"52, 52B, 80, 80A","color":"#0059a9","mode":"bus","arr":["52","52B","80","80A"],"angle":-6,"extra":1}},{"type":"Feature","geometry":{"type":"Point","coordinates":[22.809201,40.651143]},"properties":{"lines":"52, 52B, 80, 80A","color":"#0059a9","mode":"bus","arr":["52","52B","80","80A"],"angle":31.1,"extra":1}},{"type":"Feature","geometry":{"type":"Point","coordinates":[22.80172,40.659721]},"properties":{"lines":"52, 53B, 53Σ, 80, 80A","color":"#0059a9","mode":"bus","arr":["52","53B","53Σ","80","80A"],"angle":-65.9}},{"type":"Feature","geometry":{"type":"Point","coordinates":[22.911906,40.648322]},"properties":{"lines":"52B","color":"#0059a9","mode":"bus","arr":["52B"],"angle":24.9}},{"type":"Feature","geometry":{"type":"Point","coordinates":[22.923719,40.642447]},"properties":{"lines":"52B","color":"#0059a9","mode":"bus","arr":["52B"],"angle":28.1,"extra":1}},{"type":"Feature","geometry":{"type":"Point","coordinates":[22.901613,40.652679]},"properties":{"lines":"52B","color":"#0059a9","mode":"bus","arr":["52B"],"angle":28.7,"extra":1}},{"type":"Feature","geometry":{"type":"Point","coordinates":[22.907457,40.64974]},"properties":{"lines":"52B","color":"#0059a9","mode":"bus","arr":["52B"],"angle":25.6,"extra":1}},{"type":"Feature","geometry":{"type":"Point","coordinates":[22.796192,40.661933]},"properties":{"lines":"52B","color":"#0059a9","mode":"bus","arr":["52B"],"angle":58.2}},{"type":"Feature","geometry":{"type":"Point","coordinates":[22.799589,40.672987]},"properties":{"lines":"52B","color":"#0059a9","mode":"bus","arr":["52B"],"angle":-72.5}},{"type":"Feature","geometry":{"type":"Point","coordinates":[22.795938,40.661849]},"properties":{"lines":"52B","color":"#0059a9","mode":"bus","arr":["52B"],"angle":58.8}},{"type":"Feature","geometry":{"type":"Point","coordinates":[22.817581,40.686579]},"properties":{"lines":"52B, 53","color":"#0059a9","mode":"bus","arr":["52B","53"],"angle":15.1}},{"type":"Feature","geometry":{"type":"Point","coordinates":[22.810974,40.680412]},"properties":{"lines":"52B, 53","color":"#0059a9","mode":"bus","arr":["52B","53"],"angle":15.2,"extra":1}},{"type":"Feature","geometry":{"type":"Point","coordinates":[22.812242,40.690212]},"properties":{"lines":"52B, 53","color":"#0059a9","mode":"bus","arr":["52B","53"],"angle":15.7,"extra":1}},{"type":"Feature","geometry":{"type":"Point","coordinates":[22.798907,40.692235]},"properties":{"lines":"52B, 53","color":"#0059a9","mode":"bus","arr":["52B","53"],"angle":-74}},{"type":"Feature","geometry":{"type":"Point","coordinates":[22.80444,40.695991]},"properties":{"lines":"52B, 53","color":"#0059a9","mode":"bus","arr":["52B","53"],"angle":9.7,"extra":1}},{"type":"Feature","geometry":{"type":"Point","coordinates":[22.79447,40.680363]},"properties":{"lines":"52B, 53","color":"#0059a9","mode":"bus","arr":["52B","53"],"angle":-85.8,"extra":1}},{"type":"Feature","geometry":{"type":"Point","coordinates":[22.814926,40.675607]},"properties":{"lines":"53","color":"#0059a9","mode":"bus","arr":["53"],"angle":-27.4}},{"type":"Feature","geometry":{"type":"Point","coordinates":[22.804636,40.673833]},"properties":{"lines":"53B, 53Σ","color":"#0059a9","mode":"bus","arr":["53B","53Σ"],"angle":24.2}},{"type":"Feature","geometry":{"type":"Point","coordinates":[22.800033,40.662231]},"properties":{"lines":"53B, 53Σ, 80, 80B","color":"#0059a9","mode":"bus","arr":["53B","53Σ","80","80B"],"angle":28.6}},{"type":"Feature","geometry":{"type":"Point","coordinates":[22.859241,40.686025]},"properties":{"lines":"54, 54A","color":"#0059a9","mode":"bus","arr":["54","54A"],"angle":33.4}},{"type":"Feature","geometry":{"type":"Point","coordinates":[22.851343,40.687505]},"properties":{"lines":"54, 54A","color":"#0059a9","mode":"bus","arr":["54","54A"],"angle":36.7}},{"type":"Feature","geometry":{"type":"Point","coordinates":[22.843966,40.687818]},"properties":{"lines":"54, 54A","color":"#0059a9","mode":"bus","arr":["54","54A"],"angle":-15.5,"extra":1}},{"type":"Feature","geometry":{"type":"Point","coordinates":[22.841835,40.693049]},"properties":{"lines":"54, 54A","color":"#0059a9","mode":"bus","arr":["54","54A"],"angle":-55.7}},{"type":"Feature","geometry":{"type":"Point","coordinates":[22.834715,40.692817]},"properties":{"lines":"54, 54A","color":"#0059a9","mode":"bus","arr":["54","54A"],"angle":19.5}},{"type":"Feature","geometry":{"type":"Point","coordinates":[22.839362,40.688864]},"properties":{"lines":"54, 54A","color":"#0059a9","mode":"bus","arr":["54","54A"],"angle":-3.4}},{"type":"Feature","geometry":{"type":"Point","coordinates":[22.859174,40.690537]},"properties":{"lines":"54, 54A, 55B, 55K, 55M, 55N","color":"#0059a9","mode":"bus","arr":["54","54A","55B","55K","55M","55N"],"angle":48.6}},{"type":"Feature","geometry":{"type":"Point","coordinates":[22.840182,40.687173]},"properties":{"lines":"54","color":"#0059a9","mode":"bus","arr":["54"],"angle":-27.3}},{"type":"Feature","geometry":{"type":"Point","coordinates":[22.861185,40.685849]},"properties":{"lines":"54","color":"#0059a9","mode":"bus","arr":["54"],"angle":32.6}},{"type":"Feature","geometry":{"type":"Point","coordinates":[22.85788,40.689794]},"properties":{"lines":"54","color":"#0059a9","mode":"bus","arr":["54"],"angle":76.5}},{"type":"Feature","geometry":{"type":"Point","coordinates":[22.837967,40.690923]},"properties":{"lines":"54A","color":"#0059a9","mode":"bus","arr":["54A"],"angle":-34.1}},{"type":"Feature","geometry":{"type":"Point","coordinates":[22.933361,40.69454]},"properties":{"lines":"55, 55B, 55E, 55K, 55M, 55N, 55X, 83N, 85, 85A, 85B, 85K, 85N, 85T, 85X, 85Z, 86A, 86B, 86E, 86K, 86M, 86N, 86R","color":"#0059a9","mode":"bus","arr":["55","55B","55E","55K","55M","55N","55X","83N","85","85A","85B","85K","85N","85T","85X","85Z","86A","86B","86E","86K","86M","86N","86R"],"angle":65.7}},{"type":"Feature","geometry":{"type":"Point","coordinates":[22.932945,40.695212]},"properties":{"lines":"55, 55B, 55K, 55M, 55N, 55X, 83N, 85, 85A, 85B, 85K, 85N, 85T, 85X, 85Z, 86A, 86B, 86E, 86K, 86M, 86N, 86R","color":"#0059a9","mode":"bus","arr":["55","55B","55K","55M","55N","55X","83N","85","85A","85B","85K","85N","85T","85X","85Z","86A","86B","86E","86K","86M","86N","86R"],"angle":64.4}},{"type":"Feature","geometry":{"type":"Point","coordinates":[22.932521,40.695814]},"properties":{"lines":"55, 55B, 55K, 55M, 55N, 55X","color":"#0059a9","mode":"bus","arr":["55","55B","55K","55M","55N","55X"],"angle":57.3}},{"type":"Feature","geometry":{"type":"Point","coordinates":[22.93022,40.701589]},"properties":{"lines":"55, 55B, 55K, 55M, 55N, 55X","color":"#0059a9","mode":"bus","arr":["55","55B","55K","55M","55N","55X"],"angle":70.3}},{"type":"Feature","geometry":{"type":"Point","coordinates":[22.93488,40.701573]},"properties":{"lines":"55","color":"#0059a9","mode":"bus","arr":["55"],"angle":12.6}},{"type":"Feature","geometry":{"type":"Point","coordinates":[22.924296,40.712817]},"properties":{"lines":"55","color":"#0059a9","mode":"bus","arr":["55"],"angle":-70.8}},{"type":"Feature","geometry":{"type":"Point","coordinates":[22.904111,40.723408]},"properties":{"lines":"55","color":"#0059a9","mode":"bus","arr":["55"],"angle":87.6}},{"type":"Feature","geometry":{"type":"Point","coordinates":[22.910426,40.720418]},"properties":{"lines":"55","color":"#0059a9","mode":"bus","arr":["55"],"angle":-83.6}},{"type":"Feature","geometry":{"type":"Point","coordinates":[22.914936,40.71921]},"properties":{"lines":"55","color":"#0059a9","mode":"bus","arr":["55"],"angle":-15.6}},{"type":"Feature","geometry":{"type":"Point","coordinates":[22.920668,40.711667]},"properties":{"lines":"55","color":"#0059a9","mode":"bus","arr":["55"],"angle":80.6}},{"type":"Feature","geometry":{"type":"Point","coordinates":[22.919996,40.716162]},"properties":{"lines":"55","color":"#0059a9","mode":"bus","arr":["55"],"angle":83.1,"extra":1}},{"type":"Feature","geometry":{"type":"Point","coordinates":[22.92177,40.706381]},"properties":{"lines":"55","color":"#0059a9","mode":"bus","arr":["55"],"angle":84.7,"extra":1}},{"type":"Feature","geometry":{"type":"Point","coordinates":[22.927007,40.718685]},"properties":{"lines":"55, 56","color":"#0059a9","mode":"bus","arr":["55","56"],"angle":42.4}},{"type":"Feature","geometry":{"type":"Point","coordinates":[22.937533,40.705013]},"properties":{"lines":"55, 56","color":"#0059a9","mode":"bus","arr":["55","56"],"angle":50.9,"extra":1}},{"type":"Feature","geometry":{"type":"Point","coordinates":[22.91313,40.725295]},"properties":{"lines":"55, 56","color":"#0059a9","mode":"bus","arr":["55","56"],"angle":77.9}},{"type":"Feature","geometry":{"type":"Point","coordinates":[22.914926,40.729346]},"properties":{"lines":"55, 56","color":"#0059a9","mode":"bus","arr":["55","56"],"angle":-64.7,"extra":1}},{"type":"Feature","geometry":{"type":"Point","coordinates":[22.908292,40.721527]},"properties":{"lines":"55, 56","color":"#0059a9","mode":"bus","arr":["55","56"],"angle":-39.5}},{"type":"Feature","geometry":{"type":"Point","coordinates":[22.906286,40.72277]},"properties":{"lines":"55, 56","color":"#0059a9","mode":"bus","arr":["55","56"],"angle":-83.7}},{"type":"Feature","geometry":{"type":"Point","coordinates":[22.920996,40.733709]},"properties":{"lines":"55, 56, 84M","color":"#0059a9","mode":"bus","arr":["55","56","84M"],"angle":51.8}},{"type":"Feature","geometry":{"type":"Point","coordinates":[22.90643,40.72092]},"properties":{"lines":"55, 55P, 56","color":"#0059a9","mode":"bus","arr":["55","55P","56"],"angle":58.6}},{"type":"Feature","geometry":{"type":"Point","coordinates":[22.904911,40.72112]},"properties":{"lines":"55, 55P","color":"#0059a9","mode":"bus","arr":["55","55P"],"angle":-6.1}},{"type":"Feature","geometry":{"type":"Point","coordinates":[22.932808,40.695215]},"properties":{"lines":"55, 55B, 55K, 55M, 55N, 55X, 83N, 85, 85B, 85K, 85M, 85N, 85T, 85Z, 86, 86T","color":"#0059a9","mode":"bus","arr":["55","55B","55K","55M","55N","55X","83N","85","85B","85K","85M","85N","85T","85Z","86","86T"],"angle":63.2}},{"type":"Feature","geometry":{"type":"Point","coordinates":[22.867954,40.701079]},"properties":{"lines":"55B, 55K, 55M, 55N, 55X","color":"#0059a9","mode":"bus","arr":["55B","55K","55M","55N","55X"],"angle":0.4}},{"type":"Feature","geometry":{"type":"Point","coordinates":[22.899241,40.703]},"properties":{"lines":"55B, 55K, 55M, 55N, 55X","color":"#0059a9","mode":"bus","arr":["55B","55K","55M","55N","55X"],"angle":0.2,"extra":1}},{"type":"Feature","geometry":{"type":"Point","coordinates":[22.860796,40.700273]},"properties":{"lines":"55B, 55K, 55M, 55N, 55X","color":"#0059a9","mode":"bus","arr":["55B","55K","55M","55N","55X"],"angle":-26.4,"extra":1}},{"type":"Feature","geometry":{"type":"Point","coordinates":[22.873649,40.701164]},"properties":{"lines":"55B, 55K, 55M, 55N, 55X","color":"#0059a9","mode":"bus","arr":["55B","55K","55M","55N","55X"],"angle":-2.3,"extra":1}},{"type":"Feature","geometry":{"type":"Point","coordinates":[22.911079,40.70232]},"properties":{"lines":"55B, 55K, 55M, 55N, 55P, 55X","color":"#0059a9","mode":"bus","arr":["55B","55K","55M","55N","55P","55X"],"angle":-1.9}},{"type":"Feature","geometry":{"type":"Point","coordinates":[22.887178,40.702842]},"properties":{"lines":"55B, 55M, 55N, 55X","color":"#0059a9","mode":"bus","arr":["55B","55M","55N","55X"],"angle":-1.1}},{"type":"Feature","geometry":{"type":"Point","coordinates":[22.85808,40.692518]},"properties":{"lines":"55B, 55K, 55M, 55N, 55X, 82A, 82B, 82E, 82K, 82M, 82N","color":"#0059a9","mode":"bus","arr":["55B","55K","55M","55N","55X","82A","82B","82E","82K","82M","82N"],"angle":66.8}},{"type":"Feature","geometry":{"type":"Point","coordinates":[22.85573,40.696863]},"properties":{"lines":"55B, 55K, 55M, 55N, 55X, 82A, 82B, 82K, 82N","color":"#0059a9","mode":"bus","arr":["55B","55K","55M","55N","55X","82A","82B","82K","82N"],"angle":68}},{"type":"Feature","geometry":{"type":"Point","coordinates":[22.855807,40.696885]},"properties":{"lines":"55B, 55K, 55M, 55N, 55X, 82A, 82B, 82E, 82M","color":"#0059a9","mode":"bus","arr":["55B","55K","55M","55N","55X","82A","82B","82E","82M"],"angle":68.2}},{"type":"Feature","geometry":{"type":"Point","coordinates":[22.940849,40.695569]},"properties":{"lines":"55E, 56, 84A, 84B","color":"#0059a9","mode":"bus","arr":["55E","56","84A","84B"],"angle":80.2}},{"type":"Feature","geometry":{"type":"Point","coordinates":[22.947818,40.697088]},"properties":{"lines":"55E, 83N, 84A, 84B, 85, 85A, 85B, 85K, 85M, 85N, 85T, 85X, 85Z, 86, 86A, 86B, 86E, 86K, 86M, 86N, 86R, 86T","color":"#0059a9","mode":"bus","arr":["55E","83N","84A","84B","85","85A","85B","85K","85M","85N","85T","85X","85Z","86","86A","86B","86E","86K","86M","86N","86R","86T"],"angle":-49.7}},{"type":"Feature","geometry":{"type":"Point","coordinates":[22.945507,40.704129]},"properties":{"lines":"55E","color":"#0059a9","mode":"bus","arr":["55E"],"angle":81.2}},{"type":"Feature","geometry":{"type":"Point","coordinates":[22.891713,40.708752]},"properties":{"lines":"55K","color":"#0059a9","mode":"bus","arr":["55K"],"angle":-39.9}},{"type":"Feature","geometry":{"type":"Point","coordinates":[22.886703,40.705482]},"properties":{"lines":"55K","color":"#0059a9","mode":"bus","arr":["55K"],"angle":-38.8,"extra":1}},{"type":"Feature","geometry":{"type":"Point","coordinates":[22.857432,40.698495]},"properties":{"lines":"55M, 55N","color":"#0059a9","mode":"bus","arr":["55M","55N"],"angle":54.8}},{"type":"Feature","geometry":{"type":"Point","coordinates":[22.865132,40.697181]},"properties":{"lines":"55M, 55N","color":"#0059a9","mode":"bus","arr":["55M","55N"],"angle":1.6}},{"type":"Feature","geometry":{"type":"Point","coordinates":[22.85839,40.69734]},"properties":{"lines":"55M, 55N","color":"#0059a9","mode":"bus","arr":["55M","55N"],"angle":-19.6}},{"type":"Feature","geometry":{"type":"Point","coordinates":[22.914883,40.690327]},"properties":{"lines":"55P","color":"#0059a9","mode":"bus","arr":["55P"],"angle":1.3}},{"type":"Feature","geometry":{"type":"Point","coordinates":[22.920897,40.690131]},"properties":{"lines":"55P","color":"#0059a9","mode":"bus","arr":["55P"],"angle":2.1,"extra":1}},{"type":"Feature","geometry":{"type":"Point","coordinates":[22.913332,40.694546]},"properties":{"lines":"55P","color":"#0059a9","mode":"bus","arr":["55P"],"angle":89.8,"extra":1}},{"type":"Feature","geometry":{"type":"Point","coordinates":[22.909434,40.697981]},"properties":{"lines":"55P","color":"#0059a9","mode":"bus","arr":["55P"],"angle":83.5}},{"type":"Feature","geometry":{"type":"Point","coordinates":[22.91052,40.71036]},"properties":{"lines":"55P","color":"#0059a9","mode":"bus","arr":["55P"],"angle":66}},{"type":"Feature","geometry":{"type":"Point","coordinates":[22.912185,40.70724]},"properties":{"lines":"55P","color":"#0059a9","mode":"bus","arr":["55P"],"angle":73.7,"extra":1}},{"type":"Feature","geometry":{"type":"Point","coordinates":[22.910468,40.716772]},"properties":{"lines":"55P","color":"#0059a9","mode":"bus","arr":["55P"],"angle":-83.1,"extra":1}},{"type":"Feature","geometry":{"type":"Point","coordinates":[22.909243,40.718857]},"properties":{"lines":"55P","color":"#0059a9","mode":"bus","arr":["55P"],"angle":-0.2}},{"type":"Feature","geometry":{"type":"Point","coordinates":[22.908199,40.718775]},"properties":{"lines":"55P","color":"#0059a9","mode":"bus","arr":["55P"],"angle":26.8}},{"type":"Feature","geometry":{"type":"Point","coordinates":[22.90485,40.721356]},"properties":{"lines":"55P","color":"#0059a9","mode":"bus","arr":["55P"],"angle":-21.4}},{"type":"Feature","geometry":{"type":"Point","coordinates":[22.886488,40.72542]},"properties":{"lines":"55P","color":"#0059a9","mode":"bus","arr":["55P"],"angle":23}},{"type":"Feature","geometry":{"type":"Point","coordinates":[22.897772,40.721226]},"properties":{"lines":"55P","color":"#0059a9","mode":"bus","arr":["55P"],"angle":-2.3,"extra":1}},{"type":"Feature","geometry":{"type":"Point","coordinates":[22.87855,40.729969]},"properties":{"lines":"55P","color":"#0059a9","mode":"bus","arr":["55P"],"angle":42.7,"extra":1}},{"type":"Feature","geometry":{"type":"Point","coordinates":[22.907671,40.695593]},"properties":{"lines":"55P","color":"#0059a9","mode":"bus","arr":["55P"],"angle":2}},{"type":"Feature","geometry":{"type":"Point","coordinates":[22.907232,40.694602]},"properties":{"lines":"55P","color":"#0059a9","mode":"bus","arr":["55P"],"angle":60}},{"type":"Feature","geometry":{"type":"Point","coordinates":[22.908237,40.694043]},"properties":{"lines":"55P","color":"#0059a9","mode":"bus","arr":["55P"],"angle":-55.5}},{"type":"Feature","geometry":{"type":"Point","coordinates":[22.875394,40.734636]},"properties":{"lines":"55P, 82A, 82B, 82E, 82K, 82M, 82N","color":"#0059a9","mode":"bus","arr":["55P","82A","82B","82E","82K","82M","82N"],"angle":-70}},{"type":"Feature","geometry":{"type":"Point","coordinates":[22.876161,40.737147]},"properties":{"lines":"55P, 82A, 82E, 82M","color":"#0059a9","mode":"bus","arr":["55P","82A","82E","82M"],"angle":51.8}},{"type":"Feature","geometry":{"type":"Point","coordinates":[22.875166,40.73694]},"properties":{"lines":"55P, 82B, 82K, 82N","color":"#0059a9","mode":"bus","arr":["55P","82B","82K","82N"],"angle":54.3}},{"type":"Feature","geometry":{"type":"Point","coordinates":[22.865902,40.685722]},"properties":{"lines":"55X, 82A, 82B, 82E, 82K, 82M, 82N","color":"#0059a9","mode":"bus","arr":["55X","82A","82B","82E","82K","82M","82N"],"angle":54.5}},{"type":"Feature","geometry":{"type":"Point","coordinates":[22.868504,40.67953]},"properties":{"lines":"55X, 82A, 82B, 82K, 82N","color":"#0059a9","mode":"bus","arr":["55X","82A","82B","82K","82N"],"angle":84.2}},{"type":"Feature","geometry":{"type":"Point","coordinates":[22.868675,40.679414]},"properties":{"lines":"55X, 82A, 82B, 82E, 82M","color":"#0059a9","mode":"bus","arr":["55X","82A","82B","82E","82M"],"angle":70.2}},{"type":"Feature","geometry":{"type":"Point","coordinates":[22.919328,40.661161]},"properties":{"lines":"55Y","color":"#0059a9","mode":"bus","arr":["55Y"],"angle":-1.9}},{"type":"Feature","geometry":{"type":"Point","coordinates":[22.912715,40.660433]},"properties":{"lines":"55Y","color":"#0059a9","mode":"bus","arr":["55Y"],"angle":-6.3}},{"type":"Feature","geometry":{"type":"Point","coordinates":[22.905934,40.658534]},"properties":{"lines":"55Y","color":"#0059a9","mode":"bus","arr":["55Y"],"angle":-48.2,"extra":1}},{"type":"Feature","geometry":{"type":"Point","coordinates":[22.918318,40.660956]},"properties":{"lines":"55Y","color":"#0059a9","mode":"bus","arr":["55Y"],"angle":-7.4,"extra":1}},{"type":"Feature","geometry":{"type":"Point","coordinates":[22.902753,40.656264]},"properties":{"lines":"55Y, 80, 80A","color":"#0059a9","mode":"bus","arr":["55Y","80","80A"],"angle":65.6}},{"type":"Feature","geometry":{"type":"Point","coordinates":[22.940277,40.698228]},"properties":{"lines":"56","color":"#0059a9","mode":"bus","arr":["56"],"angle":80.5}},{"type":"Feature","geometry":{"type":"Point","coordinates":[22.938074,40.704267]},"properties":{"lines":"56","color":"#0059a9","mode":"bus","arr":["56"],"angle":59.2}},{"type":"Feature","geometry":{"type":"Point","coordinates":[22.934613,40.706592]},"properties":{"lines":"56","color":"#0059a9","mode":"bus","arr":["56"],"angle":23.7,"extra":1}},{"type":"Feature","geometry":{"type":"Point","coordinates":[22.94019,40.69818]},"properties":{"lines":"56","color":"#0059a9","mode":"bus","arr":["56"],"angle":79.8,"extra":1}},{"type":"Feature","geometry":{"type":"Point","coordinates":[22.905791,40.72337]},"properties":{"lines":"56","color":"#0059a9","mode":"bus","arr":["56"],"angle":50.1}},{"type":"Feature","geometry":{"type":"Point","coordinates":[22.910859,40.722275]},"properties":{"lines":"56","color":"#0059a9","mode":"bus","arr":["56"],"angle":-66.7}},{"type":"Feature","geometry":{"type":"Point","coordinates":[22.913826,40.725547]},"properties":{"lines":"56","color":"#0059a9","mode":"bus","arr":["56"],"angle":-64.4}},{"type":"Feature","geometry":{"type":"Point","coordinates":[22.916357,40.729493]},"properties":{"lines":"56, 84M","color":"#0059a9","mode":"bus","arr":["56","84M"],"angle":-63.9}},{"type":"Feature","geometry":{"type":"Point","coordinates":[22.923128,40.728053]},"properties":{"lines":"56, 84M","color":"#0059a9","mode":"bus","arr":["56","84M"],"angle":88.7}},{"type":"Feature","geometry":{"type":"Point","coordinates":[22.941728,40.689888]},"properties":{"lines":"56, 84A, 84B","color":"#0059a9","mode":"bus","arr":["56","84A","84B"],"angle":-89.4}},{"type":"Feature","geometry":{"type":"Point","coordinates":[22.939069,40.679959]},"properties":{"lines":"56, 83, 83A, 83B, 83X, 84A, 84B","color":"#0059a9","mode":"bus","arr":["56","83","83A","83B","83X","84A","84B"],"angle":-73.4}},{"type":"Feature","geometry":{"type":"Point","coordinates":[23.063624,40.625008]},"properties":{"lines":"57, 61","color":"#0059a9","mode":"bus","arr":["57","61"],"angle":-47.8}},{"type":"Feature","geometry":{"type":"Point","coordinates":[23.05361,40.627362]},"properties":{"lines":"57","color":"#0059a9","mode":"bus","arr":["57"],"angle":16.7}},{"type":"Feature","geometry":{"type":"Point","coordinates":[23.057622,40.626708]},"properties":{"lines":"57","color":"#0059a9","mode":"bus","arr":["57"],"angle":10.9,"extra":1}},{"type":"Feature","geometry":{"type":"Point","coordinates":[23.045201,40.629591]},"properties":{"lines":"57","color":"#0059a9","mode":"bus","arr":["57"],"angle":19.3,"extra":1}},{"type":"Feature","geometry":{"type":"Point","coordinates":[23.007657,40.646962]},"properties":{"lines":"57","color":"#0059a9","mode":"bus","arr":["57"],"angle":20.4}},{"type":"Feature","geometry":{"type":"Point","coordinates":[23.03893,40.632322]},"properties":{"lines":"57","color":"#0059a9","mode":"bus","arr":["57"],"angle":53.8,"extra":1}},{"type":"Feature","geometry":{"type":"Point","coordinates":[23.031027,40.639424]},"properties":{"lines":"57","color":"#0059a9","mode":"bus","arr":["57"],"angle":52.4,"extra":1}},{"type":"Feature","geometry":{"type":"Point","coordinates":[22.999941,40.650668]},"properties":{"lines":"57","color":"#0059a9","mode":"bus","arr":["57"],"angle":33.8,"extra":1}},{"type":"Feature","geometry":{"type":"Point","coordinates":[23.021332,40.642271]},"properties":{"lines":"57","color":"#0059a9","mode":"bus","arr":["57"],"angle":42.5}},{"type":"Feature","geometry":{"type":"Point","coordinates":[22.98418,40.6578]},"properties":{"lines":"57, 59, 59K","color":"#0059a9","mode":"bus","arr":["57","59","59K"],"angle":36.6}},{"type":"Feature","geometry":{"type":"Point","coordinates":[22.939238,40.651078]},"properties":{"lines":"57, 64, 64A, 64B","color":"#0059a9","mode":"bus","arr":["57","64","64A","64B"],"angle":-36.7}},{"type":"Feature","geometry":{"type":"Point","coordinates":[23.0522,40.608365]},"properties":{"lines":"58","color":"#0059a9","mode":"bus","arr":["58"],"angle":-24.7}},{"type":"Feature","geometry":{"type":"Point","coordinates":[23.064974,40.620041]},"properties":{"lines":"58","color":"#0059a9","mode":"bus","arr":["58"],"angle":-73.1,"extra":1}},{"type":"Feature","geometry":{"type":"Point","coordinates":[23.059161,40.613115]},"properties":{"lines":"58","color":"#0059a9","mode":"bus","arr":["58"],"angle":2.1,"extra":1}},{"type":"Feature","geometry":{"type":"Point","coordinates":[23.048052,40.598386]},"properties":{"lines":"58","color":"#0059a9","mode":"bus","arr":["58"],"angle":-69.9,"extra":1}},{"type":"Feature","geometry":{"type":"Point","coordinates":[23.040915,40.591801]},"properties":{"lines":"58","color":"#0059a9","mode":"bus","arr":["58"],"angle":-31.4,"extra":1}},{"type":"Feature","geometry":{"type":"Point","coordinates":[23.009308,40.593696]},"properties":{"lines":"58","color":"#0059a9","mode":"bus","arr":["58"],"angle":-1.4}},{"type":"Feature","geometry":{"type":"Point","coordinates":[23.013747,40.592411]},"properties":{"lines":"58","color":"#0059a9","mode":"bus","arr":["58"],"angle":32.5,"extra":1}},{"type":"Feature","geometry":{"type":"Point","coordinates":[23.002424,40.596772]},"properties":{"lines":"58","color":"#0059a9","mode":"bus","arr":["58"],"angle":25.9,"extra":1}},{"type":"Feature","geometry":{"type":"Point","coordinates":[22.99425,40.600092]},"properties":{"lines":"58","color":"#0059a9","mode":"bus","arr":["58"],"angle":-54.8}},{"type":"Feature","geometry":{"type":"Point","coordinates":[22.970985,40.60189]},"properties":{"lines":"58","color":"#0059a9","mode":"bus","arr":["58"],"angle":-16.1}},{"type":"Feature","geometry":{"type":"Point","coordinates":[23.027783,40.591699]},"properties":{"lines":"58, 58Μ, 60A, 60B","color":"#0059a9","mode":"bus","arr":["58","58Μ","60A","60B"],"angle":-11}},{"type":"Feature","geometry":{"type":"Point","coordinates":[23.017751,40.553186]},"properties":{"lines":"58Μ","color":"#0059a9","mode":"bus","arr":["58Μ"],"angle":-39.6}},{"type":"Feature","geometry":{"type":"Point","coordinates":[23.023953,40.562734]},"properties":{"lines":"58Μ, 60E","color":"#0059a9","mode":"bus","arr":["58Μ","60E"],"angle":-62.4}},{"type":"Feature","geometry":{"type":"Point","coordinates":[23.024588,40.568723]},"properties":{"lines":"58Μ, 60E","color":"#0059a9","mode":"bus","arr":["58Μ","60E"],"angle":-84.3,"extra":1}},{"type":"Feature","geometry":{"type":"Point","coordinates":[23.021673,40.559449]},"properties":{"lines":"58Μ, 60E","color":"#0059a9","mode":"bus","arr":["58Μ","60E"],"angle":-61.8,"extra":1}},{"type":"Feature","geometry":{"type":"Point","coordinates":[23.035525,40.586369]},"properties":{"lines":"58Μ, 60A, 60B, 60E","color":"#0059a9","mode":"bus","arr":["58Μ","60A","60B","60E"],"angle":84.2}},{"type":"Feature","geometry":{"type":"Point","coordinates":[23.036674,40.590631]},"properties":{"lines":"58Μ, 60A, 60B","color":"#0059a9","mode":"bus","arr":["58Μ","60A","60B"],"angle":77.9}},{"type":"Feature","geometry":{"type":"Point","coordinates":[23.021527,40.586545]},"properties":{"lines":"58Μ, 60A, 60B","color":"#0059a9","mode":"bus","arr":["58Μ","60A","60B"],"angle":60.9}},{"type":"Feature","geometry":{"type":"Point","coordinates":[23.022388,40.578138]},"properties":{"lines":"58Μ, 60A, 60B","color":"#0059a9","mode":"bus","arr":["58Μ","60A","60B"],"angle":9.8}},{"type":"Feature","geometry":{"type":"Point","coordinates":[23.018891,40.590741]},"properties":{"lines":"58Μ, 60B","color":"#0059a9","mode":"bus","arr":["58Μ","60B"],"angle":39.1}},{"type":"Feature","geometry":{"type":"Point","coordinates":[23.018828,40.580556]},"properties":{"lines":"58Μ, 60B","color":"#0059a9","mode":"bus","arr":["58Μ","60B"],"angle":-58.1}},{"type":"Feature","geometry":{"type":"Point","coordinates":[22.992913,40.657138]},"properties":{"lines":"59, 59K","color":"#0059a9","mode":"bus","arr":["59","59K"],"angle":-21}},{"type":"Feature","geometry":{"type":"Point","coordinates":[23.004689,40.659728]},"properties":{"lines":"59, 59K","color":"#0059a9","mode":"bus","arr":["59","59K"],"angle":-37.1}},{"type":"Feature","geometry":{"type":"Point","coordinates":[22.99963,40.655164]},"properties":{"lines":"59, 59K","color":"#0059a9","mode":"bus","arr":["59","59K"],"angle":52.9,"extra":1}},{"type":"Feature","geometry":{"type":"Point","coordinates":[23.004299,40.655895]},"properties":{"lines":"59, 59K","color":"#0059a9","mode":"bus","arr":["59","59K"],"angle":17.6,"extra":1}},{"type":"Feature","geometry":{"type":"Point","coordinates":[22.995916,40.659147]},"properties":{"lines":"59, 59K","color":"#0059a9","mode":"bus","arr":["59","59K"],"angle":28.9,"extra":1}},{"type":"Feature","geometry":{"type":"Point","coordinates":[22.988896,40.662177]},"properties":{"lines":"59, 59K","color":"#0059a9","mode":"bus","arr":["59","59K"],"angle":-9.4}},{"type":"Feature","geometry":{"type":"Point","coordinates":[22.992689,40.659013]},"properties":{"lines":"59","color":"#0059a9","mode":"bus","arr":["59"],"angle":-0.4}},{"type":"Feature","geometry":{"type":"Point","coordinates":[22.979352,40.662211]},"properties":{"lines":"59, 59K, 64, 64A, 64B","color":"#0059a9","mode":"bus","arr":["59","59K","64","64A","64B"],"angle":-28.8}},{"type":"Feature","geometry":{"type":"Point","coordinates":[22.992927,40.65934]},"properties":{"lines":"59K","color":"#0059a9","mode":"bus","arr":["59K"],"angle":61.7}},{"type":"Feature","geometry":{"type":"Point","coordinates":[22.993324,40.662653]},"properties":{"lines":"59K","color":"#0059a9","mode":"bus","arr":["59K"],"angle":44.3}},{"type":"Feature","geometry":{"type":"Point","coordinates":[23.035675,40.589462]},"properties":{"lines":"60A, 60B, 60E","color":"#0059a9","mode":"bus","arr":["60A","60B","60E"],"angle":-29.3}},{"type":"Feature","geometry":{"type":"Point","coordinates":[23.034013,40.582432]},"properties":{"lines":"60A, 60B, 60E","color":"#0059a9","mode":"bus","arr":["60A","60B","60E"],"angle":-87.3}},{"type":"Feature","geometry":{"type":"Point","coordinates":[23.027611,40.58405]},"properties":{"lines":"60A, 60B","color":"#0059a9","mode":"bus","arr":["60A","60B"],"angle":38.5}},{"type":"Feature","geometry":{"type":"Point","coordinates":[23.024367,40.588827]},"properties":{"lines":"60A, 60B","color":"#0059a9","mode":"bus","arr":["60A","60B"],"angle":17.5,"extra":1}},{"type":"Feature","geometry":{"type":"Point","coordinates":[23.02759,40.581114]},"properties":{"lines":"60A, 60B","color":"#0059a9","mode":"bus","arr":["60A","60B"],"angle":-49.1,"extra":1}},{"type":"Feature","geometry":{"type":"Point","coordinates":[23.024045,40.574816]},"properties":{"lines":"60A, 60B","color":"#0059a9","mode":"bus","arr":["60A","60B"],"angle":78.5}},{"type":"Feature","geometry":{"type":"Point","coordinates":[23.014263,40.578599]},"properties":{"lines":"60A, 60B","color":"#0059a9","mode":"bus","arr":["60A","60B"],"angle":41.9}},{"type":"Feature","geometry":{"type":"Point","coordinates":[23.008403,40.576122]},"properties":{"lines":"60A, 60B","color":"#0059a9","mode":"bus","arr":["60A","60B"],"angle":-46.3}},{"type":"Feature","geometry":{"type":"Point","coordinates":[23.010757,40.578342]},"properties":{"lines":"60A, 60B","color":"#0059a9","mode":"bus","arr":["60A","60B"],"angle":79.3}},{"type":"Feature","geometry":{"type":"Point","coordinates":[23.007545,40.580575]},"properties":{"lines":"60A, 60B","color":"#0059a9","mode":"bus","arr":["60A","60B"],"angle":-43}},{"type":"Feature","geometry":{"type":"Point","coordinates":[23.017107,40.583629]},"properties":{"lines":"60A, 60B","color":"#0059a9","mode":"bus","arr":["60A","60B"],"angle":-57.3}},{"type":"Feature","geometry":{"type":"Point","coordinates":[23.024569,40.582189]},"properties":{"lines":"60A, 60B","color":"#0059a9","mode":"bus","arr":["60A","60B"],"angle":-46.3}},{"type":"Feature","geometry":{"type":"Point","coordinates":[23.01981,40.580162]},"properties":{"lines":"60A","color":"#0059a9","mode":"bus","arr":["60A"],"angle":-48.4}},{"type":"Feature","geometry":{"type":"Point","coordinates":[23.01891,40.590806]},"properties":{"lines":"60A","color":"#0059a9","mode":"bus","arr":["60A"],"angle":42.7}},{"type":"Feature","geometry":{"type":"Point","coordinates":[23.019837,40.582977]},"properties":{"lines":"60B","color":"#0059a9","mode":"bus","arr":["60B"],"angle":-21.8}},{"type":"Feature","geometry":{"type":"Point","coordinates":[23.019267,40.551727]},"properties":{"lines":"60E, 66","color":"#0059a9","mode":"bus","arr":["60E","66"],"angle":40.9}},{"type":"Feature","geometry":{"type":"Point","coordinates":[23.019635,40.547392]},"properties":{"lines":"60E, 66, 67, 67A, 67B","color":"#0059a9","mode":"bus","arr":["60E","66","67","67A","67B"],"angle":-33.8}},{"type":"Feature","geometry":{"type":"Point","coordinates":[23.0156,40.541184]},"properties":{"lines":"60E, 67, 67A, 67B","color":"#0059a9","mode":"bus","arr":["60E","67","67A","67B"],"angle":-39.2}},{"type":"Feature","geometry":{"type":"Point","coordinates":[23.009975,40.538943]},"properties":{"lines":"60E, 67, 67A, 67B, 68B, 87E, 87F, 87H, 87L, 87Q","color":"#0059a9","mode":"bus","arr":["60E","67","67A","67B","68B","87E","87F","87H","87L","87Q"],"angle":11.9}},{"type":"Feature","geometry":{"type":"Point","coordinates":[23.005859,40.539352]},"properties":{"lines":"60E, 67, 67B, 68B, 79X, 87E, 87F, 87H, 87L, 87Q","color":"#0059a9","mode":"bus","arr":["60E","67","67B","68B","79X","87E","87F","87H","87L","87Q"],"angle":-23.9}},{"type":"Feature","geometry":{"type":"Point","coordinates":[22.984373,40.546816]},"properties":{"lines":"60E, 67, 67A, 67B, 68A, 68B, 69A, 69B, 69H, 69N, 76, 79B, 79X, 87A, 87E, 87F, 87H, 87L, 87M, 87N, 87Q, 87R, 88, 88A, 88B, 88E, 88K, 88M","color":"#0059a9","mode":"bus","arr":["60E","67","67A","67B","68A","68B","69A","69B","69H","69N","76","79B","79X","87A","87E","87F","87H","87L","87M","87N","87Q","87R","88","88A","88B","88E","88K","88M"],"angle":69}},{"type":"Feature","geometry":{"type":"Point","coordinates":[23.011271,40.538785]},"properties":{"lines":"60E, 67, 67B, 68B, 87B, 87E, 87F, 87H, 87L, 87P","color":"#0059a9","mode":"bus","arr":["60E","67","67B","68B","87B","87E","87F","87H","87L","87P"],"angle":2.4}},{"type":"Feature","geometry":{"type":"Point","coordinates":[23.015984,40.541215]},"properties":{"lines":"60E, 67, 67B","color":"#0059a9","mode":"bus","arr":["60E","67","67B"],"angle":-25.7}},{"type":"Feature","geometry":{"type":"Point","coordinates":[23.019656,40.54664]},"properties":{"lines":"60E, 66, 67, 67B","color":"#0059a9","mode":"bus","arr":["60E","66","67","67B"],"angle":-42.2}},{"type":"Feature","geometry":{"type":"Point","coordinates":[23.018259,40.552985]},"properties":{"lines":"60E","color":"#0059a9","mode":"bus","arr":["60E"],"angle":-81.9}},{"type":"Feature","geometry":{"type":"Point","coordinates":[23.064311,40.625451]},"properties":{"lines":"61","color":"#0059a9","mode":"bus","arr":["61"],"angle":-27.4}},{"type":"Feature","geometry":{"type":"Point","coordinates":[23.08613,40.619026]},"properties":{"lines":"61","color":"#0059a9","mode":"bus","arr":["61"],"angle":25.7}},{"type":"Feature","geometry":{"type":"Point","coordinates":[23.099392,40.612017]},"properties":{"lines":"61","color":"#0059a9","mode":"bus","arr":["61"],"angle":-86.8,"extra":1}},{"type":"Feature","geometry":{"type":"Point","coordinates":[23.090163,40.61771]},"properties":{"lines":"61","color":"#0059a9","mode":"bus","arr":["61"],"angle":20.1,"extra":1}},{"type":"Feature","geometry":{"type":"Point","coordinates":[23.07833,40.621863]},"properties":{"lines":"61","color":"#0059a9","mode":"bus","arr":["61"],"angle":25.6,"extra":1}},{"type":"Feature","geometry":{"type":"Point","coordinates":[23.066248,40.625438]},"properties":{"lines":"61","color":"#0059a9","mode":"bus","arr":["61"],"angle":11,"extra":1}},{"type":"Feature","geometry":{"type":"Point","coordinates":[22.985697,40.666469]},"properties":{"lines":"64, 64A, 64B","color":"#0059a9","mode":"bus","arr":["64","64A","64B"],"angle":-47.1}},{"type":"Feature","geometry":{"type":"Point","coordinates":[23.000826,40.690154]},"properties":{"lines":"64, 64A, 64B","color":"#0059a9","mode":"bus","arr":["64","64A","64B"],"angle":31.4}},{"type":"Feature","geometry":{"type":"Point","coordinates":[23.000538,40.694887]},"properties":{"lines":"64, 64A, 64B","color":"#0059a9","mode":"bus","arr":["64","64A","64B"],"angle":71.5,"extra":1}},{"type":"Feature","geometry":{"type":"Point","coordinates":[22.995997,40.683219]},"properties":{"lines":"64, 64A, 64B","color":"#0059a9","mode":"bus","arr":["64","64A","64B"],"angle":-53.8,"extra":1}},{"type":"Feature","geometry":{"type":"Point","coordinates":[22.990652,40.679576]},"properties":{"lines":"64, 64A, 64B","color":"#0059a9","mode":"bus","arr":["64","64A","64B"],"angle":60.4}},{"type":"Feature","geometry":{"type":"Point","coordinates":[22.988387,40.672758]},"properties":{"lines":"64, 64A, 64B","color":"#0059a9","mode":"bus","arr":["64","64A","64B"],"angle":70,"extra":1}},{"type":"Feature","geometry":{"type":"Point","coordinates":[22.997491,40.679894]},"properties":{"lines":"64A, 64B","color":"#0059a9","mode":"bus","arr":["64A","64B"],"angle":17}},{"type":"Feature","geometry":{"type":"Point","coordinates":[23.003613,40.679142]},"properties":{"lines":"64A","color":"#0059a9","mode":"bus","arr":["64A"],"angle":56.1}},{"type":"Feature","geometry":{"type":"Point","coordinates":[23.004925,40.668295]},"properties":{"lines":"64A","color":"#0059a9","mode":"bus","arr":["64A"],"angle":-71.4}},{"type":"Feature","geometry":{"type":"Point","coordinates":[23.012038,40.667208]},"properties":{"lines":"64A","color":"#0059a9","mode":"bus","arr":["64A"],"angle":9.1}},{"type":"Feature","geometry":{"type":"Point","coordinates":[23.00512,40.672442]},"properties":{"lines":"64A","color":"#0059a9","mode":"bus","arr":["64A"],"angle":-71.6,"extra":1}},{"type":"Feature","geometry":{"type":"Point","coordinates":[23.008293,40.675916]},"properties":{"lines":"64A","color":"#0059a9","mode":"bus","arr":["64A"],"angle":51.9,"extra":1}},{"type":"Feature","geometry":{"type":"Point","coordinates":[23.017667,40.552702]},"properties":{"lines":"66","color":"#0059a9","mode":"bus","arr":["66"],"angle":43.8}},{"type":"Feature","geometry":{"type":"Point","coordinates":[23.036297,40.544768]},"properties":{"lines":"67, 67A, 67B","color":"#0059a9","mode":"bus","arr":["67","67A","67B"],"angle":-8.9}},{"type":"Feature","geometry":{"type":"Point","coordinates":[23.026367,40.547287]},"properties":{"lines":"67, 67A, 67B","color":"#0059a9","mode":"bus","arr":["67","67A","67B"],"angle":36.4,"extra":1}},{"type":"Feature","geometry":{"type":"Point","coordinates":[23.048695,40.54792]},"properties":{"lines":"67, 67A, 67B","color":"#0059a9","mode":"bus","arr":["67","67A","67B"],"angle":83.8,"extra":1}},{"type":"Feature","geometry":{"type":"Point","coordinates":[23.028504,40.545407]},"properties":{"lines":"67, 67B","color":"#0059a9","mode":"bus","arr":["67","67B"],"angle":73.7}},{"type":"Feature","geometry":{"type":"Point","coordinates":[23.008148,40.538076]},"properties":{"lines":"67A, 67B, 68A","color":"#0059a9","mode":"bus","arr":["67A","67B","68A"],"angle":-80.9}},{"type":"Feature","geometry":{"type":"Point","coordinates":[23.008618,40.527776]},"properties":{"lines":"67A, 68A","color":"#0059a9","mode":"bus","arr":["67A","68A"],"angle":-47.5}},{"type":"Feature","geometry":{"type":"Point","coordinates":[23.011539,40.534051]},"properties":{"lines":"67A, 68A","color":"#0059a9","mode":"bus","arr":["67A","68A"],"angle":62.9,"extra":1}},{"type":"Feature","geometry":{"type":"Point","coordinates":[22.995262,40.522036]},"properties":{"lines":"67A, 68A","color":"#0059a9","mode":"bus","arr":["67A","68A"],"angle":-29.8,"extra":1}},{"type":"Feature","geometry":{"type":"Point","coordinates":[22.995097,40.52733]},"properties":{"lines":"67A, 68A, 69A, 69B, 69H, 69N, 70, 70A, 71, 71A, 72, 72A, 76, 87A, 87M, 87N, 87R, 88, 88A, 88B, 88E, 88K, 88M","color":"#0059a9","mode":"bus","arr":["67A","68A","69A","69B","69H","69N","70","70A","71","71A","72","72A","76","87A","87M","87N","87R","88","88A","88B","88E","88K","88M"],"angle":-84.3}},{"type":"Feature","geometry":{"type":"Point","coordinates":[23.00705,40.539193]},"properties":{"lines":"67B","color":"#0059a9","mode":"bus","arr":["67B"],"angle":81.5}},{"type":"Feature","geometry":{"type":"Point","coordinates":[23.039104,40.533086]},"properties":{"lines":"68B, 87B, 87E, 87F, 87H, 87L, 87P","color":"#0059a9","mode":"bus","arr":["68B","87B","87E","87F","87H","87L","87P"],"angle":45.6}},{"type":"Feature","geometry":{"type":"Point","coordinates":[23.063574,40.518416]},"properties":{"lines":"68B, 87B, 87E, 87F, 87H, 87L, 87P, 87Q","color":"#0059a9","mode":"bus","arr":["68B","87B","87E","87F","87H","87L","87P","87Q"],"angle":29.3}},{"type":"Feature","geometry":{"type":"Point","coordinates":[23.023551,40.540929]},"properties":{"lines":"68B, 87B, 87E, 87F, 87H, 87L, 87P, 87Q","color":"#0059a9","mode":"bus","arr":["68B","87B","87E","87F","87H","87L","87P","87Q"],"angle":-0.9,"extra":1}},{"type":"Feature","geometry":{"type":"Point","coordinates":[23.035296,40.53765]},"properties":{"lines":"68B, 87B, 87E, 87F, 87H, 87L, 87P, 87Q","color":"#0059a9","mode":"bus","arr":["68B","87B","87E","87F","87H","87L","87P","87Q"],"angle":60.8,"extra":1}},{"type":"Feature","geometry":{"type":"Point","coordinates":[23.04587,40.527752]},"properties":{"lines":"68B, 87B, 87E, 87F, 87H, 87L, 87P, 87Q","color":"#0059a9","mode":"bus","arr":["68B","87B","87E","87F","87H","87L","87P","87Q"],"angle":46.7,"extra":1}},{"type":"Feature","geometry":{"type":"Point","coordinates":[23.055998,40.521677]},"properties":{"lines":"68B, 87B, 87E, 87F, 87H, 87L, 87P, 87Q","color":"#0059a9","mode":"bus","arr":["68B","87B","87E","87F","87H","87L","87P","87Q"],"angle":28.6,"extra":1}},{"type":"Feature","geometry":{"type":"Point","coordinates":[23.067351,40.516805]},"properties":{"lines":"68B, 87B, 87E, 87F, 87H, 87L, 87P, 87Q","color":"#0059a9","mode":"bus","arr":["68B","87B","87E","87F","87H","87L","87P","87Q"],"angle":29.2,"extra":1}},{"type":"Feature","geometry":{"type":"Point","coordinates":[23.07865,40.511867]},"properties":{"lines":"68B, 87B, 87E, 87F, 87H, 87L, 87P, 87Q","color":"#0059a9","mode":"bus","arr":["68B","87B","87E","87F","87H","87L","87P","87Q"],"angle":33,"extra":1}},{"type":"Feature","geometry":{"type":"Point","coordinates":[23.089683,40.506461]},"properties":{"lines":"68B, 87H, 87L","color":"#0059a9","mode":"bus","arr":["68B","87H","87L"],"angle":-54.2}},{"type":"Feature","geometry":{"type":"Point","coordinates":[23.099021,40.510721]},"properties":{"lines":"68B, 87H, 87L","color":"#0059a9","mode":"bus","arr":["68B","87H","87L"],"angle":-30.1}},{"type":"Feature","geometry":{"type":"Point","coordinates":[23.095,40.508531]},"properties":{"lines":"68B, 87H, 87L","color":"#0059a9","mode":"bus","arr":["68B","87H","87L"],"angle":-29.5,"extra":1}},{"type":"Feature","geometry":{"type":"Point","coordinates":[23.105818,40.514035]},"properties":{"lines":"68B, 87H, 87L","color":"#0059a9","mode":"bus","arr":["68B","87H","87L"],"angle":-30.6,"extra":1}},{"type":"Feature","geometry":{"type":"Point","coordinates":[23.110841,40.514915]},"properties":{"lines":"68B, 87H, 87L","color":"#0059a9","mode":"bus","arr":["68B","87H","87L"],"angle":53.3}},{"type":"Feature","geometry":{"type":"Point","coordinates":[23.039191,40.533136]},"properties":{"lines":"68B, 87E, 87F, 87H, 87L, 87Q","color":"#0059a9","mode":"bus","arr":["68B","87E","87F","87H","87L","87Q"],"angle":46}},{"type":"Feature","geometry":{"type":"Point","coordinates":[22.994403,40.522258]},"properties":{"lines":"69A, 69B, 69H, 69N, 70, 70A, 71, 71A, 72, 72A, 72B, 72E, 76, 87A, 87M, 87N, 87R, 87T, 88, 88A, 88B, 88E, 88H, 88K, 88M, 88N","color":"#0059a9","mode":"bus","arr":["69A","69B","69H","69N","70","70A","71","71A","72","72A","72B","72E","76","87A","87M","87N","87R","87T","88","88A","88B","88E","88H","88K","88M","88N"],"angle":-84.6}},{"type":"Feature","geometry":{"type":"Point","coordinates":[22.995109,40.528415]},"properties":{"lines":"69A, 69B, 69H, 69N, 70, 70A, 71, 71A, 72, 72A, 72B, 72E, 76, 87A, 87M, 87N, 87R, 87T, 88, 88A, 88B, 88E, 88H, 88K, 88M, 88N","color":"#0059a9","mode":"bus","arr":["69A","69B","69H","69N","70","70A","71","71A","72","72A","72B","72E","76","87A","87M","87N","87R","87T","88","88A","88B","88E","88H","88K","88M","88N"],"angle":-87.1,"extra":1}},{"type":"Feature","geometry":{"type":"Point","coordinates":[22.993291,40.518674]},"properties":{"lines":"69A, 69B, 69H, 69N, 70, 70A, 71, 71A, 72, 72A, 72B, 72E, 76, 87A, 87M, 87N, 87R, 87T, 88, 88A, 88B, 88E, 88H, 88K, 88M, 88N","color":"#0059a9","mode":"bus","arr":["69A","69B","69H","69N","70","70A","71","71A","72","72A","72B","72E","76","87A","87M","87N","87R","87T","88","88A","88B","88E","88H","88K","88M","88N"],"angle":-65.7,"extra":1}},{"type":"Feature","geometry":{"type":"Point","coordinates":[22.980386,40.510196]},"properties":{"lines":"69A, 69B, 69H, 69N, 70, 70A, 71, 71A, 72, 72A, 72B, 72E, 76, 88, 88A, 88B, 88E, 88H, 88K, 88M, 88N","color":"#0059a9","mode":"bus","arr":["69A","69B","69H","69N","70","70A","71","71A","72","72A","72B","72E","76","88","88A","88B","88E","88H","88K","88M","88N"],"angle":-44.5}},{"type":"Feature","geometry":{"type":"Point","coordinates":[22.971202,40.503543]},"properties":{"lines":"69A, 69B, 69H, 69N, 70, 70A, 71, 71A, 72, 72A, 72B, 72E, 76, 88, 88B, 88E, 88H, 88K, 88M, 88N","color":"#0059a9","mode":"bus","arr":["69A","69B","69H","69N","70","70A","71","71A","72","72A","72B","72E","76","88","88B","88E","88H","88K","88M","88N"],"angle":-43.6}},{"type":"Feature","geometry":{"type":"Point","coordinates":[22.966628,40.500449]},"properties":{"lines":"69A, 69B, 69H, 69N, 70, 70A, 71, 71A, 72, 72A, 72B, 72E, 76","color":"#0059a9","mode":"bus","arr":["69A","69B","69H","69N","70","70A","71","71A","72","72A","72B","72E","76"],"angle":-31.4}},{"type":"Feature","geometry":{"type":"Point","coordinates":[22.952868,40.466771]},"properties":{"lines":"69A, 69B, 69H, 69N, 70, 70A","color":"#0059a9","mode":"bus","arr":["69A","69B","69H","69N","70","70A"],"angle":35}},{"type":"Feature","geometry":{"type":"Point","coordinates":[22.963897,40.495143]},"properties":{"lines":"69A, 69B, 69H, 69N, 70, 70A","color":"#0059a9","mode":"bus","arr":["69A","69B","69H","69N","70","70A"],"angle":-74,"extra":1}},{"type":"Feature","geometry":{"type":"Point","coordinates":[22.95935,40.486071]},"properties":{"lines":"69A, 69B, 69H, 69N, 70, 70A","color":"#0059a9","mode":"bus","arr":["69A","69B","69H","69N","70","70A"],"angle":89.3,"extra":1}},{"type":"Feature","geometry":{"type":"Point","coordinates":[22.957856,40.476447]},"properties":{"lines":"69A, 69B, 69H, 69N, 70, 70A","color":"#0059a9","mode":"bus","arr":["69A","69B","69H","69N","70","70A"],"angle":-59.5,"extra":1}},{"type":"Feature","geometry":{"type":"Point","coordinates":[22.945414,40.466024]},"properties":{"lines":"69A, 69B, 69H, 69N, 70, 70A","color":"#0059a9","mode":"bus","arr":["69A","69B","69H","69N","70","70A"],"angle":-16.2,"extra":1}},{"type":"Feature","geometry":{"type":"Point","coordinates":[22.941795,40.458448]},"properties":{"lines":"69A, 69B, 69H, 69N, 70, 70A","color":"#0059a9","mode":"bus","arr":["69A","69B","69H","69N","70","70A"],"angle":-81.9,"extra":1}},{"type":"Feature","geometry":{"type":"Point","coordinates":[22.937549,40.449131]},"properties":{"lines":"69A, 69B, 69H, 69N, 70, 70A","color":"#0059a9","mode":"bus","arr":["69A","69B","69H","69N","70","70A"],"angle":-79.5,"extra":1}},{"type":"Feature","geometry":{"type":"Point","coordinates":[22.930518,40.436716]},"properties":{"lines":"69A, 69B, 69H, 69N, 70, 70A","color":"#0059a9","mode":"bus","arr":["69A","69B","69H","69N","70","70A"],"angle":-60.4,"extra":1}},{"type":"Feature","geometry":{"type":"Point","coordinates":[22.928746,40.430282]},"properties":{"lines":"69A, 69B, 69H, 69N, 70, 70A, 77, 77H","color":"#0059a9","mode":"bus","arr":["69A","69B","69H","69N","70","70A","77","77H"],"angle":21.3}},{"type":"Feature","geometry":{"type":"Point","coordinates":[22.929716,40.429034]},"properties":{"lines":"69A, 69B, 69H, 69N, 70, 70A, 77, 77H","color":"#0059a9","mode":"bus","arr":["69A","69B","69H","69N","70","70A","77","77H"],"angle":-69.6}},{"type":"Feature","geometry":{"type":"Point","coordinates":[22.926475,40.428701]},"properties":{"lines":"69A, 69B, 69N, 70, 70A","color":"#0059a9","mode":"bus","arr":["69A","69B","69N","70","70A"],"angle":15.5}},{"type":"Feature","geometry":{"type":"Point","coordinates":[22.923836,40.42335]},"properties":{"lines":"69A, 69B, 69N, 70, 70A, 77, 77H","color":"#0059a9","mode":"bus","arr":["69A","69B","69N","70","70A","77","77H"],"angle":51.3}},{"type":"Feature","geometry":{"type":"Point","coordinates":[22.929305,40.427862]},"properties":{"lines":"69A, 69B, 69N, 70, 70A, 77, 77H","color":"#0059a9","mode":"bus","arr":["69A","69B","69N","70","70A","77","77H"],"angle":-69.1,"extra":1}},{"type":"Feature","geometry":{"type":"Point","coordinates":[22.923532,40.422425]},"properties":{"lines":"69A, 69N, 70, 77, 77H","color":"#0059a9","mode":"bus","arr":["69A","69N","70","77","77H"],"angle":-50.8}},{"type":"Feature","geometry":{"type":"Point","coordinates":[22.909858,40.411485]},"properties":{"lines":"69A, 70, 77","color":"#0059a9","mode":"bus","arr":["69A","70","77"],"angle":-52.6}},{"type":"Feature","geometry":{"type":"Point","coordinates":[22.918901,40.418025]},"properties":{"lines":"69A, 70, 77","color":"#0059a9","mode":"bus","arr":["69A","70","77"],"angle":-36.5,"extra":1}},{"type":"Feature","geometry":{"type":"Point","coordinates":[22.90015,40.404657]},"properties":{"lines":"69A, 70, 77","color":"#0059a9","mode":"bus","arr":["69A","70","77"],"angle":-6.7,"extra":1}},{"type":"Feature","geometry":{"type":"Point","coordinates":[22.895481,40.407458]},"properties":{"lines":"77","color":"#0059a9","mode":"bus","arr":["77"],"angle":38}},{"type":"Feature","geometry":{"type":"Point","coordinates":[22.86945,40.450021]},"properties":{"lines":"77","color":"#0059a9","mode":"bus","arr":["77"],"angle":48.7}},{"type":"Feature","geometry":{"type":"Point","coordinates":[22.86962,40.44441]},"properties":{"lines":"77","color":"#0059a9","mode":"bus","arr":["77"],"angle":-70.4,"extra":1}},{"type":"Feature","geometry":{"type":"Point","coordinates":[22.866822,40.452404]},"properties":{"lines":"77","color":"#0059a9","mode":"bus","arr":["77"],"angle":51.5,"extra":1}},{"type":"Feature","geometry":{"type":"Point","coordinates":[22.86841,40.47586]},"properties":{"lines":"77","color":"#0059a9","mode":"bus","arr":["77"],"angle":-43.7}},{"type":"Feature","geometry":{"type":"Point","coordinates":[22.866547,40.460985]},"properties":{"lines":"77","color":"#0059a9","mode":"bus","arr":["77"],"angle":-37.9}},{"type":"Feature","geometry":{"type":"Point","coordinates":[22.89234,40.42013]},"properties":{"lines":"77","color":"#0059a9","mode":"bus","arr":["77"],"angle":62.7}},{"type":"Feature","geometry":{"type":"Point","coordinates":[22.894569,40.4266]},"properties":{"lines":"77","color":"#0059a9","mode":"bus","arr":["77"],"angle":86.3,"extra":1}},{"type":"Feature","geometry":{"type":"Point","coordinates":[22.896171,40.410258]},"properties":{"lines":"77","color":"#0059a9","mode":"bus","arr":["77"],"angle":55.1,"extra":1}},{"type":"Feature","geometry":{"type":"Point","coordinates":[22.966803,40.500375]},"properties":{"lines":"69A, 69B, 69H, 69N, 70, 70A, 71, 71A, 72, 72A, 76","color":"#0059a9","mode":"bus","arr":["69A","69B","69H","69N","70","70A","71","71A","72","72A","76"],"angle":-32.7}},{"type":"Feature","geometry":{"type":"Point","coordinates":[22.971373,40.503487]},"properties":{"lines":"69A, 69B, 69H, 69N, 70, 70A, 71, 71A, 72, 72A, 76, 88, 88A, 88E, 88K, 88M","color":"#0059a9","mode":"bus","arr":["69A","69B","69H","69N","70","70A","71","71A","72","72A","76","88","88A","88E","88K","88M"],"angle":-43.3}},{"type":"Feature","geometry":{"type":"Point","coordinates":[22.980572,40.510152]},"properties":{"lines":"69A, 69B, 69H, 69N, 70, 70A, 71, 71A, 72, 72A, 76, 88, 88A, 88B, 88E, 88K, 88M","color":"#0059a9","mode":"bus","arr":["69A","69B","69H","69N","70","70A","71","71A","72","72A","76","88","88A","88B","88E","88K","88M"],"angle":-44.5}},{"type":"Feature","geometry":{"type":"Point","coordinates":[22.992106,40.516788]},"properties":{"lines":"69A, 69B, 69H, 69N, 70, 70A, 71, 71A, 72, 72A, 76, 87A, 87M, 87N, 87R, 88, 88A, 88B, 88E, 88K, 88M","color":"#0059a9","mode":"bus","arr":["69A","69B","69H","69N","70","70A","71","71A","72","72A","76","87A","87M","87N","87R","88","88A","88B","88E","88K","88M"],"angle":-59.7}},{"type":"Feature","geometry":{"type":"Point","coordinates":[22.90882,40.432182]},"properties":{"lines":"69B, 70A","color":"#0059a9","mode":"bus","arr":["69B","70A"],"angle":-8.6}},{"type":"Feature","geometry":{"type":"Point","coordinates":[22.917375,40.43155]},"properties":{"lines":"69B, 70A","color":"#0059a9","mode":"bus","arr":["69B","70A"],"angle":10.7,"extra":1}},{"type":"Feature","geometry":{"type":"Point","coordinates":[22.904568,40.43139]},"properties":{"lines":"69B, 70A","color":"#0059a9","mode":"bus","arr":["69B","70A"],"angle":-18.4,"extra":1}},{"type":"Feature","geometry":{"type":"Point","coordinates":[22.876248,40.429794]},"properties":{"lines":"69B, 70A, 77","color":"#0059a9","mode":"bus","arr":["69B","70A","77"],"angle":-14}},{"type":"Feature","geometry":{"type":"Point","coordinates":[22.887607,40.430932]},"properties":{"lines":"69B, 70A, 77","color":"#0059a9","mode":"bus","arr":["69B","70A","77"],"angle":-20.8,"extra":1}},{"type":"Feature","geometry":{"type":"Point","coordinates":[22.869019,40.435404]},"properties":{"lines":"69B, 70A, 77","color":"#0059a9","mode":"bus","arr":["69B","70A","77"],"angle":-65.4,"extra":1}},{"type":"Feature","geometry":{"type":"Point","coordinates":[22.926973,40.4202]},"properties":{"lines":"69N, 77H","color":"#0059a9","mode":"bus","arr":["69N","77H"],"angle":42.3}},{"type":"Feature","geometry":{"type":"Point","coordinates":[22.931454,40.418809]},"properties":{"lines":"69N","color":"#0059a9","mode":"bus","arr":["69N"],"angle":-44.5}},{"type":"Feature","geometry":{"type":"Point","coordinates":[22.979998,40.373677]},"properties":{"lines":"69N","color":"#0059a9","mode":"bus","arr":["69N"],"angle":49.5}},{"type":"Feature","geometry":{"type":"Point","coordinates":[22.958627,40.393983]},"properties":{"lines":"69N","color":"#0059a9","mode":"bus","arr":["69N"],"angle":68.2,"extra":1}},{"type":"Feature","geometry":{"type":"Point","coordinates":[22.96373,40.385025]},"properties":{"lines":"69N","color":"#0059a9","mode":"bus","arr":["69N"],"angle":58.6,"extra":1}},{"type":"Feature","geometry":{"type":"Point","coordinates":[22.972626,40.377865]},"properties":{"lines":"69N","color":"#0059a9","mode":"bus","arr":["69N"],"angle":36.7,"extra":1}},{"type":"Feature","geometry":{"type":"Point","coordinates":[22.990922,40.364156]},"properties":{"lines":"69N","color":"#0059a9","mode":"bus","arr":["69N"],"angle":49.6,"extra":1}},{"type":"Feature","geometry":{"type":"Point","coordinates":[23.000597,40.357609]},"properties":{"lines":"69N","color":"#0059a9","mode":"bus","arr":["69N"],"angle":39.4,"extra":1}},{"type":"Feature","geometry":{"type":"Point","coordinates":[22.947181,40.410712]},"properties":{"lines":"69N, 88E, 88H","color":"#0059a9","mode":"bus","arr":["69N","88E","88H"],"angle":55.8}},{"type":"Feature","geometry":{"type":"Point","coordinates":[22.938622,40.417358]},"properties":{"lines":"69N, 88E, 88H","color":"#0059a9","mode":"bus","arr":["69N","88E","88H"],"angle":47.7,"extra":1}},{"type":"Feature","geometry":{"type":"Point","coordinates":[22.954367,40.401951]},"properties":{"lines":"69N, 88E, 88H","color":"#0059a9","mode":"bus","arr":["69N","88E","88H"],"angle":40.5,"extra":1}},{"type":"Feature","geometry":{"type":"Point","coordinates":[22.953005,40.631042]},"properties":{"lines":"70, 70A, 71, 71A","color":"#0059a9","mode":"bus","arr":["70","70A","71","71A"],"angle":75.2}},{"type":"Feature","geometry":{"type":"Point","coordinates":[22.946421,40.500704]},"properties":{"lines":"71, 71A, 72, 72A, 72B, 72E, 76","color":"#0059a9","mode":"bus","arr":["71","71A","72","72A","72B","72E","76"],"angle":2.9}},{"type":"Feature","geometry":{"type":"Point","coordinates":[22.958783,40.500242]},"properties":{"lines":"71, 71A, 72, 72A, 72B, 72E, 76","color":"#0059a9","mode":"bus","arr":["71","71A","72","72A","72B","72E","76"],"angle":2.7,"extra":1}},{"type":"Feature","geometry":{"type":"Point","coordinates":[22.932897,40.502094]},"properties":{"lines":"71, 71A, 72, 72A, 72B, 72E, 76","color":"#0059a9","mode":"bus","arr":["71","71A","72","72A","72B","72E","76"],"angle":-7.7,"extra":1}},{"type":"Feature","geometry":{"type":"Point","coordinates":[22.887159,40.498828]},"properties":{"lines":"71, 71A, 72, 72A, 72B, 72E, 76","color":"#0059a9","mode":"bus","arr":["71","71A","72","72A","72B","72E","76"],"angle":-16.6}},{"type":"Feature","geometry":{"type":"Point","coordinates":[22.902697,40.499469]},"properties":{"lines":"71, 71A, 72, 72A, 72B, 72E, 76","color":"#0059a9","mode":"bus","arr":["71","71A","72","72A","72B","72E","76"],"angle":-9.1,"extra":1}},{"type":"Feature","geometry":{"type":"Point","coordinates":[22.877473,40.499101]},"properties":{"lines":"71, 71A, 72, 72A, 72B, 72E, 76","color":"#0059a9","mode":"bus","arr":["71","71A","72","72A","72B","72E","76"],"angle":4.1,"extra":1}},{"type":"Feature","geometry":{"type":"Point","coordinates":[22.919117,40.506471]},"properties":{"lines":"71, 71A, 72, 72A, 72B, 72E","color":"#0059a9","mode":"bus","arr":["71","71A","72","72A","72B","72E"],"angle":-18.6}},{"type":"Feature","geometry":{"type":"Point","coordinates":[22.926646,40.50605]},"properties":{"lines":"71, 71A, 72, 72A, 72B, 72E","color":"#0059a9","mode":"bus","arr":["71","71A","72","72A","72B","72E"],"angle":83.2,"extra":1}},{"type":"Feature","geometry":{"type":"Point","coordinates":[22.908471,40.501689]},"properties":{"lines":"71, 71A, 72, 72A, 72B, 72E","color":"#0059a9","mode":"bus","arr":["71","71A","72","72A","72B","72E"],"angle":71.1,"extra":1}},{"type":"Feature","geometry":{"type":"Point","coordinates":[22.869914,40.463799]},"properties":{"lines":"71, 71A, 72, 72A, 72B, 72E","color":"#0059a9","mode":"bus","arr":["71","71A","72","72A","72B","72E"],"angle":1.8}},{"type":"Feature","geometry":{"type":"Point","coordinates":[22.868161,40.483826]},"properties":{"lines":"71, 72, 72E","color":"#0059a9","mode":"bus","arr":["71","72","72E"],"angle":89.9}},{"type":"Feature","geometry":{"type":"Point","coordinates":[22.868032,40.48798]},"properties":{"lines":"71, 72, 72E","color":"#0059a9","mode":"bus","arr":["71","72","72E"],"angle":89.2,"extra":1}},{"type":"Feature","geometry":{"type":"Point","coordinates":[22.87042,40.478677]},"properties":{"lines":"71, 72, 72E","color":"#0059a9","mode":"bus","arr":["71","72","72E"],"angle":-83.2,"extra":1}},{"type":"Feature","geometry":{"type":"Point","coordinates":[22.862337,40.471912]},"properties":{"lines":"71, 72, 72E, 77","color":"#0059a9","mode":"bus","arr":["71","72","72E","77"],"angle":-48.2}},{"type":"Feature","geometry":{"type":"Point","coordinates":[22.856682,40.466374]},"properties":{"lines":"71, 71A, 72, 72A, 72B, 72E, 76A, 77","color":"#0059a9","mode":"bus","arr":["71","71A","72","72A","72B","72E","76A","77"],"angle":61.7}},{"type":"Feature","geometry":{"type":"Point","coordinates":[22.8589,40.465431]},"properties":{"lines":"71, 71A, 72, 72A, 76A, 77","color":"#0059a9","mode":"bus","arr":["71","71A","72","72A","76A","77"],"angle":17.6}},{"type":"Feature","geometry":{"type":"Point","coordinates":[22.861876,40.464737]},"properties":{"lines":"71, 71A, 72, 72A, 77","color":"#0059a9","mode":"bus","arr":["71","71A","72","72A","77"],"angle":17.4}},{"type":"Feature","geometry":{"type":"Point","coordinates":[22.865346,40.463876]},"properties":{"lines":"71, 71A, 72, 72A, 72B, 72E, 77","color":"#0059a9","mode":"bus","arr":["71","71A","72","72A","72B","72E","77"],"angle":21.3}},{"type":"Feature","geometry":{"type":"Point","coordinates":[22.859016,40.469038]},"properties":{"lines":"71, 72, 77","color":"#0059a9","mode":"bus","arr":["71","72","77"],"angle":-47.7}},{"type":"Feature","geometry":{"type":"Point","coordinates":[22.926637,40.501118]},"properties":{"lines":"71, 71A, 72, 72A, 76","color":"#0059a9","mode":"bus","arr":["71","71A","72","72A","76"],"angle":-10.6}},{"type":"Feature","geometry":{"type":"Point","coordinates":[22.950984,40.500399]},"properties":{"lines":"71, 71A, 72, 72A, 76","color":"#0059a9","mode":"bus","arr":["71","71A","72","72A","76"],"angle":3.2}},{"type":"Feature","geometry":{"type":"Point","coordinates":[22.94302,40.500679]},"properties":{"lines":"71, 71A, 72, 72A, 76","color":"#0059a9","mode":"bus","arr":["71","71A","72","72A","76"],"angle":2.7,"extra":1}},{"type":"Feature","geometry":{"type":"Point","coordinates":[22.95605,40.500211]},"properties":{"lines":"71, 71A, 72, 72A, 76","color":"#0059a9","mode":"bus","arr":["71","71A","72","72A","76"],"angle":2.9,"extra":1}},{"type":"Feature","geometry":{"type":"Point","coordinates":[22.919937,40.505066]},"properties":{"lines":"71, 71A, 72, 72A","color":"#0059a9","mode":"bus","arr":["71","71A","72","72A"],"angle":-14.8}},{"type":"Feature","geometry":{"type":"Point","coordinates":[22.914414,40.503778]},"properties":{"lines":"71, 71A, 72, 72A","color":"#0059a9","mode":"bus","arr":["71","71A","72","72A"],"angle":-19.1,"extra":1}},{"type":"Feature","geometry":{"type":"Point","coordinates":[22.925319,40.504686]},"properties":{"lines":"71, 71A, 72, 72A","color":"#0059a9","mode":"bus","arr":["71","71A","72","72A"],"angle":84.7,"extra":1}},{"type":"Feature","geometry":{"type":"Point","coordinates":[22.917056,40.501812]},"properties":{"lines":"76","color":"#0059a9","mode":"bus","arr":["76"],"angle":8.2}},{"type":"Feature","geometry":{"type":"Point","coordinates":[22.852037,40.495088]},"properties":{"lines":"71A, 72A, 72B, 76","color":"#0059a9","mode":"bus","arr":["71A","72A","72B","76"],"angle":36.6}},{"type":"Feature","geometry":{"type":"Point","coordinates":[22.84109,40.496863]},"properties":{"lines":"71A, 72A, 72B, 76","color":"#0059a9","mode":"bus","arr":["71A","72A","72B","76"],"angle":-10.4,"extra":1}},{"type":"Feature","geometry":{"type":"Point","coordinates":[22.864874,40.492569]},"properties":{"lines":"71A, 72A, 72B, 76","color":"#0059a9","mode":"bus","arr":["71A","72A","72B","76"],"angle":-0.5,"extra":1}},{"type":"Feature","geometry":{"type":"Point","coordinates":[22.829841,40.4953]},"properties":{"lines":"71A, 72A, 72B, 76, 76A","color":"#0059a9","mode":"bus","arr":["71A","72A","72B","76","76A"],"angle":-10.5}},{"type":"Feature","geometry":{"type":"Point","coordinates":[22.83053,40.490682]},"properties":{"lines":"71A, 72A, 72B","color":"#0059a9","mode":"bus","arr":["71A","72A","72B"],"angle":37}},{"type":"Feature","geometry":{"type":"Point","coordinates":[22.8477,40.478198]},"properties":{"lines":"71A, 72A, 72B, 76A","color":"#0059a9","mode":"bus","arr":["71A","72A","72B","76A"],"angle":59.5}},{"type":"Feature","geometry":{"type":"Point","coordinates":[22.853011,40.47117]},"properties":{"lines":"71A, 72A, 72B, 76A","color":"#0059a9","mode":"bus","arr":["71A","72A","72B","76A"],"angle":61.6,"extra":1}},{"type":"Feature","geometry":{"type":"Point","coordinates":[22.838461,40.486834]},"properties":{"lines":"71A, 72A, 72B, 76A","color":"#0059a9","mode":"bus","arr":["71A","72A","72B","76A"],"angle":17.7,"extra":1}},{"type":"Feature","geometry":{"type":"Point","coordinates":[22.859638,40.461998]},"properties":{"lines":"72B, 72E","color":"#0059a9","mode":"bus","arr":["72B","72E"],"angle":62.7}},{"type":"Feature","geometry":{"type":"Point","coordinates":[22.860597,40.46206]},"properties":{"lines":"72B, 72E, 77","color":"#0059a9","mode":"bus","arr":["72B","72E","77"],"angle":62.1}},{"type":"Feature","geometry":{"type":"Point","coordinates":[22.821274,40.494849]},"properties":{"lines":"76, 76A","color":"#0059a9","mode":"bus","arr":["76","76A"],"angle":34.4}},{"type":"Feature","geometry":{"type":"Point","coordinates":[22.835722,40.491617]},"properties":{"lines":"76A","color":"#0059a9","mode":"bus","arr":["76A"],"angle":80.3}},{"type":"Feature","geometry":{"type":"Point","coordinates":[22.925195,40.43078]},"properties":{"lines":"77, 77H","color":"#0059a9","mode":"bus","arr":["77","77H"],"angle":2.6}},{"type":"Feature","geometry":{"type":"Point","coordinates":[22.930392,40.397938]},"properties":{"lines":"77H","color":"#0059a9","mode":"bus","arr":["77H"],"angle":85.7}},{"type":"Feature","geometry":{"type":"Point","coordinates":[22.929628,40.412021]},"properties":{"lines":"77H","color":"#0059a9","mode":"bus","arr":["77H"],"angle":63.1,"extra":1}},{"type":"Feature","geometry":{"type":"Point","coordinates":[22.930318,40.402372]},"properties":{"lines":"77H","color":"#0059a9","mode":"bus","arr":["77H"],"angle":-74,"extra":1}},{"type":"Feature","geometry":{"type":"Point","coordinates":[22.930536,40.392521]},"properties":{"lines":"77H","color":"#0059a9","mode":"bus","arr":["77H"],"angle":-82.8,"extra":1}},{"type":"Feature","geometry":{"type":"Point","coordinates":[22.924242,40.385621]},"properties":{"lines":"77H","color":"#0059a9","mode":"bus","arr":["77H"],"angle":-63.3,"extra":1}},{"type":"Feature","geometry":{"type":"Point","coordinates":[23.007316,40.540487]},"properties":{"lines":"79X","color":"#0059a9","mode":"bus","arr":["79X"],"angle":-44.6}},{"type":"Feature","geometry":{"type":"Point","coordinates":[22.758086,40.641337]},"properties":{"lines":"80, 80E","color":"#0059a9","mode":"bus","arr":["80","80E"],"angle":-74}},{"type":"Feature","geometry":{"type":"Point","coordinates":[22.762272,40.652078]},"properties":{"lines":"80, 80E","color":"#0059a9","mode":"bus","arr":["80","80E"],"angle":-73.5,"extra":1}},{"type":"Feature","geometry":{"type":"Point","coordinates":[22.75039,40.635282]},"properties":{"lines":"80, 80E","color":"#0059a9","mode":"bus","arr":["80","80E"],"angle":-40,"extra":1}},{"type":"Feature","geometry":{"type":"Point","coordinates":[22.736435,40.623016]},"properties":{"lines":"80, 80B, 80E","color":"#0059a9","mode":"bus","arr":["80","80B","80E"],"angle":70.4}},{"type":"Feature","geometry":{"type":"Point","coordinates":[22.731783,40.630176]},"properties":{"lines":"80, 80B, 80E","color":"#0059a9","mode":"bus","arr":["80","80B","80E"],"angle":-30.2}},{"type":"Feature","geometry":{"type":"Point","coordinates":[22.739058,40.63039]},"properties":{"lines":"80, 80A, 80B, 80E, 80Z","color":"#0059a9","mode":"bus","arr":["80","80A","80B","80E","80Z"],"angle":-44.2}},{"type":"Feature","geometry":{"type":"Point","coordinates":[22.734786,40.627812]},"properties":{"lines":"80, 80A, 80B, 80E, 80Z","color":"#0059a9","mode":"bus","arr":["80","80A","80B","80E","80Z"],"angle":-26.4}},{"type":"Feature","geometry":{"type":"Point","coordinates":[22.712145,40.618634]},"properties":{"lines":"80, 80A, 80B, 80E, 80Z","color":"#0059a9","mode":"bus","arr":["80","80A","80B","80E","80Z"],"angle":-12.3}},{"type":"Feature","geometry":{"type":"Point","coordinates":[22.723838,40.627016]},"properties":{"lines":"80, 80A, 80B, 80E, 80Z","color":"#0059a9","mode":"bus","arr":["80","80A","80B","80E","80Z"],"angle":-48.2,"extra":1}},{"type":"Feature","geometry":{"type":"Point","coordinates":[22.716506,40.619354]},"properties":{"lines":"80, 80A, 80B, 80E, 80Z","color":"#0059a9","mode":"bus","arr":["80","80A","80B","80E","80Z"],"angle":-12.8,"extra":1}},{"type":"Feature","geometry":{"type":"Point","coordinates":[22.703773,40.617212]},"properties":{"lines":"80, 80A, 80B, 80E, 80Z","color":"#0059a9","mode":"bus","arr":["80","80A","80B","80E","80Z"],"angle":-3.7,"extra":1}},{"type":"Feature","geometry":{"type":"Point","coordinates":[22.692195,40.614587]},"properties":{"lines":"80, 80A, 80B, 80E, 80Z","color":"#0059a9","mode":"bus","arr":["80","80A","80B","80E","80Z"],"angle":-28.6,"extra":1}},{"type":"Feature","geometry":{"type":"Point","coordinates":[22.735762,40.629263]},"properties":{"lines":"80, 80A, 80Z","color":"#0059a9","mode":"bus","arr":["80","80A","80Z"],"angle":-69.1}},{"type":"Feature","geometry":{"type":"Point","coordinates":[22.73265,40.6273]},"properties":{"lines":"80, 80A, 80Z","color":"#0059a9","mode":"bus","arr":["80","80A","80Z"],"angle":-30.7}},{"type":"Feature","geometry":{"type":"Point","coordinates":[22.732083,40.625527]},"properties":{"lines":"80, 80Z","color":"#0059a9","mode":"bus","arr":["80","80Z"],"angle":73.7}},{"type":"Feature","geometry":{"type":"Point","coordinates":[22.730091,40.624271]},"properties":{"lines":"80, 80B, 80E, 80Z","color":"#0059a9","mode":"bus","arr":["80","80B","80E","80Z"],"angle":3.9}},{"type":"Feature","geometry":{"type":"Point","coordinates":[22.688498,40.613613]},"properties":{"lines":"80, 80A, 80Z, 90, 90A","color":"#0059a9","mode":"bus","arr":["80","80A","80Z","90","90A"],"angle":-68}},{"type":"Feature","geometry":{"type":"Point","coordinates":[22.684501,40.607836]},"properties":{"lines":"80, 80A, 80B, 80E, 80Z, 90, 90A","color":"#0059a9","mode":"bus","arr":["80","80A","80B","80E","80Z","90","90A"],"angle":55.4}},{"type":"Feature","geometry":{"type":"Point","coordinates":[22.688305,40.607657]},"properties":{"lines":"80, 80A, 80B, 80E, 80Z, 90, 90A","color":"#0059a9","mode":"bus","arr":["80","80A","80B","80E","80Z","90","90A"],"angle":84.7,"extra":1}},{"type":"Feature","geometry":{"type":"Point","coordinates":[22.680349,40.612403]},"properties":{"lines":"80, 80A, 80B, 80E, 80Z, 90, 90A","color":"#0059a9","mode":"bus","arr":["80","80A","80B","80E","80Z","90","90A"],"angle":55.4,"extra":1}},{"type":"Feature","geometry":{"type":"Point","coordinates":[22.688956,40.612757]},"properties":{"lines":"80, 80B, 80E, 90, 90A","color":"#0059a9","mode":"bus","arr":["80","80B","80E","90","90A"],"angle":-46.7}},{"type":"Feature","geometry":{"type":"Point","coordinates":[22.723948,40.641263]},"properties":{"lines":"80A, 80B, 80Z","color":"#0059a9","mode":"bus","arr":["80A","80B","80Z"],"angle":66.2}},{"type":"Feature","geometry":{"type":"Point","coordinates":[22.721276,40.655029]},"properties":{"lines":"80A, 80B, 80Z","color":"#0059a9","mode":"bus","arr":["80A","80B","80Z"],"angle":-59.8,"extra":1}},{"type":"Feature","geometry":{"type":"Point","coordinates":[22.722058,40.645538]},"properties":{"lines":"80A, 80B, 80Z","color":"#0059a9","mode":"bus","arr":["80A","80B","80Z"],"angle":82.7,"extra":1}},{"type":"Feature","geometry":{"type":"Point","coordinates":[22.725985,40.63627]},"properties":{"lines":"80A, 80B, 80Z","color":"#0059a9","mode":"bus","arr":["80A","80B","80Z"],"angle":71,"extra":1}},{"type":"Feature","geometry":{"type":"Point","coordinates":[22.736027,40.632771]},"properties":{"lines":"80A, 80B, 80Z","color":"#0059a9","mode":"bus","arr":["80A","80B","80Z"],"angle":3.1,"extra":1}},{"type":"Feature","geometry":{"type":"Point","coordinates":[22.729645,40.625982]},"properties":{"lines":"80A","color":"#0059a9","mode":"bus","arr":["80A"],"angle":-43.7}},{"type":"Feature","geometry":{"type":"Point","coordinates":[22.820909,40.701816]},"properties":{"lines":"81A, 81E, 89A, 89B, 89K","color":"#0059a9","mode":"bus","arr":["81A","81E","89A","89B","89K"],"angle":21.8}},{"type":"Feature","geometry":{"type":"Point","coordinates":[22.845466,40.694879]},"properties":{"lines":"81A, 81E, 89A, 89B, 89K","color":"#0059a9","mode":"bus","arr":["81A","81E","89A","89B","89K"],"angle":56.7,"extra":1}},{"type":"Feature","geometry":{"type":"Point","coordinates":[22.835282,40.700184]},"properties":{"lines":"81A, 81E, 89A, 89B, 89K","color":"#0059a9","mode":"bus","arr":["81A","81E","89A","89B","89K"],"angle":-0.3,"extra":1}},{"type":"Feature","geometry":{"type":"Point","coordinates":[22.810335,40.705013]},"properties":{"lines":"81A, 81E, 89A, 89B, 89K","color":"#0059a9","mode":"bus","arr":["81A","81E","89A","89B","89K"],"angle":20.2,"extra":1}},{"type":"Feature","geometry":{"type":"Point","coordinates":[22.797428,40.706081]},"properties":{"lines":"81A, 81E, 89A, 89B, 89K","color":"#0059a9","mode":"bus","arr":["81A","81E","89A","89B","89K"],"angle":-0.5,"extra":1}},{"type":"Feature","geometry":{"type":"Point","coordinates":[22.781133,40.706198]},"properties":{"lines":"81A, 81E, 89B, 89K","color":"#0059a9","mode":"bus","arr":["81A","81E","89B","89K"],"angle":3}},{"type":"Feature","geometry":{"type":"Point","coordinates":[22.774498,40.706511]},"properties":{"lines":"81A, 89B, 89K","color":"#0059a9","mode":"bus","arr":["81A","89B","89K"],"angle":-74.3}},{"type":"Feature","geometry":{"type":"Point","coordinates":[22.728641,40.712907]},"properties":{"lines":"81A, 81B, 89B, 89E, 89K, 89N","color":"#0059a9","mode":"bus","arr":["81A","81B","89B","89E","89K","89N"],"angle":16.1}},{"type":"Feature","geometry":{"type":"Point","coordinates":[22.767824,40.705609]},"properties":{"lines":"81A, 81B, 89B, 89E, 89K, 89N","color":"#0059a9","mode":"bus","arr":["81A","81B","89B","89E","89K","89N"],"angle":-5,"extra":1}},{"type":"Feature","geometry":{"type":"Point","coordinates":[22.754816,40.705586]},"properties":{"lines":"81A, 81B, 89B, 89E, 89K, 89N","color":"#0059a9","mode":"bus","arr":["81A","81B","89B","89E","89K","89N"],"angle":4.1,"extra":1}},{"type":"Feature","geometry":{"type":"Point","coordinates":[22.742506,40.708568]},"properties":{"lines":"81A, 81B, 89B, 89E, 89K, 89N","color":"#0059a9","mode":"bus","arr":["81A","81B","89B","89E","89K","89N"],"angle":27.3,"extra":1}},{"type":"Feature","geometry":{"type":"Point","coordinates":[22.71821,40.715467]},"properties":{"lines":"81A, 81B, 89B, 89E, 89K, 89N","color":"#0059a9","mode":"bus","arr":["81A","81B","89B","89E","89K","89N"],"angle":30.4,"extra":1}},{"type":"Feature","geometry":{"type":"Point","coordinates":[22.711346,40.723707]},"properties":{"lines":"81A, 81B, 89B, 89E, 89K, 89N","color":"#0059a9","mode":"bus","arr":["81A","81B","89B","89E","89K","89N"],"angle":57.5,"extra":1}},{"type":"Feature","geometry":{"type":"Point","coordinates":[22.70347,40.73149]},"properties":{"lines":"81A, 81B, 89B, 89E, 89K, 89N","color":"#0059a9","mode":"bus","arr":["81A","81B","89B","89E","89K","89N"],"angle":33.4,"extra":1}},{"type":"Feature","geometry":{"type":"Point","coordinates":[22.774557,40.706393]},"properties":{"lines":"81B, 89E, 89N","color":"#0059a9","mode":"bus","arr":["81B","89E","89N"],"angle":-73.3}},{"type":"Feature","geometry":{"type":"Point","coordinates":[22.695092,40.724351]},"properties":{"lines":"81A, 81B","color":"#0059a9","mode":"bus","arr":["81A","81B"],"angle":-78.7}},{"type":"Feature","geometry":{"type":"Point","coordinates":[22.694964,40.72201]},"properties":{"lines":"81A","color":"#0059a9","mode":"bus","arr":["81A"],"angle":-88.2}},{"type":"Feature","geometry":{"type":"Point","coordinates":[22.662099,40.729107]},"properties":{"lines":"81A, 81E","color":"#0059a9","mode":"bus","arr":["81A","81E"],"angle":5.5}},{"type":"Feature","geometry":{"type":"Point","coordinates":[22.688449,40.722286]},"properties":{"lines":"81A, 81E","color":"#0059a9","mode":"bus","arr":["81A","81E"],"angle":18.9,"extra":1}},{"type":"Feature","geometry":{"type":"Point","coordinates":[22.676159,40.725601]},"properties":{"lines":"81A, 81E","color":"#0059a9","mode":"bus","arr":["81A","81E"],"angle":20.2,"extra":1}},{"type":"Feature","geometry":{"type":"Point","coordinates":[22.650869,40.72858]},"properties":{"lines":"81A, 81E","color":"#0059a9","mode":"bus","arr":["81A","81E"],"angle":-4.4,"extra":1}},{"type":"Feature","geometry":{"type":"Point","coordinates":[22.638041,40.729496]},"properties":{"lines":"81A, 81E","color":"#0059a9","mode":"bus","arr":["81A","81E"],"angle":16.4,"extra":1}},{"type":"Feature","geometry":{"type":"Point","coordinates":[22.617965,40.732868]},"properties":{"lines":"81A, 81E","color":"#0059a9","mode":"bus","arr":["81A","81E"],"angle":-2.3}},{"type":"Feature","geometry":{"type":"Point","coordinates":[22.621949,40.732935]},"properties":{"lines":"81A, 81E","color":"#0059a9","mode":"bus","arr":["81A","81E"],"angle":4.3,"extra":1}},{"type":"Feature","geometry":{"type":"Point","coordinates":[22.608915,40.732596]},"properties":{"lines":"81A, 81E","color":"#0059a9","mode":"bus","arr":["81A","81E"],"angle":-1.6,"extra":1}},{"type":"Feature","geometry":{"type":"Point","coordinates":[22.606346,40.732495]},"properties":{"lines":"81A, 81E, 90, 90A","color":"#0059a9","mode":"bus","arr":["81A","81E","90","90A"],"angle":-4.1}},{"type":"Feature","geometry":{"type":"Point","coordinates":[22.603928,40.732363]},"properties":{"lines":"81A, 81B, 81E, 81K, 90, 90A","color":"#0059a9","mode":"bus","arr":["81A","81B","81E","81K","90","90A"],"angle":-2.4}},{"type":"Feature","geometry":{"type":"Point","coordinates":[22.597429,40.73388]},"properties":{"lines":"81A, 81B, 81E, 81K, 90","color":"#0059a9","mode":"bus","arr":["81A","81B","81E","81K","90"],"angle":21}},{"type":"Feature","geometry":{"type":"Point","coordinates":[22.582959,40.756012]},"properties":{"lines":"81A, 81B, 81E, 81K, 90","color":"#0059a9","mode":"bus","arr":["81A","81B","81E","81K","90"],"angle":76.8}},{"type":"Feature","geometry":{"type":"Point","coordinates":[22.588822,40.739368]},"properties":{"lines":"81A, 81B, 81E, 81K, 90","color":"#0059a9","mode":"bus","arr":["81A","81B","81E","81K","90"],"angle":70.6,"extra":1}},{"type":"Feature","geometry":{"type":"Point","coordinates":[22.584928,40.748518]},"properties":{"lines":"81A, 81B, 81E, 81K, 90","color":"#0059a9","mode":"bus","arr":["81A","81B","81E","81K","90"],"angle":79.1,"extra":1}},{"type":"Feature","geometry":{"type":"Point","coordinates":[22.577504,40.767025]},"properties":{"lines":"81A, 81B, 81E, 81K, 90","color":"#0059a9","mode":"bus","arr":["81A","81B","81E","81K","90"],"angle":77.2,"extra":1}},{"type":"Feature","geometry":{"type":"Point","coordinates":[22.577313,40.776621]},"properties":{"lines":"81A, 81B, 81E, 81K, 90","color":"#0059a9","mode":"bus","arr":["81A","81B","81E","81K","90"],"angle":85.2,"extra":1}},{"type":"Feature","geometry":{"type":"Point","coordinates":[22.591396,40.734386]},"properties":{"lines":"81A, 81E, 90","color":"#0059a9","mode":"bus","arr":["81A","81E","90"],"angle":34.7}},{"type":"Feature","geometry":{"type":"Point","coordinates":[22.576868,40.78114]},"properties":{"lines":"81A, 81B, 81E, 81K, 90, 90E","color":"#0059a9","mode":"bus","arr":["81A","81B","81E","81K","90","90E"],"angle":85.2}},{"type":"Feature","geometry":{"type":"Point","coordinates":[22.576423,40.785561]},"properties":{"lines":"81A, 81B, 81E, 81K, 90, 90E, 92, 92A, 92P","color":"#0059a9","mode":"bus","arr":["81A","81B","81E","81K","90","90E","92","92A","92P"],"angle":86.1}},{"type":"Feature","geometry":{"type":"Point","coordinates":[22.576724,40.786679]},"properties":{"lines":"81A, 81E, 90, 90E, 92, 92A, 92E, 92P","color":"#0059a9","mode":"bus","arr":["81A","81E","90","90E","92","92A","92E","92P"],"angle":-39}},{"type":"Feature","geometry":{"type":"Point","coordinates":[22.577126,40.78595]},"properties":{"lines":"81B, 81K, 90, 90E, 92, 92A, 92E, 92P","color":"#0059a9","mode":"bus","arr":["81B","81K","90","90E","92","92A","92E","92P"],"angle":-27.2}},{"type":"Feature","geometry":{"type":"Point","coordinates":[22.591289,40.734229]},"properties":{"lines":"81B, 81K, 90","color":"#0059a9","mode":"bus","arr":["81B","81K","90"],"angle":36.6}},{"type":"Feature","geometry":{"type":"Point","coordinates":[22.6506,40.728467]},"properties":{"lines":"81B, 81K","color":"#0059a9","mode":"bus","arr":["81B","81K"],"angle":-4.5}},{"type":"Feature","geometry":{"type":"Point","coordinates":[22.611745,40.732599]},"properties":{"lines":"81B, 81K","color":"#0059a9","mode":"bus","arr":["81B","81K"],"angle":-2.5,"extra":1}},{"type":"Feature","geometry":{"type":"Point","coordinates":[22.624709,40.732402]},"properties":{"lines":"81B, 81K","color":"#0059a9","mode":"bus","arr":["81B","81K"],"angle":16.9,"extra":1}},{"type":"Feature","geometry":{"type":"Point","coordinates":[22.637206,40.729566]},"properties":{"lines":"81B, 81K","color":"#0059a9","mode":"bus","arr":["81B","81K"],"angle":16.1,"extra":1}},{"type":"Feature","geometry":{"type":"Point","coordinates":[22.663003,40.728897]},"properties":{"lines":"81B, 81K","color":"#0059a9","mode":"bus","arr":["81B","81K"],"angle":10.3,"extra":1}},{"type":"Feature","geometry":{"type":"Point","coordinates":[22.675352,40.725731]},"properties":{"lines":"81B, 81K","color":"#0059a9","mode":"bus","arr":["81B","81K"],"angle":19.6,"extra":1}},{"type":"Feature","geometry":{"type":"Point","coordinates":[22.687636,40.722403]},"properties":{"lines":"81B, 81K","color":"#0059a9","mode":"bus","arr":["81B","81K"],"angle":19.5,"extra":1}},{"type":"Feature","geometry":{"type":"Point","coordinates":[22.695079,40.722006]},"properties":{"lines":"81B","color":"#0059a9","mode":"bus","arr":["81B"],"angle":75.4}},{"type":"Feature","geometry":{"type":"Point","coordinates":[22.781127,40.706097]},"properties":{"lines":"81B, 81K, 89E, 89N","color":"#0059a9","mode":"bus","arr":["81B","81K","89E","89N"],"angle":2.3}},{"type":"Feature","geometry":{"type":"Point","coordinates":[22.820856,40.701699]},"properties":{"lines":"81B, 81K, 89A, 89E, 89N","color":"#0059a9","mode":"bus","arr":["81B","81K","89A","89E","89N"],"angle":22.6}},{"type":"Feature","geometry":{"type":"Point","coordinates":[22.794111,40.705836]},"properties":{"lines":"81B, 81K, 89A, 89E, 89N","color":"#0059a9","mode":"bus","arr":["81B","81K","89A","89E","89N"],"angle":-4.6,"extra":1}},{"type":"Feature","geometry":{"type":"Point","coordinates":[22.807127,40.705574]},"properties":{"lines":"81B, 81K, 89A, 89E, 89N","color":"#0059a9","mode":"bus","arr":["81B","81K","89A","89E","89N"],"angle":9,"extra":1}},{"type":"Feature","geometry":{"type":"Point","coordinates":[22.831949,40.700005]},"properties":{"lines":"81B, 81K, 89A, 89E, 89N","color":"#0059a9","mode":"bus","arr":["81B","81K","89A","89E","89N"],"angle":-1.1,"extra":1}},{"type":"Feature","geometry":{"type":"Point","coordinates":[22.843512,40.696792]},"properties":{"lines":"81B, 81K, 89A, 89E, 89N","color":"#0059a9","mode":"bus","arr":["81B","81K","89A","89E","89N"],"angle":55,"extra":1}},{"type":"Feature","geometry":{"type":"Point","coordinates":[22.735649,40.718575]},"properties":{"lines":"81E","color":"#0059a9","mode":"bus","arr":["81E"],"angle":24}},{"type":"Feature","geometry":{"type":"Point","coordinates":[22.768534,40.708446]},"properties":{"lines":"81E","color":"#0059a9","mode":"bus","arr":["81E"],"angle":18.1,"extra":1}},{"type":"Feature","geometry":{"type":"Point","coordinates":[22.756204,40.711661]},"properties":{"lines":"81E","color":"#0059a9","mode":"bus","arr":["81E"],"angle":23.1,"extra":1}},{"type":"Feature","geometry":{"type":"Point","coordinates":[22.744276,40.715664]},"properties":{"lines":"81E","color":"#0059a9","mode":"bus","arr":["81E"],"angle":23.5,"extra":1}},{"type":"Feature","geometry":{"type":"Point","coordinates":[22.71986,40.722381]},"properties":{"lines":"81E","color":"#0059a9","mode":"bus","arr":["81E"],"angle":9.1,"extra":1}},{"type":"Feature","geometry":{"type":"Point","coordinates":[22.70694,40.723601]},"properties":{"lines":"81E","color":"#0059a9","mode":"bus","arr":["81E"],"angle":-3.4,"extra":1}},{"type":"Feature","geometry":{"type":"Point","coordinates":[22.628489,40.739168]},"properties":{"lines":"81E","color":"#0059a9","mode":"bus","arr":["81E"],"angle":-89.9}},{"type":"Feature","geometry":{"type":"Point","coordinates":[22.627844,40.735894]},"properties":{"lines":"81E","color":"#0059a9","mode":"bus","arr":["81E"],"angle":81.9,"extra":1}},{"type":"Feature","geometry":{"type":"Point","coordinates":[22.628497,40.745629]},"properties":{"lines":"81E","color":"#0059a9","mode":"bus","arr":["81E"],"angle":80,"extra":1}},{"type":"Feature","geometry":{"type":"Point","coordinates":[22.626069,40.747892]},"properties":{"lines":"81E","color":"#0059a9","mode":"bus","arr":["81E"],"angle":-55}},{"type":"Feature","geometry":{"type":"Point","coordinates":[22.636429,40.723932]},"properties":{"lines":"81K","color":"#0059a9","mode":"bus","arr":["81K"],"angle":87.6}},{"type":"Feature","geometry":{"type":"Point","coordinates":[22.735794,40.718376]},"properties":{"lines":"81K","color":"#0059a9","mode":"bus","arr":["81K"],"angle":23.7}},{"type":"Feature","geometry":{"type":"Point","coordinates":[22.701543,40.722714]},"properties":{"lines":"81K","color":"#0059a9","mode":"bus","arr":["81K"],"angle":-12.8,"extra":1}},{"type":"Feature","geometry":{"type":"Point","coordinates":[22.714437,40.72292]},"properties":{"lines":"81K","color":"#0059a9","mode":"bus","arr":["81K"],"angle":9.4,"extra":1}},{"type":"Feature","geometry":{"type":"Point","coordinates":[22.727241,40.721072]},"properties":{"lines":"81K","color":"#0059a9","mode":"bus","arr":["81K"],"angle":17.1,"extra":1}},{"type":"Feature","geometry":{"type":"Point","coordinates":[22.751183,40.713223]},"properties":{"lines":"81K","color":"#0059a9","mode":"bus","arr":["81K"],"angle":24,"extra":1}},{"type":"Feature","geometry":{"type":"Point","coordinates":[22.763306,40.709603]},"properties":{"lines":"81K","color":"#0059a9","mode":"bus","arr":["81K"],"angle":17.2,"extra":1}},{"type":"Feature","geometry":{"type":"Point","coordinates":[22.866245,40.714537]},"properties":{"lines":"82A, 82B, 82E, 82K, 82M, 82N","color":"#0059a9","mode":"bus","arr":["82A","82B","82E","82K","82M","82N"],"angle":-72.2}},{"type":"Feature","geometry":{"type":"Point","coordinates":[22.853585,40.703332]},"properties":{"lines":"82A, 82B, 82E, 82K, 82M, 82N","color":"#0059a9","mode":"bus","arr":["82A","82B","82E","82K","82M","82N"],"angle":-27,"extra":1}},{"type":"Feature","geometry":{"type":"Point","coordinates":[22.863352,40.709556]},"properties":{"lines":"82A, 82B, 82E, 82K, 82M, 82N","color":"#0059a9","mode":"bus","arr":["82A","82B","82E","82K","82M","82N"],"angle":-56.8,"extra":1}},{"type":"Feature","geometry":{"type":"Point","coordinates":[22.867765,40.718768]},"properties":{"lines":"82A, 82B, 82E, 82K, 82M, 82N","color":"#0059a9","mode":"bus","arr":["82A","82B","82E","82K","82M","82N"],"angle":-77.2,"extra":1}},{"type":"Feature","geometry":{"type":"Point","coordinates":[22.872363,40.727977]},"properties":{"lines":"82A, 82B, 82E, 82K, 82M, 82N","color":"#0059a9","mode":"bus","arr":["82A","82B","82E","82K","82M","82N"],"angle":-65.6,"extra":1}},{"type":"Feature","geometry":{"type":"Point","coordinates":[22.863161,40.743015]},"properties":{"lines":"82A, 82B, 82E, 82K, 82M, 82N","color":"#0059a9","mode":"bus","arr":["82A","82B","82E","82K","82M","82N"],"angle":10.3}},{"type":"Feature","geometry":{"type":"Point","coordinates":[22.870869,40.740921]},"properties":{"lines":"82A, 82B, 82E, 82K, 82M, 82N","color":"#0059a9","mode":"bus","arr":["82A","82B","82E","82K","82M","82N"],"angle":24.4,"extra":1}},{"type":"Feature","geometry":{"type":"Point","coordinates":[22.858534,40.743534]},"properties":{"lines":"82A, 82B, 82E, 82K, 82M, 82N","color":"#0059a9","mode":"bus","arr":["82A","82B","82E","82K","82M","82N"],"angle":0.9,"extra":1}},{"type":"Feature","geometry":{"type":"Point","coordinates":[22.844618,40.733192]},"properties":{"lines":"82A, 82B, 82M, 82N","color":"#0059a9","mode":"bus","arr":["82A","82B","82M","82N"],"angle":-58.7}},{"type":"Feature","geometry":{"type":"Point","coordinates":[22.848467,40.737692]},"properties":{"lines":"82A, 82B, 82M, 82N","color":"#0059a9","mode":"bus","arr":["82A","82B","82M","82N"],"angle":-45.7,"extra":1}},{"type":"Feature","geometry":{"type":"Point","coordinates":[22.841791,40.729273]},"properties":{"lines":"82A, 82B, 82M, 82N","color":"#0059a9","mode":"bus","arr":["82A","82B","82M","82N"],"angle":-72.3,"extra":1}},{"type":"Feature","geometry":{"type":"Point","coordinates":[22.847346,40.709217]},"properties":{"lines":"82A, 82B","color":"#0059a9","mode":"bus","arr":["82A","82B"],"angle":59.8}},{"type":"Feature","geometry":{"type":"Point","coordinates":[22.852347,40.703018]},"properties":{"lines":"82A, 82B","color":"#0059a9","mode":"bus","arr":["82A","82B"],"angle":58.4,"extra":1}},{"type":"Feature","geometry":{"type":"Point","coordinates":[22.843444,40.716409]},"properties":{"lines":"82B","color":"#0059a9","mode":"bus","arr":["82B"],"angle":69.2}},{"type":"Feature","geometry":{"type":"Point","coordinates":[22.843029,40.73989]},"properties":{"lines":"82E, 82K","color":"#0059a9","mode":"bus","arr":["82E","82K"],"angle":-21.9}},{"type":"Feature","geometry":{"type":"Point","coordinates":[22.835947,40.730254]},"properties":{"lines":"82M, 82N","color":"#0059a9","mode":"bus","arr":["82M","82N"],"angle":75.8}},{"type":"Feature","geometry":{"type":"Point","coordinates":[22.834724,40.737169]},"properties":{"lines":"82M, 82N","color":"#0059a9","mode":"bus","arr":["82M","82N"],"angle":78.3,"extra":1}},{"type":"Feature","geometry":{"type":"Point","coordinates":[22.828845,40.767796]},"properties":{"lines":"82E, 82K, 82M, 82N","color":"#0059a9","mode":"bus","arr":["82E","82K","82M","82N"],"angle":-77.9}},{"type":"Feature","geometry":{"type":"Point","coordinates":[22.834494,40.742762]},"properties":{"lines":"82E, 82K, 82M, 82N","color":"#0059a9","mode":"bus","arr":["82E","82K","82M","82N"],"angle":75.1,"extra":1}},{"type":"Feature","geometry":{"type":"Point","coordinates":[22.832438,40.752254]},"properties":{"lines":"82E, 82K, 82M, 82N","color":"#0059a9","mode":"bus","arr":["82E","82K","82M","82N"],"angle":86.5,"extra":1}},{"type":"Feature","geometry":{"type":"Point","coordinates":[22.829893,40.761181]},"properties":{"lines":"82E, 82K, 82M, 82N","color":"#0059a9","mode":"bus","arr":["82E","82K","82M","82N"],"angle":89.9,"extra":1}},{"type":"Feature","geometry":{"type":"Point","coordinates":[22.828877,40.770705]},"properties":{"lines":"82E, 82K, 82M, 82N","color":"#0059a9","mode":"bus","arr":["82E","82K","82M","82N"],"angle":64.5,"extra":1}},{"type":"Feature","geometry":{"type":"Point","coordinates":[22.829475,40.779706]},"properties":{"lines":"82E, 82K, 82M, 82N","color":"#0059a9","mode":"bus","arr":["82E","82K","82M","82N"],"angle":-34.4,"extra":1}},{"type":"Feature","geometry":{"type":"Point","coordinates":[22.841249,40.782955]},"properties":{"lines":"82E, 82K, 82M, 82N","color":"#0059a9","mode":"bus","arr":["82E","82K","82M","82N"],"angle":-10.8,"extra":1}},{"type":"Feature","geometry":{"type":"Point","coordinates":[22.859336,40.806178]},"properties":{"lines":"82E, 82K, 82M, 82N","color":"#0059a9","mode":"bus","arr":["82E","82K","82M","82N"],"angle":-47.6}},{"type":"Feature","geometry":{"type":"Point","coordinates":[22.840263,40.799454]},"properties":{"lines":"82E, 82K, 82M, 82N","color":"#0059a9","mode":"bus","arr":["82E","82K","82M","82N"],"angle":-7.3,"extra":1}},{"type":"Feature","geometry":{"type":"Point","coordinates":[22.844512,40.792701]},"properties":{"lines":"82E, 82K, 82M, 82N","color":"#0059a9","mode":"bus","arr":["82E","82K","82M","82N"],"angle":-70.4,"extra":1}},{"type":"Feature","geometry":{"type":"Point","coordinates":[22.851189,40.792039]},"properties":{"lines":"82E, 82K, 82M, 82N","color":"#0059a9","mode":"bus","arr":["82E","82K","82M","82N"],"angle":-53.2,"extra":1}},{"type":"Feature","geometry":{"type":"Point","coordinates":[22.862653,40.793903]},"properties":{"lines":"82E, 82K, 82M, 82N","color":"#0059a9","mode":"bus","arr":["82E","82K","82M","82N"],"angle":7.3,"extra":1}},{"type":"Feature","geometry":{"type":"Point","coordinates":[22.857516,40.796807]},"properties":{"lines":"82E, 82K, 82M, 82N","color":"#0059a9","mode":"bus","arr":["82E","82K","82M","82N"],"angle":-21.6,"extra":1}},{"type":"Feature","geometry":{"type":"Point","coordinates":[22.862702,40.812816]},"properties":{"lines":"82E, 82K, 82M, 82N","color":"#0059a9","mode":"bus","arr":["82E","82K","82M","82N"],"angle":-38.9,"extra":1}},{"type":"Feature","geometry":{"type":"Point","coordinates":[22.87304,40.815079]},"properties":{"lines":"82E, 82K, 82M, 82N","color":"#0059a9","mode":"bus","arr":["82E","82K","82M","82N"],"angle":-75.3,"extra":1}},{"type":"Feature","geometry":{"type":"Point","coordinates":[22.883203,40.820413]},"properties":{"lines":"82E, 82K, 82M, 82N","color":"#0059a9","mode":"bus","arr":["82E","82K","82M","82N"],"angle":-6.2,"extra":1}},{"type":"Feature","geometry":{"type":"Point","coordinates":[22.894815,40.816727]},"properties":{"lines":"82E, 82K, 82M, 82N","color":"#0059a9","mode":"bus","arr":["82E","82K","82M","82N"],"angle":44.1,"extra":1}},{"type":"Feature","geometry":{"type":"Point","coordinates":[22.903986,40.809747]},"properties":{"lines":"82E, 82K, 82M, 82N","color":"#0059a9","mode":"bus","arr":["82E","82K","82M","82N"],"angle":49.5,"extra":1}},{"type":"Feature","geometry":{"type":"Point","coordinates":[23.064515,40.744489]},"properties":{"lines":"83, 83B, 83M, 85H, 85X, 91A, 91E, 91H, 91K, 91N, 91T, 91X","color":"#0059a9","mode":"bus","arr":["83","83B","83M","85H","85X","91A","91E","91H","91K","91N","91T","91X"],"angle":76.7}},{"type":"Feature","geometry":{"type":"Point","coordinates":[23.064639,40.746056]},"properties":{"lines":"83, 83B, 85H, 85X, 91E, 91H, 91K, 91T","color":"#0059a9","mode":"bus","arr":["83","83B","85H","85X","91E","91H","91K","91T"],"angle":-25.1}},{"type":"Feature","geometry":{"type":"Point","coordinates":[23.068556,40.745651]},"properties":{"lines":"83, 83B, 83M, 85H, 85X, 91E, 91H, 91K, 91T","color":"#0059a9","mode":"bus","arr":["83","83B","83M","85H","85X","91E","91H","91K","91T"],"angle":9.6}},{"type":"Feature","geometry":{"type":"Point","coordinates":[23.069015,40.748677]},"properties":{"lines":"83, 83A, 83B, 83N, 83X, 85H, 91A, 91E, 91H, 91K, 91N, 91T, 91X","color":"#0059a9","mode":"bus","arr":["83","83A","83B","83N","83X","85H","91A","91E","91H","91K","91N","91T","91X"],"angle":43.5}},{"type":"Feature","geometry":{"type":"Point","coordinates":[23.065102,40.750056]},"properties":{"lines":"83, 83A, 83B, 83M, 83N, 83X, 91A, 91H, 91K, 91N, 91T, 91X, 91Y","color":"#0059a9","mode":"bus","arr":["83","83A","83B","83M","83N","83X","91A","91H","91K","91N","91T","91X","91Y"],"angle":-2.5}},{"type":"Feature","geometry":{"type":"Point","coordinates":[23.062593,40.748463]},"properties":{"lines":"83, 83A, 83B, 83N, 83X, 91A, 91K, 91N, 91T, 91X","color":"#0059a9","mode":"bus","arr":["83","83A","83B","83N","83X","91A","91K","91N","91T","91X"],"angle":-65}},{"type":"Feature","geometry":{"type":"Point","coordinates":[23.043839,40.739018]},"properties":{"lines":"83, 83A, 83B, 83N, 83X, 91K, 91T","color":"#0059a9","mode":"bus","arr":["83","83A","83B","83N","83X","91K","91T"],"angle":-19.9}},{"type":"Feature","geometry":{"type":"Point","coordinates":[23.053728,40.742796]},"properties":{"lines":"83, 83A, 83B, 83M, 83N, 83X, 91K, 91T","color":"#0059a9","mode":"bus","arr":["83","83A","83B","83M","83N","83X","91K","91T"],"angle":-23.2}},{"type":"Feature","geometry":{"type":"Point","coordinates":[23.045285,40.739365]},"properties":{"lines":"83, 83A, 83B, 83M, 83N, 83X, 91K, 91T","color":"#0059a9","mode":"bus","arr":["83","83A","83B","83M","83N","83X","91K","91T"],"angle":-16.8,"extra":1}},{"type":"Feature","geometry":{"type":"Point","coordinates":[23.0414,40.738298]},"properties":{"lines":"83, 83A, 83B, 83N, 83X, 91H, 91K, 91T","color":"#0059a9","mode":"bus","arr":["83","83A","83B","83N","83X","91H","91K","91T"],"angle":-25.2}},{"type":"Feature","geometry":{"type":"Point","coordinates":[23.019996,40.731395]},"properties":{"lines":"83, 83A, 83B, 83N, 83X, 91H","color":"#0059a9","mode":"bus","arr":["83","83A","83B","83N","83X","91H"],"angle":-24.7}},{"type":"Feature","geometry":{"type":"Point","coordinates":[23.02977,40.734261]},"properties":{"lines":"83, 83A, 83B, 83M, 83N, 83X, 91H","color":"#0059a9","mode":"bus","arr":["83","83A","83B","83M","83N","83X","91H"],"angle":-20.8}},{"type":"Feature","geometry":{"type":"Point","coordinates":[23.008313,40.738381]},"properties":{"lines":"83, 83A, 83X","color":"#0059a9","mode":"bus","arr":["83","83A","83X"],"angle":-18.6}},{"type":"Feature","geometry":{"type":"Point","coordinates":[23.013195,40.731694]},"properties":{"lines":"83, 83A, 83X","color":"#0059a9","mode":"bus","arr":["83","83A","83X"],"angle":75.5,"extra":1}},{"type":"Feature","geometry":{"type":"Point","coordinates":[23.012161,40.740072]},"properties":{"lines":"83, 83A, 83X","color":"#0059a9","mode":"bus","arr":["83","83A","83X"],"angle":56,"extra":1}},{"type":"Feature","geometry":{"type":"Point","coordinates":[23.001356,40.735521]},"properties":{"lines":"83, 83A, 83X","color":"#0059a9","mode":"bus","arr":["83","83A","83X"],"angle":-36.8,"extra":1}},{"type":"Feature","geometry":{"type":"Point","coordinates":[22.991092,40.729438]},"properties":{"lines":"83, 83A, 83X","color":"#0059a9","mode":"bus","arr":["83","83A","83X"],"angle":-29.7,"extra":1}},{"type":"Feature","geometry":{"type":"Point","coordinates":[22.964629,40.716719]},"properties":{"lines":"83, 83A, 83X","color":"#0059a9","mode":"bus","arr":["83","83A","83X"],"angle":-36.2}},{"type":"Feature","geometry":{"type":"Point","coordinates":[22.969155,40.718938]},"properties":{"lines":"83, 83A, 83X","color":"#0059a9","mode":"bus","arr":["83","83A","83X"],"angle":-32.8,"extra":1}},{"type":"Feature","geometry":{"type":"Point","coordinates":[22.959055,40.712778]},"properties":{"lines":"83, 83A, 83X","color":"#0059a9","mode":"bus","arr":["83","83A","83X"],"angle":-54.3,"extra":1}},{"type":"Feature","geometry":{"type":"Point","coordinates":[22.980695,40.725568]},"properties":{"lines":"83, 83A, 83B, 83X, 84A, 84B, 85, 85B, 85K, 85M, 85N, 85T, 85Z, 86, 86T","color":"#0059a9","mode":"bus","arr":["83","83A","83B","83X","84A","84B","85","85B","85K","85M","85N","85T","85Z","86","86T"],"angle":-44.4}},{"type":"Feature","geometry":{"type":"Point","coordinates":[22.948628,40.69762]},"properties":{"lines":"83, 83A, 83B, 83X","color":"#0059a9","mode":"bus","arr":["83","83A","83B","83X"],"angle":-69.6}},{"type":"Feature","geometry":{"type":"Point","coordinates":[22.952834,40.706104]},"properties":{"lines":"83, 83A, 83B, 83X","color":"#0059a9","mode":"bus","arr":["83","83A","83B","83X"],"angle":-60.7,"extra":1}},{"type":"Feature","geometry":{"type":"Point","coordinates":[22.94276,40.687912]},"properties":{"lines":"83, 83A, 83B, 83X","color":"#0059a9","mode":"bus","arr":["83","83A","83B","83X"],"angle":-70.1,"extra":1}},{"type":"Feature","geometry":{"type":"Point","coordinates":[22.948533,40.697096]},"properties":{"lines":"83, 83B, 83M","color":"#0059a9","mode":"bus","arr":["83","83B","83M"],"angle":-68.8}},{"type":"Feature","geometry":{"type":"Point","coordinates":[22.943405,40.688876]},"properties":{"lines":"83, 83B, 83M","color":"#0059a9","mode":"bus","arr":["83","83B","83M"],"angle":-67.7,"extra":1}},{"type":"Feature","geometry":{"type":"Point","coordinates":[22.953765,40.706955]},"properties":{"lines":"83, 83B, 83M","color":"#0059a9","mode":"bus","arr":["83","83B","83M"],"angle":-55.1,"extra":1}},{"type":"Feature","geometry":{"type":"Point","coordinates":[23.013263,40.727703]},"properties":{"lines":"83, 83B, 83M","color":"#0059a9","mode":"bus","arr":["83","83B","83M"],"angle":-26.5}},{"type":"Feature","geometry":{"type":"Point","coordinates":[22.964325,40.716306]},"properties":{"lines":"83, 83M","color":"#0059a9","mode":"bus","arr":["83","83M"],"angle":-38.7}},{"type":"Feature","geometry":{"type":"Point","coordinates":[22.960293,40.713689]},"properties":{"lines":"83, 83M","color":"#0059a9","mode":"bus","arr":["83","83M"],"angle":-47.5,"extra":1}},{"type":"Feature","geometry":{"type":"Point","coordinates":[22.970794,40.719518]},"properties":{"lines":"83, 83M","color":"#0059a9","mode":"bus","arr":["83","83M"],"angle":-32.8,"extra":1}},{"type":"Feature","geometry":{"type":"Point","coordinates":[22.984866,40.727295]},"properties":{"lines":"83, 83B, 83M, 84A, 84B, 85, 85A, 85B, 85K, 85N, 85T, 85X, 85Z, 86A, 86B, 86E, 86K, 86M, 86N, 86R","color":"#0059a9","mode":"bus","arr":["83","83B","83M","84A","84B","85","85A","85B","85K","85N","85T","85X","85Z","86A","86B","86E","86K","86M","86N","86R"],"angle":-19.9}},{"type":"Feature","geometry":{"type":"Point","coordinates":[22.979349,40.724269]},"properties":{"lines":"83, 83B, 83M, 84A, 84B, 85, 85A, 85B, 85K, 85N, 85T, 85X, 85Z, 86A, 86B, 86E, 86K, 86M, 86N, 86R","color":"#0059a9","mode":"bus","arr":["83","83B","83M","84A","84B","85","85A","85B","85K","85N","85T","85X","85Z","86A","86B","86E","86K","86M","86N","86R"],"angle":-43.5,"extra":1}},{"type":"Feature","geometry":{"type":"Point","coordinates":[22.990732,40.728687]},"properties":{"lines":"83, 83B, 83M, 84A, 84B, 85, 85A, 85B, 85K, 85N, 85T, 85X, 85Z, 86A, 86B, 86E, 86K, 86M, 86N, 86R","color":"#0059a9","mode":"bus","arr":["83","83B","83M","84A","84B","85","85A","85B","85K","85N","85T","85X","85Z","86A","86B","86E","86K","86M","86N","86R"],"angle":-12.9,"extra":1}},{"type":"Feature","geometry":{"type":"Point","coordinates":[23.002977,40.728392]},"properties":{"lines":"83, 83M, 86A, 86B, 86M, 86R","color":"#0059a9","mode":"bus","arr":["83","83M","86A","86B","86M","86R"],"angle":16.9}},{"type":"Feature","geometry":{"type":"Point","coordinates":[23.008857,40.726776]},"properties":{"lines":"83, 83B, 83M, 86A, 86B, 86M, 86R","color":"#0059a9","mode":"bus","arr":["83","83B","83M","86A","86B","86M","86R"],"angle":19.3}},{"type":"Feature","geometry":{"type":"Point","coordinates":[23.019835,40.731223]},"properties":{"lines":"83, 83B, 83M, 83N, 91H","color":"#0059a9","mode":"bus","arr":["83","83B","83M","83N","91H"],"angle":-26.6}},{"type":"Feature","geometry":{"type":"Point","coordinates":[23.041551,40.738276]},"properties":{"lines":"83, 83B, 83M, 83N, 91H, 91K, 91T","color":"#0059a9","mode":"bus","arr":["83","83B","83M","83N","91H","91K","91T"],"angle":-24.9}},{"type":"Feature","geometry":{"type":"Point","coordinates":[23.043914,40.738972]},"properties":{"lines":"83, 83B, 83M, 83N, 91K, 91T","color":"#0059a9","mode":"bus","arr":["83","83B","83M","83N","91K","91T"],"angle":-20.6}},{"type":"Feature","geometry":{"type":"Point","coordinates":[23.061995,40.747207]},"properties":{"lines":"83, 83B, 83M, 83N, 91K, 91T","color":"#0059a9","mode":"bus","arr":["83","83B","83M","83N","91K","91T"],"angle":-43.7}},{"type":"Feature","geometry":{"type":"Point","coordinates":[23.063247,40.748382]},"properties":{"lines":"83, 83B, 83M, 83N, 91A, 91K, 91N, 91T, 91X","color":"#0059a9","mode":"bus","arr":["83","83B","83M","83N","91A","91K","91N","91T","91X"],"angle":-66.7}},{"type":"Feature","geometry":{"type":"Point","coordinates":[23.066869,40.751118]},"properties":{"lines":"83, 83B, 83M, 83N, 85H, 91A, 91E, 91H, 91K, 91N, 91T, 91X, 91Y","color":"#0059a9","mode":"bus","arr":["83","83B","83M","83N","85H","91A","91E","91H","91K","91N","91T","91X","91Y"],"angle":-78.1}},{"type":"Feature","geometry":{"type":"Point","coordinates":[23.069618,40.749588]},"properties":{"lines":"83, 83B, 83M, 83N, 83X, 85H, 85X, 91A, 91E, 91H, 91K, 91N, 91T, 91X, 91Y","color":"#0059a9","mode":"bus","arr":["83","83B","83M","83N","83X","85H","85X","91A","91E","91H","91K","91N","91T","91X","91Y"],"angle":49.3}},{"type":"Feature","geometry":{"type":"Point","coordinates":[23.071898,40.74734]},"properties":{"lines":"83, 83A, 83B, 83M, 83N, 83X, 85H, 85X, 91A, 91E, 91H, 91K, 91N, 91T, 91X","color":"#0059a9","mode":"bus","arr":["83","83A","83B","83M","83N","83X","85H","85X","91A","91E","91H","91K","91N","91T","91X"],"angle":-41.5}},{"type":"Feature","geometry":{"type":"Point","coordinates":[23.064633,40.746324]},"properties":{"lines":"83, 83B, 83M, 91E, 91H, 91K, 91T","color":"#0059a9","mode":"bus","arr":["83","83B","83M","91E","91H","91K","91T"],"angle":25.6}},{"type":"Feature","geometry":{"type":"Point","coordinates":[23.064213,40.746197]},"properties":{"lines":"83, 83B, 83M, 91A, 91E, 91H, 91K, 91N, 91T, 91X","color":"#0059a9","mode":"bus","arr":["83","83B","83M","91A","91E","91H","91K","91N","91T","91X"],"angle":89.8}},{"type":"Feature","geometry":{"type":"Point","coordinates":[23.172585,40.720854]},"properties":{"lines":"91A, 91Y","color":"#0059a9","mode":"bus","arr":["91A","91Y"],"angle":-56.4}},{"type":"Feature","geometry":{"type":"Point","coordinates":[23.135058,40.748929]},"properties":{"lines":"91A, 91Y","color":"#0059a9","mode":"bus","arr":["91A","91Y"],"angle":48.5}},{"type":"Feature","geometry":{"type":"Point","coordinates":[23.173743,40.719216]},"properties":{"lines":"83A, 91A","color":"#0059a9","mode":"bus","arr":["83A","91A"],"angle":-57.9}},{"type":"Feature","geometry":{"type":"Point","coordinates":[23.072691,40.747849]},"properties":{"lines":"83A, 91A","color":"#0059a9","mode":"bus","arr":["83A","91A"],"angle":-3.5}},{"type":"Feature","geometry":{"type":"Point","coordinates":[23.156595,40.737531]},"properties":{"lines":"83A, 91A, 91Y","color":"#0059a9","mode":"bus","arr":["83A","91A","91Y"],"angle":5.3}},{"type":"Feature","geometry":{"type":"Point","coordinates":[23.167307,40.723361]},"properties":{"lines":"83A, 91A, 91Y","color":"#0059a9","mode":"bus","arr":["83A","91A","91Y"],"angle":53.4,"extra":1}},{"type":"Feature","geometry":{"type":"Point","coordinates":[23.159557,40.731317]},"properties":{"lines":"83A, 91A, 91Y","color":"#0059a9","mode":"bus","arr":["83A","91A","91Y"],"angle":56.8,"extra":1}},{"type":"Feature","geometry":{"type":"Point","coordinates":[23.145239,40.738746]},"properties":{"lines":"83A, 91A, 91Y","color":"#0059a9","mode":"bus","arr":["83A","91A","91Y"],"angle":25.4,"extra":1}},{"type":"Feature","geometry":{"type":"Point","coordinates":[23.137729,40.74665]},"properties":{"lines":"83A, 91A, 91Y","color":"#0059a9","mode":"bus","arr":["83A","91A","91Y"],"angle":49.8,"extra":1}},{"type":"Feature","geometry":{"type":"Point","coordinates":[23.134959,40.756117]},"properties":{"lines":"83A, 91A, 91Y","color":"#0059a9","mode":"bus","arr":["83A","91A","91Y"],"angle":69.8}},{"type":"Feature","geometry":{"type":"Point","coordinates":[23.101617,40.749625]},"properties":{"lines":"83A, 91A, 91Y","color":"#0059a9","mode":"bus","arr":["83A","91A","91Y"],"angle":-15.9}},{"type":"Feature","geometry":{"type":"Point","coordinates":[23.123576,40.755158]},"properties":{"lines":"83A, 91A, 91Y","color":"#0059a9","mode":"bus","arr":["83A","91A","91Y"],"angle":-2.1,"extra":1}},{"type":"Feature","geometry":{"type":"Point","coordinates":[23.111163,40.752566]},"properties":{"lines":"83A, 91A, 91Y","color":"#0059a9","mode":"bus","arr":["83A","91A","91Y"],"angle":-27.5,"extra":1}},{"type":"Feature","geometry":{"type":"Point","coordinates":[23.086443,40.746534]},"properties":{"lines":"83A, 91A, 91Y","color":"#0059a9","mode":"bus","arr":["83A","91A","91Y"],"angle":-17.5,"extra":1}},{"type":"Feature","geometry":{"type":"Point","coordinates":[23.074135,40.74763]},"properties":{"lines":"83A, 91A, 91Y","color":"#0059a9","mode":"bus","arr":["83A","91A","91Y"],"angle":7,"extra":1}},{"type":"Feature","geometry":{"type":"Point","coordinates":[23.066068,40.742453]},"properties":{"lines":"83B, 85H, 91A, 91E, 91H, 91K, 91N, 91T, 91X","color":"#0059a9","mode":"bus","arr":["83B","85H","91A","91E","91H","91K","91N","91T","91X"],"angle":3}},{"type":"Feature","geometry":{"type":"Point","coordinates":[23.011419,40.731668]},"properties":{"lines":"83B, 83N, 91H","color":"#0059a9","mode":"bus","arr":["83B","83N","91H"],"angle":6}},{"type":"Feature","geometry":{"type":"Point","coordinates":[23.006392,40.725538]},"properties":{"lines":"83B, 83N, 86T, 91H","color":"#0059a9","mode":"bus","arr":["83B","83N","86T","91H"],"angle":-59.7}},{"type":"Feature","geometry":{"type":"Point","coordinates":[23.004595,40.724501]},"properties":{"lines":"83B, 83N, 86E, 86K, 86N, 86T, 91H","color":"#0059a9","mode":"bus","arr":["83B","83N","86E","86K","86N","86T","91H"],"angle":30.8}},{"type":"Feature","geometry":{"type":"Point","coordinates":[23.002781,40.728537]},"properties":{"lines":"83B, 86, 86T, 91H","color":"#0059a9","mode":"bus","arr":["83B","86","86T","91H"],"angle":16.2}},{"type":"Feature","geometry":{"type":"Point","coordinates":[22.997459,40.729852]},"properties":{"lines":"83B, 84A, 84B, 85, 85A, 85B, 85K, 85N, 85T, 85X, 85Z, 86, 86T, 91H","color":"#0059a9","mode":"bus","arr":["83B","84A","84B","85","85A","85B","85K","85N","85T","85X","85Z","86","86T","91H"],"angle":32}},{"type":"Feature","geometry":{"type":"Point","coordinates":[22.992023,40.732175]},"properties":{"lines":"83B, 84A, 84B, 85, 85A, 85B, 85K, 85N, 85T, 85X, 85Z, 86, 86T","color":"#0059a9","mode":"bus","arr":["83B","84A","84B","85","85A","85B","85K","85N","85T","85X","85Z","86","86T"],"angle":38.7}},{"type":"Feature","geometry":{"type":"Point","coordinates":[22.989533,40.731342]},"properties":{"lines":"83B, 84A, 84B, 85, 85B, 85K, 85M, 85N, 85T, 85Z, 86, 86T","color":"#0059a9","mode":"bus","arr":["83B","84A","84B","85","85B","85K","85M","85N","85T","85Z","86","86T"],"angle":69.8}},{"type":"Feature","geometry":{"type":"Point","coordinates":[22.964754,40.71798]},"properties":{"lines":"83B, 84A, 84B, 85, 85B, 85K, 85M, 85N, 85T, 85Z, 86, 86T","color":"#0059a9","mode":"bus","arr":["83B","84A","84B","85","85B","85K","85M","85N","85T","85Z","86","86T"],"angle":-41.5}},{"type":"Feature","geometry":{"type":"Point","coordinates":[22.969375,40.720134]},"properties":{"lines":"83B, 84A, 84B, 85, 85B, 85K, 85M, 85N, 85T, 85Z, 86, 86T","color":"#0059a9","mode":"bus","arr":["83B","84A","84B","85","85B","85K","85M","85N","85T","85Z","86","86T"],"angle":-44.3,"extra":1}},{"type":"Feature","geometry":{"type":"Point","coordinates":[22.959407,40.714201]},"properties":{"lines":"83B, 84A, 84B, 85, 85B, 85K, 85M, 85N, 85T, 85Z, 86, 86T","color":"#0059a9","mode":"bus","arr":["83B","84A","84B","85","85B","85K","85M","85N","85T","85Z","86","86T"],"angle":-76.6,"extra":1}},{"type":"Feature","geometry":{"type":"Point","coordinates":[22.965083,40.716573]},"properties":{"lines":"83B, 83N, 84A, 84B, 85, 85A, 85B, 85K, 85N, 85T, 85X, 85Z, 86A, 86B, 86E, 86K, 86M, 86N, 86R","color":"#0059a9","mode":"bus","arr":["83B","83N","84A","84B","85","85A","85B","85K","85N","85T","85X","85Z","86A","86B","86E","86K","86M","86N","86R"],"angle":-36.8}},{"type":"Feature","geometry":{"type":"Point","coordinates":[22.962279,40.714017]},"properties":{"lines":"83B, 83N, 84A, 84B, 85, 85A, 85B, 85K, 85N, 85T, 85X, 85Z, 86A, 86B, 86E, 86K, 86M, 86N, 86R","color":"#0059a9","mode":"bus","arr":["83B","83N","84A","84B","85","85A","85B","85K","85N","85T","85X","85Z","86A","86B","86E","86K","86M","86N","86R"],"angle":-67.6,"extra":1}},{"type":"Feature","geometry":{"type":"Point","coordinates":[22.972276,40.720121]},"properties":{"lines":"83B, 83N, 84A, 84B, 85, 85A, 85B, 85K, 85N, 85T, 85X, 85Z, 86A, 86B, 86E, 86K, 86M, 86N, 86R","color":"#0059a9","mode":"bus","arr":["83B","83N","84A","84B","85","85A","85B","85K","85N","85T","85X","85Z","86A","86B","86E","86K","86M","86N","86R"],"angle":-30.4,"extra":1}},{"type":"Feature","geometry":{"type":"Point","coordinates":[23.001027,40.726559]},"properties":{"lines":"83B, 86E, 86K, 86N","color":"#0059a9","mode":"bus","arr":["83B","86E","86K","86N"],"angle":53.4}},{"type":"Feature","geometry":{"type":"Point","coordinates":[23.078884,40.740899]},"properties":{"lines":"83M","color":"#0059a9","mode":"bus","arr":["83M"],"angle":49.8}},{"type":"Feature","geometry":{"type":"Point","coordinates":[23.076028,40.743546]},"properties":{"lines":"83M","color":"#0059a9","mode":"bus","arr":["83M"],"angle":54.2,"extra":1}},{"type":"Feature","geometry":{"type":"Point","coordinates":[23.083656,40.735577]},"properties":{"lines":"83M","color":"#0059a9","mode":"bus","arr":["83M"],"angle":61.7,"extra":1}},{"type":"Feature","geometry":{"type":"Point","coordinates":[23.085111,40.733648]},"properties":{"lines":"83M","color":"#0059a9","mode":"bus","arr":["83M"],"angle":-47.2}},{"type":"Feature","geometry":{"type":"Point","coordinates":[22.936742,40.695431]},"properties":{"lines":"83N, 85, 85A, 85B, 85K, 85M, 85N, 85T, 85X, 85Z, 86, 86A, 86B, 86E, 86K, 86M, 86N, 86R, 86T","color":"#0059a9","mode":"bus","arr":["83N","85","85A","85B","85K","85M","85N","85T","85X","85Z","86","86A","86B","86E","86K","86M","86N","86R","86T"],"angle":2.3}},{"type":"Feature","geometry":{"type":"Point","coordinates":[22.953146,40.706769]},"properties":{"lines":"83N, 84A, 84B, 85, 85A, 85B, 85K, 85M, 85N, 85T, 85X, 85Z, 86, 86A, 86B, 86E, 86K, 86M, 86N, 86R, 86T","color":"#0059a9","mode":"bus","arr":["83N","84A","84B","85","85A","85B","85K","85M","85N","85T","85X","85Z","86","86A","86B","86E","86K","86M","86N","86R","86T"],"angle":-54.4}},{"type":"Feature","geometry":{"type":"Point","coordinates":[22.956476,40.711328]},"properties":{"lines":"83N, 84A, 84B, 85, 85A, 85B, 85K, 85N, 85T, 85X, 85Z, 86A, 86B, 86E, 86K, 86M, 86N, 86R","color":"#0059a9","mode":"bus","arr":["83N","84A","84B","85","85A","85B","85K","85N","85T","85X","85Z","86A","86B","86E","86K","86M","86N","86R"],"angle":-84.7}},{"type":"Feature","geometry":{"type":"Point","coordinates":[22.95783,40.711168]},"properties":{"lines":"83N, 84A, 84B, 85, 85A, 85B, 85K, 85N, 85T, 85X, 85Z, 86A, 86B, 86E, 86K, 86M, 86N, 86R","color":"#0059a9","mode":"bus","arr":["83N","84A","84B","85","85A","85B","85K","85N","85T","85X","85Z","86A","86B","86E","86K","86M","86N","86R"],"angle":36.4}},{"type":"Feature","geometry":{"type":"Point","coordinates":[22.994468,40.724501]},"properties":{"lines":"83N","color":"#0059a9","mode":"bus","arr":["83N"],"angle":52.8}},{"type":"Feature","geometry":{"type":"Point","coordinates":[22.979241,40.723478]},"properties":{"lines":"83N","color":"#0059a9","mode":"bus","arr":["83N"],"angle":77.5,"extra":1}},{"type":"Feature","geometry":{"type":"Point","coordinates":[22.987727,40.725567]},"properties":{"lines":"83N","color":"#0059a9","mode":"bus","arr":["83N"],"angle":60.9,"extra":1}},{"type":"Feature","geometry":{"type":"Point","coordinates":[23.006636,40.720511]},"properties":{"lines":"83N","color":"#0059a9","mode":"bus","arr":["83N"],"angle":74,"extra":1}},{"type":"Feature","geometry":{"type":"Point","coordinates":[23.011933,40.720991]},"properties":{"lines":"83N, 86E, 86K, 86N, 86T","color":"#0059a9","mode":"bus","arr":["83N","86E","86K","86N","86T"],"angle":32.5}},{"type":"Feature","geometry":{"type":"Point","coordinates":[23.018157,40.730778]},"properties":{"lines":"83N, 91H","color":"#0059a9","mode":"bus","arr":["83N","91H"],"angle":50.2}},{"type":"Feature","geometry":{"type":"Point","coordinates":[23.066481,40.753636]},"properties":{"lines":"83N, 85H, 85X, 91E, 91N","color":"#0059a9","mode":"bus","arr":["83N","85H","85X","91E","91N"],"angle":51.1}},{"type":"Feature","geometry":{"type":"Point","coordinates":[23.067948,40.755484]},"properties":{"lines":"83N, 91N","color":"#0059a9","mode":"bus","arr":["83N","91N"],"angle":-10}},{"type":"Feature","geometry":{"type":"Point","coordinates":[23.067664,40.758027]},"properties":{"lines":"83N, 91N","color":"#0059a9","mode":"bus","arr":["83N","91N"],"angle":44.1}},{"type":"Feature","geometry":{"type":"Point","coordinates":[23.069376,40.753236]},"properties":{"lines":"83N, 83X, 91N, 91X, 91Y","color":"#0059a9","mode":"bus","arr":["83N","83X","91N","91X","91Y"],"angle":-34.1}},{"type":"Feature","geometry":{"type":"Point","coordinates":[23.080642,40.761944]},"properties":{"lines":"83X, 91X, 91Y","color":"#0059a9","mode":"bus","arr":["83X","91X","91Y"],"angle":42.5}},{"type":"Feature","geometry":{"type":"Point","coordinates":[23.076392,40.757537]},"properties":{"lines":"83X, 91X, 91Y","color":"#0059a9","mode":"bus","arr":["83X","91X","91Y"],"angle":-38.8,"extra":1}},{"type":"Feature","geometry":{"type":"Point","coordinates":[23.082182,40.765164]},"properties":{"lines":"83X, 91X, 91Y","color":"#0059a9","mode":"bus","arr":["83X","91X","91Y"],"angle":-56.6,"extra":1}},{"type":"Feature","geometry":{"type":"Point","coordinates":[22.956407,40.711308]},"properties":{"lines":"83N, 84A, 84B, 85, 85B, 85K, 85M, 85N, 85T, 85Z, 86, 86T","color":"#0059a9","mode":"bus","arr":["83N","84A","84B","85","85B","85K","85M","85N","85T","85Z","86","86T"],"angle":-87}},{"type":"Feature","geometry":{"type":"Point","coordinates":[22.986593,40.73619]},"properties":{"lines":"84A, 84B, 85, 85A, 85B, 85K, 85M, 85N, 85T, 85X, 85Z","color":"#0059a9","mode":"bus","arr":["84A","84B","85","85A","85B","85K","85M","85N","85T","85X","85Z"],"angle":72.9}},{"type":"Feature","geometry":{"type":"Point","coordinates":[22.995052,40.771683]},"properties":{"lines":"85, 85A, 85B, 85K, 85M, 85N, 85T, 85X, 85Z","color":"#0059a9","mode":"bus","arr":["85","85A","85B","85K","85M","85N","85T","85X","85Z"],"angle":-71.5}},{"type":"Feature","geometry":{"type":"Point","coordinates":[22.985415,40.742133]},"properties":{"lines":"85, 85A, 85B, 85K, 85M, 85N, 85T, 85X, 85Z","color":"#0059a9","mode":"bus","arr":["85","85A","85B","85K","85M","85N","85T","85X","85Z"],"angle":-89.3,"extra":1}},{"type":"Feature","geometry":{"type":"Point","coordinates":[22.991285,40.75938]},"properties":{"lines":"85, 85A, 85B, 85K, 85M, 85N, 85T, 85X, 85Z","color":"#0059a9","mode":"bus","arr":["85","85A","85B","85K","85M","85N","85T","85X","85Z"],"angle":-77.1,"extra":1}},{"type":"Feature","geometry":{"type":"Point","coordinates":[22.998709,40.778219]},"properties":{"lines":"85, 85A, 85B, 85K, 85M, 85N, 85T, 85X, 85Z","color":"#0059a9","mode":"bus","arr":["85","85A","85B","85K","85M","85N","85T","85X","85Z"],"angle":-61.1,"extra":1}},{"type":"Feature","geometry":{"type":"Point","coordinates":[23.004725,40.786968]},"properties":{"lines":"85, 85A, 85B, 85K, 85M, 85N, 85T, 85X, 85Z","color":"#0059a9","mode":"bus","arr":["85","85A","85B","85K","85M","85N","85T","85X","85Z"],"angle":-56.7,"extra":1}},{"type":"Feature","geometry":{"type":"Point","coordinates":[23.012842,40.795983]},"properties":{"lines":"85, 85A, 85B, 85K, 85M, 85N, 85T, 85X, 85Z","color":"#0059a9","mode":"bus","arr":["85","85A","85B","85K","85M","85N","85T","85X","85Z"],"angle":-38.9,"extra":1}},{"type":"Feature","geometry":{"type":"Point","coordinates":[23.021085,40.803248]},"properties":{"lines":"85, 85A, 85B, 85K, 85M, 85N, 85T, 85X, 85Z","color":"#0059a9","mode":"bus","arr":["85","85A","85B","85K","85M","85N","85T","85X","85Z"],"angle":-82.5,"extra":1}},{"type":"Feature","geometry":{"type":"Point","coordinates":[23.022545,40.813078]},"properties":{"lines":"85, 85A, 85B, 85K, 85M, 85N, 85T, 85X, 85Z","color":"#0059a9","mode":"bus","arr":["85","85A","85B","85K","85M","85N","85T","85X","85Z"],"angle":-83.9,"extra":1}},{"type":"Feature","geometry":{"type":"Point","coordinates":[23.006747,40.790533]},"properties":{"lines":"85, 85A, 85B, 85K, 85M, 85N, 85T, 85X, 85Z","color":"#0059a9","mode":"bus","arr":["85","85A","85B","85K","85M","85N","85T","85X","85Z"],"angle":-64.4}},{"type":"Feature","geometry":{"type":"Point","coordinates":[23.027103,40.818212]},"properties":{"lines":"85, 85A, 85B, 85K, 85M, 85N, 85T, 85X, 85Z","color":"#0059a9","mode":"bus","arr":["85","85A","85B","85K","85M","85N","85T","85X","85Z"],"angle":-43.2}},{"type":"Feature","geometry":{"type":"Point","coordinates":[22.973024,40.75525]},"properties":{"lines":"84A, 84B, 84M","color":"#0059a9","mode":"bus","arr":["84A","84B","84M"],"angle":59.8}},{"type":"Feature","geometry":{"type":"Point","coordinates":[22.954925,40.762067]},"properties":{"lines":"84A, 84B, 84M","color":"#0059a9","mode":"bus","arr":["84A","84B","84M"],"angle":5.9}},{"type":"Feature","geometry":{"type":"Point","coordinates":[22.970501,40.753929]},"properties":{"lines":"84A, 84B, 84M","color":"#0059a9","mode":"bus","arr":["84A","84B","84M"],"angle":20.9,"extra":1}},{"type":"Feature","geometry":{"type":"Point","coordinates":[22.960413,40.75996]},"properties":{"lines":"84A, 84B, 84M","color":"#0059a9","mode":"bus","arr":["84A","84B","84M"],"angle":31.3,"extra":1}},{"type":"Feature","geometry":{"type":"Point","coordinates":[22.948293,40.763292]},"properties":{"lines":"84A, 84B, 84M","color":"#0059a9","mode":"bus","arr":["84A","84B","84M"],"angle":22.5,"extra":1}},{"type":"Feature","geometry":{"type":"Point","coordinates":[22.936419,40.766817]},"properties":{"lines":"84A, 84B, 84M","color":"#0059a9","mode":"bus","arr":["84A","84B","84M"],"angle":15.1,"extra":1}},{"type":"Feature","geometry":{"type":"Point","coordinates":[22.964862,40.776652]},"properties":{"lines":"84A, 84B, 84M","color":"#0059a9","mode":"bus","arr":["84A","84B","84M"],"angle":70.9}},{"type":"Feature","geometry":{"type":"Point","coordinates":[22.958486,40.781331]},"properties":{"lines":"84A, 84B, 84M","color":"#0059a9","mode":"bus","arr":["84A","84B","84M"],"angle":-26.9,"extra":1}},{"type":"Feature","geometry":{"type":"Point","coordinates":[22.967723,40.768675]},"properties":{"lines":"84A, 84B, 84M","color":"#0059a9","mode":"bus","arr":["84A","84B","84M"],"angle":72.7,"extra":1}},{"type":"Feature","geometry":{"type":"Point","coordinates":[22.970119,40.760356]},"properties":{"lines":"84A, 84M","color":"#0059a9","mode":"bus","arr":["84A","84M"],"angle":-71.4}},{"type":"Feature","geometry":{"type":"Point","coordinates":[22.918816,40.735547]},"properties":{"lines":"84M","color":"#0059a9","mode":"bus","arr":["84M"],"angle":38.9}},{"type":"Feature","geometry":{"type":"Point","coordinates":[22.978441,40.744724]},"properties":{"lines":"84M","color":"#0059a9","mode":"bus","arr":["84M"],"angle":49}},{"type":"Feature","geometry":{"type":"Point","coordinates":[22.918692,40.725304]},"properties":{"lines":"84M","color":"#0059a9","mode":"bus","arr":["84M"],"angle":-2}},{"type":"Feature","geometry":{"type":"Point","coordinates":[22.918947,40.735621]},"properties":{"lines":"84M","color":"#0059a9","mode":"bus","arr":["84M"],"angle":44.6}},{"type":"Feature","geometry":{"type":"Point","coordinates":[22.907443,40.754243]},"properties":{"lines":"84M","color":"#0059a9","mode":"bus","arr":["84M"],"angle":-45.7}},{"type":"Feature","geometry":{"type":"Point","coordinates":[22.91553,40.74016]},"properties":{"lines":"84M","color":"#0059a9","mode":"bus","arr":["84M"],"angle":58.9,"extra":1}},{"type":"Feature","geometry":{"type":"Point","coordinates":[22.909315,40.748411]},"properties":{"lines":"84M","color":"#0059a9","mode":"bus","arr":["84M"],"angle":27.3,"extra":1}},{"type":"Feature","geometry":{"type":"Point","coordinates":[22.911594,40.763723]},"properties":{"lines":"84M","color":"#0059a9","mode":"bus","arr":["84M"],"angle":-17.4,"extra":1}},{"type":"Feature","geometry":{"type":"Point","coordinates":[22.922493,40.768631]},"properties":{"lines":"84M","color":"#0059a9","mode":"bus","arr":["84M"],"angle":-0.1,"extra":1}},{"type":"Feature","geometry":{"type":"Point","coordinates":[22.945519,40.776269]},"properties":{"lines":"84A","color":"#0059a9","mode":"bus","arr":["84A"],"angle":-28.1}},{"type":"Feature","geometry":{"type":"Point","coordinates":[22.9872,40.734902]},"properties":{"lines":"84A, 84B, 85, 85B, 85K, 85M, 85N, 85T, 85Z","color":"#0059a9","mode":"bus","arr":["84A","84B","85","85B","85K","85M","85N","85T","85Z"],"angle":70}},{"type":"Feature","geometry":{"type":"Point","coordinates":[22.970251,40.760365]},"properties":{"lines":"84B, 84M","color":"#0059a9","mode":"bus","arr":["84B","84M"],"angle":-71.1}},{"type":"Feature","geometry":{"type":"Point","coordinates":[22.945465,40.77634]},"properties":{"lines":"84B","color":"#0059a9","mode":"bus","arr":["84B"],"angle":-27.7}},{"type":"Feature","geometry":{"type":"Point","coordinates":[22.989215,40.752023]},"properties":{"lines":"85, 85A, 85B, 85K, 85N, 85T, 85X, 85Z","color":"#0059a9","mode":"bus","arr":["85","85A","85B","85K","85N","85T","85X","85Z"],"angle":-76.4}},{"type":"Feature","geometry":{"type":"Point","coordinates":[23.023004,40.81484]},"properties":{"lines":"85, 85A, 85B, 85K, 85N, 85T, 85X, 85Z","color":"#0059a9","mode":"bus","arr":["85","85A","85B","85K","85N","85T","85X","85Z"],"angle":-38.6}},{"type":"Feature","geometry":{"type":"Point","coordinates":[23.00972,40.785758]},"properties":{"lines":"85X","color":"#0059a9","mode":"bus","arr":["85X"],"angle":60.1}},{"type":"Feature","geometry":{"type":"Point","coordinates":[23.008308,40.792202]},"properties":{"lines":"85X","color":"#0059a9","mode":"bus","arr":["85X"],"angle":-60.6}},{"type":"Feature","geometry":{"type":"Point","coordinates":[23.102925,40.867512]},"properties":{"lines":"85X","color":"#0059a9","mode":"bus","arr":["85X"],"angle":-88.9}},{"type":"Feature","geometry":{"type":"Point","coordinates":[23.09942,40.879167]},"properties":{"lines":"85X","color":"#0059a9","mode":"bus","arr":["85X"],"angle":80.4,"extra":1}},{"type":"Feature","geometry":{"type":"Point","coordinates":[23.104714,40.860757]},"properties":{"lines":"85X","color":"#0059a9","mode":"bus","arr":["85X"],"angle":68.9,"extra":1}},{"type":"Feature","geometry":{"type":"Point","coordinates":[23.108981,40.853156]},"properties":{"lines":"85X","color":"#0059a9","mode":"bus","arr":["85X"],"angle":-73.9,"extra":1}},{"type":"Feature","geometry":{"type":"Point","coordinates":[23.109833,40.852512]},"properties":{"lines":"85X","color":"#0059a9","mode":"bus","arr":["85X"],"angle":63.7}},{"type":"Feature","geometry":{"type":"Point","coordinates":[23.108854,40.852647]},"properties":{"lines":"85X","color":"#0059a9","mode":"bus","arr":["85X"],"angle":12.1}},{"type":"Feature","geometry":{"type":"Point","coordinates":[23.006088,40.789449]},"properties":{"lines":"85, 85A, 85B, 85K, 85M, 85N, 85T, 85Z","color":"#0059a9","mode":"bus","arr":["85","85A","85B","85K","85M","85N","85T","85Z"],"angle":-64.9}},{"type":"Feature","geometry":{"type":"Point","coordinates":[23.005021,40.787756]},"properties":{"lines":"85, 85A, 85B, 85K, 85N, 85T, 85Z","color":"#0059a9","mode":"bus","arr":["85","85A","85B","85K","85N","85T","85Z"],"angle":-63.5}},{"type":"Feature","geometry":{"type":"Point","coordinates":[23.028724,40.823465]},"properties":{"lines":"85, 85A, 85B, 85H, 85K, 85M, 85N, 85T, 85X, 85Z, 91E","color":"#0059a9","mode":"bus","arr":["85","85A","85B","85H","85K","85M","85N","85T","85X","85Z","91E"],"angle":54.3}},{"type":"Feature","geometry":{"type":"Point","coordinates":[23.024354,40.827499]},"properties":{"lines":"85, 85A, 85B, 85H, 85K, 85M, 85N, 85T, 85X, 85Z, 91E","color":"#0059a9","mode":"bus","arr":["85","85A","85B","85H","85K","85M","85N","85T","85X","85Z","91E"],"angle":86.1}},{"type":"Feature","geometry":{"type":"Point","coordinates":[23.040757,40.868648]},"properties":{"lines":"85, 85B, 85H, 85K, 85N, 85T, 85X, 85Z","color":"#0059a9","mode":"bus","arr":["85","85B","85H","85K","85N","85T","85X","85Z"],"angle":-36.4}},{"type":"Feature","geometry":{"type":"Point","coordinates":[23.022592,40.8366]},"properties":{"lines":"85, 85B, 85H, 85K, 85N, 85T, 85X, 85Z","color":"#0059a9","mode":"bus","arr":["85","85B","85H","85K","85N","85T","85X","85Z"],"angle":70.8,"extra":1}},{"type":"Feature","geometry":{"type":"Point","coordinates":[23.023698,40.846256]},"properties":{"lines":"85, 85B, 85H, 85K, 85N, 85T, 85X, 85Z","color":"#0059a9","mode":"bus","arr":["85","85B","85H","85K","85N","85T","85X","85Z"],"angle":-65.1,"extra":1}},{"type":"Feature","geometry":{"type":"Point","coordinates":[23.029719,40.854991]},"properties":{"lines":"85, 85B, 85H, 85K, 85N, 85T, 85X, 85Z","color":"#0059a9","mode":"bus","arr":["85","85B","85H","85K","85N","85T","85X","85Z"],"angle":-51.6,"extra":1}},{"type":"Feature","geometry":{"type":"Point","coordinates":[23.035509,40.863823]},"properties":{"lines":"85, 85B, 85H, 85K, 85N, 85T, 85X, 85Z","color":"#0059a9","mode":"bus","arr":["85","85B","85H","85K","85N","85T","85X","85Z"],"angle":-61.4,"extra":1}},{"type":"Feature","geometry":{"type":"Point","coordinates":[23.044684,40.870622]},"properties":{"lines":"85, 85B, 85H, 85K, 85N, 85T, 85X, 85Z","color":"#0059a9","mode":"bus","arr":["85","85B","85H","85K","85N","85T","85X","85Z"],"angle":-32.4,"extra":1}},{"type":"Feature","geometry":{"type":"Point","coordinates":[23.055693,40.875928]},"properties":{"lines":"85, 85B, 85H, 85K, 85N, 85T, 85X, 85Z","color":"#0059a9","mode":"bus","arr":["85","85B","85H","85K","85N","85T","85X","85Z"],"angle":-32.4,"extra":1}},{"type":"Feature","geometry":{"type":"Point","coordinates":[23.066329,40.878738]},"properties":{"lines":"85, 85B, 85H, 85K, 85N, 85T, 85X, 85Z","color":"#0059a9","mode":"bus","arr":["85","85B","85H","85K","85N","85T","85X","85Z"],"angle":-16.8,"extra":1}},{"type":"Feature","geometry":{"type":"Point","coordinates":[23.078016,40.880801]},"properties":{"lines":"85, 85B, 85H, 85K, 85N, 85T, 85X, 85Z","color":"#0059a9","mode":"bus","arr":["85","85B","85H","85K","85N","85T","85X","85Z"],"angle":-63.1,"extra":1}},{"type":"Feature","geometry":{"type":"Point","coordinates":[23.166558,40.925134]},"properties":{"lines":"85, 85H, 85K, 85N, 85X, 85Z","color":"#0059a9","mode":"bus","arr":["85","85H","85K","85N","85X","85Z"],"angle":-18.9}},{"type":"Feature","geometry":{"type":"Point","coordinates":[23.092203,40.88277]},"properties":{"lines":"85, 85H, 85K, 85N, 85X, 85Z","color":"#0059a9","mode":"bus","arr":["85","85H","85K","85N","85X","85Z"],"angle":9.5,"extra":1}},{"type":"Feature","geometry":{"type":"Point","coordinates":[23.103386,40.886092]},"properties":{"lines":"85, 85H, 85K, 85N, 85X, 85Z","color":"#0059a9","mode":"bus","arr":["85","85H","85K","85N","85X","85Z"],"angle":-35.4,"extra":1}},{"type":"Feature","geometry":{"type":"Point","coordinates":[23.110886,40.893508]},"properties":{"lines":"85, 85H, 85K, 85N, 85X, 85Z","color":"#0059a9","mode":"bus","arr":["85","85H","85K","85N","85X","85Z"],"angle":-20.9,"extra":1}},{"type":"Feature","geometry":{"type":"Point","coordinates":[23.120381,40.89464]},"properties":{"lines":"85, 85H, 85K, 85N, 85X, 85Z","color":"#0059a9","mode":"bus","arr":["85","85H","85K","85N","85X","85Z"],"angle":-47.2,"extra":1}},{"type":"Feature","geometry":{"type":"Point","coordinates":[23.12831,40.894964]},"properties":{"lines":"85, 85H, 85K, 85N, 85X, 85Z","color":"#0059a9","mode":"bus","arr":["85","85H","85K","85N","85X","85Z"],"angle":-63.7,"extra":1}},{"type":"Feature","geometry":{"type":"Point","coordinates":[23.134761,40.902413]},"properties":{"lines":"85, 85H, 85K, 85N, 85X, 85Z","color":"#0059a9","mode":"bus","arr":["85","85H","85K","85N","85X","85Z"],"angle":-58.4,"extra":1}},{"type":"Feature","geometry":{"type":"Point","coordinates":[23.139719,40.911147]},"properties":{"lines":"85, 85H, 85K, 85N, 85X, 85Z","color":"#0059a9","mode":"bus","arr":["85","85H","85K","85N","85X","85Z"],"angle":-75.9,"extra":1}},{"type":"Feature","geometry":{"type":"Point","coordinates":[23.143952,40.919163]},"properties":{"lines":"85, 85H, 85K, 85N, 85X, 85Z","color":"#0059a9","mode":"bus","arr":["85","85H","85K","85N","85X","85Z"],"angle":-14.1,"extra":1}},{"type":"Feature","geometry":{"type":"Point","coordinates":[23.155583,40.921677]},"properties":{"lines":"85, 85H, 85K, 85N, 85X, 85Z","color":"#0059a9","mode":"bus","arr":["85","85H","85K","85N","85X","85Z"],"angle":10.8,"extra":1}},{"type":"Feature","geometry":{"type":"Point","coordinates":[23.176759,40.924622]},"properties":{"lines":"85, 85H, 85K, 85N, 85X, 85Z","color":"#0059a9","mode":"bus","arr":["85","85H","85K","85N","85X","85Z"],"angle":-59.9,"extra":1}},{"type":"Feature","geometry":{"type":"Point","coordinates":[23.183963,40.932068]},"properties":{"lines":"85, 85H, 85K, 85N, 85X, 85Z","color":"#0059a9","mode":"bus","arr":["85","85H","85K","85N","85X","85Z"],"angle":-49.8,"extra":1}},{"type":"Feature","geometry":{"type":"Point","coordinates":[23.193656,40.938267]},"properties":{"lines":"85, 85H, 85K, 85N, 85X, 85Z","color":"#0059a9","mode":"bus","arr":["85","85H","85K","85N","85X","85Z"],"angle":-53.2,"extra":1}},{"type":"Feature","geometry":{"type":"Point","coordinates":[23.201022,40.944854]},"properties":{"lines":"85, 85H, 85K, 85N, 85X, 85Z","color":"#0059a9","mode":"bus","arr":["85","85H","85K","85N","85X","85Z"],"angle":-74.6,"extra":1}},{"type":"Feature","geometry":{"type":"Point","coordinates":[23.205837,40.95344]},"properties":{"lines":"85, 85H, 85K, 85N, 85X, 85Z","color":"#0059a9","mode":"bus","arr":["85","85H","85K","85N","85X","85Z"],"angle":-69.5,"extra":1}},{"type":"Feature","geometry":{"type":"Point","coordinates":[23.204509,40.962615]},"properties":{"lines":"85, 85H, 85K, 85N, 85X, 85Z","color":"#0059a9","mode":"bus","arr":["85","85H","85K","85N","85X","85Z"],"angle":76.2,"extra":1}},{"type":"Feature","geometry":{"type":"Point","coordinates":[23.210453,40.970394]},"properties":{"lines":"85, 85H, 85K, 85N, 85X, 85Z","color":"#0059a9","mode":"bus","arr":["85","85H","85K","85N","85X","85Z"],"angle":-49.2,"extra":1}},{"type":"Feature","geometry":{"type":"Point","coordinates":[23.22216,40.973136]},"properties":{"lines":"85, 85H, 85K, 85N, 85X, 85Z","color":"#0059a9","mode":"bus","arr":["85","85H","85K","85N","85X","85Z"],"angle":27.3,"extra":1}},{"type":"Feature","geometry":{"type":"Point","coordinates":[23.227811,40.980187]},"properties":{"lines":"85, 85H, 85K, 85N, 85X, 85Z","color":"#0059a9","mode":"bus","arr":["85","85H","85K","85N","85X","85Z"],"angle":-83,"extra":1}},{"type":"Feature","geometry":{"type":"Point","coordinates":[23.024289,40.823097]},"properties":{"lines":"85, 85B, 85H, 85K, 85M, 85N, 85T, 85X, 85Z, 91E","color":"#0059a9","mode":"bus","arr":["85","85B","85H","85K","85M","85N","85T","85X","85Z","91E"],"angle":-8}},{"type":"Feature","geometry":{"type":"Point","coordinates":[23.022833,40.815014]},"properties":{"lines":"85, 85B, 85K, 85M, 85N, 85T, 85Z","color":"#0059a9","mode":"bus","arr":["85","85B","85K","85M","85N","85T","85Z"],"angle":-41}},{"type":"Feature","geometry":{"type":"Point","coordinates":[22.989076,40.752047]},"properties":{"lines":"85, 85B, 85K, 85M, 85N, 85T, 85Z","color":"#0059a9","mode":"bus","arr":["85","85B","85K","85M","85N","85T","85Z"],"angle":-77.2}},{"type":"Feature","geometry":{"type":"Point","coordinates":[23.008074,40.842013]},"properties":{"lines":"85A, 85B, 85T, 85Z, 91E","color":"#0059a9","mode":"bus","arr":["85A","85B","85T","85Z","91E"],"angle":47}},{"type":"Feature","geometry":{"type":"Point","coordinates":[23.012186,40.839697]},"properties":{"lines":"85A, 85B, 85T, 85Z, 91E","color":"#0059a9","mode":"bus","arr":["85A","85B","85T","85Z","91E"],"angle":33.7,"extra":1}},{"type":"Feature","geometry":{"type":"Point","coordinates":[23.000987,40.843555]},"properties":{"lines":"85A, 85B, 85T, 85Z, 91E","color":"#0059a9","mode":"bus","arr":["85A","85B","85T","85Z","91E"],"angle":-4.9,"extra":1}},{"type":"Feature","geometry":{"type":"Point","coordinates":[22.981089,40.840201]},"properties":{"lines":"85A, 85B, 85T, 85Z, 91E","color":"#0059a9","mode":"bus","arr":["85A","85B","85T","85Z","91E"],"angle":16.7}},{"type":"Feature","geometry":{"type":"Point","coordinates":[22.99047,40.842577]},"properties":{"lines":"85A, 85B, 85M, 85T, 85Z, 91E","color":"#0059a9","mode":"bus","arr":["85A","85B","85M","85T","85Z","91E"],"angle":2.6}},{"type":"Feature","geometry":{"type":"Point","coordinates":[22.981355,40.840784]},"properties":{"lines":"85B, 85T","color":"#0059a9","mode":"bus","arr":["85B","85T"],"angle":87.9}},{"type":"Feature","geometry":{"type":"Point","coordinates":[22.98056,40.840985]},"properties":{"lines":"85B, 85T","color":"#0059a9","mode":"bus","arr":["85B","85T"],"angle":-25.3}},{"type":"Feature","geometry":{"type":"Point","coordinates":[23.091046,40.900242]},"properties":{"lines":"85B, 85T","color":"#0059a9","mode":"bus","arr":["85B","85T"],"angle":71.5}},{"type":"Feature","geometry":{"type":"Point","coordinates":[23.090312,40.88781]},"properties":{"lines":"85B, 85T","color":"#0059a9","mode":"bus","arr":["85B","85T"],"angle":-87.3,"extra":1}},{"type":"Feature","geometry":{"type":"Point","coordinates":[23.090428,40.896091]},"properties":{"lines":"85B, 85T","color":"#0059a9","mode":"bus","arr":["85B","85T"],"angle":-86.5,"extra":1}},{"type":"Feature","geometry":{"type":"Point","coordinates":[23.090289,40.905854]},"properties":{"lines":"85B, 85T","color":"#0059a9","mode":"bus","arr":["85B","85T"],"angle":85.2,"extra":1}},{"type":"Feature","geometry":{"type":"Point","coordinates":[23.081828,40.911611]},"properties":{"lines":"85B, 85T","color":"#0059a9","mode":"bus","arr":["85B","85T"],"angle":46.5,"extra":1}},{"type":"Feature","geometry":{"type":"Point","coordinates":[23.07345,40.913011]},"properties":{"lines":"85B, 85T","color":"#0059a9","mode":"bus","arr":["85B","85T"],"angle":-4.9}},{"type":"Feature","geometry":{"type":"Point","coordinates":[23.049721,40.915484]},"properties":{"lines":"85B, 85T","color":"#0059a9","mode":"bus","arr":["85B","85T"],"angle":5.8,"extra":1}},{"type":"Feature","geometry":{"type":"Point","coordinates":[23.061275,40.912841]},"properties":{"lines":"85B, 85T","color":"#0059a9","mode":"bus","arr":["85B","85T"],"angle":40.9,"extra":1}},{"type":"Feature","geometry":{"type":"Point","coordinates":[23.076844,40.918187]},"properties":{"lines":"85B, 85T","color":"#0059a9","mode":"bus","arr":["85B","85T"],"angle":-26.3,"extra":1}},{"type":"Feature","geometry":{"type":"Point","coordinates":[23.069445,40.924846]},"properties":{"lines":"85B, 85T","color":"#0059a9","mode":"bus","arr":["85B","85T"],"angle":86,"extra":1}},{"type":"Feature","geometry":{"type":"Point","coordinates":[22.984066,40.83952]},"properties":{"lines":"85B, 85M, 85T, 85Z, 91E","color":"#0059a9","mode":"bus","arr":["85B","85M","85T","85Z","91E"],"angle":81.1}},{"type":"Feature","geometry":{"type":"Point","coordinates":[23.0459,40.786289]},"properties":{"lines":"85H, 85X, 91E","color":"#0059a9","mode":"bus","arr":["85H","85X","91E"],"angle":71.1}},{"type":"Feature","geometry":{"type":"Point","coordinates":[23.063913,40.75994]},"properties":{"lines":"85H, 85X, 91E","color":"#0059a9","mode":"bus","arr":["85H","85X","91E"],"angle":74.3,"extra":1}},{"type":"Feature","geometry":{"type":"Point","coordinates":[23.058684,40.768543]},"properties":{"lines":"85H, 85X, 91E","color":"#0059a9","mode":"bus","arr":["85H","85X","91E"],"angle":8.5,"extra":1}},{"type":"Feature","geometry":{"type":"Point","coordinates":[23.051606,40.775759]},"properties":{"lines":"85H, 85X, 91E","color":"#0059a9","mode":"bus","arr":["85H","85X","91E"],"angle":42.6,"extra":1}},{"type":"Feature","geometry":{"type":"Point","coordinates":[23.042362,40.793724]},"properties":{"lines":"85H, 85X, 91E","color":"#0059a9","mode":"bus","arr":["85H","85X","91E"],"angle":70.9,"extra":1}},{"type":"Feature","geometry":{"type":"Point","coordinates":[23.038824,40.803237]},"properties":{"lines":"85H, 85X, 91E","color":"#0059a9","mode":"bus","arr":["85H","85X","91E"],"angle":72.4,"extra":1}},{"type":"Feature","geometry":{"type":"Point","coordinates":[23.034653,40.812552]},"properties":{"lines":"85H, 85X, 91E","color":"#0059a9","mode":"bus","arr":["85H","85X","91E"],"angle":85.2,"extra":1}},{"type":"Feature","geometry":{"type":"Point","coordinates":[23.048117,40.780101]},"properties":{"lines":"85H, 91E","color":"#0059a9","mode":"bus","arr":["85H","91E"],"angle":-83.2}},{"type":"Feature","geometry":{"type":"Point","coordinates":[23.219949,40.942655]},"properties":{"lines":"85K","color":"#0059a9","mode":"bus","arr":["85K"],"angle":56.4}},{"type":"Feature","geometry":{"type":"Point","coordinates":[23.209857,40.948659]},"properties":{"lines":"85K","color":"#0059a9","mode":"bus","arr":["85K"],"angle":57.9,"extra":1}},{"type":"Feature","geometry":{"type":"Point","coordinates":[23.229941,40.937094]},"properties":{"lines":"85K","color":"#0059a9","mode":"bus","arr":["85K"],"angle":19.9,"extra":1}},{"type":"Feature","geometry":{"type":"Point","coordinates":[23.003365,40.85589]},"properties":{"lines":"85M, 85T, 85Z, 91E","color":"#0059a9","mode":"bus","arr":["85M","85T","85Z","91E"],"angle":-32.6}},{"type":"Feature","geometry":{"type":"Point","coordinates":[22.997514,40.848254]},"properties":{"lines":"85M, 85T, 85Z, 91E","color":"#0059a9","mode":"bus","arr":["85M","85T","85Z","91E"],"angle":-87.5,"extra":1}},{"type":"Feature","geometry":{"type":"Point","coordinates":[23.003784,40.864212]},"properties":{"lines":"85M, 85T, 85Z, 91E","color":"#0059a9","mode":"bus","arr":["85M","85T","85Z","91E"],"angle":81.4,"extra":1}},{"type":"Feature","geometry":{"type":"Point","coordinates":[23.012878,40.847468]},"properties":{"lines":"85M, 85Z, 91E","color":"#0059a9","mode":"bus","arr":["85M","85Z","91E"],"angle":71.3}},{"type":"Feature","geometry":{"type":"Point","coordinates":[23.015653,40.841713]},"properties":{"lines":"85M, 85Z, 91E","color":"#0059a9","mode":"bus","arr":["85M","85Z","91E"],"angle":68.9,"extra":1}},{"type":"Feature","geometry":{"type":"Point","coordinates":[23.010199,40.850596]},"properties":{"lines":"85M, 85Z, 91E","color":"#0059a9","mode":"bus","arr":["85M","85Z","91E"],"angle":55.2,"extra":1}},{"type":"Feature","geometry":{"type":"Point","coordinates":[23.161647,40.896856]},"properties":{"lines":"85N","color":"#0059a9","mode":"bus","arr":["85N"],"angle":63.8}},{"type":"Feature","geometry":{"type":"Point","coordinates":[23.144228,40.90564]},"properties":{"lines":"85N","color":"#0059a9","mode":"bus","arr":["85N"],"angle":38,"extra":1}},{"type":"Feature","geometry":{"type":"Point","coordinates":[23.155529,40.9015]},"properties":{"lines":"85N","color":"#0059a9","mode":"bus","arr":["85N"],"angle":34.2,"extra":1}},{"type":"Feature","geometry":{"type":"Point","coordinates":[23.174733,40.893436]},"properties":{"lines":"85N","color":"#0059a9","mode":"bus","arr":["85N"],"angle":47.5,"extra":1}},{"type":"Feature","geometry":{"type":"Point","coordinates":[23.182782,40.886573]},"properties":{"lines":"85N","color":"#0059a9","mode":"bus","arr":["85N"],"angle":28.5,"extra":1}},{"type":"Feature","geometry":{"type":"Point","coordinates":[23.182272,40.885944]},"properties":{"lines":"85N","color":"#0059a9","mode":"bus","arr":["85N"],"angle":6}},{"type":"Feature","geometry":{"type":"Point","coordinates":[23.235507,40.63303]},"properties":{"lines":"86, 86A, 86B, 86E, 86K, 86M, 86N, 86R, 86T, 91T","color":"#0059a9","mode":"bus","arr":["86","86A","86B","86E","86K","86M","86N","86R","86T","91T"],"angle":0.3}},{"type":"Feature","geometry":{"type":"Point","coordinates":[23.246648,40.635739]},"properties":{"lines":"86, 86A, 86B, 86E, 86K, 86M, 86N, 86R, 86T, 91T","color":"#0059a9","mode":"bus","arr":["86","86A","86B","86E","86K","86M","86N","86R","86T","91T"],"angle":-12.4,"extra":1}},{"type":"Feature","geometry":{"type":"Point","coordinates":[23.221747,40.631874]},"properties":{"lines":"86, 86A, 86B, 86E, 86K, 86M, 86N, 86R, 86T, 91T","color":"#0059a9","mode":"bus","arr":["86","86A","86B","86E","86K","86M","86N","86R","86T","91T"],"angle":-13,"extra":1}},{"type":"Feature","geometry":{"type":"Point","coordinates":[23.078428,40.68091]},"properties":{"lines":"86, 86A, 86B, 86E, 86K, 86M, 86N, 86R, 86T, 91T","color":"#0059a9","mode":"bus","arr":["86","86A","86B","86E","86K","86M","86N","86R","86T","91T"],"angle":43.4}},{"type":"Feature","geometry":{"type":"Point","coordinates":[23.200548,40.632451]},"properties":{"lines":"86, 86A, 86B, 86E, 86K, 86M, 86N, 86R, 86T, 91T","color":"#0059a9","mode":"bus","arr":["86","86A","86B","86E","86K","86M","86N","86R","86T","91T"],"angle":34.6,"extra":1}},{"type":"Feature","geometry":{"type":"Point","coordinates":[23.18337,40.641618]},"properties":{"lines":"86, 86A, 86B, 86E, 86K, 86M, 86N, 86R, 86T, 91T","color":"#0059a9","mode":"bus","arr":["86","86A","86B","86E","86K","86M","86N","86R","86T","91T"],"angle":48,"extra":1}},{"type":"Feature","geometry":{"type":"Point","coordinates":[23.17434,40.648676]},"properties":{"lines":"86, 86A, 86B, 86E, 86K, 86M, 86N, 86R, 86T, 91T","color":"#0059a9","mode":"bus","arr":["86","86A","86B","86E","86K","86M","86N","86R","86T","91T"],"angle":26.2,"extra":1}},{"type":"Feature","geometry":{"type":"Point","coordinates":[23.162578,40.652953]},"properties":{"lines":"86, 86A, 86B, 86E, 86K, 86M, 86N, 86R, 86T, 91T","color":"#0059a9","mode":"bus","arr":["86","86A","86B","86E","86K","86M","86N","86R","86T","91T"],"angle":25.9,"extra":1}},{"type":"Feature","geometry":{"type":"Point","coordinates":[23.150566,40.656547]},"properties":{"lines":"86, 86A, 86B, 86E, 86K, 86M, 86N, 86R, 86T, 91T","color":"#0059a9","mode":"bus","arr":["86","86A","86B","86E","86K","86M","86N","86R","86T","91T"],"angle":1.4,"extra":1}},{"type":"Feature","geometry":{"type":"Point","coordinates":[23.137525,40.656792]},"properties":{"lines":"86, 86A, 86B, 86E, 86K, 86M, 86N, 86R, 86T, 91T","color":"#0059a9","mode":"bus","arr":["86","86A","86B","86E","86K","86M","86N","86R","86T","91T"],"angle":1.5,"extra":1}},{"type":"Feature","geometry":{"type":"Point","coordinates":[23.125495,40.660164]},"properties":{"lines":"86, 86A, 86B, 86E, 86K, 86M, 86N, 86R, 86T, 91T","color":"#0059a9","mode":"bus","arr":["86","86A","86B","86E","86K","86M","86N","86R","86T","91T"],"angle":27.4,"extra":1}},{"type":"Feature","geometry":{"type":"Point","coordinates":[23.107186,40.666993]},"properties":{"lines":"86, 86A, 86B, 86E, 86K, 86M, 86N, 86R, 86T, 91T","color":"#0059a9","mode":"bus","arr":["86","86A","86B","86E","86K","86M","86N","86R","86T","91T"],"angle":24.6,"extra":1}},{"type":"Feature","geometry":{"type":"Point","coordinates":[23.09533,40.671118]},"properties":{"lines":"86, 86A, 86B, 86E, 86K, 86M, 86N, 86R, 86T, 91T","color":"#0059a9","mode":"bus","arr":["86","86A","86B","86E","86K","86M","86N","86R","86T","91T"],"angle":24.6,"extra":1}},{"type":"Feature","geometry":{"type":"Point","coordinates":[23.084184,40.67601]},"properties":{"lines":"86, 86A, 86B, 86E, 86K, 86M, 86N, 86R, 86T, 91T","color":"#0059a9","mode":"bus","arr":["86","86A","86B","86E","86K","86M","86N","86R","86T","91T"],"angle":50,"extra":1}},{"type":"Feature","geometry":{"type":"Point","coordinates":[23.075239,40.683186]},"properties":{"lines":"86, 86A, 86B, 86E, 86K, 86M, 86N, 86R, 86T, 91T","color":"#0059a9","mode":"bus","arr":["86","86A","86B","86E","86K","86M","86N","86R","86T","91T"],"angle":43.3,"extra":1}},{"type":"Feature","geometry":{"type":"Point","coordinates":[23.065775,40.689994]},"properties":{"lines":"86, 86A, 86B, 86E, 86K, 86M, 86N, 86R, 86T, 91T","color":"#0059a9","mode":"bus","arr":["86","86A","86B","86E","86K","86M","86N","86R","86T","91T"],"angle":43.5,"extra":1}},{"type":"Feature","geometry":{"type":"Point","coordinates":[23.055834,40.69639]},"properties":{"lines":"86, 86A, 86B, 86E, 86K, 86M, 86N, 86R, 86T, 91T","color":"#0059a9","mode":"bus","arr":["86","86A","86B","86E","86K","86M","86N","86R","86T","91T"],"angle":38.4,"extra":1}},{"type":"Feature","geometry":{"type":"Point","coordinates":[23.211932,40.630857]},"properties":{"lines":"86, 86B, 86E, 86R, 86T, 91T","color":"#0059a9","mode":"bus","arr":["86","86B","86E","86R","86T","91T"],"angle":-1.9}},{"type":"Feature","geometry":{"type":"Point","coordinates":[23.189407,40.636515]},"properties":{"lines":"86, 86A, 86K, 86M, 86N, 86R, 86T, 91T","color":"#0059a9","mode":"bus","arr":["86","86A","86K","86M","86N","86R","86T","91T"],"angle":39.8}},{"type":"Feature","geometry":{"type":"Point","coordinates":[23.115889,40.664037]},"properties":{"lines":"86, 86T, 91T","color":"#0059a9","mode":"bus","arr":["86","86T","91T"],"angle":26.7}},{"type":"Feature","geometry":{"type":"Point","coordinates":[23.044089,40.705949]},"properties":{"lines":"86, 86T, 91T","color":"#0059a9","mode":"bus","arr":["86","86T","91T"],"angle":51.7}},{"type":"Feature","geometry":{"type":"Point","coordinates":[23.038283,40.711491]},"properties":{"lines":"86, 86T, 91K","color":"#0059a9","mode":"bus","arr":["86","86T","91K"],"angle":45}},{"type":"Feature","geometry":{"type":"Point","coordinates":[23.033883,40.712707]},"properties":{"lines":"86, 86T","color":"#0059a9","mode":"bus","arr":["86","86T"],"angle":14.5}},{"type":"Feature","geometry":{"type":"Point","coordinates":[23.024353,40.717671]},"properties":{"lines":"86, 86A, 86B, 86M, 86R","color":"#0059a9","mode":"bus","arr":["86","86A","86B","86M","86R"],"angle":43.5}},{"type":"Feature","geometry":{"type":"Point","coordinates":[23.014373,40.728229]},"properties":{"lines":"86","color":"#0059a9","mode":"bus","arr":["86"],"angle":29.2}},{"type":"Feature","geometry":{"type":"Point","coordinates":[23.014155,40.724848]},"properties":{"lines":"86A, 86B, 86M, 86R","color":"#0059a9","mode":"bus","arr":["86A","86B","86M","86R"],"angle":36.5}},{"type":"Feature","geometry":{"type":"Point","coordinates":[23.039106,40.707135]},"properties":{"lines":"86A, 86B, 86E, 86K, 86M, 86N, 86R","color":"#0059a9","mode":"bus","arr":["86A","86B","86E","86K","86M","86N","86R"],"angle":43.4}},{"type":"Feature","geometry":{"type":"Point","coordinates":[23.036244,40.709169]},"properties":{"lines":"86A, 86B, 86E, 86K, 86M, 86N, 86R","color":"#0059a9","mode":"bus","arr":["86A","86B","86E","86K","86M","86N","86R"],"angle":43,"extra":1}},{"type":"Feature","geometry":{"type":"Point","coordinates":[23.045879,40.702507]},"properties":{"lines":"86A, 86B, 86E, 86K, 86M, 86N, 86R","color":"#0059a9","mode":"bus","arr":["86A","86B","86E","86K","86M","86N","86R"],"angle":39,"extra":1}},{"type":"Feature","geometry":{"type":"Point","coordinates":[23.115834,40.663953]},"properties":{"lines":"86A, 86B, 86E, 86K, 86M, 86N, 86R, 91T","color":"#0059a9","mode":"bus","arr":["86A","86B","86E","86K","86M","86N","86R","91T"],"angle":25.8}},{"type":"Feature","geometry":{"type":"Point","coordinates":[23.207207,40.631132]},"properties":{"lines":"86A, 86K, 86M, 86N","color":"#0059a9","mode":"bus","arr":["86A","86K","86M","86N"],"angle":49}},{"type":"Feature","geometry":{"type":"Point","coordinates":[23.21834,40.62728]},"properties":{"lines":"86A, 86K, 86M, 86N","color":"#0059a9","mode":"bus","arr":["86A","86K","86M","86N"],"angle":-53}},{"type":"Feature","geometry":{"type":"Point","coordinates":[23.212663,40.629225]},"properties":{"lines":"86A, 86K, 86M, 86N, 91T","color":"#0059a9","mode":"bus","arr":["86A","86K","86M","86N","91T"],"angle":28.9}},{"type":"Feature","geometry":{"type":"Point","coordinates":[23.218276,40.629411]},"properties":{"lines":"86A, 86K, 86M, 86N, 91T","color":"#0059a9","mode":"bus","arr":["86A","86K","86M","86N","91T"],"angle":61.6}},{"type":"Feature","geometry":{"type":"Point","coordinates":[23.220415,40.62517]},"properties":{"lines":"91T","color":"#0059a9","mode":"bus","arr":["91T"],"angle":89.5}},{"type":"Feature","geometry":{"type":"Point","coordinates":[23.188998,40.632992]},"properties":{"lines":"86B, 86E, 91T","color":"#0059a9","mode":"bus","arr":["86B","86E","91T"],"angle":53.9}},{"type":"Feature","geometry":{"type":"Point","coordinates":[23.023993,40.714639]},"properties":{"lines":"86E, 86K, 86N, 86T","color":"#0059a9","mode":"bus","arr":["86E","86K","86N","86T"],"angle":14.2}},{"type":"Feature","geometry":{"type":"Point","coordinates":[23.182249,40.614704]},"properties":{"lines":"86M, 86N, 86R","color":"#0059a9","mode":"bus","arr":["86M","86N","86R"],"angle":-63.7}},{"type":"Feature","geometry":{"type":"Point","coordinates":[23.195737,40.629801]},"properties":{"lines":"86M, 86N, 86R","color":"#0059a9","mode":"bus","arr":["86M","86N","86R"],"angle":-82,"extra":1}},{"type":"Feature","geometry":{"type":"Point","coordinates":[23.190206,40.622487]},"properties":{"lines":"86M, 86N, 86R","color":"#0059a9","mode":"bus","arr":["86M","86N","86R"],"angle":-25,"extra":1}},{"type":"Feature","geometry":{"type":"Point","coordinates":[23.179032,40.605492]},"properties":{"lines":"86M, 86N, 86R","color":"#0059a9","mode":"bus","arr":["86M","86N","86R"],"angle":-71.2,"extra":1}},{"type":"Feature","geometry":{"type":"Point","coordinates":[23.179732,40.597942]},"properties":{"lines":"86M, 86N, 86R","color":"#0059a9","mode":"bus","arr":["86M","86N","86R"],"angle":-1.4,"extra":1}},{"type":"Feature","geometry":{"type":"Point","coordinates":[23.009217,40.494783]},"properties":{"lines":"87A, 87M, 87N, 87R, 87T","color":"#0059a9","mode":"bus","arr":["87A","87M","87N","87R","87T"],"angle":5}},{"type":"Feature","geometry":{"type":"Point","coordinates":[22.991055,40.509234]},"properties":{"lines":"87A, 87M, 87N, 87R, 87T","color":"#0059a9","mode":"bus","arr":["87A","87M","87N","87R","87T"],"angle":83,"extra":1}},{"type":"Feature","geometry":{"type":"Point","coordinates":[22.988943,40.499533]},"properties":{"lines":"87A, 87M, 87N, 87R, 87T","color":"#0059a9","mode":"bus","arr":["87A","87M","87N","87R","87T"],"angle":-76.2,"extra":1}},{"type":"Feature","geometry":{"type":"Point","coordinates":[22.997887,40.496005]},"properties":{"lines":"87A, 87M, 87N, 87R, 87T","color":"#0059a9","mode":"bus","arr":["87A","87M","87N","87R","87T"],"angle":8.2,"extra":1}},{"type":"Feature","geometry":{"type":"Point","coordinates":[23.021065,40.49174]},"properties":{"lines":"87A, 87M, 87N, 87R, 87T","color":"#0059a9","mode":"bus","arr":["87A","87M","87N","87R","87T"],"angle":27.2,"extra":1}},{"type":"Feature","geometry":{"type":"Point","coordinates":[23.033427,40.489257]},"properties":{"lines":"87A, 87M, 87N, 87R, 87T","color":"#0059a9","mode":"bus","arr":["87A","87M","87N","87R","87T"],"angle":8.2,"extra":1}},{"type":"Feature","geometry":{"type":"Point","coordinates":[23.044007,40.484405]},"properties":{"lines":"87A, 87M, 87N, 87R, 87T","color":"#0059a9","mode":"bus","arr":["87A","87M","87N","87R","87T"],"angle":37.5,"extra":1}},{"type":"Feature","geometry":{"type":"Point","coordinates":[23.069451,40.480094]},"properties":{"lines":"87A, 87M, 87N, 87R, 87T","color":"#0059a9","mode":"bus","arr":["87A","87M","87N","87R","87T"],"angle":17.6}},{"type":"Feature","geometry":{"type":"Point","coordinates":[23.05155,40.483316]},"properties":{"lines":"87A, 87M, 87N, 87R, 87T","color":"#0059a9","mode":"bus","arr":["87A","87M","87N","87R","87T"],"angle":15.1,"extra":1}},{"type":"Feature","geometry":{"type":"Point","coordinates":[23.064181,40.481377]},"properties":{"lines":"87A, 87M, 87N, 87R, 87T","color":"#0059a9","mode":"bus","arr":["87A","87M","87N","87R","87T"],"angle":17.6,"extra":1}},{"type":"Feature","geometry":{"type":"Point","coordinates":[23.076566,40.478279]},"properties":{"lines":"87A, 87M, 87N, 87R, 87T","color":"#0059a9","mode":"bus","arr":["87A","87M","87N","87R","87T"],"angle":21.4,"extra":1}},{"type":"Feature","geometry":{"type":"Point","coordinates":[23.088347,40.474114]},"properties":{"lines":"87A, 87M, 87N, 87R, 87T","color":"#0059a9","mode":"bus","arr":["87A","87M","87N","87R","87T"],"angle":14.8,"extra":1}},{"type":"Feature","geometry":{"type":"Point","coordinates":[23.04814,40.481287]},"properties":{"lines":"87A, 87M, 87N, 87R, 87T","color":"#0059a9","mode":"bus","arr":["87A","87M","87N","87R","87T"],"angle":1.1}},{"type":"Feature","geometry":{"type":"Point","coordinates":[23.113406,40.478284]},"properties":{"lines":"87A, 87M, 87N, 87Q, 87R, 87T, 87X","color":"#0059a9","mode":"bus","arr":["87A","87M","87N","87Q","87R","87T","87X"],"angle":-23.2}},{"type":"Feature","geometry":{"type":"Point","coordinates":[23.0965,40.4747]},"properties":{"lines":"87A, 87M, 87N, 87Q, 87R, 87T, 87X","color":"#0059a9","mode":"bus","arr":["87A","87M","87N","87Q","87R","87T","87X"],"angle":-31.5,"extra":1}},{"type":"Feature","geometry":{"type":"Point","coordinates":[23.109015,40.476575]},"properties":{"lines":"87A, 87M, 87N, 87Q, 87R, 87T, 87X","color":"#0059a9","mode":"bus","arr":["87A","87M","87N","87Q","87R","87T","87X"],"angle":-17.1,"extra":1}},{"type":"Feature","geometry":{"type":"Point","coordinates":[23.120325,40.481327]},"properties":{"lines":"87A, 87M, 87N, 87Q, 87R, 87T, 87X","color":"#0059a9","mode":"bus","arr":["87A","87M","87N","87Q","87R","87T","87X"],"angle":-18.2,"extra":1}},{"type":"Feature","geometry":{"type":"Point","coordinates":[23.133162,40.480563]},"properties":{"lines":"87A, 87M, 87N, 87Q, 87R, 87T, 87X","color":"#0059a9","mode":"bus","arr":["87A","87M","87N","87Q","87R","87T","87X"],"angle":20.8,"extra":1}},{"type":"Feature","geometry":{"type":"Point","coordinates":[23.136431,40.479992]},"properties":{"lines":"87A, 87M, 87N, 87Q, 87R, 87T","color":"#0059a9","mode":"bus","arr":["87A","87M","87N","87Q","87R","87T"],"angle":-67.1}},{"type":"Feature","geometry":{"type":"Point","coordinates":[23.13759,40.478761]},"properties":{"lines":"87A, 87M, 87N, 87R, 87X","color":"#0059a9","mode":"bus","arr":["87A","87M","87N","87R","87X"],"angle":65.1}},{"type":"Feature","geometry":{"type":"Point","coordinates":[23.049924,40.483615]},"properties":{"lines":"87A, 87M, 87N, 87R","color":"#0059a9","mode":"bus","arr":["87A","87M","87N","87R"],"angle":8.2}},{"type":"Feature","geometry":{"type":"Point","coordinates":[23.000059,40.495913]},"properties":{"lines":"87A, 87M, 87N, 87R","color":"#0059a9","mode":"bus","arr":["87A","87M","87N","87R"],"angle":-0.2}},{"type":"Feature","geometry":{"type":"Point","coordinates":[22.987943,40.512638]},"properties":{"lines":"87A, 87M, 87N, 87R","color":"#0059a9","mode":"bus","arr":["87A","87M","87N","87R"],"angle":47.4}},{"type":"Feature","geometry":{"type":"Point","coordinates":[23.097843,40.501381]},"properties":{"lines":"87B, 87E, 87F, 87H, 87L, 87P","color":"#0059a9","mode":"bus","arr":["87B","87E","87F","87H","87L","87P"],"angle":25.1}},{"type":"Feature","geometry":{"type":"Point","coordinates":[23.105661,40.497855]},"properties":{"lines":"87B, 87E, 87F, 87H, 87L, 87P, 87Q","color":"#0059a9","mode":"bus","arr":["87B","87E","87F","87H","87L","87P","87Q"],"angle":33.6}},{"type":"Feature","geometry":{"type":"Point","coordinates":[23.153217,40.518775]},"properties":{"lines":"87B, 87P, 87Z","color":"#0059a9","mode":"bus","arr":["87B","87P","87Z"],"angle":-59.9}},{"type":"Feature","geometry":{"type":"Point","coordinates":[23.164258,40.546766]},"properties":{"lines":"87B, 87P, 87Z","color":"#0059a9","mode":"bus","arr":["87B","87P","87Z"],"angle":-82.6,"extra":1}},{"type":"Feature","geometry":{"type":"Point","coordinates":[23.163699,40.541866]},"properties":{"lines":"87B, 87P, 87Z","color":"#0059a9","mode":"bus","arr":["87B","87P","87Z"],"angle":11.9,"extra":1}},{"type":"Feature","geometry":{"type":"Point","coordinates":[23.162164,40.534065]},"properties":{"lines":"87B, 87P, 87Z","color":"#0059a9","mode":"bus","arr":["87B","87P","87Z"],"angle":-41.8,"extra":1}},{"type":"Feature","geometry":{"type":"Point","coordinates":[23.158836,40.527474]},"properties":{"lines":"87B, 87P, 87Z","color":"#0059a9","mode":"bus","arr":["87B","87P","87Z"],"angle":73.6,"extra":1}},{"type":"Feature","geometry":{"type":"Point","coordinates":[23.144113,40.517097]},"properties":{"lines":"87B, 87P, 87Z","color":"#0059a9","mode":"bus","arr":["87B","87P","87Z"],"angle":-49.9,"extra":1}},{"type":"Feature","geometry":{"type":"Point","coordinates":[23.135969,40.512444]},"properties":{"lines":"87B, 87P, 87Z","color":"#0059a9","mode":"bus","arr":["87B","87P","87Z"],"angle":-78,"extra":1}},{"type":"Feature","geometry":{"type":"Point","coordinates":[23.130292,40.505433]},"properties":{"lines":"87B, 87P, 87Z","color":"#0059a9","mode":"bus","arr":["87B","87P","87Z"],"angle":-59.2,"extra":1}},{"type":"Feature","geometry":{"type":"Point","coordinates":[23.120076,40.499746]},"properties":{"lines":"87B, 87P, 87Z","color":"#0059a9","mode":"bus","arr":["87B","87P","87Z"],"angle":-27.8,"extra":1}},{"type":"Feature","geometry":{"type":"Point","coordinates":[23.195378,40.526261]},"properties":{"lines":"87B, 87Z","color":"#0059a9","mode":"bus","arr":["87B","87Z"],"angle":72.6}},{"type":"Feature","geometry":{"type":"Point","coordinates":[23.174146,40.544891]},"properties":{"lines":"87B, 87Z","color":"#0059a9","mode":"bus","arr":["87B","87Z"],"angle":-60.1,"extra":1}},{"type":"Feature","geometry":{"type":"Point","coordinates":[23.180994,40.538161]},"properties":{"lines":"87B, 87Z","color":"#0059a9","mode":"bus","arr":["87B","87Z"],"angle":74.1,"extra":1}},{"type":"Feature","geometry":{"type":"Point","coordinates":[23.188415,40.532891]},"properties":{"lines":"87B, 87Z","color":"#0059a9","mode":"bus","arr":["87B","87Z"],"angle":-22.2,"extra":1}},{"type":"Feature","geometry":{"type":"Point","coordinates":[23.198186,40.523228]},"properties":{"lines":"87B, 87Z","color":"#0059a9","mode":"bus","arr":["87B","87Z"],"angle":-7.8,"extra":1}},{"type":"Feature","geometry":{"type":"Point","coordinates":[23.20299,40.520985]},"properties":{"lines":"87B, 87Z","color":"#0059a9","mode":"bus","arr":["87B","87Z"],"angle":-72.9,"extra":1}},{"type":"Feature","geometry":{"type":"Point","coordinates":[23.215102,40.520388]},"properties":{"lines":"87B, 87Z","color":"#0059a9","mode":"bus","arr":["87B","87Z"],"angle":41.9,"extra":1}},{"type":"Feature","geometry":{"type":"Point","coordinates":[23.12537,40.486621]},"properties":{"lines":"87B, 87E, 87F, 87H, 87L, 87P, 87Z","color":"#0059a9","mode":"bus","arr":["87B","87E","87F","87H","87L","87P","87Z"],"angle":-10.6}},{"type":"Feature","geometry":{"type":"Point","coordinates":[23.136816,40.486955]},"properties":{"lines":"87B, 87E, 87F, 87H, 87L, 87P, 87Q, 87Z","color":"#0059a9","mode":"bus","arr":["87B","87E","87F","87H","87L","87P","87Q","87Z"],"angle":19.5}},{"type":"Feature","geometry":{"type":"Point","coordinates":[23.125389,40.486699]},"properties":{"lines":"87E, 87F, 87H, 87L, 87Q, 87Z","color":"#0059a9","mode":"bus","arr":["87E","87F","87H","87L","87Q","87Z"],"angle":-10.3}},{"type":"Feature","geometry":{"type":"Point","coordinates":[23.097888,40.501454]},"properties":{"lines":"87E, 87F, 87H, 87L, 87Q","color":"#0059a9","mode":"bus","arr":["87E","87F","87H","87L","87Q"],"angle":25.6}},{"type":"Feature","geometry":{"type":"Point","coordinates":[23.069926,40.523021]},"properties":{"lines":"87F, 87H","color":"#0059a9","mode":"bus","arr":["87F","87H"],"angle":-62}},{"type":"Feature","geometry":{"type":"Point","coordinates":[23.092565,40.454143]},"properties":{"lines":"87M, 87N, 87Q, 87T, 87X","color":"#0059a9","mode":"bus","arr":["87M","87N","87Q","87T","87X"],"angle":85.3}},{"type":"Feature","geometry":{"type":"Point","coordinates":[23.09302,40.467617]},"properties":{"lines":"87M, 87N, 87Q, 87T, 87X","color":"#0059a9","mode":"bus","arr":["87M","87N","87Q","87T","87X"],"angle":85.9,"extra":1}},{"type":"Feature","geometry":{"type":"Point","coordinates":[23.090684,40.458387]},"properties":{"lines":"87M, 87N, 87Q, 87T, 87X","color":"#0059a9","mode":"bus","arr":["87M","87N","87Q","87T","87X"],"angle":-77.4,"extra":1}},{"type":"Feature","geometry":{"type":"Point","coordinates":[23.089699,40.449451]},"properties":{"lines":"87M, 87N, 87Q, 87T, 87X","color":"#0059a9","mode":"bus","arr":["87M","87N","87Q","87T","87X"],"angle":-58.7,"extra":1}},{"type":"Feature","geometry":{"type":"Point","coordinates":[23.090357,40.440783]},"properties":{"lines":"87M, 87N, 87Q, 87T, 87X","color":"#0059a9","mode":"bus","arr":["87M","87N","87Q","87T","87X"],"angle":60.2,"extra":1}},{"type":"Feature","geometry":{"type":"Point","coordinates":[23.111422,40.436804]},"properties":{"lines":"87M, 87Q, 87X","color":"#0059a9","mode":"bus","arr":["87M","87Q","87X"],"angle":-37.1}},{"type":"Feature","geometry":{"type":"Point","coordinates":[23.096887,40.433386]},"properties":{"lines":"87M, 87Q, 87X","color":"#0059a9","mode":"bus","arr":["87M","87Q","87X"],"angle":35,"extra":1}},{"type":"Feature","geometry":{"type":"Point","coordinates":[23.106835,40.432177]},"properties":{"lines":"87M, 87Q, 87X","color":"#0059a9","mode":"bus","arr":["87M","87Q","87X"],"angle":-35.2,"extra":1}},{"type":"Feature","geometry":{"type":"Point","coordinates":[23.115533,40.438225]},"properties":{"lines":"87M, 87Q, 87X","color":"#0059a9","mode":"bus","arr":["87M","87Q","87X"],"angle":30.7,"extra":1}},{"type":"Feature","geometry":{"type":"Point","coordinates":[23.125357,40.431764]},"properties":{"lines":"87M, 87Q, 87X","color":"#0059a9","mode":"bus","arr":["87M","87Q","87X"],"angle":27,"extra":1}},{"type":"Feature","geometry":{"type":"Point","coordinates":[23.13468,40.432148]},"properties":{"lines":"87M, 87X","color":"#0059a9","mode":"bus","arr":["87M","87X"],"angle":-22.4}},{"type":"Feature","geometry":{"type":"Point","coordinates":[23.133461,40.433776]},"properties":{"lines":"87M, 87Q","color":"#0059a9","mode":"bus","arr":["87M","87Q"],"angle":-32.2}},{"type":"Feature","geometry":{"type":"Point","coordinates":[23.090811,40.436942]},"properties":{"lines":"87N, 87T","color":"#0059a9","mode":"bus","arr":["87N","87T"],"angle":76}},{"type":"Feature","geometry":{"type":"Point","coordinates":[23.021302,40.486928]},"properties":{"lines":"87R, 87T","color":"#0059a9","mode":"bus","arr":["87R","87T"],"angle":-1.3}},{"type":"Feature","geometry":{"type":"Point","coordinates":[23.023372,40.490384]},"properties":{"lines":"87T","color":"#0059a9","mode":"bus","arr":["87T"],"angle":-87.9}},{"type":"Feature","geometry":{"type":"Point","coordinates":[22.967948,40.500898]},"properties":{"lines":"88, 88B, 88E, 88H, 88K, 88M, 88N","color":"#0059a9","mode":"bus","arr":["88","88B","88E","88H","88K","88M","88N"],"angle":51.7}},{"type":"Feature","geometry":{"type":"Point","coordinates":[22.973418,40.477216]},"properties":{"lines":"88, 88B, 88E, 88H, 88K, 88M, 88N","color":"#0059a9","mode":"bus","arr":["88","88B","88E","88H","88K","88M","88N"],"angle":-56.1}},{"type":"Feature","geometry":{"type":"Point","coordinates":[22.972496,40.468704]},"properties":{"lines":"88, 88B, 88E, 88H, 88K, 88M, 88N","color":"#0059a9","mode":"bus","arr":["88","88B","88E","88H","88K","88M","88N"],"angle":27.4}},{"type":"Feature","geometry":{"type":"Point","coordinates":[22.972324,40.487798]},"properties":{"lines":"88, 88A, 88B, 88E, 88H, 88K, 88M, 88N","color":"#0059a9","mode":"bus","arr":["88","88A","88B","88E","88H","88K","88M","88N"],"angle":69.4}},{"type":"Feature","geometry":{"type":"Point","coordinates":[22.977208,40.480456]},"properties":{"lines":"88, 88A, 88B, 88E, 88H, 88K, 88M, 88N","color":"#0059a9","mode":"bus","arr":["88","88A","88B","88E","88H","88K","88M","88N"],"angle":82.3,"extra":1}},{"type":"Feature","geometry":{"type":"Point","coordinates":[22.969814,40.498455]},"properties":{"lines":"88, 88A, 88B, 88E, 88H, 88K, 88M, 88N","color":"#0059a9","mode":"bus","arr":["88","88A","88B","88E","88H","88K","88M","88N"],"angle":76.7,"extra":1}},{"type":"Feature","geometry":{"type":"Point","coordinates":[22.970505,40.473302]},"properties":{"lines":"88, 88A, 88B, 88E, 88H, 88K, 88M, 88N","color":"#0059a9","mode":"bus","arr":["88","88A","88B","88E","88H","88K","88M","88N"],"angle":-60.5}},{"type":"Feature","geometry":{"type":"Point","coordinates":[22.993615,40.459296]},"properties":{"lines":"88, 88A, 88B, 88E, 88H, 88K, 88M, 88N","color":"#0059a9","mode":"bus","arr":["88","88A","88B","88E","88H","88K","88M","88N"],"angle":82.9}},{"type":"Feature","geometry":{"type":"Point","coordinates":[22.978661,40.464155]},"properties":{"lines":"88, 88A, 88B, 88E, 88H, 88K, 88M, 88N","color":"#0059a9","mode":"bus","arr":["88","88A","88B","88E","88H","88K","88M","88N"],"angle":74.1,"extra":1}},{"type":"Feature","geometry":{"type":"Point","coordinates":[22.986475,40.45738]},"properties":{"lines":"88, 88A, 88B, 88E, 88H, 88K, 88M, 88N","color":"#0059a9","mode":"bus","arr":["88","88A","88B","88E","88H","88K","88M","88N"],"angle":15.1,"extra":1}},{"type":"Feature","geometry":{"type":"Point","coordinates":[22.992871,40.462371]},"properties":{"lines":"88, 88A, 88B, 88E, 88H, 88K, 88M, 88N","color":"#0059a9","mode":"bus","arr":["88","88A","88B","88E","88H","88K","88M","88N"],"angle":78.3,"extra":1}},{"type":"Feature","geometry":{"type":"Point","coordinates":[22.992369,40.470169]},"properties":{"lines":"88, 88A, 88B, 88E, 88H, 88K, 88M, 88N","color":"#0059a9","mode":"bus","arr":["88","88A","88B","88E","88H","88K","88M","88N"],"angle":84.1,"extra":1}},{"type":"Feature","geometry":{"type":"Point","coordinates":[22.969572,40.467234]},"properties":{"lines":"88, 88A, 88B, 88E, 88H, 88K, 88M, 88N","color":"#0059a9","mode":"bus","arr":["88","88A","88B","88E","88H","88K","88M","88N"],"angle":10.5}},{"type":"Feature","geometry":{"type":"Point","coordinates":[22.998348,40.461492]},"properties":{"lines":"88, 88E, 88H, 88K, 88M, 88N","color":"#0059a9","mode":"bus","arr":["88","88E","88H","88K","88M","88N"],"angle":71.2}},{"type":"Feature","geometry":{"type":"Point","coordinates":[23.02661,40.425166]},"properties":{"lines":"88, 88E, 88H, 88K, 88M, 88N","color":"#0059a9","mode":"bus","arr":["88","88E","88H","88K","88M","88N"],"angle":1.4}},{"type":"Feature","geometry":{"type":"Point","coordinates":[23.029607,40.427026]},"properties":{"lines":"88, 88E, 88H, 88K, 88M, 88N","color":"#0059a9","mode":"bus","arr":["88","88E","88H","88K","88M","88N"],"angle":-55.2,"extra":1}},{"type":"Feature","geometry":{"type":"Point","coordinates":[23.021855,40.427362]},"properties":{"lines":"88, 88E, 88H, 88K, 88M, 88N","color":"#0059a9","mode":"bus","arr":["88","88E","88H","88K","88M","88N"],"angle":-11.2,"extra":1}},{"type":"Feature","geometry":{"type":"Point","coordinates":[23.021468,40.413849]},"properties":{"lines":"88, 88E, 88H, 88K, 88M, 88N","color":"#0059a9","mode":"bus","arr":["88","88E","88H","88K","88M","88N"],"angle":-10.8}},{"type":"Feature","geometry":{"type":"Point","coordinates":[23.010216,40.41371]},"properties":{"lines":"88, 88E, 88H, 88K, 88M, 88N","color":"#0059a9","mode":"bus","arr":["88","88E","88H","88K","88M","88N"],"angle":-52.9,"extra":1}},{"type":"Feature","geometry":{"type":"Point","coordinates":[23.021145,40.423608]},"properties":{"lines":"88, 88E, 88H, 88K, 88M, 88N","color":"#0059a9","mode":"bus","arr":["88","88E","88H","88K","88M","88N"],"angle":65.4,"extra":1}},{"type":"Feature","geometry":{"type":"Point","coordinates":[23.019143,40.426403]},"properties":{"lines":"88, 88E, 88H, 88K, 88M, 88N","color":"#0059a9","mode":"bus","arr":["88","88E","88H","88K","88M","88N"],"angle":69.5}},{"type":"Feature","geometry":{"type":"Point","coordinates":[23.001694,40.458656]},"properties":{"lines":"88, 88E, 88K, 88M","color":"#0059a9","mode":"bus","arr":["88","88E","88K","88M"],"angle":29}},{"type":"Feature","geometry":{"type":"Point","coordinates":[23.005856,40.412406]},"properties":{"lines":"88, 88E, 88K, 88M","color":"#0059a9","mode":"bus","arr":["88","88E","88K","88M"],"angle":-21.8}},{"type":"Feature","geometry":{"type":"Point","coordinates":[23.011774,40.413458]},"properties":{"lines":"88, 88E, 88K, 88M","color":"#0059a9","mode":"bus","arr":["88","88E","88K","88M"],"angle":13.2}},{"type":"Feature","geometry":{"type":"Point","coordinates":[22.998575,40.462011]},"properties":{"lines":"88, 88E, 88K, 88M","color":"#0059a9","mode":"bus","arr":["88","88E","88K","88M"],"angle":77.1}},{"type":"Feature","geometry":{"type":"Point","coordinates":[23.018681,40.445903]},"properties":{"lines":"88, 88E, 88M","color":"#0059a9","mode":"bus","arr":["88","88E","88M"],"angle":-65.8}},{"type":"Feature","geometry":{"type":"Point","coordinates":[23.028373,40.436785]},"properties":{"lines":"88, 88E, 88M","color":"#0059a9","mode":"bus","arr":["88","88E","88M"],"angle":76.9,"extra":1}},{"type":"Feature","geometry":{"type":"Point","coordinates":[23.019987,40.443081]},"properties":{"lines":"88, 88E, 88M","color":"#0059a9","mode":"bus","arr":["88","88E","88M"],"angle":33.5,"extra":1}},{"type":"Feature","geometry":{"type":"Point","coordinates":[23.016278,40.450763]},"properties":{"lines":"88, 88E, 88M","color":"#0059a9","mode":"bus","arr":["88","88E","88M"],"angle":26.6,"extra":1}},{"type":"Feature","geometry":{"type":"Point","coordinates":[23.006073,40.454932]},"properties":{"lines":"88, 88E, 88M","color":"#0059a9","mode":"bus","arr":["88","88E","88M"],"angle":48.1,"extra":1}},{"type":"Feature","geometry":{"type":"Point","coordinates":[23.027957,40.427867]},"properties":{"lines":"88, 88E, 88M","color":"#0059a9","mode":"bus","arr":["88","88E","88M"],"angle":-2.9}},{"type":"Feature","geometry":{"type":"Point","coordinates":[23.005642,40.411399]},"properties":{"lines":"88, 88E, 88K, 88M, 88N","color":"#0059a9","mode":"bus","arr":["88","88E","88K","88M","88N"],"angle":77.2}},{"type":"Feature","geometry":{"type":"Point","coordinates":[22.99471,40.469088]},"properties":{"lines":"88, 88A, 88B, 88E, 88K, 88M","color":"#0059a9","mode":"bus","arr":["88","88A","88B","88E","88K","88M"],"angle":49.1}},{"type":"Feature","geometry":{"type":"Point","coordinates":[22.973585,40.471637]},"properties":{"lines":"88, 88A, 88E, 88K, 88M","color":"#0059a9","mode":"bus","arr":["88","88A","88E","88K","88M"],"angle":50.8}},{"type":"Feature","geometry":{"type":"Point","coordinates":[22.97354,40.477173]},"properties":{"lines":"88, 88A, 88E, 88K, 88M","color":"#0059a9","mode":"bus","arr":["88","88A","88E","88K","88M"],"angle":-48.3}},{"type":"Feature","geometry":{"type":"Point","coordinates":[22.974638,40.505574]},"properties":{"lines":"88A","color":"#0059a9","mode":"bus","arr":["88A"],"angle":67.2}},{"type":"Feature","geometry":{"type":"Point","coordinates":[22.986643,40.48925]},"properties":{"lines":"88A, 88B","color":"#0059a9","mode":"bus","arr":["88A","88B"],"angle":75.3}},{"type":"Feature","geometry":{"type":"Point","coordinates":[22.979836,40.502299]},"properties":{"lines":"88A, 88B","color":"#0059a9","mode":"bus","arr":["88A","88B"],"angle":33.1,"extra":1}},{"type":"Feature","geometry":{"type":"Point","coordinates":[22.98463,40.493358]},"properties":{"lines":"88A, 88B","color":"#0059a9","mode":"bus","arr":["88A","88B"],"angle":70.6,"extra":1}},{"type":"Feature","geometry":{"type":"Point","coordinates":[22.989265,40.48413]},"properties":{"lines":"88A, 88B","color":"#0059a9","mode":"bus","arr":["88A","88B"],"angle":69.6,"extra":1}},{"type":"Feature","geometry":{"type":"Point","coordinates":[22.992303,40.474733]},"properties":{"lines":"88A, 88B","color":"#0059a9","mode":"bus","arr":["88A","88B"],"angle":-78.2,"extra":1}},{"type":"Feature","geometry":{"type":"Point","coordinates":[22.99692,40.466354]},"properties":{"lines":"88A, 88B","color":"#0059a9","mode":"bus","arr":["88A","88B"],"angle":74.2}},{"type":"Feature","geometry":{"type":"Point","coordinates":[22.966781,40.465908]},"properties":{"lines":"88B","color":"#0059a9","mode":"bus","arr":["88B"],"angle":74.9}},{"type":"Feature","geometry":{"type":"Point","coordinates":[22.974788,40.505581]},"properties":{"lines":"88B","color":"#0059a9","mode":"bus","arr":["88B"],"angle":78.8}},{"type":"Feature","geometry":{"type":"Point","coordinates":[22.983211,40.398107]},"properties":{"lines":"88E, 88H","color":"#0059a9","mode":"bus","arr":["88E","88H"],"angle":-34.8}},{"type":"Feature","geometry":{"type":"Point","coordinates":[22.962152,40.397137]},"properties":{"lines":"88E, 88H","color":"#0059a9","mode":"bus","arr":["88E","88H"],"angle":-12.8,"extra":1}},{"type":"Feature","geometry":{"type":"Point","coordinates":[22.974371,40.398901]},"properties":{"lines":"88E, 88H","color":"#0059a9","mode":"bus","arr":["88E","88H"],"angle":16.1,"extra":1}},{"type":"Feature","geometry":{"type":"Point","coordinates":[22.997282,40.404632]},"properties":{"lines":"88E, 88H","color":"#0059a9","mode":"bus","arr":["88E","88H"],"angle":-38,"extra":1}},{"type":"Feature","geometry":{"type":"Point","coordinates":[22.935319,40.425631]},"properties":{"lines":"88E, 88H","color":"#0059a9","mode":"bus","arr":["88E","88H"],"angle":84.2}},{"type":"Feature","geometry":{"type":"Point","coordinates":[22.932989,40.429018]},"properties":{"lines":"88E","color":"#0059a9","mode":"bus","arr":["88E"],"angle":49.8}},{"type":"Feature","geometry":{"type":"Point","coordinates":[23.011113,40.443754]},"properties":{"lines":"88H, 88K, 88N","color":"#0059a9","mode":"bus","arr":["88H","88K","88N"],"angle":79.8}},{"type":"Feature","geometry":{"type":"Point","coordinates":[23.003148,40.456451]},"properties":{"lines":"88H, 88K, 88N","color":"#0059a9","mode":"bus","arr":["88H","88K","88N"],"angle":47.7,"extra":1}},{"type":"Feature","geometry":{"type":"Point","coordinates":[23.010262,40.448329]},"properties":{"lines":"88H, 88K, 88N","color":"#0059a9","mode":"bus","arr":["88H","88K","88N"],"angle":75.4,"extra":1}},{"type":"Feature","geometry":{"type":"Point","coordinates":[23.013428,40.438799]},"properties":{"lines":"88H, 88K, 88N","color":"#0059a9","mode":"bus","arr":["88H","88K","88N"],"angle":66.8,"extra":1}},{"type":"Feature","geometry":{"type":"Point","coordinates":[23.018468,40.42968]},"properties":{"lines":"88H, 88K, 88N","color":"#0059a9","mode":"bus","arr":["88H","88K","88N"],"angle":74.5,"extra":1}},{"type":"Feature","geometry":{"type":"Point","coordinates":[23.027259,40.429798]},"properties":{"lines":"88H, 88K, 88N","color":"#0059a9","mode":"bus","arr":["88H","88K","88N"],"angle":-57.1}},{"type":"Feature","geometry":{"type":"Point","coordinates":[23.028459,40.405128]},"properties":{"lines":"88M, 88N","color":"#0059a9","mode":"bus","arr":["88M","88N"],"angle":54}},{"type":"Feature","geometry":{"type":"Point","coordinates":[23.023958,40.409455]},"properties":{"lines":"88M, 88N","color":"#0059a9","mode":"bus","arr":["88M","88N"],"angle":40.1,"extra":1}},{"type":"Feature","geometry":{"type":"Point","coordinates":[23.030486,40.401739]},"properties":{"lines":"88M, 88N","color":"#0059a9","mode":"bus","arr":["88M","88N"],"angle":77.8,"extra":1}},{"type":"Feature","geometry":{"type":"Point","coordinates":[23.034915,40.396491]},"properties":{"lines":"88M, 88N","color":"#0059a9","mode":"bus","arr":["88M","88N"],"angle":-69.7}},{"type":"Feature","geometry":{"type":"Point","coordinates":[23.034288,40.393882]},"properties":{"lines":"88N","color":"#0059a9","mode":"bus","arr":["88N"],"angle":31.8}},{"type":"Feature","geometry":{"type":"Point","coordinates":[22.772001,40.748387]},"properties":{"lines":"89A","color":"#0059a9","mode":"bus","arr":["89A"],"angle":66.9}},{"type":"Feature","geometry":{"type":"Point","coordinates":[22.760162,40.785803]},"properties":{"lines":"89A","color":"#0059a9","mode":"bus","arr":["89A"],"angle":-70.4}},{"type":"Feature","geometry":{"type":"Point","coordinates":[22.776747,40.803477]},"properties":{"lines":"89A","color":"#0059a9","mode":"bus","arr":["89A"],"angle":12.5,"extra":1}},{"type":"Feature","geometry":{"type":"Point","coordinates":[22.771564,40.79718]},"properties":{"lines":"89A","color":"#0059a9","mode":"bus","arr":["89A"],"angle":-17.5,"extra":1}},{"type":"Feature","geometry":{"type":"Point","coordinates":[22.765814,40.790384]},"properties":{"lines":"89A","color":"#0059a9","mode":"bus","arr":["89A"],"angle":10.8,"extra":1}},{"type":"Feature","geometry":{"type":"Point","coordinates":[22.756919,40.775842]},"properties":{"lines":"89A","color":"#0059a9","mode":"bus","arr":["89A"],"angle":-76.2,"extra":1}},{"type":"Feature","geometry":{"type":"Point","coordinates":[22.758327,40.766069]},"properties":{"lines":"89A","color":"#0059a9","mode":"bus","arr":["89A"],"angle":65.5,"extra":1}},{"type":"Feature","geometry":{"type":"Point","coordinates":[22.763329,40.757283]},"properties":{"lines":"89A","color":"#0059a9","mode":"bus","arr":["89A"],"angle":-89.7,"extra":1}},{"type":"Feature","geometry":{"type":"Point","coordinates":[22.782742,40.71199]},"properties":{"lines":"89A","color":"#0059a9","mode":"bus","arr":["89A"],"angle":59}},{"type":"Feature","geometry":{"type":"Point","coordinates":[22.775952,40.726514]},"properties":{"lines":"89A","color":"#0059a9","mode":"bus","arr":["89A"],"angle":80.8}},{"type":"Feature","geometry":{"type":"Point","coordinates":[22.77523,40.730146]},"properties":{"lines":"89A","color":"#0059a9","mode":"bus","arr":["89A"],"angle":82.5,"extra":1}},{"type":"Feature","geometry":{"type":"Point","coordinates":[22.777042,40.720362]},"properties":{"lines":"89A","color":"#0059a9","mode":"bus","arr":["89A"],"angle":80,"extra":1}},{"type":"Feature","geometry":{"type":"Point","coordinates":[22.76756,40.752756]},"properties":{"lines":"89A","color":"#0059a9","mode":"bus","arr":["89A"],"angle":-13.9}},{"type":"Feature","geometry":{"type":"Point","coordinates":[22.691801,40.733496]},"properties":{"lines":"89B, 89E, 89K, 89N","color":"#0059a9","mode":"bus","arr":["89B","89E","89K","89N"],"angle":-72.2}},{"type":"Feature","geometry":{"type":"Point","coordinates":[22.690624,40.728865]},"properties":{"lines":"89B, 89E, 89K, 89N","color":"#0059a9","mode":"bus","arr":["89B","89E","89K","89N"],"angle":31.7,"extra":1}},{"type":"Feature","geometry":{"type":"Point","coordinates":[22.70513,40.747313]},"properties":{"lines":"89B, 89E, 89K, 89N","color":"#0059a9","mode":"bus","arr":["89B","89E","89K","89N"],"angle":-89.8}},{"type":"Feature","geometry":{"type":"Point","coordinates":[22.703499,40.736375]},"properties":{"lines":"89B, 89E, 89K, 89N","color":"#0059a9","mode":"bus","arr":["89B","89E","89K","89N"],"angle":-82.9,"extra":1}},{"type":"Feature","geometry":{"type":"Point","coordinates":[22.705754,40.755816]},"properties":{"lines":"89B, 89E, 89K, 89N","color":"#0059a9","mode":"bus","arr":["89B","89E","89K","89N"],"angle":78.1,"extra":1}},{"type":"Feature","geometry":{"type":"Point","coordinates":[22.706282,40.764755]},"properties":{"lines":"89B, 89E, 89K, 89N","color":"#0059a9","mode":"bus","arr":["89B","89E","89K","89N"],"angle":-30.5}},{"type":"Feature","geometry":{"type":"Point","coordinates":[22.709227,40.770047]},"properties":{"lines":"89B, 89E, 89K, 89N","color":"#0059a9","mode":"bus","arr":["89B","89E","89K","89N"],"angle":-55.7}},{"type":"Feature","geometry":{"type":"Point","coordinates":[22.702129,40.762684]},"properties":{"lines":"89B, 89K","color":"#0059a9","mode":"bus","arr":["89B","89K"],"angle":-80.2}},{"type":"Feature","geometry":{"type":"Point","coordinates":[22.702102,40.762973]},"properties":{"lines":"89B, 89E, 89N","color":"#0059a9","mode":"bus","arr":["89B","89E","89N"],"angle":-29.2}},{"type":"Feature","geometry":{"type":"Point","coordinates":[22.711794,40.771983]},"properties":{"lines":"89B, 89E","color":"#0059a9","mode":"bus","arr":["89B","89E"],"angle":-65.3}},{"type":"Feature","geometry":{"type":"Point","coordinates":[22.689059,40.780998]},"properties":{"lines":"89B, 89E","color":"#0059a9","mode":"bus","arr":["89B","89E"],"angle":60.4}},{"type":"Feature","geometry":{"type":"Point","coordinates":[22.698884,40.767214]},"properties":{"lines":"89B, 89E","color":"#0059a9","mode":"bus","arr":["89B","89E"],"angle":64.6,"extra":1}},{"type":"Feature","geometry":{"type":"Point","coordinates":[22.692686,40.775304]},"properties":{"lines":"89B, 89E","color":"#0059a9","mode":"bus","arr":["89B","89E"],"angle":69.1,"extra":1}},{"type":"Feature","geometry":{"type":"Point","coordinates":[22.686878,40.784071]},"properties":{"lines":"89B, 89E","color":"#0059a9","mode":"bus","arr":["89B","89E"],"angle":54,"extra":1}},{"type":"Feature","geometry":{"type":"Point","coordinates":[22.675952,40.78795]},"properties":{"lines":"89B, 89E","color":"#0059a9","mode":"bus","arr":["89B","89E"],"angle":24.5,"extra":1}},{"type":"Feature","geometry":{"type":"Point","coordinates":[22.667806,40.811162]},"properties":{"lines":"89B, 89E, 89K, 89N, 90E","color":"#0059a9","mode":"bus","arr":["89B","89E","89K","89N","90E"],"angle":58.8}},{"type":"Feature","geometry":{"type":"Point","coordinates":[22.668131,40.801216]},"properties":{"lines":"89B, 89E, 89K, 89N, 90E","color":"#0059a9","mode":"bus","arr":["89B","89E","89K","89N","90E"],"angle":-89.1,"extra":1}},{"type":"Feature","geometry":{"type":"Point","coordinates":[22.65941,40.81703]},"properties":{"lines":"89B, 89E, 89K, 89N, 90E","color":"#0059a9","mode":"bus","arr":["89B","89E","89K","89N","90E"],"angle":46.1,"extra":1}},{"type":"Feature","geometry":{"type":"Point","coordinates":[22.65803,40.827122]},"properties":{"lines":"89B, 89E, 89K, 89N, 90E","color":"#0059a9","mode":"bus","arr":["89B","89E","89K","89N","90E"],"angle":68.3,"extra":1}},{"type":"Feature","geometry":{"type":"Point","coordinates":[22.661023,40.836198]},"properties":{"lines":"89B, 89E, 89K, 89N, 90E","color":"#0059a9","mode":"bus","arr":["89B","89E","89K","89N","90E"],"angle":-70,"extra":1}},{"type":"Feature","geometry":{"type":"Point","coordinates":[22.652438,40.839908]},"properties":{"lines":"89B, 89E, 89K, 89N, 90E","color":"#0059a9","mode":"bus","arr":["89B","89E","89K","89N","90E"],"angle":39.3,"extra":1}},{"type":"Feature","geometry":{"type":"Point","coordinates":[22.667169,40.794417]},"properties":{"lines":"89B, 89E, 90E","color":"#0059a9","mode":"bus","arr":["89B","89E","90E"],"angle":-74.3}},{"type":"Feature","geometry":{"type":"Point","coordinates":[22.659395,40.823014]},"properties":{"lines":"89E, 89N, 90E","color":"#0059a9","mode":"bus","arr":["89E","89N","90E"],"angle":-77.2}},{"type":"Feature","geometry":{"type":"Point","coordinates":[22.651397,40.843699]},"properties":{"lines":"89E, 89N, 90E","color":"#0059a9","mode":"bus","arr":["89E","89N","90E"],"angle":-80.1}},{"type":"Feature","geometry":{"type":"Point","coordinates":[22.660756,40.822267]},"properties":{"lines":"89B, 89K, 90E","color":"#0059a9","mode":"bus","arr":["89B","89K","90E"],"angle":-82.8}},{"type":"Feature","geometry":{"type":"Point","coordinates":[22.710689,40.794407]},"properties":{"lines":"89K, 89N","color":"#0059a9","mode":"bus","arr":["89K","89N"],"angle":16.6}},{"type":"Feature","geometry":{"type":"Point","coordinates":[22.716354,40.776222]},"properties":{"lines":"89K, 89N","color":"#0059a9","mode":"bus","arr":["89K","89N"],"angle":-34.7,"extra":1}},{"type":"Feature","geometry":{"type":"Point","coordinates":[22.722969,40.784567]},"properties":{"lines":"89K, 89N","color":"#0059a9","mode":"bus","arr":["89K","89N"],"angle":-64.4,"extra":1}},{"type":"Feature","geometry":{"type":"Point","coordinates":[22.721357,40.791007]},"properties":{"lines":"89K, 89N","color":"#0059a9","mode":"bus","arr":["89K","89N"],"angle":21.4,"extra":1}},{"type":"Feature","geometry":{"type":"Point","coordinates":[22.696554,40.793122]},"properties":{"lines":"89K, 89N","color":"#0059a9","mode":"bus","arr":["89K","89N"],"angle":1.6,"extra":1}},{"type":"Feature","geometry":{"type":"Point","coordinates":[22.683788,40.794314]},"properties":{"lines":"89K, 89N","color":"#0059a9","mode":"bus","arr":["89K","89N"],"angle":-18.4,"extra":1}},{"type":"Feature","geometry":{"type":"Point","coordinates":[22.671459,40.795869]},"properties":{"lines":"89K, 89N","color":"#0059a9","mode":"bus","arr":["89K","89N"],"angle":5.1,"extra":1}},{"type":"Feature","geometry":{"type":"Point","coordinates":[22.605762,40.72917]},"properties":{"lines":"90, 90A","color":"#0059a9","mode":"bus","arr":["90","90A"],"angle":67.6}},{"type":"Feature","geometry":{"type":"Point","coordinates":[22.599179,40.671646]},"properties":{"lines":"90, 90A","color":"#0059a9","mode":"bus","arr":["90","90A"],"angle":3.7}},{"type":"Feature","geometry":{"type":"Point","coordinates":[22.603493,40.672148]},"properties":{"lines":"90, 90A","color":"#0059a9","mode":"bus","arr":["90","90A"],"angle":23.5}},{"type":"Feature","geometry":{"type":"Point","coordinates":[22.650503,40.651132]},"properties":{"lines":"90, 90A","color":"#0059a9","mode":"bus","arr":["90","90A"],"angle":52.9}},{"type":"Feature","geometry":{"type":"Point","coordinates":[22.686423,40.617907]},"properties":{"lines":"90, 90A","color":"#0059a9","mode":"bus","arr":["90","90A"],"angle":36.2,"extra":1}},{"type":"Feature","geometry":{"type":"Point","coordinates":[22.677002,40.624236]},"properties":{"lines":"90, 90A","color":"#0059a9","mode":"bus","arr":["90","90A"],"angle":55.1,"extra":1}},{"type":"Feature","geometry":{"type":"Point","coordinates":[22.672422,40.633021]},"properties":{"lines":"90, 90A","color":"#0059a9","mode":"bus","arr":["90","90A"],"angle":-88.3,"extra":1}},{"type":"Feature","geometry":{"type":"Point","coordinates":[22.663179,40.639794]},"properties":{"lines":"90, 90A","color":"#0059a9","mode":"bus","arr":["90","90A"],"angle":47.8,"extra":1}},{"type":"Feature","geometry":{"type":"Point","coordinates":[22.654784,40.647295]},"properties":{"lines":"90, 90A","color":"#0059a9","mode":"bus","arr":["90","90A"],"angle":44.2,"extra":1}},{"type":"Feature","geometry":{"type":"Point","coordinates":[22.646899,40.65514]},"properties":{"lines":"90, 90A","color":"#0059a9","mode":"bus","arr":["90","90A"],"angle":57.6,"extra":1}},{"type":"Feature","geometry":{"type":"Point","coordinates":[22.638584,40.661631]},"properties":{"lines":"90, 90A","color":"#0059a9","mode":"bus","arr":["90","90A"],"angle":68.6,"extra":1}},{"type":"Feature","geometry":{"type":"Point","coordinates":[22.627324,40.665385]},"properties":{"lines":"90, 90A","color":"#0059a9","mode":"bus","arr":["90","90A"],"angle":23.3,"extra":1}},{"type":"Feature","geometry":{"type":"Point","coordinates":[22.615209,40.66905]},"properties":{"lines":"90, 90A","color":"#0059a9","mode":"bus","arr":["90","90A"],"angle":22.2,"extra":1}},{"type":"Feature","geometry":{"type":"Point","coordinates":[22.605058,40.671754]},"properties":{"lines":"90, 90A","color":"#0059a9","mode":"bus","arr":["90","90A"],"angle":62,"extra":1}},{"type":"Feature","geometry":{"type":"Point","coordinates":[22.603967,40.688943]},"properties":{"lines":"90, 90A","color":"#0059a9","mode":"bus","arr":["90","90A"],"angle":67.1}},{"type":"Feature","geometry":{"type":"Point","coordinates":[22.595804,40.671831]},"properties":{"lines":"90, 90A","color":"#0059a9","mode":"bus","arr":["90","90A"],"angle":-24.6,"extra":1}},{"type":"Feature","geometry":{"type":"Point","coordinates":[22.588941,40.67049]},"properties":{"lines":"90, 90A","color":"#0059a9","mode":"bus","arr":["90","90A"],"angle":28.2,"extra":1}},{"type":"Feature","geometry":{"type":"Point","coordinates":[22.60846,40.677497]},"properties":{"lines":"90, 90A","color":"#0059a9","mode":"bus","arr":["90","90A"],"angle":76.9,"extra":1}},{"type":"Feature","geometry":{"type":"Point","coordinates":[22.601716,40.696287]},"properties":{"lines":"90, 90A","color":"#0059a9","mode":"bus","arr":["90","90A"],"angle":-84.7,"extra":1}},{"type":"Feature","geometry":{"type":"Point","coordinates":[22.60695,40.703708]},"properties":{"lines":"90, 90A","color":"#0059a9","mode":"bus","arr":["90","90A"],"angle":-86.6,"extra":1}},{"type":"Feature","geometry":{"type":"Point","coordinates":[22.607017,40.713586]},"properties":{"lines":"90, 90A","color":"#0059a9","mode":"bus","arr":["90","90A"],"angle":-88.8,"extra":1}},{"type":"Feature","geometry":{"type":"Point","coordinates":[22.607121,40.723411]},"properties":{"lines":"90, 90A","color":"#0059a9","mode":"bus","arr":["90","90A"],"angle":-79.1,"extra":1}},{"type":"Feature","geometry":{"type":"Point","coordinates":[22.594619,40.670058]},"properties":{"lines":"90, 90A","color":"#0059a9","mode":"bus","arr":["90","90A"],"angle":66.8}},{"type":"Feature","geometry":{"type":"Point","coordinates":[22.558467,40.704814]},"properties":{"lines":"90A","color":"#0059a9","mode":"bus","arr":["90A"],"angle":28.8}},{"type":"Feature","geometry":{"type":"Point","coordinates":[22.542126,40.67917]},"properties":{"lines":"90A","color":"#0059a9","mode":"bus","arr":["90A"],"angle":77.1,"extra":1}},{"type":"Feature","geometry":{"type":"Point","coordinates":[22.542021,40.689004]},"properties":{"lines":"90A","color":"#0059a9","mode":"bus","arr":["90A"],"angle":-89.9,"extra":1}},{"type":"Feature","geometry":{"type":"Point","coordinates":[22.54216,40.698895]},"properties":{"lines":"90A","color":"#0059a9","mode":"bus","arr":["90A"],"angle":-88,"extra":1}},{"type":"Feature","geometry":{"type":"Point","coordinates":[22.540199,40.705443]},"properties":{"lines":"90A","color":"#0059a9","mode":"bus","arr":["90A"],"angle":-20.3,"extra":1}},{"type":"Feature","geometry":{"type":"Point","coordinates":[22.552724,40.707218]},"properties":{"lines":"90A","color":"#0059a9","mode":"bus","arr":["90A"],"angle":28.9,"extra":1}},{"type":"Feature","geometry":{"type":"Point","coordinates":[22.564146,40.702439]},"properties":{"lines":"90A","color":"#0059a9","mode":"bus","arr":["90A"],"angle":29.1,"extra":1}},{"type":"Feature","geometry":{"type":"Point","coordinates":[22.573428,40.705706]},"properties":{"lines":"90A","color":"#0059a9","mode":"bus","arr":["90A"],"angle":-51.5,"extra":1}},{"type":"Feature","geometry":{"type":"Point","coordinates":[22.581416,40.713526]},"properties":{"lines":"90A","color":"#0059a9","mode":"bus","arr":["90A"],"angle":-52,"extra":1}},{"type":"Feature","geometry":{"type":"Point","coordinates":[22.58949,40.721296]},"properties":{"lines":"90A","color":"#0059a9","mode":"bus","arr":["90A"],"angle":-52.4,"extra":1}},{"type":"Feature","geometry":{"type":"Point","coordinates":[22.598035,40.72875]},"properties":{"lines":"90A","color":"#0059a9","mode":"bus","arr":["90A"],"angle":-43.4,"extra":1}},{"type":"Feature","geometry":{"type":"Point","coordinates":[22.53714,40.704711]},"properties":{"lines":"90A","color":"#0059a9","mode":"bus","arr":["90A"],"angle":-18.8}},{"type":"Feature","geometry":{"type":"Point","coordinates":[22.630278,40.780902]},"properties":{"lines":"90E","color":"#0059a9","mode":"bus","arr":["90E"],"angle":-85.5}},{"type":"Feature","geometry":{"type":"Point","coordinates":[22.661492,40.792947]},"properties":{"lines":"90E","color":"#0059a9","mode":"bus","arr":["90E"],"angle":-4,"extra":1}},{"type":"Feature","geometry":{"type":"Point","coordinates":[22.65088,40.788539]},"properties":{"lines":"90E","color":"#0059a9","mode":"bus","arr":["90E"],"angle":-61.5,"extra":1}},{"type":"Feature","geometry":{"type":"Point","coordinates":[22.641242,40.788088]},"properties":{"lines":"90E","color":"#0059a9","mode":"bus","arr":["90E"],"angle":8.8,"extra":1}},{"type":"Feature","geometry":{"type":"Point","coordinates":[22.631251,40.785578]},"properties":{"lines":"90E","color":"#0059a9","mode":"bus","arr":["90E"],"angle":-76.7,"extra":1}},{"type":"Feature","geometry":{"type":"Point","coordinates":[22.626299,40.7785]},"properties":{"lines":"90E","color":"#0059a9","mode":"bus","arr":["90E"],"angle":-0.5,"extra":1}},{"type":"Feature","geometry":{"type":"Point","coordinates":[22.613255,40.778522]},"properties":{"lines":"90E","color":"#0059a9","mode":"bus","arr":["90E"],"angle":-0.9,"extra":1}},{"type":"Feature","geometry":{"type":"Point","coordinates":[22.600219,40.778395]},"properties":{"lines":"90E","color":"#0059a9","mode":"bus","arr":["90E"],"angle":3.8,"extra":1}},{"type":"Feature","geometry":{"type":"Point","coordinates":[22.587229,40.778843]},"properties":{"lines":"90E","color":"#0059a9","mode":"bus","arr":["90E"],"angle":10.7,"extra":1}},{"type":"Feature","geometry":{"type":"Point","coordinates":[23.06259,40.747059]},"properties":{"lines":"91A, 91N, 91X","color":"#0059a9","mode":"bus","arr":["91A","91N","91X"],"angle":-1.6}},{"type":"Feature","geometry":{"type":"Point","coordinates":[23.052899,40.755363]},"properties":{"lines":"91H","color":"#0059a9","mode":"bus","arr":["91H"],"angle":-14.3}},{"type":"Feature","geometry":{"type":"Point","coordinates":[23.060183,40.753075]},"properties":{"lines":"91H","color":"#0059a9","mode":"bus","arr":["91H"],"angle":47.2,"extra":1}},{"type":"Feature","geometry":{"type":"Point","coordinates":[23.048151,40.755451]},"properties":{"lines":"91H","color":"#0059a9","mode":"bus","arr":["91H"],"angle":1.4,"extra":1}},{"type":"Feature","geometry":{"type":"Point","coordinates":[23.037066,40.750705]},"properties":{"lines":"91H","color":"#0059a9","mode":"bus","arr":["91H"],"angle":-64}},{"type":"Feature","geometry":{"type":"Point","coordinates":[23.035659,40.758096]},"properties":{"lines":"91H","color":"#0059a9","mode":"bus","arr":["91H"],"angle":-41.6,"extra":1}},{"type":"Feature","geometry":{"type":"Point","coordinates":[23.038239,40.742066]},"properties":{"lines":"91H","color":"#0059a9","mode":"bus","arr":["91H"],"angle":47.8,"extra":1}},{"type":"Feature","geometry":{"type":"Point","coordinates":[23.042475,40.739048]},"properties":{"lines":"91H","color":"#0059a9","mode":"bus","arr":["91H"],"angle":35.1}},{"type":"Feature","geometry":{"type":"Point","coordinates":[23.003641,40.731456]},"properties":{"lines":"91H","color":"#0059a9","mode":"bus","arr":["91H"],"angle":-4.4}},{"type":"Feature","geometry":{"type":"Point","coordinates":[23.040443,40.73754]},"properties":{"lines":"91K, 91T","color":"#0059a9","mode":"bus","arr":["91K","91T"],"angle":65.8}},{"type":"Feature","geometry":{"type":"Point","coordinates":[23.042628,40.712094]},"properties":{"lines":"91K, 91T","color":"#0059a9","mode":"bus","arr":["91K","91T"],"angle":-38.6}},{"type":"Feature","geometry":{"type":"Point","coordinates":[23.043648,40.726076]},"properties":{"lines":"91K, 91T","color":"#0059a9","mode":"bus","arr":["91K","91T"],"angle":78.5}},{"type":"Feature","geometry":{"type":"Point","coordinates":[23.041771,40.732971]},"properties":{"lines":"91K, 91T","color":"#0059a9","mode":"bus","arr":["91K","91T"],"angle":77.9,"extra":1}},{"type":"Feature","geometry":{"type":"Point","coordinates":[23.04543,40.714179]},"properties":{"lines":"91K, 91T","color":"#0059a9","mode":"bus","arr":["91K","91T"],"angle":-35.7}},{"type":"Feature","geometry":{"type":"Point","coordinates":[23.036744,40.711923]},"properties":{"lines":"91K","color":"#0059a9","mode":"bus","arr":["91K"],"angle":17.3}},{"type":"Feature","geometry":{"type":"Point","coordinates":[23.082879,40.768571]},"properties":{"lines":"91X","color":"#0059a9","mode":"bus","arr":["91X"],"angle":66.4}},{"type":"Feature","geometry":{"type":"Point","coordinates":[22.57844,40.78921]},"properties":{"lines":"92, 92A, 92P","color":"#0059a9","mode":"bus","arr":["92","92A","92P"],"angle":-80.2}},{"type":"Feature","geometry":{"type":"Point","coordinates":[22.577338,40.785283]},"properties":{"lines":"92, 92A, 92P","color":"#0059a9","mode":"bus","arr":["92","92A","92P"],"angle":-50.8}},{"type":"Feature","geometry":{"type":"Point","coordinates":[22.5838,40.808707]},"properties":{"lines":"92, 92A","color":"#0059a9","mode":"bus","arr":["92","92A"],"angle":88.6}},{"type":"Feature","geometry":{"type":"Point","coordinates":[22.579973,40.796717]},"properties":{"lines":"92, 92A","color":"#0059a9","mode":"bus","arr":["92","92A"],"angle":-81.3,"extra":1}},{"type":"Feature","geometry":{"type":"Point","coordinates":[22.580612,40.806132]},"properties":{"lines":"92, 92A","color":"#0059a9","mode":"bus","arr":["92","92A"],"angle":-73.2,"extra":1}},{"type":"Feature","geometry":{"type":"Point","coordinates":[22.587978,40.813471]},"properties":{"lines":"92, 92A","color":"#0059a9","mode":"bus","arr":["92","92A"],"angle":-43.6,"extra":1}},{"type":"Feature","geometry":{"type":"Point","coordinates":[22.591094,40.822538]},"properties":{"lines":"92, 92A","color":"#0059a9","mode":"bus","arr":["92","92A"],"angle":86.3,"extra":1}},{"type":"Feature","geometry":{"type":"Point","coordinates":[22.590629,40.826954]},"properties":{"lines":"92, 92A","color":"#0059a9","mode":"bus","arr":["92","92A"],"angle":86.6,"extra":1}},{"type":"Feature","geometry":{"type":"Point","coordinates":[22.560302,40.804525]},"properties":{"lines":"92, 92P","color":"#0059a9","mode":"bus","arr":["92","92P"],"angle":43.8}},{"type":"Feature","geometry":{"type":"Point","coordinates":[22.574078,40.795076]},"properties":{"lines":"92, 92P","color":"#0059a9","mode":"bus","arr":["92","92P"],"angle":43,"extra":1}},{"type":"Feature","geometry":{"type":"Point","coordinates":[22.564434,40.801733]},"properties":{"lines":"92, 92P","color":"#0059a9","mode":"bus","arr":["92","92P"],"angle":42.4,"extra":1}},{"type":"Feature","geometry":{"type":"Point","coordinates":[22.557812,40.809285]},"properties":{"lines":"92, 92P","color":"#0059a9","mode":"bus","arr":["92","92P"],"angle":10.1,"extra":1}},{"type":"Feature","geometry":{"type":"Point","coordinates":[22.545056,40.811096]},"properties":{"lines":"92, 92P","color":"#0059a9","mode":"bus","arr":["92","92P"],"angle":2.7,"extra":1}},{"type":"Feature","geometry":{"type":"Point","coordinates":[22.539186,40.813423]},"properties":{"lines":"92, 92P","color":"#0059a9","mode":"bus","arr":["92","92P"],"angle":-76.9}},{"type":"Feature","geometry":{"type":"Point","coordinates":[22.57011,40.780737]},"properties":{"lines":"92E","color":"#0059a9","mode":"bus","arr":["92E"],"angle":-14.9}},{"type":"Feature","geometry":{"type":"Point","coordinates":[22.562349,40.778297]},"properties":{"lines":"92E","color":"#0059a9","mode":"bus","arr":["92E"],"angle":-35.4,"extra":1}},{"type":"Feature","geometry":{"type":"Point","coordinates":[22.561141,40.775538]},"properties":{"lines":"92E","color":"#0059a9","mode":"bus","arr":["92E"],"angle":-81.4}},{"type":"Feature","geometry":{"type":"Point","coordinates":[22.96283,40.62046]},"properties":{"lines":"M1","color":"#e30613","mode":"tram","arr":["M1"],"angle":81.7}},{"type":"Feature","geometry":{"type":"Point","coordinates":[22.934084,40.641115]},"properties":{"lines":"M1","color":"#e30613","mode":"tram","arr":["M1"],"angle":34.5,"extra":1}},{"type":"Feature","geometry":{"type":"Point","coordinates":[22.944801,40.635477]},"properties":{"lines":"M1","color":"#e30613","mode":"tram","arr":["M1"],"angle":34.9,"extra":1}},{"type":"Feature","geometry":{"type":"Point","coordinates":[22.955741,40.630116]},"properties":{"lines":"M1","color":"#e30613","mode":"tram","arr":["M1"],"angle":34.9,"extra":1}},{"type":"Feature","geometry":{"type":"Point","coordinates":[22.957674,40.613918]},"properties":{"lines":"M1","color":"#e30613","mode":"tram","arr":["M1"],"angle":-45.2,"extra":1}},{"type":"Feature","geometry":{"type":"Point","coordinates":[22.958366,40.604192]},"properties":{"lines":"M1","color":"#e30613","mode":"tram","arr":["M1"],"angle":77.9,"extra":1}},{"type":"Feature","geometry":{"type":"Point","coordinates":[22.960391,40.595656]},"properties":{"lines":"M1","color":"#e30613","mode":"tram","arr":["M1"],"angle":74.8,"extra":1}},{"type":"Feature","geometry":{"type":"Point","coordinates":[22.962456,40.593033]},"properties":{"lines":"M1","color":"#e30613","mode":"tram","arr":["M1"],"angle":31.7,"extra":1}}]}