{"type":"FeatureCollection","features":[{"type":"Feature","geometry":{"type":"LineString","coordinates":[[22.955082,40.680036],[22.955086,40.680093],[22.955102,40.680297],[22.955129,40.680724],[22.955149,40.681077],[22.955163,40.681456],[22.955171,40.681643],[22.955194,40.682204],[22.955206,40.682419],[22.955216,40.682577]]},"properties":{"name":"Ρίτσου Γιάννη"}},{"type":"Feature","geometry":{"type":"LineString","coordinates":[[22.95981,40.677417],[22.959806,40.677436],[22.9598,40.677459],[22.959776,40.67754],[22.959747,40.677628],[22.959715,40.677706],[22.959691,40.677754],[22.959626,40.677867],[22.959582,40.677937],[22.959528,40.67802],[22.959456,40.678125],[22.959275,40.678374],[22.959222,40.678446],[22.959185,40.678508],[22.959148,40.67858],[22.959108,40.678671],[22.95902,40.678886],[22.958881,40.679256],[22.958747,40.679579],[22.958557,40.680043],[22.958098,40.681186],[22.957754,40.682015],[22.957627,40.682332],[22.957592,40.682425],[22.957559,40.682523]]},"properties":{"name":"Στρατηγού Καρατάσου"}},{"type":"Feature","geometry":{"type":"LineString","coordinates":[[22.960387,40.675407],[22.960393,40.675387],[22.960493,40.675099],[22.960678,40.674509]]},"properties":{"name":"Παράπλευρη Περιφερειακής οδού"}},{"type":"Feature","geometry":{"type":"LineString","coordinates":[[22.961073,40.673264],[22.961031,40.673386],[22.960846,40.673959],[22.960799,40.674101]]},"properties":{"name":"Παράπλευρη Περιφερειακής οδού"}},{"type":"Feature","geometry":{"type":"LineString","coordinates":[[22.960074,40.674013],[22.960396,40.673152],[22.960439,40.673034],[22.960481,40.672911],[22.960577,40.672591]]},"properties":{"name":"Παράπλευρη Περιφερειακής οδού"}},{"type":"Feature","geometry":{"type":"LineString","coordinates":[[22.963505,40.666444],[22.963541,40.666473],[22.963573,40.66651]]},"properties":{"name":"Αγίου Ευγενίου Τραπεζούντος"}},{"type":"Feature","geometry":{"type":"LineString","coordinates":[[22.963505,40.666444],[22.963459,40.666416],[22.963,40.666194],[22.962754,40.666067],[22.962643,40.666009],[22.962553,40.66596],[22.962471,40.665922],[22.962382,40.665889],[22.962299,40.665862],[22.962205,40.66584],[22.962122,40.66583],[22.962005,40.665825],[22.961898,40.665829],[22.961807,40.665842],[22.961463,40.665906],[22.960833,40.666019],[22.960711,40.666047],[22.960607,40.666065],[22.960509,40.66609],[22.960423,40.666117],[22.960363,40.666129],[22.960289,40.666138]]},"properties":{"name":"Ευγενίου Τραπεζούντος"}},{"type":"Feature","geometry":{"type":"LineString","coordinates":[[22.960066,40.666179],[22.960015,40.666194],[22.95996,40.666199],[22.9599,40.6662],[22.95977,40.666198],[22.959654,40.666203],[22.959549,40.666218],[22.958854,40.666341],[22.958651,40.666379],[22.958553,40.666395],[22.958481,40.666406],[22.958415,40.666411],[22.95829,40.666414],[22.958056,40.666412],[22.95785,40.666407],[22.957647,40.666403],[22.957475,40.666398],[22.957358,40.666392],[22.957222,40.666378],[22.957091,40.666356],[22.957009,40.666337],[22.956952,40.666314],[22.956908,40.666288],[22.956829,40.666232]]},"properties":{"name":"Ευγενίου Τραπεζούντος"}},{"type":"Feature","geometry":{"type":"LineString","coordinates":[[22.956293,40.665761],[22.956382,40.66584],[22.956518,40.665966],[22.956561,40.666001],[22.95663,40.666036]]},"properties":{"name":"Ευγενίου Τραπεζούντος"}},{"type":"Feature","geometry":{"type":"LineString","coordinates":[[22.95675,40.666361],[22.956905,40.666385],[22.956985,40.666401],[22.957099,40.66642],[22.957223,40.666437],[22.957318,40.666446],[22.957406,40.66645],[22.957847,40.666461],[22.958206,40.666465],[22.958347,40.666463],[22.958463,40.666458],[22.958547,40.66645],[22.958627,40.666438],[22.958869,40.666395],[22.959443,40.666289],[22.959542,40.666271],[22.959627,40.666259],[22.95972,40.666254],[22.959807,40.666258],[22.959882,40.666269],[22.959951,40.666291],[22.960001,40.666314],[22.960043,40.666342]]},"properties":{"name":"Ευγενίου Τραπεζούντος"}},{"type":"Feature","geometry":{"type":"LineString","coordinates":[[22.952247,40.665151],[22.952407,40.66518],[22.952503,40.6652],[22.952642,40.665233],[22.953497,40.665439],[22.953668,40.665443],[22.953819,40.665461],[22.953961,40.665465],[22.954284,40.665468],[22.95526,40.665481],[22.955644,40.665491],[22.95584,40.665531],[22.955995,40.665599],[22.956113,40.665657],[22.956229,40.665715],[22.956293,40.665761]]},"properties":{"name":"Αγνώστου Στρατιώτου"}},{"type":"Feature","geometry":{"type":"LineString","coordinates":[[22.952008,40.665114],[22.951956,40.665104],[22.951919,40.665098],[22.951891,40.665095],[22.951865,40.665091],[22.951831,40.665088],[22.951804,40.665086],[22.951769,40.665084],[22.951729,40.665084],[22.951694,40.665084],[22.951667,40.665086],[22.951658,40.665087],[22.951639,40.665089],[22.951622,40.665091],[22.950989,40.66516],[22.95095,40.665164],[22.950904,40.66517],[22.950855,40.665174],[22.950802,40.665177],[22.950686,40.665158],[22.950575,40.665159],[22.950454,40.665158],[22.95033,40.665146],[22.950201,40.665125],[22.950178,40.665119],[22.950102,40.6651],[22.950058,40.665087],[22.950032,40.665077],[22.95001,40.665067],[22.949982,40.665051],[22.949955,40.665034],[22.949925,40.66501],[22.949885,40.664979],[22.949858,40.664956],[22.949694,40.664817],[22.949495,40.664647],[22.949407,40.664573],[22.949372,40.664543],[22.948369,40.663692],[22.948286,40.663626],[22.94825,40.663594],[22.948187,40.663537],[22.9478,40.663209],[22.947747,40.663166],[22.947391,40.662859],[22.947311,40.66279],[22.947297,40.662777],[22.947276,40.662757],[22.94725,40.66273],[22.947236,40.662715],[22.947224,40.662702],[22.947202,40.662674],[22.947029,40.662441],[22.946935,40.662322],[22.9469,40.662282],[22.946161,40.661379],[22.945535,40.660609],[22.945153,40.660144],[22.945139,40.660128],[22.945124,40.660111],[22.945112,40.660099],[22.945097,40.660086],[22.945077,40.660071],[22.945001,40.660019],[22.94491,40.659953],[22.944739,40.659827],[22.944517,40.659664],[22.944471,40.659631],[22.944408,40.659581],[22.944191,40.659414],[22.944052,40.659307],[22.94401,40.659279],[22.943922,40.659225],[22.943844,40.659188],[22.943742,40.659148],[22.943558,40.659081],[22.943349,40.659009],[22.943234,40.658964],[22.943202,40.658948],[22.943142,40.658919],[22.943103,40.658894],[22.943049,40.658855],[22.942998,40.658812],[22.942735,40.658578],[22.942704,40.658565],[22.94266,40.658546],[22.942602,40.658525],[22.942543,40.658502],[22.942472,40.658475],[22.942142,40.658355],[22.941806,40.658233]]},"properties":{"name":"Αγνώστου Στρατιώτου"}},{"type":"Feature","geometry":{"type":"LineString","coordinates":[[22.950686,40.665158],[22.950774,40.66512],[22.950827,40.665114],[22.950907,40.665106],[22.950977,40.665098],[22.951178,40.665074],[22.951585,40.665027],[22.951627,40.665022],[22.951671,40.665016],[22.951766,40.665001],[22.951886,40.664984],[22.951973,40.664973],[22.952104,40.664959]]},"properties":{"name":"Αγνώστου Στρατιώτου"}},{"type":"Feature","geometry":{"type":"LineString","coordinates":[[22.952294,40.665055],[22.952351,40.66507],[22.952504,40.665106],[22.952687,40.665151],[22.953043,40.665264],[22.953123,40.665288],[22.953358,40.665358],[22.953522,40.6654],[22.953668,40.665443]]},"properties":{"name":"Αγνώστου Στρατιώτου"}},{"type":"Feature","geometry":{"type":"LineString","coordinates":[[22.956229,40.665715],[22.956273,40.665667],[22.956323,40.66559],[22.95635,40.665566],[22.956383,40.665549],[22.956424,40.665539],[22.956469,40.665543],[22.956629,40.665602],[22.95673,40.665639],[22.956784,40.665656],[22.956844,40.665673],[22.956896,40.665686],[22.95695,40.665697],[22.956991,40.665703],[22.957026,40.665707],[22.957073,40.66571],[22.957119,40.665711],[22.957148,40.665711],[22.957181,40.665709],[22.957226,40.665705],[22.95727,40.6657],[22.957325,40.665693],[22.957413,40.665677],[22.957494,40.665658],[22.957567,40.665639],[22.957645,40.665614],[22.957723,40.665586],[22.957803,40.665555],[22.957863,40.665525],[22.957916,40.665498],[22.957995,40.665449],[22.958076,40.665399],[22.958157,40.66534],[22.958248,40.665266],[22.958347,40.665188],[22.958464,40.665094],[22.95854,40.665035],[22.958618,40.664977],[22.958704,40.664914],[22.958768,40.664878],[22.95884,40.664845],[22.958916,40.664818],[22.959004,40.664789],[22.95906,40.664765],[22.959415,40.664676],[22.959703,40.664602],[22.959836,40.664561],[22.95989,40.664543],[22.960029,40.66449],[22.960105,40.664464],[22.96072,40.664171],[22.96088,40.664095],[22.961505,40.663803],[22.962249,40.66345],[22.962671,40.663229],[22.962777,40.663172],[22.963551,40.662737],[22.963817,40.662591],[22.964034,40.662486],[22.964226,40.662393],[22.964537,40.662251],[22.96476,40.662159],[22.965004,40.66205],[22.965206,40.661953],[22.965404,40.661864],[22.965566,40.661787],[22.965676,40.661729]]},"properties":{"name":"Ιφιγένειας"}},{"type":"Feature","geometry":{"type":"LineString","coordinates":[[22.956346,40.665708],[22.956293,40.665761]]},"properties":{"name":"Ιφιγένειας"}},{"type":"Feature","geometry":{"type":"LineString","coordinates":[[22.934594,40.656781],[22.934762,40.656795],[22.935401,40.656834],[22.936022,40.656857],[22.93648,40.656854],[22.936963,40.656851],[22.937682,40.656846],[22.938383,40.656839],[22.938566,40.656837],[22.938665,40.656837],[22.938791,40.65684],[22.938861,40.656842],[22.93894,40.656849],[22.93902,40.656859],[22.939092,40.656869],[22.939148,40.656877],[22.939215,40.656892],[22.939278,40.656907],[22.939358,40.656929],[22.939436,40.656954],[22.939545,40.656995],[22.939648,40.657041],[22.939739,40.657091],[22.939848,40.657156],[22.939938,40.657212],[22.940045,40.657286],[22.940226,40.657419],[22.940328,40.657492],[22.940427,40.657558],[22.94051,40.657604],[22.940599,40.657647],[22.941123,40.657872],[22.941319,40.657951],[22.941377,40.657975],[22.941461,40.658014],[22.941535,40.658053],[22.94156,40.658069],[22.941726,40.658165],[22.941762,40.658191],[22.941806,40.658233],[22.941769,40.658228],[22.941745,40.658224],[22.941729,40.65822],[22.941717,40.658217],[22.9417,40.658212],[22.94169,40.658209],[22.94159,40.658165],[22.9414,40.658083],[22.941356,40.658066],[22.940592,40.657743],[22.940526,40.657714],[22.940437,40.657672],[22.940388,40.657647],[22.940338,40.657619],[22.940245,40.657564],[22.940178,40.657518],[22.939941,40.657336],[22.939783,40.657224],[22.939653,40.657143],[22.939583,40.657103],[22.939515,40.65707],[22.93944,40.657039],[22.939372,40.657016],[22.939305,40.656997],[22.939212,40.656975],[22.939128,40.656958],[22.939017,40.656941],[22.938898,40.656928],[22.938797,40.656921],[22.938507,40.656921],[22.937677,40.656927],[22.935985,40.656948],[22.935801,40.656942],[22.935615,40.656935],[22.934999,40.6569],[22.934822,40.656892],[22.934763,40.656888],[22.934657,40.656882]]},"properties":{"name":"Δαβάκη"}},{"type":"Feature","geometry":{"type":"LineString","coordinates":[[22.851061,40.638096],[22.852216,40.63819],[22.853218,40.638273],[22.854211,40.638352],[22.855403,40.638442],[22.856284,40.63851]]},"properties":{"name":"Δαβάκη"}},{"type":"Feature","geometry":{"type":"LineString","coordinates":[[22.934847,40.640636],[22.93492,40.640722],[22.934963,40.640774],[22.935007,40.640825],[22.935042,40.640873],[22.93506,40.640903],[22.935087,40.640947],[22.935112,40.641042],[22.935128,40.641483],[22.935146,40.642352],[22.935148,40.642414],[22.935158,40.643575],[22.935161,40.643694],[22.935173,40.644739],[22.935174,40.644871],[22.935192,40.646478],[22.935197,40.646911],[22.935207,40.647055],[22.93523,40.647382],[22.935243,40.647488],[22.935295,40.647815],[22.935337,40.648249],[22.935336,40.648317],[22.935338,40.648379],[22.935344,40.648466],[22.935346,40.648504],[22.935369,40.648855],[22.935377,40.649163],[22.93538,40.649591],[22.935364,40.650298],[22.935361,40.650362],[22.935361,40.650424],[22.935356,40.650684],[22.935331,40.651192],[22.935311,40.651383],[22.935263,40.65183],[22.935208,40.652373],[22.935185,40.652546],[22.935168,40.652663],[22.935152,40.652742],[22.935133,40.652835],[22.935121,40.652892],[22.935063,40.653138],[22.93503,40.653276],[22.935008,40.653373],[22.934885,40.653882],[22.93476,40.654407],[22.934663,40.654827],[22.934631,40.654964],[22.934492,40.655545],[22.934439,40.655766],[22.934407,40.655916],[22.934389,40.656013],[22.934387,40.656037],[22.934386,40.656044],[22.934382,40.656074],[22.934379,40.656135],[22.934379,40.656217],[22.934382,40.656271],[22.934388,40.656329],[22.934395,40.656384],[22.934428,40.656548],[22.934456,40.656692],[22.934471,40.656768],[22.934494,40.65687],[22.934518,40.656971],[22.934531,40.657024],[22.934621,40.657404],[22.935155,40.659653],[22.935204,40.659858],[22.935211,40.659884],[22.93578,40.662237],[22.935811,40.662382],[22.935827,40.662449],[22.935835,40.662486],[22.935875,40.662655],[22.936444,40.665037],[22.936882,40.666221],[22.937199,40.667085],[22.937344,40.667504],[22.937493,40.667936],[22.937557,40.668108],[22.937599,40.668223],[22.937611,40.668256],[22.937866,40.668959],[22.937988,40.669304],[22.938344,40.670318],[22.938425,40.670549],[22.938564,40.670946],[22.938706,40.67135],[22.938775,40.671545],[22.938786,40.671584],[22.938795,40.671618],[22.938807,40.671689],[22.938815,40.671752],[22.938826,40.671881],[22.938833,40.672022],[22.938833,40.672097],[22.938834,40.672201],[22.938833,40.672307],[22.938829,40.672521],[22.938826,40.672809],[22.938773,40.674452],[22.938767,40.674505],[22.938766,40.674529],[22.938747,40.674791],[22.938744,40.674837]]},"properties":{"name":"Μίκη Θεοδωράκη"}},{"type":"Feature","geometry":{"type":"LineString","coordinates":[[22.938987,40.680031],[22.938962,40.679972],[22.938939,40.679907],[22.938903,40.679793],[22.93888,40.679708],[22.938867,40.679657],[22.938853,40.6796],[22.938816,40.67943],[22.938803,40.679345],[22.938797,40.679292],[22.93879,40.679228],[22.938778,40.679119],[22.938775,40.679064],[22.938773,40.679042],[22.938768,40.678977],[22.938762,40.678903],[22.938754,40.678822],[22.938747,40.678715],[22.938745,40.678603],[22.938746,40.678479],[22.938746,40.678368],[22.938748,40.677865],[22.938748,40.677615],[22.938748,40.677505],[22.938739,40.677323],[22.938734,40.677124],[22.938727,40.677055],[22.938709,40.676711],[22.938702,40.676573],[22.938695,40.676447],[22.938685,40.676208],[22.938676,40.676011],[22.938669,40.675786],[22.938667,40.675576],[22.938668,40.675536],[22.938669,40.675424],[22.93867,40.675354],[22.938673,40.675258],[22.938678,40.675176],[22.938694,40.675104],[22.938706,40.67506],[22.938744,40.674837],[22.938759,40.675073],[22.938764,40.675154],[22.938762,40.675322],[22.938759,40.675594],[22.93877,40.675967],[22.938783,40.676299],[22.938809,40.676872],[22.938827,40.677204],[22.938834,40.677332],[22.938841,40.677472],[22.938848,40.678394],[22.938849,40.678557],[22.938852,40.678723],[22.938857,40.678829],[22.938863,40.678938],[22.938871,40.679031],[22.938878,40.679106],[22.938889,40.679194],[22.938907,40.679335],[22.938928,40.679461],[22.938952,40.679575],[22.938978,40.679676],[22.939002,40.679762],[22.939029,40.679853],[22.939053,40.679922],[22.939084,40.679996],[22.939117,40.680068],[22.939164,40.680167],[22.93928,40.680397],[22.939353,40.680547],[22.93938,40.680639],[22.939531,40.680939],[22.939798,40.681491],[22.940138,40.682238],[22.940292,40.682577],[22.940534,40.683112],[22.941254,40.684821]]},"properties":{"name":"Μίκη Θεοδωράκη"}},{"type":"Feature","geometry":{"type":"LineString","coordinates":[[22.941196,40.684222],[22.941095,40.683998],[22.94093,40.683629],[22.940556,40.682793],[22.940122,40.681865],[22.939883,40.681347],[22.939692,40.680939],[22.939657,40.680862],[22.939432,40.680407],[22.939337,40.680212],[22.93928,40.680097]]},"properties":{"name":"Μίκη Θεοδωράκη"}},{"type":"Feature","geometry":{"type":"LineString","coordinates":[[22.935007,40.64068],[22.935098,40.640779],[22.935114,40.640796],[22.935178,40.640865],[22.935197,40.640899],[22.935219,40.640931],[22.935252,40.641023],[22.935266,40.641083],[22.935268,40.641131],[22.935281,40.641333],[22.935284,40.641542],[22.935281,40.642069],[22.935276,40.642698],[22.935283,40.643216],[22.935285,40.643383],[22.935287,40.643525],[22.935288,40.643615],[22.935295,40.644222],[22.935298,40.644557],[22.9353,40.644688],[22.935307,40.64533],[22.935312,40.645802],[22.935317,40.646316],[22.935324,40.646911],[22.935327,40.647047],[22.935357,40.647413],[22.935439,40.647921],[22.935466,40.64821],[22.935471,40.648249],[22.935479,40.648326],[22.935483,40.648401],[22.935486,40.648459],[22.935489,40.648506],[22.935518,40.649335],[22.935521,40.649762],[22.935485,40.650203],[22.935478,40.650301],[22.935451,40.650672],[22.935414,40.651203],[22.935365,40.651704],[22.935315,40.652237],[22.935295,40.65241],[22.935244,40.652727],[22.935132,40.653205],[22.935113,40.653285],[22.93498,40.653856],[22.934834,40.654416],[22.934721,40.654976],[22.934677,40.655163],[22.934621,40.65538],[22.93455,40.655681],[22.934497,40.655897],[22.934485,40.655957],[22.934476,40.656008],[22.934463,40.656093],[22.934459,40.656141],[22.934457,40.656191],[22.934458,40.656244],[22.934462,40.65629],[22.93447,40.656348],[22.934482,40.656411],[22.934497,40.656487],[22.934516,40.656576],[22.934532,40.656647],[22.934547,40.656691],[22.934558,40.656718],[22.934577,40.656753],[22.934594,40.656781],[22.934619,40.65682],[22.934634,40.656842],[22.934644,40.656858],[22.934651,40.656871],[22.934657,40.656882],[22.93468,40.656953],[22.934711,40.65705],[22.934776,40.657293],[22.934923,40.657897],[22.935366,40.659752],[22.935373,40.659783],[22.935515,40.660375],[22.935697,40.661129],[22.93595,40.662182],[22.935958,40.662216],[22.935986,40.662331],[22.935995,40.662375],[22.936012,40.662442],[22.936057,40.66263],[22.936394,40.664063],[22.936621,40.665006],[22.936659,40.665121],[22.937033,40.666106],[22.937065,40.666188],[22.937666,40.667862],[22.937678,40.667897],[22.93774,40.668068],[22.937781,40.668185],[22.938638,40.670605],[22.938887,40.67132],[22.938949,40.671513],[22.938961,40.671564],[22.93897,40.671602],[22.938977,40.671642],[22.938982,40.671678],[22.938991,40.671754],[22.939,40.67184],[22.939011,40.671972],[22.939013,40.67205],[22.939015,40.672173],[22.939014,40.672389],[22.939013,40.67249],[22.939013,40.672599],[22.939006,40.672911],[22.938999,40.673283],[22.938991,40.673515],[22.938985,40.673707],[22.938968,40.674067],[22.938949,40.674483],[22.938948,40.674511],[22.93894,40.674677]]},"properties":{"name":"Μίκη Θεοδωράκη"}},{"type":"Feature","geometry":{"type":"LineString","coordinates":[[22.93894,40.674677],[22.938957,40.67483],[22.938958,40.674843],[22.93895,40.675051],[22.938944,40.675295],[22.938946,40.67553],[22.938957,40.675886],[22.93898,40.676426],[22.938989,40.676571],[22.939002,40.676778],[22.939024,40.677084],[22.939034,40.67732],[22.939037,40.677386],[22.939054,40.677578],[22.939058,40.677641],[22.93906,40.677694],[22.939061,40.677745],[22.939061,40.677802],[22.93906,40.677877],[22.939056,40.678073],[22.939057,40.678289],[22.939054,40.678406],[22.939051,40.678531],[22.939051,40.678617],[22.939054,40.678724],[22.939057,40.678836],[22.939064,40.678917],[22.939069,40.679017],[22.939077,40.679094],[22.939082,40.679154],[22.9391,40.679283],[22.93914,40.679508],[22.939166,40.679629],[22.939185,40.679702],[22.9392,40.679762],[22.939227,40.679873],[22.93928,40.680097],[22.939236,40.680008],[22.939181,40.67989],[22.939107,40.679723],[22.939087,40.679668],[22.939066,40.679591],[22.939039,40.679486],[22.93901,40.679356],[22.938996,40.679274],[22.938987,40.679212],[22.938978,40.679148],[22.938973,40.679107],[22.938961,40.679008],[22.938954,40.678932],[22.938948,40.678847],[22.938946,40.678757],[22.938943,40.678686],[22.938944,40.678579],[22.938942,40.67839],[22.938946,40.678128],[22.938946,40.677879],[22.938945,40.677739],[22.938943,40.677621],[22.93894,40.67753],[22.938934,40.677417],[22.938927,40.677289],[22.938878,40.676302],[22.938858,40.675935],[22.938849,40.67561],[22.938851,40.675363],[22.938863,40.67519],[22.93889,40.674924],[22.93894,40.674677]]},"properties":{"name":"Μίκη Θεοδωράκη"}},{"type":"Feature","geometry":{"type":"LineString","coordinates":[[22.936012,40.662442],[22.935892,40.662447],[22.935827,40.662449],[22.935724,40.662453],[22.935676,40.662455],[22.935628,40.662462],[22.935554,40.662483],[22.935338,40.662555],[22.934961,40.662687],[22.934873,40.662725],[22.9348,40.662757],[22.934764,40.662773],[22.934666,40.662821],[22.934554,40.662876],[22.934408,40.662951],[22.934305,40.663003],[22.933953,40.663195],[22.933321,40.663529],[22.933051,40.663675],[22.933006,40.663699],[22.932934,40.663737],[22.932519,40.663957],[22.932442,40.664]]},"properties":{"name":"Καραολή και Δημητρίου"}},{"type":"Feature","geometry":{"type":"LineString","coordinates":[[22.93308,40.663573],[22.933212,40.663504],[22.933379,40.663415],[22.933702,40.663244],[22.934238,40.662963],[22.934259,40.662952],[22.934359,40.6629],[22.934689,40.662738],[22.934756,40.662704],[22.934821,40.662675],[22.934925,40.662629],[22.935314,40.662488],[22.935562,40.662415],[22.93561,40.662399],[22.935659,40.662393],[22.935709,40.662387],[22.935811,40.662382],[22.935995,40.662375]]},"properties":{"name":"Καραολή και Δημητρίου"}},{"type":"Feature","geometry":{"type":"LineString","coordinates":[[22.932338,40.664058],[22.932265,40.664099],[22.931386,40.664581],[22.930417,40.665105],[22.930249,40.665196],[22.930033,40.665311],[22.929982,40.665339],[22.929914,40.665374],[22.929807,40.665432],[22.929725,40.665468],[22.929485,40.665555]]},"properties":{"name":"Καραολή και Δημητρίου"}},{"type":"Feature","geometry":{"type":"LineString","coordinates":[[22.928598,40.66601],[22.928872,40.665881],[22.929232,40.665687],[22.929485,40.665555],[22.929636,40.665451],[22.929659,40.665434],[22.929679,40.665422],[22.929754,40.665377],[22.929861,40.66532],[22.929932,40.665284],[22.930234,40.665121],[22.930882,40.664763],[22.931471,40.664435],[22.93216,40.664059],[22.932202,40.664037],[22.932278,40.663997]]},"properties":{"name":"Καραολή και Δημητρίου"}},{"type":"Feature","geometry":{"type":"LineString","coordinates":[[22.927569,40.66624],[22.927528,40.666245],[22.927304,40.666273],[22.927129,40.666287],[22.92669,40.666309],[22.926287,40.666329],[22.926219,40.666333],[22.925947,40.666346],[22.925736,40.666357],[22.924843,40.666401],[22.924779,40.666405],[22.924547,40.666416],[22.924174,40.666435],[22.923997,40.666444],[22.923505,40.666468],[22.923121,40.666487],[22.923007,40.666493],[22.92284,40.666501],[22.92232,40.666527],[22.922114,40.666537],[22.921778,40.666554],[22.92165,40.666561],[22.921488,40.666569],[22.921299,40.666578],[22.920967,40.666595],[22.920388,40.666624],[22.919807,40.666652],[22.91885,40.6667],[22.91871,40.666707],[22.917982,40.666743],[22.917503,40.666767],[22.917068,40.666789],[22.916799,40.666802],[22.916404,40.666822],[22.916361,40.666824],[22.916004,40.666842],[22.91559,40.666863],[22.915229,40.666881],[22.91513,40.666886],[22.915014,40.666892],[22.914662,40.666913],[22.913971,40.666946],[22.913513,40.666977],[22.913346,40.666986],[22.913227,40.666988],[22.913119,40.666986],[22.91305,40.666985],[22.912918,40.666981],[22.91276,40.66697],[22.912654,40.666961],[22.912538,40.666947],[22.912434,40.666932],[22.912339,40.666914],[22.912235,40.666889],[22.911985,40.666824],[22.911929,40.66681],[22.911328,40.666658],[22.911059,40.666583],[22.910539,40.666448],[22.910402,40.666411],[22.910164,40.666348],[22.909973,40.666296],[22.90978,40.666243],[22.909416,40.666144],[22.908746,40.665965]]},"properties":{"name":"Καραολή και Δημητρίου"}},{"type":"Feature","geometry":{"type":"LineString","coordinates":[[22.932385,40.663942],[22.932788,40.663726],[22.93288,40.663677]]},"properties":{"name":"Καραολή και Δημητρίου"}},{"type":"Feature","geometry":{"type":"LineString","coordinates":[[22.902196,40.664022],[22.902151,40.664009],[22.901355,40.663773],[22.900721,40.663585],[22.90062,40.663555],[22.90041,40.663493],[22.900169,40.663421],[22.898874,40.663037],[22.898649,40.66297],[22.898216,40.662837],[22.89815,40.662809],[22.898094,40.662783],[22.897906,40.662673]]},"properties":{"name":"Καραολή και Δημητρίου"}},{"type":"Feature","geometry":{"type":"LineString","coordinates":[[22.932442,40.664],[22.932338,40.664058]]},"properties":{"name":"Καραολή & Δημητρίου"}},{"type":"Feature","geometry":{"type":"LineString","coordinates":[[22.927569,40.66624],[22.927606,40.666236],[22.928077,40.666226],[22.928137,40.666214],[22.928184,40.666201],[22.928247,40.666176],[22.92834,40.66614],[22.928413,40.666104],[22.928598,40.66601],[22.928478,40.666039],[22.928351,40.66607],[22.928213,40.666107],[22.928062,40.666145],[22.927899,40.66618],[22.927606,40.666236]]},"properties":{"name":"Καραολή & Δημητρίου"}},{"type":"Feature","geometry":{"type":"LineString","coordinates":[[22.932278,40.663997],[22.932385,40.663942]]},"properties":{"name":"Καραολή & Δημητρίου"}},{"type":"Feature","geometry":{"type":"LineString","coordinates":[[22.93288,40.663677],[22.932951,40.663639],[22.93308,40.663573]]},"properties":{"name":"Καραολή & Δημητρίου"}},{"type":"Feature","geometry":{"type":"LineString","coordinates":[[22.897751,40.662569],[22.897843,40.662588],[22.897889,40.662622],[22.897906,40.662673]]},"properties":{"name":"Καραολή & Δημητρίου"}},{"type":"Feature","geometry":{"type":"LineString","coordinates":[[22.91513,40.666886],[22.915128,40.666912],[22.915123,40.666924],[22.915115,40.666935],[22.91507,40.666964],[22.914975,40.667016],[22.914853,40.667082],[22.914783,40.667119],[22.914688,40.667165],[22.914515,40.667256],[22.914314,40.667362],[22.913991,40.667524],[22.913645,40.667679],[22.913364,40.667811],[22.913284,40.66785],[22.913103,40.667943],[22.912962,40.668022],[22.912679,40.668165],[22.912133,40.668424],[22.911938,40.668516],[22.911839,40.668561],[22.911798,40.668578],[22.911756,40.668595],[22.911597,40.668657],[22.911344,40.668754],[22.911315,40.668765],[22.910645,40.669023],[22.910303,40.669146],[22.910149,40.669197],[22.910043,40.669229],[22.909853,40.66928],[22.909549,40.669353],[22.909248,40.669424],[22.909005,40.669475],[22.908775,40.669517],[22.908505,40.669566],[22.908374,40.669589],[22.908171,40.669624],[22.907387,40.669762],[22.906516,40.669918],[22.905669,40.670074],[22.904939,40.670252],[22.9048,40.670286],[22.904641,40.670327],[22.903912,40.670513],[22.902685,40.670849]]},"properties":{"name":"Μεγάλου Αλεξάνδρου"}},{"type":"Feature","geometry":{"type":"LineString","coordinates":[[22.925475,40.658293],[22.925418,40.658216],[22.925265,40.658],[22.925043,40.657702],[22.924818,40.65742],[22.924538,40.657056],[22.924505,40.657006],[22.92447,40.656955],[22.924402,40.656847],[22.924359,40.656769],[22.92429,40.656626],[22.924252,40.65655],[22.924209,40.65645],[22.924003,40.655992],[22.923973,40.655906],[22.923886,40.655658],[22.923748,40.655273],[22.923654,40.655013],[22.923517,40.654621],[22.923481,40.654538],[22.92312,40.65386],[22.922985,40.653596],[22.922895,40.653438],[22.922746,40.653187],[22.922641,40.65301],[22.922611,40.652956],[22.922589,40.652907],[22.922584,40.652893],[22.922571,40.652824],[22.922566,40.652797],[22.922564,40.652747],[22.922567,40.652705],[22.922571,40.652678],[22.922576,40.652648],[22.922594,40.652589]]},"properties":{"name":"Μεγάλου Αλεξάνδρου"}},{"type":"Feature","geometry":{"type":"LineString","coordinates":[[22.952279,40.623563],[22.952289,40.623498],[22.95229,40.623491],[22.952292,40.623452],[22.952295,40.623396],[22.952296,40.62333],[22.952293,40.623291],[22.952287,40.623252],[22.952273,40.623196],[22.952256,40.623141],[22.952225,40.623064],[22.95217,40.622948],[22.952031,40.6227],[22.95201,40.622664],[22.951998,40.622641],[22.951984,40.622613],[22.951972,40.622581],[22.951962,40.622551],[22.951952,40.622517],[22.951943,40.622482],[22.951937,40.622451],[22.951934,40.622424],[22.951931,40.622384],[22.951928,40.62234],[22.951928,40.62229],[22.951931,40.622243],[22.95194,40.622177],[22.951951,40.62211],[22.95197,40.622042],[22.951987,40.621997],[22.952024,40.621898],[22.952041,40.621857],[22.952073,40.621778],[22.952265,40.621225],[22.952436,40.620731],[22.95256,40.620391],[22.952566,40.620375],[22.952588,40.620321],[22.952888,40.619522],[22.953046,40.619107],[22.953096,40.618933],[22.953123,40.618794],[22.953138,40.618592],[22.953119,40.618323],[22.953092,40.617927],[22.953081,40.617829],[22.953072,40.617759],[22.953054,40.617619],[22.953049,40.617592],[22.953,40.617314],[22.952998,40.617302],[22.952904,40.616801],[22.952886,40.6167],[22.952874,40.616643],[22.952868,40.616608],[22.952769,40.616052],[22.952615,40.615182],[22.952561,40.614881],[22.952515,40.61463],[22.952497,40.614535],[22.952434,40.614149],[22.952309,40.613406],[22.952271,40.613193],[22.952223,40.612953],[22.952156,40.61257],[22.952134,40.612451],[22.952113,40.612332],[22.952016,40.611834],[22.951867,40.611067],[22.951855,40.61101],[22.951811,40.610782],[22.951696,40.610177],[22.951684,40.610122],[22.951623,40.60976],[22.951513,40.608954],[22.95142,40.608498],[22.951316,40.607868],[22.95117,40.607122],[22.95115,40.607034],[22.951021,40.606494],[22.950907,40.605974],[22.950793,40.605467],[22.950474,40.604048],[22.950448,40.603928],[22.950294,40.603285]]},"properties":{"name":"Μεγάλου Αλεξάνδρου"}},{"type":"Feature","geometry":{"type":"LineString","coordinates":[[22.902659,40.656614],[22.902601,40.656673],[22.902399,40.656874],[22.90217,40.657101],[22.901916,40.657354],[22.901498,40.657768],[22.901161,40.658097],[22.900755,40.658497],[22.900302,40.658922],[22.899921,40.659274],[22.899757,40.659412],[22.899622,40.659527],[22.899429,40.659703],[22.899325,40.659804],[22.89902,40.660104],[22.89849,40.660638],[22.896789,40.662243],[22.896763,40.662263],[22.896752,40.662268],[22.896739,40.662272],[22.896703,40.66228],[22.896662,40.662283],[22.8966,40.662284]]},"properties":{"name":"Μεγάλου Αλεξάνδρου"}},{"type":"Feature","geometry":{"type":"LineString","coordinates":[[22.979121,40.597054],[22.979282,40.597111],[22.979404,40.597149],[22.979507,40.597179],[22.979587,40.597198],[22.979654,40.597212],[22.979717,40.597223],[22.97979,40.597235],[22.980257,40.597299],[22.980579,40.597348],[22.980899,40.597395],[22.981247,40.597443],[22.981419,40.59747],[22.981682,40.597511],[22.982035,40.597561],[22.982823,40.597677],[22.982967,40.597695],[22.983399,40.59775],[22.983825,40.597807],[22.983943,40.597825],[22.984177,40.59786],[22.984384,40.597895],[22.98459,40.597931],[22.984676,40.597947],[22.98473,40.597957],[22.984803,40.597973],[22.984911,40.597998],[22.985077,40.598039],[22.985278,40.598091],[22.9854,40.598121],[22.985454,40.598137],[22.985515,40.598159]]},"properties":{"name":"Μεγάλου Αλεξάνδρου"}},{"type":"Feature","geometry":{"type":"LineString","coordinates":[[22.960301,40.582478],[22.96036,40.582493],[22.960407,40.582506],[22.960458,40.582522],[22.961021,40.582736],[22.961124,40.582777],[22.96169,40.582993],[22.961898,40.583079],[22.96208,40.583157],[22.962195,40.583204],[22.962283,40.583241],[22.963074,40.58357],[22.963145,40.583601],[22.96329,40.583664],[22.964154,40.584029],[22.964236,40.584064],[22.964291,40.58409],[22.964695,40.584261],[22.965138,40.584442],[22.965422,40.584559],[22.966153,40.584865],[22.966301,40.584926],[22.966378,40.584958],[22.966632,40.585063],[22.967215,40.585303],[22.967974,40.58562],[22.968185,40.585705],[22.968242,40.585729],[22.968288,40.585745],[22.968338,40.585762],[22.968395,40.585779],[22.968472,40.5858],[22.968781,40.585875],[22.96902,40.585932],[22.969364,40.586016],[22.969977,40.586154],[22.970111,40.586189]]},"properties":{"name":"Μεγάλου Αλεξάνδρου"}},{"type":"Feature","geometry":{"type":"LineString","coordinates":[[22.930619,40.662776],[22.930626,40.662765],[22.930666,40.662701],[22.930692,40.662658],[22.930872,40.662364],[22.931093,40.661999],[22.931425,40.661474]]},"properties":{"name":"Μεγάλου Αλεξάνδρου"}},{"type":"Feature","geometry":{"type":"LineString","coordinates":[[22.931513,40.6613],[22.932043,40.66046]]},"properties":{"name":"Μεγάλου Αλεξάνδρου"}},{"type":"Feature","geometry":{"type":"LineString","coordinates":[[22.956658,40.654782],[22.956624,40.655036],[22.956616,40.655089]]},"properties":{"name":"Μεγάλου Αλεξάνδρου"}},{"type":"Feature","geometry":{"type":"LineString","coordinates":[[22.95735,40.657499],[22.95734,40.657484],[22.957331,40.657468],[22.957319,40.657444],[22.957301,40.657399],[22.957273,40.657324],[22.957254,40.657278],[22.957238,40.65724],[22.957182,40.657127],[22.957146,40.657059],[22.957034,40.656834],[22.956889,40.656544],[22.956731,40.656246],[22.956649,40.656095],[22.956616,40.656033],[22.956604,40.656012],[22.956589,40.655984],[22.956569,40.655942],[22.956551,40.655901],[22.956519,40.655823],[22.956511,40.655796],[22.956505,40.655767],[22.956505,40.655735],[22.956507,40.655701],[22.956511,40.655667],[22.956517,40.655622],[22.95653,40.655553],[22.956577,40.655305],[22.956608,40.655138],[22.956616,40.655089],[22.956592,40.65508],[22.95658,40.655074],[22.956572,40.655068],[22.956556,40.655055],[22.956455,40.654962],[22.956297,40.654817],[22.956195,40.654719]]},"properties":{"name":"Μεγάλου Αλεξάνδρου"}},{"type":"Feature","geometry":{"type":"LineString","coordinates":[[22.949281,40.680436],[22.949314,40.680414],[22.949364,40.680402],[22.94943,40.680392],[22.949966,40.680322],[22.950514,40.680254],[22.95126,40.680162],[22.951775,40.680097],[22.9518,40.680096],[22.95182,40.680098],[22.951841,40.680103]]},"properties":{"name":"Μεγάλου Αλεξάνδρου"}},{"type":"Feature","geometry":{"type":"LineString","coordinates":[[22.856284,40.63851],[22.856055,40.63961],[22.855895,40.640457],[22.85579,40.641405]]},"properties":{"name":"Μεγάλου Αλεξάνδρου"}},{"type":"Feature","geometry":{"type":"LineString","coordinates":[[22.708909,40.660588],[22.708973,40.660586],[22.709057,40.660578],[22.710103,40.660235],[22.710156,40.660171],[22.710286,40.660121],[22.710448,40.660068],[22.71069,40.659998],[22.711021,40.659915],[22.711777,40.659789],[22.711955,40.659768],[22.712823,40.659668],[22.713103,40.659625],[22.713291,40.659602],[22.713488,40.659587],[22.713781,40.65958]]},"properties":{"name":"Μεγάλου Αλεξάνδρου"}},{"type":"Feature","geometry":{"type":"LineString","coordinates":[[22.802786,40.670871],[22.802879,40.670873],[22.802997,40.670853],[22.803493,40.67074],[22.804657,40.670494],[22.804846,40.670446],[22.80493,40.670429],[22.805018,40.670418],[22.805831,40.670335],[22.806617,40.670244],[22.806746,40.670231],[22.806877,40.670218],[22.808207,40.670062],[22.809251,40.669927],[22.810106,40.669842]]},"properties":{"name":"Μεγάλου Αλεξάνδρου"}},{"type":"Feature","geometry":{"type":"LineString","coordinates":[[22.842404,40.687508],[22.842282,40.687662],[22.842243,40.687735],[22.842004,40.688172],[22.841871,40.688416],[22.841757,40.68868],[22.841667,40.688927],[22.841619,40.689063],[22.841533,40.689381],[22.84141,40.689807],[22.841346,40.690072],[22.841319,40.690184],[22.841282,40.690352],[22.841277,40.690375],[22.841241,40.690536],[22.841178,40.690813],[22.841147,40.691005],[22.84114,40.691116],[22.841142,40.691196],[22.841145,40.691247],[22.841158,40.691334],[22.841184,40.691394],[22.84133,40.691589]]},"properties":{"name":"Μεγάλου Αλεξάνδρου"}},{"type":"Feature","geometry":{"type":"LineString","coordinates":[[22.841815,40.691652],[22.841575,40.691661],[22.841498,40.69165],[22.841423,40.691624],[22.84133,40.691589],[22.841362,40.691669],[22.841376,40.69172],[22.841365,40.691827]]},"properties":{"name":"Μεγάλου Αλεξάνδρου"}},{"type":"Feature","geometry":{"type":"LineString","coordinates":[[23.028683,40.591845],[23.028183,40.591761],[23.027945,40.591722],[23.027262,40.591625],[23.027155,40.591623],[23.026792,40.591652],[23.026653,40.59168],[23.026045,40.591816],[23.025845,40.591843],[23.025678,40.591849],[23.025514,40.591841],[23.025412,40.591836],[23.025296,40.591821],[23.025191,40.591806],[23.024767,40.591748],[23.024652,40.591746],[23.024553,40.591748],[23.024433,40.591769],[23.024338,40.591805],[23.024094,40.591953],[23.023979,40.592027],[23.023908,40.59207],[23.023849,40.592102],[23.023788,40.592128],[23.023752,40.592142],[23.023712,40.592154],[23.023663,40.592164],[23.023607,40.59217],[23.023552,40.592172],[23.023493,40.592173],[23.023435,40.592169],[23.023375,40.592164],[23.023304,40.592155],[23.023226,40.592142],[23.023113,40.592125],[23.02305,40.592117],[23.022969,40.592107],[23.022883,40.592098],[23.022799,40.592091],[23.022706,40.592085],[23.022594,40.592081],[23.022427,40.592077],[23.022269,40.592075],[23.022094,40.592079],[23.021932,40.592082],[23.021786,40.592083],[23.021699,40.592085],[23.021608,40.59209],[23.0215,40.592098],[23.021355,40.592111],[23.021219,40.592125],[23.021091,40.592135],[23.020948,40.592145],[23.020867,40.59215],[23.020784,40.592152],[23.020722,40.592152],[23.020683,40.59215],[23.020627,40.592145],[23.02056,40.592136],[23.0205,40.592128],[23.02044,40.592116],[23.020387,40.592102],[23.020342,40.592088],[23.020292,40.592069],[23.020244,40.592049],[23.020186,40.592021],[23.020139,40.591997],[23.020096,40.591973],[23.020049,40.59194],[23.019987,40.591895],[23.01994,40.591861],[23.019901,40.591833],[23.01985,40.591797],[23.019797,40.59176],[23.019752,40.591732],[23.019714,40.59171],[23.01965,40.591677],[23.019582,40.591648],[23.019489,40.591619],[23.019381,40.591588],[23.019257,40.591556],[23.019141,40.591528],[23.019044,40.59151],[23.018978,40.5915],[23.018815,40.591487],[23.018711,40.591484],[23.018603,40.591487],[23.018524,40.591492],[23.018461,40.591498],[23.018404,40.591503],[23.01837,40.591508],[23.018325,40.591514],[23.018266,40.591524],[23.018173,40.591541],[23.018083,40.591561],[23.018024,40.591575],[23.017965,40.591594],[23.017927,40.591607],[23.017869,40.591628],[23.017811,40.591653],[23.017745,40.591684],[23.017679,40.591718],[23.017582,40.591773],[23.017531,40.591805],[23.017486,40.591833],[23.017433,40.591868],[23.017388,40.5919],[23.017353,40.591927],[23.017313,40.591958],[23.017259,40.592005],[23.017055,40.59218],[23.016952,40.592268],[23.016836,40.592367],[23.016645,40.592534],[23.016586,40.592591],[23.016475,40.592681],[23.016402,40.592733],[23.016358,40.592759],[23.016326,40.592775],[23.016297,40.592787],[23.016259,40.5928],[23.016224,40.59281],[23.016193,40.592817],[23.016156,40.592824],[23.016128,40.592828],[23.016097,40.59283],[23.016062,40.59283],[23.016036,40.59283],[23.015988,40.592827],[23.015941,40.592824],[23.015901,40.592819],[23.015865,40.592814],[23.015844,40.59281],[23.015825,40.592806],[23.015807,40.592801],[23.015778,40.592792],[23.015745,40.59278],[23.015713,40.592767],[23.015675,40.592749],[23.015612,40.592714],[23.015588,40.592697],[23.015552,40.592665],[23.01552,40.592631],[23.015503,40.592612],[23.015489,40.592595],[23.01547,40.592565],[23.015454,40.592539],[23.015447,40.592524],[23.01544,40.592506],[23.01543,40.592478],[23.015417,40.592427],[23.015399,40.592357],[23.015381,40.592282],[23.015368,40.592212],[23.01535,40.5921],[23.015339,40.592042],[23.015325,40.591989],[23.015317,40.591964],[23.015301,40.59193],[23.015284,40.5919],[23.015272,40.591883],[23.015258,40.591866],[23.015245,40.591852],[23.015235,40.591842],[23.015219,40.591828],[23.015204,40.591817],[23.015191,40.591808],[23.015179,40.591801],[23.015168,40.591795],[23.015153,40.591789],[23.015141,40.591784],[23.015128,40.591779],[23.015119,40.591776],[23.015107,40.591773],[23.015095,40.59177],[23.015085,40.591769],[23.01507,40.591767],[23.015056,40.591766],[23.015039,40.591765],[23.015007,40.591766],[23.014973,40.591769],[23.01494,40.591776],[23.014914,40.591783],[23.014892,40.59179],[23.01486,40.591804],[23.014821,40.591823],[23.014717,40.59188],[23.014595,40.591953],[23.014308,40.592125],[23.014228,40.59217],[23.014178,40.592198],[23.014105,40.592235],[23.013933,40.59232],[23.013776,40.592397],[23.013497,40.59253],[23.013361,40.592595],[23.013228,40.592661],[23.012941,40.592816],[23.012809,40.592891],[23.012553,40.593045],[23.012304,40.593197],[23.012142,40.593291],[23.012047,40.593337],[23.011956,40.593386],[23.01179,40.593462],[23.011661,40.593518],[23.011581,40.593554],[23.011437,40.593606],[23.011321,40.593643],[23.011212,40.593675],[23.011098,40.593703],[23.010925,40.593727],[23.010679,40.593748],[23.010568,40.593755],[23.010413,40.593759],[23.01027,40.593759],[23.010134,40.593754],[23.009955,40.593747],[23.009753,40.59373],[23.009557,40.593715],[23.009331,40.593697],[23.009141,40.59369]]},"properties":{"name":"Μεγάλου Αλεξάνδρου"}},{"type":"Feature","geometry":{"type":"LineString","coordinates":[[22.869679,40.492643],[22.869518,40.492632],[22.869402,40.492627],[22.869288,40.492622],[22.866669,40.492582],[22.866101,40.492578],[22.863694,40.492561],[22.861325,40.492542],[22.859966,40.492548],[22.858929,40.492551],[22.857808,40.492553],[22.857256,40.492553],[22.857115,40.492552],[22.857003,40.492554],[22.85689,40.492559],[22.856804,40.492567],[22.856721,40.492579],[22.856622,40.4926],[22.856503,40.492635],[22.856374,40.492688],[22.856253,40.492747],[22.85615,40.492799],[22.855962,40.492902],[22.854776,40.493564],[22.852413,40.494876],[22.850036,40.496214],[22.847957,40.497405],[22.847702,40.49755],[22.847562,40.497624],[22.847475,40.497665],[22.847406,40.49769],[22.847335,40.497703],[22.847293,40.497708],[22.84723,40.49771],[22.847128,40.497709],[22.847029,40.497701],[22.846913,40.497687],[22.844063,40.497275],[22.839385,40.496627],[22.837023,40.496307],[22.835852,40.496146],[22.835046,40.49603],[22.834673,40.495978],[22.834637,40.495973],[22.83427,40.495926],[22.8335,40.495822],[22.83238,40.49566],[22.832317,40.495651],[22.829942,40.495314],[22.827741,40.495007],[22.825011,40.494614],[22.824864,40.494596],[22.823879,40.494459],[22.823591,40.494422],[22.823431,40.494405],[22.823263,40.494393],[22.82308,40.494386],[22.822884,40.494381],[22.822153,40.494385]]},"properties":{"name":"Μεγάλου Αλεξάνδρου"}},{"type":"Feature","geometry":{"type":"LineString","coordinates":[[23.066567,40.750282],[23.066493,40.750207],[23.066431,40.750163],[23.066325,40.750128],[23.066165,40.750115],[23.06603,40.750104],[23.065639,40.750074],[23.0647,40.750043],[23.064368,40.750047],[23.064308,40.750029],[23.06405,40.749944],[23.063652,40.749752]]},"properties":{"name":"Μεγάλου Αλεξάνδρου"}},{"type":"Feature","geometry":{"type":"LineString","coordinates":[[23.063402,40.749683],[23.063459,40.749699],[23.063484,40.749706],[23.063652,40.749752],[23.063481,40.74967],[23.063425,40.749644]]},"properties":{"name":"Μεγάλου Αλεξάνδρου"}},{"type":"Feature","geometry":{"type":"LineString","coordinates":[[23.063277,40.749594],[23.063265,40.749575],[23.063054,40.749222],[23.062825,40.74884],[23.062398,40.748145],[23.062044,40.74756],[23.061923,40.747367],[23.061902,40.747335],[23.0617,40.747017]]},"properties":{"name":"Μεγάλου Αλεξάνδρου"}},{"type":"Feature","geometry":{"type":"LineString","coordinates":[[23.129998,40.756282],[23.130279,40.756574],[23.131024,40.757313],[23.131299,40.757549],[23.131534,40.757704],[23.131708,40.757867],[23.131927,40.757979],[23.132235,40.758134],[23.132607,40.758315],[23.133001,40.758478],[23.133182,40.758543],[23.133302,40.758556],[23.133328,40.758553],[23.133565,40.758432],[23.133964,40.758182],[23.13432,40.757977],[23.134659,40.757779],[23.134689,40.757754],[23.134762,40.757701],[23.13483,40.757649],[23.134857,40.75759],[23.134871,40.757527],[23.134884,40.757186],[23.134877,40.7569],[23.134904,40.756642],[23.134952,40.756131],[23.134992,40.756048],[23.135047,40.755971],[23.135156,40.755909],[23.1352,40.755874],[23.135237,40.75581],[23.135251,40.75573],[23.13521,40.755387],[23.135189,40.755073],[23.135144,40.754219],[23.135069,40.753637],[23.135004,40.752962],[23.134884,40.752107],[23.134794,40.751428],[23.134757,40.751127],[23.134713,40.750419],[23.134711,40.750393],[23.134695,40.750174],[23.134692,40.7501],[23.134674,40.749742]]},"properties":{"name":"Μεγάλου Αλεξάνδρου"}},{"type":"Feature","geometry":{"type":"LineString","coordinates":[[23.066082,40.517344],[23.06623,40.517551],[23.066437,40.517851],[23.066852,40.518485],[23.067438,40.519315],[23.06791,40.520051],[23.068348,40.520693],[23.068416,40.520791],[23.069044,40.521649],[23.06911,40.52176],[23.069164,40.521847],[23.069439,40.522255],[23.069494,40.522333],[23.069701,40.522704],[23.06984,40.522898],[23.070332,40.523603],[23.070511,40.523845],[23.070658,40.524067],[23.070886,40.524412],[23.071011,40.524594],[23.071198,40.524876],[23.071332,40.525112],[23.071705,40.52572],[23.071946,40.526064],[23.072004,40.526154],[23.072147,40.526346],[23.072315,40.526592],[23.072499,40.526864]]},"properties":{"name":"Μεγάλου Αλεξάνδρου"}},{"type":"Feature","geometry":{"type":"LineString","coordinates":[[23.092039,40.472462],[23.092228,40.472168],[23.092335,40.471989],[23.092415,40.471851],[23.092496,40.471688],[23.092541,40.471471],[23.09258,40.471274],[23.092607,40.471109],[23.092653,40.470919],[23.092728,40.470601],[23.092764,40.470466]]},"properties":{"name":"Μεγάλου Αλεξάνδρου"}},{"type":"Feature","geometry":{"type":"LineString","coordinates":[[22.973827,40.477617],[22.97373,40.477535],[22.973485,40.477288],[22.973352,40.477144],[22.973078,40.476779]]},"properties":{"name":"Μεγάλου Αλεξάνδρου"}},{"type":"Feature","geometry":{"type":"LineString","coordinates":[[22.969543,40.469436],[22.96951,40.469878],[22.969524,40.470039],[22.96954,40.470143],[22.969572,40.470321],[22.969584,40.470382],[22.969591,40.470442],[22.969651,40.470855],[22.969693,40.471048],[22.96973,40.471223],[22.969795,40.471517],[22.96981,40.471626],[22.969839,40.471959],[22.969858,40.472127],[22.969868,40.472238],[22.969979,40.472486],[22.970075,40.472647],[22.970233,40.472893],[22.970463,40.473243],[22.970574,40.473397],[22.970803,40.473654],[22.971037,40.473937],[22.971237,40.474197],[22.971393,40.474405],[22.97158,40.474683],[22.971719,40.474885],[22.971976,40.475266],[22.972238,40.475657],[22.972501,40.476032],[22.97278,40.476404],[22.972942,40.476608],[22.973078,40.476779],[22.97336,40.477054],[22.973434,40.477126],[22.973507,40.477163],[22.973685,40.477216]]},"properties":{"name":"Μεγάλου Αλεξάνδρου"}},{"type":"Feature","geometry":{"type":"LineString","coordinates":[[22.969526,40.469143],[22.969536,40.469028],[22.969578,40.468848],[22.969783,40.46857],[22.969806,40.468514],[22.969819,40.468471],[22.969841,40.468377],[22.969845,40.468329],[22.969847,40.467881],[22.969847,40.467826],[22.969846,40.467805],[22.969838,40.467627],[22.969826,40.467516],[22.969817,40.467474],[22.969792,40.467404],[22.969764,40.467343],[22.969738,40.467304],[22.96972,40.46728],[22.969698,40.46725],[22.96966,40.467212],[22.969639,40.467055],[22.969457,40.466847],[22.969373,40.466742],[22.969323,40.466682],[22.969297,40.466648],[22.969184,40.466516],[22.969124,40.466445],[22.969003,40.466295],[22.968743,40.465937],[22.968551,40.465602],[22.968498,40.465508],[22.968467,40.465445],[22.968301,40.465023],[22.968263,40.464908],[22.968149,40.464599],[22.968134,40.464574],[22.968047,40.464479],[22.968033,40.464465],[22.968002,40.464438],[22.9679,40.46436],[22.967822,40.464301],[22.967783,40.464273],[22.967757,40.46425],[22.967738,40.464231],[22.967675,40.464212],[22.967575,40.464221],[22.967447,40.46429],[22.967364,40.464326],[22.967294,40.464347],[22.967246,40.464355],[22.96716,40.464346]]},"properties":{"name":"Μεγάλου Αλεξάνδρου"}},{"type":"Feature","geometry":{"type":"LineString","coordinates":[[22.902685,40.670849],[22.902504,40.670907],[22.902096,40.67103],[22.901965,40.67107],[22.901774,40.671129],[22.901091,40.671352],[22.89969,40.671832],[22.899619,40.671857],[22.89948,40.671904]]},"properties":{"name":"Φιλίππου Φλώρου"}},{"type":"Feature","geometry":{"type":"LineString","coordinates":[[22.899356,40.671961],[22.899247,40.672007],[22.899028,40.672091],[22.898875,40.672144],[22.898694,40.672197],[22.898623,40.672215],[22.898545,40.672233],[22.898402,40.67226],[22.898197,40.672297],[22.898154,40.672303],[22.898119,40.672307],[22.898034,40.672316],[22.897866,40.672329],[22.89778,40.672335],[22.89774,40.672336],[22.897702,40.672335],[22.897283,40.672309],[22.897028,40.672289],[22.895727,40.672181],[22.894135,40.672058]]},"properties":{"name":"Ντόρτογλου"}},{"type":"Feature","geometry":{"type":"LineString","coordinates":[[22.895727,40.672181],[22.895672,40.672644],[22.895619,40.673056],[22.895629,40.673085],[22.895691,40.673142]]},"properties":{"name":"Πολυτεχνείου"}},{"type":"Feature","geometry":{"type":"LineString","coordinates":[[22.936405,40.636397],[22.936238,40.636487],[22.936125,40.636548],[22.935775,40.636743],[22.935705,40.636782],[22.935527,40.636881],[22.935381,40.636955],[22.934897,40.637204],[22.934669,40.637328],[22.93429,40.63753],[22.934,40.637678],[22.933488,40.63794],[22.932923,40.638235],[22.932746,40.638329],[22.932597,40.638409],[22.932398,40.638526],[22.932281,40.638603],[22.93221,40.638653],[22.932138,40.638705],[22.932036,40.638788],[22.931863,40.638934],[22.931738,40.639042],[22.931623,40.639143],[22.931409,40.639317],[22.931189,40.639511],[22.931092,40.639585],[22.931003,40.639659]]},"properties":{"name":"Πολυτεχνείου"}},{"type":"Feature","geometry":{"type":"LineString","coordinates":[[22.989173,40.600703],[22.989147,40.600635],[22.98909,40.600598],[22.988566,40.600272],[22.987891,40.59985],[22.987862,40.599833],[22.987847,40.599826],[22.98782,40.599812],[22.987194,40.599542],[22.986484,40.599242],[22.986432,40.599219],[22.986047,40.599051],[22.985965,40.599015]]},"properties":{"name":"Πολυτεχνείου"}},{"type":"Feature","geometry":{"type":"LineString","coordinates":[[22.92791,40.670638],[22.928147,40.669797],[22.928159,40.669719],[22.928258,40.668827],[22.928317,40.66835],[22.928367,40.667919],[22.928471,40.666994],[22.928544,40.666323],[22.928549,40.666255],[22.928549,40.666245],[22.92855,40.66623],[22.928551,40.666214],[22.928553,40.666082],[22.928598,40.66601]]},"properties":{"name":"Πολυτεχνείου"}},{"type":"Feature","geometry":{"type":"LineString","coordinates":[[22.955207,40.690041],[22.955168,40.689961],[22.95494,40.689436],[22.954683,40.68884],[22.954616,40.688678],[22.95454,40.688499],[22.954302,40.687938],[22.954277,40.687881],[22.954263,40.687852],[22.953967,40.687165],[22.953949,40.687123],[22.953917,40.687051],[22.953631,40.686394],[22.953614,40.686353],[22.953407,40.685858],[22.953379,40.685796],[22.953366,40.685774],[22.95334,40.685744],[22.953313,40.685721],[22.953262,40.685682],[22.953198,40.685632]]},"properties":{"name":"Πολυτεχνείου"}},{"type":"Feature","geometry":{"type":"LineString","coordinates":[[22.857024,40.465861],[22.85706,40.465801],[22.857697,40.464817],[22.857747,40.46474],[22.858383,40.463834],[22.858609,40.463508],[22.858666,40.463425],[22.859993,40.461477],[22.860125,40.461296],[22.860754,40.460475],[22.861353,40.459703],[22.861374,40.459675],[22.861964,40.458889],[22.862139,40.458953],[22.862692,40.459156],[22.862796,40.459194]]},"properties":{"name":"Πολυτεχνείου"}},{"type":"Feature","geometry":{"type":"LineString","coordinates":[[22.605002,40.730588],[22.605033,40.73065],[22.605041,40.730705],[22.605044,40.73077],[22.605029,40.731169],[22.605006,40.731885],[22.604993,40.732396]]},"properties":{"name":"Πολυτεχνείου"}},{"type":"Feature","geometry":{"type":"LineString","coordinates":[[22.892093,40.672805],[22.89268,40.672877],[22.893059,40.672918],[22.893903,40.672994],[22.893959,40.672999],[22.893974,40.673],[22.893995,40.673005],[22.894018,40.673014],[22.894036,40.673022],[22.894048,40.673029],[22.89407,40.673041],[22.894094,40.673053],[22.894144,40.673073],[22.894251,40.673115],[22.894345,40.673146],[22.894368,40.673154],[22.894428,40.673168],[22.894491,40.673178],[22.894549,40.673183],[22.894628,40.673187],[22.8947,40.673186],[22.894788,40.67318],[22.894928,40.673166],[22.895032,40.673149],[22.895167,40.67312],[22.895691,40.673142],[22.896424,40.67319],[22.896727,40.673205],[22.896989,40.673212],[22.897098,40.673213]]},"properties":{"name":"Σκρα"}},{"type":"Feature","geometry":{"type":"LineString","coordinates":[[22.892062,40.672407],[22.89207,40.672536],[22.892093,40.672805]]},"properties":{"name":"Γεωργίου Παπανδρέου"}},{"type":"Feature","geometry":{"type":"LineString","coordinates":[[22.950294,40.603285],[22.950316,40.603163],[22.95034,40.603055],[22.950368,40.602955],[22.950404,40.602823],[22.950515,40.60243],[22.950635,40.602079],[22.950687,40.601907],[22.950719,40.601806],[22.950816,40.601498],[22.950912,40.601196],[22.950946,40.601088],[22.950989,40.600963],[22.951151,40.600586],[22.951196,40.600481],[22.951512,40.599746],[22.951629,40.599493],[22.951633,40.599485],[22.951879,40.598909],[22.951922,40.598807],[22.952374,40.59776],[22.952409,40.597681],[22.952499,40.597478],[22.952738,40.596938],[22.953121,40.596251],[22.953555,40.595522],[22.95362,40.595413],[22.95364,40.59529],[22.953732,40.594725],[22.953784,40.594411],[22.953823,40.594172],[22.95386,40.593941],[22.953921,40.593571],[22.953939,40.59346],[22.953944,40.593375],[22.953964,40.593307],[22.954035,40.592965],[22.9542,40.592073],[22.954281,40.591546],[22.954288,40.591506],[22.9544,40.590765],[22.954482,40.590308],[22.954509,40.590151],[22.954522,40.590075],[22.954526,40.590045],[22.954529,40.59002],[22.954533,40.589988],[22.954535,40.589962],[22.954538,40.589916],[22.95454,40.589863]]},"properties":{"name":"Γεωργίου Παπανδρέου"}},{"type":"Feature","geometry":{"type":"LineString","coordinates":[[22.892062,40.672407],[22.892175,40.672398],[22.892315,40.672394]]},"properties":{"name":"Παγκάλου"}},{"type":"Feature","geometry":{"type":"LineString","coordinates":[[22.891913,40.669207],[22.892076,40.669582],[22.892096,40.669637],[22.892114,40.669693],[22.892151,40.669872],[22.892163,40.669923],[22.892179,40.669973],[22.89219,40.669999],[22.892207,40.67003],[22.892222,40.670052],[22.89225,40.670081],[22.892286,40.670117],[22.89232,40.670155],[22.892338,40.670179],[22.892351,40.670208],[22.892362,40.670236],[22.892374,40.670286],[22.892408,40.670422],[22.892417,40.67046],[22.892425,40.670506],[22.892429,40.670559],[22.892418,40.670993],[22.892395,40.671506],[22.892364,40.671794],[22.892353,40.67192],[22.892315,40.672394]]},"properties":{"name":"Σιατίστης"}},{"type":"Feature","geometry":{"type":"LineString","coordinates":[[22.894587,40.668275],[22.894536,40.668281],[22.894441,40.668305],[22.893992,40.668437],[22.893585,40.66855],[22.893455,40.668587],[22.892861,40.668785],[22.892482,40.668932],[22.892011,40.669135],[22.891998,40.669142],[22.891985,40.66915],[22.891913,40.669207]]},"properties":{"name":"Μερκούρη Μελίνας"}},{"type":"Feature","geometry":{"type":"LineString","coordinates":[[22.894457,40.665047],[22.89454,40.66513],[22.894579,40.665168],[22.894599,40.665195],[22.894613,40.66522],[22.89462,40.66524],[22.894652,40.665338]]},"properties":{"name":"Ανδρέα Παπανδρέου"}},{"type":"Feature","geometry":{"type":"LineString","coordinates":[[22.966921,40.57002],[22.96694,40.570066],[22.966952,40.570123],[22.966962,40.570238],[22.966969,40.570352],[22.966945,40.570489],[22.966919,40.570608],[22.966882,40.570729],[22.966842,40.570844],[22.966787,40.570983],[22.966601,40.571417],[22.966278,40.572096],[22.966065,40.572585],[22.965984,40.57279],[22.965742,40.573346],[22.965468,40.573952],[22.965062,40.574847],[22.964965,40.574946],[22.964883,40.575014],[22.964869,40.575038],[22.964755,40.575316],[22.964743,40.575345],[22.964726,40.575379],[22.964707,40.575412],[22.964684,40.575444],[22.964654,40.575481],[22.964625,40.575513],[22.964593,40.575546],[22.964543,40.575591],[22.96449,40.575629],[22.964447,40.575657],[22.964397,40.575685],[22.964341,40.575713],[22.96427,40.575746],[22.964191,40.575781],[22.96411,40.575815],[22.964044,40.575841],[22.963973,40.575866],[22.963903,40.57589],[22.963841,40.575907],[22.963789,40.57592],[22.963733,40.575933],[22.963582,40.575961],[22.963452,40.575991],[22.963387,40.576005],[22.96203,40.576306],[22.961924,40.576336],[22.961647,40.576406],[22.961369,40.57648],[22.961126,40.576544],[22.960882,40.576624],[22.960603,40.576726],[22.960351,40.576831],[22.960192,40.576907],[22.96,40.577011],[22.959838,40.577123],[22.959699,40.577211],[22.959519,40.57734],[22.959366,40.577453],[22.959215,40.577585],[22.959117,40.577677],[22.958933,40.577865],[22.958804,40.578],[22.958744,40.578145]]},"properties":{"name":"Ανδρέα Παπανδρέου"}},{"type":"Feature","geometry":{"type":"LineString","coordinates":[[22.963617,40.576034],[22.963771,40.576013],[22.963851,40.575992],[22.963932,40.575965],[22.96408,40.575913],[22.964246,40.575845],[22.964379,40.575783],[22.96454,40.575693],[22.96462,40.575638],[22.964707,40.575559],[22.964784,40.57547],[22.964841,40.575384],[22.964892,40.575264],[22.964986,40.575036],[22.964965,40.574946],[22.964956,40.574824],[22.965127,40.574447],[22.965376,40.573924],[22.965641,40.573325],[22.965888,40.572768],[22.966186,40.572091],[22.966637,40.571034],[22.966718,40.570835],[22.966763,40.570715],[22.966798,40.5706],[22.966822,40.570492],[22.966829,40.570447],[22.966838,40.570387],[22.966843,40.57027],[22.966833,40.570164],[22.966826,40.570116],[22.966816,40.570063]]},"properties":{"name":"Ανδρέα Παπανδρέου"}},{"type":"Feature","geometry":{"type":"LineString","coordinates":[[22.894018,40.673014],[22.894079,40.672519],[22.894135,40.672058],[22.894191,40.671628],[22.894199,40.67157],[22.894247,40.671202],[22.894255,40.671139],[22.894294,40.670772],[22.894302,40.670693],[22.894311,40.67062],[22.89435,40.670305],[22.894358,40.670242],[22.894366,40.670172],[22.894408,40.669833],[22.894418,40.669757],[22.894424,40.669701],[22.894431,40.66964],[22.894576,40.668359],[22.894587,40.668275],[22.894626,40.667905],[22.894651,40.667667],[22.894696,40.667246],[22.894722,40.666994],[22.894731,40.666873],[22.894738,40.666761],[22.894782,40.66632],[22.894754,40.66605],[22.894677,40.66557],[22.894657,40.665429],[22.894652,40.665338],[22.894679,40.665225],[22.894679,40.665189],[22.894672,40.665154],[22.894662,40.665128],[22.894651,40.665114],[22.894625,40.665082],[22.894542,40.665]]},"properties":{"name":"Ανδρέα Παπανδρέου"}},{"type":"Feature","geometry":{"type":"LineString","coordinates":[[22.966199,40.657983],[22.965999,40.657977],[22.965922,40.657972],[22.96585,40.657965],[22.965779,40.657953],[22.9657,40.657935],[22.965617,40.657911],[22.965547,40.65789],[22.965461,40.657857],[22.965396,40.657828],[22.965326,40.657793],[22.965295,40.657772],[22.965055,40.657589],[22.964966,40.657521],[22.964769,40.657362],[22.964717,40.657323],[22.964668,40.657291],[22.964619,40.657262],[22.964562,40.657231],[22.964528,40.657206],[22.964499,40.657185],[22.964418,40.657137],[22.96439,40.657123]]},"properties":{"name":"Ανδρέα Παπανδρέου"}},{"type":"Feature","geometry":{"type":"LineString","coordinates":[[22.969137,40.659547],[22.968912,40.659498],[22.968772,40.659475],[22.968608,40.659461],[22.968291,40.659427],[22.967959,40.659324],[22.967898,40.659305],[22.96756,40.659154],[22.967483,40.65908],[22.967454,40.65902],[22.967399,40.658947],[22.967209,40.658671],[22.967038,40.658422],[22.966936,40.658294],[22.966871,40.658223],[22.966821,40.658177],[22.966777,40.658146],[22.966729,40.658116],[22.966689,40.658096],[22.966637,40.658074],[22.966586,40.658054],[22.966518,40.658033],[22.966455,40.658018],[22.966394,40.658007],[22.966308,40.657994],[22.966199,40.657983],[22.965894,40.657917],[22.965807,40.657896],[22.965728,40.657878],[22.96565,40.657857],[22.965583,40.657834],[22.965502,40.657804],[22.965442,40.657777],[22.965367,40.657739],[22.965326,40.657715],[22.965292,40.657693],[22.965267,40.657674],[22.965102,40.65754],[22.965025,40.657477],[22.964936,40.657405],[22.96482,40.657315],[22.964764,40.657276],[22.964696,40.657236],[22.964629,40.657202],[22.964568,40.657177],[22.964471,40.657145],[22.96439,40.657123],[22.96413,40.657043],[22.963565,40.656869],[22.962864,40.656655],[22.962479,40.656532],[22.962415,40.65651],[22.962348,40.656481],[22.962302,40.656458],[22.962179,40.656393],[22.962107,40.656348],[22.962006,40.656282],[22.9619,40.656206],[22.96181,40.656144],[22.961711,40.656069],[22.961619,40.655996],[22.961421,40.655823],[22.961174,40.655605],[22.961015,40.655459],[22.960845,40.655304],[22.960798,40.655261],[22.960738,40.655206],[22.960673,40.655153],[22.96061,40.655108],[22.96053,40.655055],[22.960434,40.655],[22.960363,40.654965],[22.960283,40.654931],[22.960198,40.654898],[22.960108,40.654869],[22.960026,40.654846],[22.959938,40.654825],[22.95983,40.654803],[22.959737,40.654789],[22.959678,40.654781],[22.959603,40.654776],[22.959526,40.654773],[22.959414,40.654775],[22.959317,40.654778],[22.959137,40.654785],[22.958606,40.654818],[22.958321,40.654836],[22.9582,40.654844],[22.957802,40.654865],[22.957725,40.654866],[22.957643,40.654866],[22.957501,40.654862],[22.957388,40.654856],[22.957226,40.654843],[22.957086,40.654829],[22.956908,40.654812],[22.95678,40.654797],[22.956658,40.654782],[22.95653,40.654765],[22.956272,40.654729],[22.956195,40.654719],[22.956154,40.654713],[22.955895,40.654693],[22.955311,40.654653],[22.955289,40.654651],[22.954563,40.654602],[22.953894,40.654566],[22.95372,40.654554],[22.953356,40.654535],[22.952793,40.654506],[22.952312,40.654492],[22.952208,40.654487],[22.951976,40.654474],[22.951946,40.654467],[22.951895,40.654449],[22.951265,40.654204],[22.951124,40.65415],[22.950419,40.653875],[22.950391,40.653865],[22.950242,40.653808],[22.950171,40.653777],[22.950124,40.653755],[22.950061,40.653722],[22.949997,40.653687],[22.949955,40.653662],[22.949912,40.653634],[22.949884,40.653614],[22.949855,40.653592],[22.949829,40.65357],[22.949794,40.653539],[22.949666,40.653412],[22.949655,40.653401],[22.949378,40.653126],[22.949123,40.652872],[22.949091,40.65284],[22.949024,40.652774],[22.948827,40.652578],[22.948631,40.652394],[22.948554,40.652319],[22.948278,40.652052],[22.948035,40.651822],[22.947972,40.651757],[22.947681,40.651467],[22.947573,40.651364],[22.947494,40.651287],[22.947466,40.651263],[22.947437,40.651242],[22.947405,40.651221],[22.94737,40.651202],[22.947338,40.651186],[22.947301,40.651172],[22.947273,40.651162],[22.947252,40.651156],[22.94723,40.651151],[22.94718,40.65114],[22.947127,40.651131],[22.947076,40.651124],[22.947032,40.65112],[22.946986,40.651115],[22.946933,40.651113],[22.946851,40.651118],[22.946769,40.651126],[22.946711,40.651134],[22.946682,40.651138],[22.946596,40.651155],[22.946483,40.651183],[22.94605,40.651293],[22.94601,40.651301],[22.945977,40.651308],[22.94594,40.651314],[22.945887,40.651323],[22.945847,40.651329],[22.945816,40.651332],[22.945787,40.651335],[22.945756,40.651337],[22.945724,40.651337],[22.945699,40.651337],[22.945677,40.651336],[22.945647,40.651332],[22.945618,40.651327],[22.945591,40.651321],[22.945526,40.651306],[22.945131,40.651205],[22.944874,40.651142],[22.944857,40.651138],[22.944828,40.651133],[22.944788,40.65113],[22.944763,40.65113],[22.944747,40.65113],[22.944711,40.651132],[22.94467,40.651136],[22.94464,40.651141],[22.944395,40.651208],[22.944036,40.651308],[22.943844,40.651361],[22.943461,40.651468],[22.943315,40.651509],[22.94278,40.651655],[22.942224,40.651799],[22.942166,40.651814],[22.941849,40.651898],[22.941661,40.651947],[22.941457,40.652002],[22.941322,40.652036],[22.94127,40.65205],[22.941083,40.652098],[22.940983,40.652121],[22.940204,40.652299],[22.939683,40.652419],[22.939422,40.652479],[22.938845,40.652611],[22.938643,40.652417],[22.938481,40.652253],[22.938253,40.652022],[22.937896,40.651634],[22.937875,40.651611],[22.937846,40.651579],[22.9376,40.651315],[22.937381,40.651095],[22.937262,40.650985],[22.9372,40.650925],[22.937186,40.650909],[22.937161,40.650883],[22.937147,40.650866],[22.937137,40.650851],[22.937131,40.650833],[22.93713,40.650825],[22.937132,40.650807],[22.937135,40.650792],[22.937229,40.65054],[22.937275,40.650415],[22.937384,40.650136],[22.937429,40.650021]]},"properties":{"name":"Ανδρέα Παπανδρέου"}},{"type":"Feature","geometry":{"type":"LineString","coordinates":[[22.805596,40.665071],[22.805311,40.664682],[22.805086,40.664376],[22.804829,40.664026],[22.804578,40.663678],[22.804275,40.663309],[22.804148,40.663223],[22.80397,40.663013],[22.803867,40.662902]]},"properties":{"name":"Ανδρέα Παπανδρέου"}},{"type":"Feature","geometry":{"type":"LineString","coordinates":[[22.803803,40.662788],[22.803468,40.662383],[22.802644,40.66129],[22.8026,40.661233],[22.802552,40.661169],[22.80214,40.660586],[22.801937,40.660299],[22.801811,40.66012],[22.801745,40.660027],[22.801523,40.659711],[22.801455,40.659583],[22.801429,40.659496],[22.80142,40.659387],[22.801425,40.659267],[22.801404,40.658224],[22.801397,40.658104],[22.801341,40.657249],[22.801326,40.657135],[22.801312,40.657033],[22.80122,40.656882],[22.801081,40.656715],[22.801028,40.656676]]},"properties":{"name":"Ανδρέα Παπανδρέου"}},{"type":"Feature","geometry":{"type":"LineString","coordinates":[[22.803894,40.662748],[22.803842,40.66267],[22.803548,40.662276],[22.802729,40.661177],[22.802682,40.661116],[22.802631,40.661043],[22.801655,40.659627],[22.801619,40.659545],[22.801595,40.659467],[22.801589,40.659265],[22.801576,40.659106],[22.801573,40.658998],[22.801551,40.658299],[22.801546,40.65822],[22.801536,40.658095],[22.801518,40.657897],[22.80148,40.657261],[22.801475,40.657164],[22.80146,40.657045],[22.801436,40.657014]]},"properties":{"name":"Ανδρέα Παπανδρέου"}},{"type":"Feature","geometry":{"type":"LineString","coordinates":[[22.803982,40.662868],[22.804218,40.663148],[22.804275,40.663309]]},"properties":{"name":"Ανδρέα Παπανδρέου"}},{"type":"Feature","geometry":{"type":"LineString","coordinates":[[22.967454,40.65902],[22.967516,40.659052],[22.967572,40.659118],[22.967754,40.659208],[22.967845,40.659247],[22.967852,40.659251],[22.967903,40.659273],[22.968284,40.659394],[22.968604,40.659433],[22.968772,40.659438],[22.968915,40.659425],[22.969085,40.659406],[22.969179,40.659391]]},"properties":{"name":"Ανδρέα Παπανδρέου"}},{"type":"Feature","geometry":{"type":"LineString","coordinates":[[22.934934,40.640594],[22.934847,40.640636],[22.934637,40.640739],[22.934597,40.640758],[22.934482,40.640814],[22.934044,40.641029],[22.933773,40.641161],[22.933526,40.641281],[22.933429,40.641329],[22.933425,40.641331],[22.932697,40.641686],[22.93252,40.641772],[22.931814,40.642117],[22.931283,40.642376],[22.931093,40.642469],[22.931027,40.642501],[22.930864,40.642586],[22.928961,40.643556],[22.928451,40.643817],[22.928347,40.643869],[22.928278,40.643907],[22.92812,40.643993],[22.927462,40.644354],[22.925529,40.645415],[22.925366,40.645504],[22.925234,40.645575],[22.925161,40.645614],[22.924792,40.645811],[22.924574,40.645927],[22.924394,40.646023],[22.924196,40.646129],[22.922825,40.646862],[22.92215,40.647222],[22.920879,40.647901],[22.920736,40.647977],[22.920562,40.648071],[22.919717,40.64853],[22.918988,40.648925],[22.917565,40.649696],[22.917452,40.649757],[22.915764,40.650669],[22.915087,40.651023],[22.914891,40.651126],[22.914043,40.651572],[22.913933,40.651623],[22.912684,40.652101],[22.912366,40.652222],[22.912258,40.652263],[22.912165,40.652297],[22.912092,40.652323],[22.911837,40.652416],[22.911192,40.652676],[22.909867,40.653212],[22.908722,40.653686],[22.908392,40.653811],[22.908142,40.653912],[22.907909,40.654005],[22.907376,40.654224],[22.90729,40.654256],[22.907111,40.654322],[22.906426,40.654586],[22.905806,40.654821],[22.905341,40.654998],[22.905022,40.655142],[22.904987,40.655158],[22.904774,40.655262],[22.904577,40.655377],[22.904414,40.655478],[22.904222,40.655623],[22.904082,40.655741],[22.903917,40.655885],[22.903716,40.656075],[22.903453,40.656337],[22.903345,40.656441],[22.903028,40.656762],[22.902986,40.656812],[22.902956,40.65685],[22.902902,40.656923],[22.902804,40.657049],[22.90267,40.657269],[22.902574,40.657431],[22.902503,40.657547],[22.902479,40.657579],[22.902416,40.657668],[22.902374,40.657728],[22.902303,40.657817],[22.902178,40.657974],[22.902069,40.658102],[22.901659,40.658506],[22.901048,40.659082],[22.90074,40.659386],[22.900472,40.659642],[22.900064,40.660014],[22.899846,40.660214],[22.899434,40.660641],[22.899043,40.661034],[22.898901,40.661187],[22.898627,40.661482],[22.898515,40.66161],[22.898458,40.661676],[22.898411,40.661735],[22.898352,40.661811],[22.8983,40.661886],[22.89824,40.661985],[22.898193,40.662061],[22.898147,40.662133],[22.898112,40.662187],[22.898032,40.662276],[22.897966,40.662348],[22.89789,40.66242],[22.897816,40.662483],[22.897663,40.662599],[22.897257,40.662883],[22.896889,40.663156],[22.896797,40.663225],[22.896701,40.663303],[22.896571,40.663419],[22.896463,40.663513],[22.896265,40.663692],[22.896028,40.663898],[22.895883,40.664023],[22.89561,40.664256],[22.895314,40.66449],[22.895193,40.664578],[22.895142,40.664614],[22.894979,40.664719],[22.894933,40.664748],[22.894542,40.665],[22.894457,40.665047],[22.894379,40.665097],[22.894262,40.665166],[22.894164,40.665223],[22.894105,40.665257]]},"properties":{"name":"Μοναστηρίου"}},{"type":"Feature","geometry":{"type":"LineString","coordinates":[[22.935007,40.64068],[22.93492,40.640722],[22.934671,40.640845],[22.93411,40.64112],[22.933844,40.64125],[22.933836,40.641254],[22.933742,40.6413],[22.93349,40.641424],[22.933391,40.641472],[22.932934,40.641696],[22.932779,40.641773],[22.93258,40.641873],[22.932346,40.641991],[22.931905,40.642214],[22.931279,40.642529],[22.931189,40.642574],[22.931123,40.642605],[22.930951,40.642692],[22.930568,40.642888],[22.929192,40.643589],[22.928698,40.643841],[22.928543,40.64392],[22.92844,40.643972],[22.928219,40.644098],[22.927437,40.644517],[22.926577,40.644986],[22.925862,40.645375],[22.925708,40.645461],[22.925618,40.645511],[22.925458,40.645597],[22.925322,40.645669],[22.925093,40.645791],[22.925006,40.645838],[22.924889,40.6459],[22.924613,40.646047],[22.923898,40.646428],[22.922207,40.647329],[22.920951,40.647999],[22.920822,40.648068],[22.920645,40.648161],[22.920561,40.648206],[22.920125,40.648443],[22.919789,40.648624],[22.919217,40.648916],[22.919057,40.648997],[22.918859,40.649102],[22.917545,40.649834],[22.917248,40.649997],[22.916508,40.650385],[22.915821,40.650755],[22.915629,40.65086],[22.91542,40.650973],[22.914958,40.651213],[22.91458,40.651406],[22.91413,40.65163],[22.913952,40.651708],[22.912507,40.652271],[22.91243,40.652301],[22.912309,40.652347],[22.912216,40.652385],[22.911803,40.652547],[22.91126,40.652761],[22.909907,40.653306],[22.90922,40.653598],[22.908802,40.653775],[22.90848,40.653902],[22.907787,40.654171],[22.907443,40.654306],[22.907358,40.65434],[22.907168,40.654416],[22.906184,40.654786],[22.905701,40.65497],[22.905653,40.654988],[22.905398,40.655093],[22.905138,40.655208],[22.904914,40.655316],[22.904797,40.655378],[22.904676,40.65545],[22.904492,40.655562],[22.90441,40.655618],[22.90433,40.655683],[22.904232,40.655771],[22.904081,40.655905],[22.903636,40.656347],[22.903537,40.656446],[22.903199,40.656775],[22.903137,40.656834],[22.903097,40.656877],[22.903067,40.656913],[22.903034,40.656955],[22.902973,40.657026],[22.902854,40.657232],[22.902705,40.657459],[22.902607,40.657612],[22.902519,40.657725],[22.902471,40.657784],[22.902382,40.657894],[22.902279,40.658009],[22.902158,40.658153],[22.901773,40.658533],[22.900838,40.659436],[22.900571,40.659684],[22.900108,40.660107],[22.899933,40.660267],[22.89951,40.660683],[22.899165,40.661042],[22.898961,40.661251],[22.898711,40.66152],[22.898597,40.661638],[22.898547,40.661701],[22.898493,40.66177],[22.89844,40.661839],[22.898376,40.661925],[22.898292,40.662077],[22.898242,40.662154],[22.898189,40.662218],[22.898108,40.662314],[22.898044,40.662382],[22.897964,40.66246],[22.8979,40.662518],[22.897732,40.662652],[22.896933,40.663218],[22.896783,40.663343],[22.896641,40.663471],[22.896584,40.663522],[22.896453,40.663645],[22.89633,40.663761],[22.896176,40.663911],[22.89599,40.664084],[22.89579,40.664259],[22.895517,40.664486],[22.895382,40.664578],[22.89533,40.664617],[22.895177,40.664724],[22.894983,40.664854],[22.894796,40.664972],[22.894625,40.665082],[22.89454,40.66513]]},"properties":{"name":"Μοναστηρίου"}},{"type":"Feature","geometry":{"type":"LineString","coordinates":[[22.897906,40.662673],[22.897705,40.662758],[22.897643,40.662789],[22.897039,40.663234],[22.896924,40.663323],[22.896824,40.663406],[22.89668,40.663527],[22.896602,40.663596]]},"properties":{"name":"Μοναστηρίου"}},{"type":"Feature","geometry":{"type":"LineString","coordinates":[[22.890508,40.667285],[22.890881,40.667075],[22.891137,40.666931]]},"properties":{"name":"Μοναστηρίου"}},{"type":"Feature","geometry":{"type":"LineString","coordinates":[[22.891203,40.66701],[22.890959,40.66715],[22.890913,40.667177],[22.890583,40.667369]]},"properties":{"name":"Μοναστηρίου"}},{"type":"Feature","geometry":{"type":"LineString","coordinates":[[22.900521,40.654717],[22.900559,40.654732],[22.900587,40.654746],[22.900609,40.654758],[22.900632,40.654775],[22.900664,40.6548],[22.900697,40.654828],[22.900761,40.65489],[22.900827,40.654958],[22.900939,40.655076],[22.901034,40.655177],[22.901132,40.655283],[22.901239,40.655377],[22.901299,40.655425],[22.901369,40.65548],[22.901516,40.655596],[22.901533,40.655609],[22.901601,40.65566],[22.901764,40.65577],[22.901962,40.6559],[22.902255,40.656082],[22.902781,40.656403],[22.903342,40.656757],[22.90397,40.657146],[22.904405,40.657414],[22.90452,40.657484],[22.904673,40.657587],[22.904806,40.657684],[22.904958,40.657801],[22.905095,40.657912],[22.905251,40.658051],[22.905354,40.658148],[22.9055,40.658288],[22.905659,40.658447],[22.905781,40.658558],[22.905869,40.658634],[22.905918,40.658673],[22.906005,40.658742],[22.906128,40.658831],[22.906212,40.658888],[22.906307,40.658948],[22.906426,40.659018],[22.906523,40.659069],[22.906661,40.659138],[22.908066,40.65981],[22.908142,40.65984],[22.90821,40.659865],[22.908275,40.659888],[22.908322,40.659902],[22.908361,40.659918],[22.908471,40.659943],[22.909617,40.66015],[22.910255,40.660231],[22.910455,40.660258],[22.910652,40.660285],[22.911342,40.660381],[22.911662,40.660425],[22.911819,40.660446],[22.912049,40.66047],[22.912167,40.660484],[22.912395,40.660511],[22.912507,40.660522],[22.912674,40.660538],[22.912757,40.660546],[22.912841,40.660554],[22.913759,40.66064],[22.914615,40.660723],[22.916948,40.660931],[22.917419,40.660976],[22.917604,40.660994],[22.919237,40.661153],[22.919563,40.661182]]},"properties":{"name":"Δενδροποτάμου"}},{"type":"Feature","geometry":{"type":"LineString","coordinates":[[22.900832,40.654398],[22.900889,40.654505],[22.900994,40.654714],[22.901048,40.654814],[22.901093,40.654887],[22.901134,40.654945],[22.901169,40.654987],[22.90119,40.655009],[22.901246,40.655063],[22.901283,40.655095],[22.901551,40.65532],[22.901742,40.655503],[22.902138,40.655857],[22.902388,40.656015],[22.902493,40.656079],[22.902894,40.656322],[22.903274,40.656564],[22.903569,40.656752],[22.904006,40.657025],[22.904424,40.657286],[22.904625,40.657413],[22.904744,40.657493],[22.904902,40.657606],[22.905033,40.657709],[22.905195,40.657838],[22.905341,40.657965],[22.905566,40.658178],[22.905832,40.658447],[22.905968,40.658563],[22.906085,40.658654],[22.906203,40.65874],[22.906335,40.658828],[22.906486,40.658917],[22.906612,40.658982],[22.906731,40.65904],[22.907957,40.659625],[22.908077,40.659677],[22.90827,40.659759],[22.90836,40.659797],[22.908406,40.659815],[22.908439,40.659826],[22.908509,40.659846],[22.908694,40.659893],[22.908864,40.659926],[22.909027,40.659949],[22.909288,40.659992],[22.909835,40.660064],[22.91064,40.660178],[22.910813,40.660204],[22.911518,40.66031],[22.91166,40.660333],[22.911868,40.660363],[22.912142,40.660392],[22.912253,40.6604],[22.912467,40.660413],[22.912572,40.660421],[22.912688,40.66043],[22.912845,40.660445],[22.913133,40.660472],[22.914634,40.660613],[22.916465,40.660779],[22.917563,40.660883],[22.917621,40.660889],[22.918399,40.660964],[22.919496,40.661077]]},"properties":{"name":"Δενδροποτάμου"}},{"type":"Feature","geometry":{"type":"LineString","coordinates":[[22.900676,40.652417],[22.900416,40.652676],[22.90031,40.652799],[22.900234,40.652888],[22.900207,40.652928],[22.900182,40.652974],[22.900166,40.653014],[22.900151,40.653056],[22.900141,40.653149],[22.900133,40.653247],[22.900134,40.653371],[22.90014,40.653436],[22.900155,40.653526],[22.900178,40.653605],[22.90021,40.653688],[22.900242,40.653756],[22.900282,40.653824],[22.90033,40.65389],[22.900399,40.653968],[22.900499,40.654062],[22.900604,40.654152],[22.900688,40.654231]]},"properties":{"name":"Δενδροποτάμου"}},{"type":"Feature","geometry":{"type":"LineString","coordinates":[[22.900125,40.653956],[22.900019,40.65391],[22.899981,40.653891],[22.89995,40.653869],[22.899922,40.653846],[22.89989,40.653813],[22.899848,40.653754],[22.899826,40.653717],[22.899809,40.65368],[22.899799,40.653642],[22.899794,40.653603],[22.899793,40.653567],[22.899797,40.653504],[22.899804,40.653448],[22.899813,40.653395],[22.899828,40.653326],[22.899847,40.653266],[22.899869,40.653193],[22.899887,40.653145],[22.899905,40.653103],[22.899926,40.653067],[22.899952,40.653024],[22.899985,40.652973],[22.900017,40.652925],[22.900048,40.652884],[22.900088,40.652835],[22.90012,40.652798],[22.900168,40.652748],[22.900236,40.652678],[22.90035,40.65254],[22.900531,40.652344]]},"properties":{"name":"Δενδροποτάμου"}},{"type":"Feature","geometry":{"type":"LineString","coordinates":[[22.90119,40.655009],[22.901224,40.655027],[22.901256,40.655041],[22.901285,40.655053],[22.901307,40.655059],[22.901333,40.655066],[22.901354,40.65507],[22.901383,40.655071],[22.901399,40.655071],[22.901418,40.65507],[22.90144,40.655066],[22.901457,40.655062],[22.901477,40.655055],[22.901494,40.655048],[22.901513,40.655039],[22.901533,40.655031],[22.901557,40.654988],[22.901564,40.654967],[22.901568,40.654943],[22.901563,40.654917],[22.901555,40.654895],[22.901541,40.654877],[22.901524,40.654858],[22.901501,40.654841],[22.901369,40.654769],[22.901301,40.654734],[22.901253,40.654705],[22.901244,40.654699],[22.901221,40.654682],[22.901192,40.654653],[22.901175,40.65463],[22.901161,40.654604],[22.901152,40.654585],[22.901146,40.654562],[22.901143,40.654536],[22.901144,40.654511],[22.90115,40.65448],[22.901165,40.654447],[22.901183,40.654421],[22.901201,40.654401],[22.901287,40.65432]]},"properties":{"name":"Γιαννιτσών"}},{"type":"Feature","geometry":{"type":"LineString","coordinates":[[22.901558,40.655216],[22.901564,40.6552],[22.901572,40.65518],[22.901578,40.655169],[22.901587,40.655152],[22.901593,40.655143],[22.901606,40.655126],[22.901619,40.655109],[22.90164,40.655078],[22.901653,40.655054],[22.901664,40.655031],[22.901671,40.655014],[22.901676,40.655001],[22.90168,40.654982],[22.901682,40.654963],[22.901682,40.654933],[22.901661,40.654903],[22.901638,40.654877],[22.90161,40.65485],[22.901578,40.654823],[22.901552,40.654806],[22.901524,40.654788],[22.901374,40.654706],[22.901319,40.654672],[22.901272,40.654638],[22.90125,40.654617],[22.901236,40.654599],[22.901222,40.654575],[22.901214,40.654553],[22.901212,40.654527],[22.901214,40.654504],[22.901219,40.654473],[22.901225,40.654445],[22.901233,40.654418],[22.901287,40.65432],[22.901398,40.654185],[22.901464,40.654099],[22.901521,40.654029],[22.901582,40.653966],[22.901635,40.653915],[22.901685,40.653872],[22.901759,40.653814],[22.901822,40.653768]]},"properties":{"name":"Γιαννιτσών"}},{"type":"Feature","geometry":{"type":"LineString","coordinates":[[22.92803,40.64354],[22.927949,40.64358],[22.927844,40.643633],[22.926691,40.644165],[22.926321,40.644326],[22.925763,40.64458],[22.925463,40.644724],[22.925104,40.644903],[22.924874,40.645017],[22.924812,40.645049],[22.924679,40.645119],[22.924371,40.645278],[22.924314,40.645308],[22.923931,40.645507],[22.923735,40.645609],[22.923715,40.645619],[22.923395,40.645785],[22.922954,40.646014],[22.922474,40.646264],[22.922403,40.646305],[22.921674,40.646659],[22.920658,40.647208],[22.920373,40.647357],[22.920245,40.647423],[22.92011,40.647492],[22.91939,40.647869],[22.91929,40.647921],[22.919173,40.647979],[22.918185,40.648488],[22.917869,40.648655],[22.917231,40.648983],[22.917119,40.649041],[22.917036,40.649082],[22.91697,40.649115],[22.916595,40.6493],[22.916515,40.649341],[22.916435,40.649385],[22.916332,40.649444],[22.916251,40.649494],[22.916184,40.64954],[22.915893,40.64974],[22.915611,40.649948],[22.915419,40.650111],[22.915271,40.650206],[22.915105,40.650277],[22.914893,40.650376],[22.914414,40.650593],[22.913542,40.650983],[22.912975,40.651216],[22.912564,40.65137]]},"properties":{"name":"Γιαννιτσών"}},{"type":"Feature","geometry":{"type":"LineString","coordinates":[[22.560554,40.777344],[22.560627,40.777381],[22.560946,40.77755],[22.56204,40.778131],[22.562113,40.778169],[22.562844,40.778565],[22.562981,40.77864],[22.563103,40.778701],[22.563188,40.778746],[22.563308,40.778801],[22.563461,40.778864],[22.563614,40.778916],[22.564079,40.77909],[22.5647,40.779322],[22.565969,40.779794]]},"properties":{"name":"Γιαννιτσών"}},{"type":"Feature","geometry":{"type":"LineString","coordinates":[[22.894657,40.665429],[22.894685,40.665426],[22.894703,40.665425],[22.894719,40.665429],[22.894732,40.665435],[22.894741,40.665447],[22.895345,40.666328],[22.895447,40.666477],[22.895858,40.667076],[22.896057,40.667356],[22.896316,40.667721],[22.896363,40.667788],[22.896637,40.668186],[22.896681,40.668256],[22.896863,40.66854],[22.897089,40.668887],[22.897221,40.669077],[22.897275,40.669146],[22.89733,40.669208],[22.897619,40.669499],[22.897937,40.669818],[22.898063,40.669945],[22.898237,40.67012],[22.898545,40.670417],[22.898868,40.67073],[22.898891,40.67077],[22.898921,40.670832],[22.898946,40.670885],[22.89904,40.671106],[22.899085,40.67121],[22.899386,40.671869]]},"properties":{"name":"Κατσαντώνη"}},{"type":"Feature","geometry":{"type":"LineString","coordinates":[[22.934471,40.656768],[22.934594,40.656781]]},"properties":{"name":"Ακριτών"}},{"type":"Feature","geometry":{"type":"LineString","coordinates":[[22.934657,40.656882],[22.934494,40.65687]]},"properties":{"name":"Ακριτών"}},{"type":"Feature","geometry":{"type":"LineString","coordinates":[[22.932338,40.664058],[22.932278,40.663997],[22.932235,40.663954],[22.931652,40.663352],[22.931644,40.663338],[22.931642,40.663325],[22.931641,40.663306],[22.931644,40.663291],[22.93165,40.66327],[22.93166,40.663248],[22.931675,40.663221],[22.931714,40.663157],[22.931629,40.663159],[22.931509,40.663136],[22.930939,40.662947],[22.930585,40.66283],[22.930006,40.662638],[22.929952,40.662618],[22.929874,40.662589],[22.929829,40.662572],[22.929768,40.662547],[22.929724,40.662528],[22.929643,40.662489],[22.929575,40.662454],[22.929449,40.662387],[22.92935,40.662333],[22.929214,40.662257],[22.929199,40.662249],[22.929095,40.662193],[22.928952,40.662113],[22.928632,40.661931],[22.928457,40.661832],[22.928302,40.661743],[22.92823,40.6617],[22.928177,40.661664],[22.928127,40.661629],[22.928083,40.661595],[22.928045,40.661563],[22.928023,40.66154],[22.927999,40.661516],[22.927978,40.66149],[22.927948,40.66145],[22.927917,40.661407],[22.927887,40.66136],[22.927829,40.661261],[22.927783,40.661168],[22.92775,40.661089],[22.92767,40.660893],[22.927588,40.660677],[22.927492,40.660431],[22.927459,40.660361],[22.927453,40.660347],[22.92743,40.660306],[22.927412,40.660278],[22.927393,40.660254],[22.927364,40.660215],[22.927099,40.659875],[22.926892,40.659615],[22.926776,40.659477],[22.926745,40.659442],[22.926712,40.65941],[22.926675,40.659373],[22.926548,40.65926],[22.926344,40.659138],[22.926194,40.65905],[22.926145,40.659021]]},"properties":{"name":"Ιατρού Γωγούση"}},{"type":"Feature","geometry":{"type":"LineString","coordinates":[[22.925475,40.658293],[22.925559,40.658396],[22.925878,40.658811],[22.925899,40.658838],[22.925905,40.658846],[22.925917,40.658861],[22.925929,40.658876],[22.925947,40.658893],[22.925966,40.658908],[22.925991,40.658929],[22.926021,40.65895],[22.926056,40.658973],[22.926074,40.658985],[22.926094,40.658995],[22.926117,40.659007],[22.926145,40.659021],[22.926375,40.659067],[22.92665,40.659121]]},"properties":{"name":"Ιατρού Γωγούση"}},{"type":"Feature","geometry":{"type":"LineString","coordinates":[[22.926723,40.659229],[22.926744,40.659275],[22.926768,40.659319],[22.926784,40.659344],[22.926804,40.659372],[22.926836,40.659415],[22.92722,40.659908],[22.927391,40.660136],[22.927433,40.660193],[22.927479,40.660254],[22.927495,40.660283],[22.927527,40.660346],[22.927626,40.66058],[22.927805,40.661046],[22.927817,40.661068],[22.927898,40.661241],[22.927934,40.661308],[22.927979,40.661374],[22.928069,40.661474],[22.928126,40.661533],[22.928173,40.661573],[22.928226,40.661617],[22.928268,40.661649],[22.928323,40.661687],[22.928444,40.661759],[22.928886,40.662019],[22.928897,40.662025],[22.928989,40.662078],[22.929167,40.66217],[22.929286,40.662235],[22.92938,40.662285],[22.929548,40.662372],[22.929679,40.662437],[22.929771,40.662479],[22.929847,40.662515],[22.929913,40.662542],[22.929988,40.66257],[22.930286,40.662669],[22.930619,40.662776],[22.930969,40.662895],[22.93145,40.663058],[22.931567,40.663098],[22.931656,40.663129],[22.931714,40.663157],[22.931865,40.663208],[22.932721,40.663504],[22.932789,40.663566],[22.932823,40.663608],[22.93288,40.663677],[22.932934,40.663737]]},"properties":{"name":"Ιατρού Γωγούση"}},{"type":"Feature","geometry":{"type":"LineString","coordinates":[[22.919514,40.65707],[22.919561,40.65704],[22.920002,40.656759],[22.920085,40.656707],[22.920147,40.656667],[22.920861,40.656213],[22.921264,40.655957],[22.921631,40.655723],[22.922376,40.655249],[22.922976,40.654867],[22.92334,40.654635],[22.923481,40.654538],[22.924154,40.654125],[22.924445,40.653964],[22.924646,40.653852],[22.924695,40.653818],[22.925512,40.65331],[22.925901,40.65301],[22.926127,40.652851],[22.926314,40.652722],[22.926521,40.652575],[22.926813,40.652364],[22.92703,40.652198],[22.927198,40.652062],[22.927303,40.651975],[22.927559,40.65176]]},"properties":{"name":"Φιλιππουπόλεως"}},{"type":"Feature","geometry":{"type":"LineString","coordinates":[[22.929399,40.650136],[22.929368,40.650178],[22.929354,40.650196],[22.929328,40.650218],[22.929035,40.650462],[22.928609,40.650834],[22.928409,40.651008],[22.927655,40.651668]]},"properties":{"name":"Φιλιππουπόλεως"}},{"type":"Feature","geometry":{"type":"LineString","coordinates":[[22.917612,40.655571],[22.917647,40.655603],[22.917784,40.65573],[22.918007,40.655938],[22.918082,40.656008],[22.918236,40.656152],[22.918318,40.656229],[22.918404,40.656309],[22.918483,40.656378],[22.918534,40.656414],[22.918589,40.656446],[22.918641,40.65647],[22.918737,40.656512],[22.918972,40.656615],[22.91906,40.656659],[22.919072,40.65667],[22.919206,40.656791],[22.919247,40.656828],[22.919301,40.656871],[22.919514,40.65707]]},"properties":{"name":"Κωνσταντίνου Δαβάκη"}},{"type":"Feature","geometry":{"type":"LineString","coordinates":[[22.916601,40.654524],[22.916915,40.654829],[22.917012,40.654924],[22.917181,40.655082],[22.917669,40.655535]]},"properties":{"name":"Κωνσταντίνου Δαβάκη"}},{"type":"Feature","geometry":{"type":"LineString","coordinates":[[22.922594,40.652589],[22.922498,40.652626],[22.922435,40.652655],[22.922196,40.652765],[22.92215,40.652785],[22.921874,40.652943],[22.921409,40.653217],[22.920817,40.653584],[22.920649,40.653688],[22.920194,40.65397],[22.920036,40.654068],[22.919925,40.654137],[22.919833,40.654194],[22.919725,40.65426],[22.919578,40.654352],[22.919219,40.654574],[22.919006,40.654706],[22.918347,40.655115],[22.918018,40.655319],[22.917818,40.655442],[22.917669,40.655535],[22.917612,40.655571],[22.917322,40.655747],[22.91679,40.656071],[22.916513,40.656239],[22.916009,40.656545],[22.915798,40.656671],[22.915398,40.656912],[22.915012,40.657156],[22.91448,40.657488],[22.914406,40.657542],[22.914356,40.657582],[22.914295,40.657639],[22.91423,40.657719],[22.91419,40.657772],[22.914081,40.657933],[22.91405,40.658047],[22.914009,40.65812],[22.91391,40.658248],[22.913768,40.658472],[22.913432,40.658976],[22.913294,40.659169],[22.913074,40.659501],[22.912753,40.660018]]},"properties":{"name":"Ελευθερίου Βενιζέλου"}},{"type":"Feature","geometry":{"type":"LineString","coordinates":[[22.912572,40.660421],[22.91259,40.660381],[22.912609,40.660339],[22.912655,40.660253],[22.912675,40.660209],[22.912703,40.66014],[22.912753,40.660018],[22.912613,40.660192],[22.91259,40.660224],[22.912467,40.660413]]},"properties":{"name":"Ελευθερίου Βενιζέλου"}},{"type":"Feature","geometry":{"type":"LineString","coordinates":[[22.91391,40.658248],[22.913939,40.658097],[22.913965,40.658048],[22.913981,40.658023],[22.914081,40.657933]]},"properties":{"name":"Ελευθερίου Βενιζέλου"}},{"type":"Feature","geometry":{"type":"LineString","coordinates":[[22.958433,40.584203],[22.958562,40.584139],[22.958623,40.584117],[22.958668,40.584103],[22.958737,40.584084],[22.958824,40.584065],[22.958888,40.584054],[22.959077,40.584029],[22.959689,40.583968],[22.95991,40.583947],[22.959998,40.583936],[22.960066,40.583926],[22.960141,40.583914],[22.960205,40.583901],[22.96029,40.58388],[22.960391,40.583848],[22.960474,40.583811],[22.960558,40.583778],[22.960647,40.583743],[22.960916,40.58363],[22.961131,40.583537],[22.961637,40.58333],[22.961745,40.583288],[22.961934,40.583214],[22.961966,40.583202],[22.96208,40.583157],[22.962926,40.582831],[22.963302,40.582686],[22.96374,40.582522],[22.964267,40.58231],[22.964727,40.582126],[22.965096,40.581977]]},"properties":{"name":"Ελευθερίου Βενιζέλου"}},{"type":"Feature","geometry":{"type":"LineString","coordinates":[[22.938101,40.633332],[22.938282,40.633501],[22.938423,40.633635],[22.938618,40.633818],[22.938873,40.634058],[22.938944,40.634124],[22.939014,40.63419],[22.939208,40.634372],[22.939497,40.634639],[22.939552,40.634694],[22.939599,40.634735],[22.939777,40.634908],[22.940292,40.635399],[22.940808,40.635892],[22.940842,40.635925],[22.940931,40.636007],[22.941013,40.636084],[22.941111,40.636175],[22.941272,40.636325],[22.941605,40.636636],[22.941692,40.63672],[22.941825,40.636851],[22.941894,40.63692],[22.941921,40.636945],[22.941977,40.636999],[22.942085,40.637126],[22.942306,40.637384],[22.942406,40.637501],[22.942682,40.637828],[22.943204,40.638505],[22.943579,40.638958],[22.943653,40.639049],[22.943875,40.63932],[22.943946,40.639406],[22.94396,40.639461],[22.943956,40.639533],[22.943959,40.639579],[22.943962,40.639633],[22.943986,40.63969],[22.944208,40.639944],[22.944264,40.640008],[22.944338,40.64004],[22.944435,40.640085]]},"properties":{"name":"Ελευθερίου Βενιζέλου"}},{"type":"Feature","geometry":{"type":"LineString","coordinates":[[22.969578,40.621662],[22.969564,40.621658],[22.969549,40.621655],[22.969524,40.62165],[22.969489,40.621644],[22.96944,40.621636],[22.9694,40.621629],[22.969377,40.621623],[22.969368,40.62162],[22.96935,40.621602]]},"properties":{"name":"Ελευθερίου Βενιζέλου"}},{"type":"Feature","geometry":{"type":"LineString","coordinates":[[22.967715,40.621411],[22.967757,40.62141],[22.967822,40.621408],[22.967896,40.621409],[22.968056,40.621422],[22.968169,40.621437],[22.968281,40.621455],[22.968396,40.621478],[22.968877,40.62154],[22.969143,40.621573],[22.96935,40.621602],[22.96937,40.621597],[22.96938,40.621596],[22.969397,40.621598],[22.969454,40.621603],[22.969599,40.621622],[22.969694,40.621633],[22.969785,40.621642],[22.969853,40.621649]]},"properties":{"name":"Ελευθερίου Βενιζέλου"}},{"type":"Feature","geometry":{"type":"LineString","coordinates":[[22.950915,40.647222],[22.950934,40.647264],[22.950941,40.647288],[22.950945,40.647305],[22.950947,40.647323],[22.950948,40.647338],[22.950948,40.647352],[22.950947,40.647364],[22.950945,40.647375],[22.950942,40.64739],[22.950933,40.647421],[22.950929,40.647435],[22.950894,40.64754],[22.950782,40.647862],[22.950749,40.647952],[22.95074,40.647971],[22.95073,40.647987],[22.950716,40.648004],[22.9507,40.648022],[22.950638,40.648083],[22.950558,40.648147],[22.950491,40.648197],[22.950472,40.648211]]},"properties":{"name":"Ελευθερίου Βενιζέλου"}},{"type":"Feature","geometry":{"type":"LineString","coordinates":[[22.948712,40.644459],[22.948729,40.644475],[22.948742,40.644491],[22.948754,40.644506],[22.948766,40.644528],[22.948847,40.644669],[22.948954,40.644865],[22.949071,40.645005],[22.949112,40.645043],[22.949331,40.645199],[22.949417,40.645264],[22.949577,40.645374],[22.94971,40.645452],[22.949916,40.645613],[22.949948,40.645635],[22.949992,40.645658]]},"properties":{"name":"Ελευθερίου Βενιζέλου"}},{"type":"Feature","geometry":{"type":"LineString","coordinates":[[22.935479,40.648326],[22.935524,40.648328],[22.935676,40.648334],[22.935777,40.648345],[22.935808,40.648351],[22.935834,40.648359],[22.935897,40.648431],[22.936485,40.649054],[22.936811,40.6494],[22.93715,40.649759],[22.937239,40.649853],[22.937297,40.649907],[22.937347,40.649951],[22.937429,40.650021],[22.937563,40.650116],[22.937631,40.65016],[22.937736,40.650225],[22.93806,40.65041],[22.938732,40.650792],[22.93876,40.650807],[22.939366,40.65115],[22.939438,40.65119],[22.940096,40.651562],[22.940475,40.651775],[22.940686,40.651902],[22.940909,40.652012],[22.940968,40.652041],[22.941083,40.652098]]},"properties":{"name":"Ελευθερίου Βενιζέλου"}},{"type":"Feature","geometry":{"type":"LineString","coordinates":[[22.85579,40.641405],[22.85615,40.641436]]},"properties":{"name":"Ελευθερίου Βενιζέλου"}},{"type":"Feature","geometry":{"type":"LineString","coordinates":[[22.856172,40.641438],[22.856656,40.641482],[22.856685,40.641485],[22.857475,40.641568],[22.858338,40.641658],[22.859169,40.641744],[22.859828,40.641802],[22.860905,40.641897],[22.86202,40.641988],[22.863036,40.642093]]},"properties":{"name":"Ελευθερίου Βενιζέλου"}},{"type":"Feature","geometry":{"type":"LineString","coordinates":[[22.940983,40.652121],[22.940896,40.652056],[22.940686,40.651902]]},"properties":{"name":"Ελευθερίου Βενιζέλου"}},{"type":"Feature","geometry":{"type":"LineString","coordinates":[[22.935439,40.647921],[22.935692,40.648202],[22.935714,40.648226],[22.935745,40.648261],[22.935834,40.648359]]},"properties":{"name":"Ελευθερίου Βενιζέλου"}},{"type":"Feature","geometry":{"type":"LineString","coordinates":[[23.021139,40.550363],[23.021096,40.550336],[23.02107,40.55031],[23.021061,40.550292],[23.021031,40.550234],[23.021008,40.550183],[23.02066,40.549406],[23.020629,40.54935],[23.020572,40.549246],[23.020505,40.549032],[23.020458,40.548925],[23.019928,40.547636],[23.019936,40.547563],[23.019844,40.547461]]},"properties":{"name":"Ελευθερίου Βενιζέλου"}},{"type":"Feature","geometry":{"type":"LineString","coordinates":[[22.733744,40.627409],[22.733436,40.627297],[22.733398,40.62729],[22.733376,40.627288],[22.733348,40.627293],[22.733322,40.627301],[22.73329,40.627324],[22.73312,40.627458],[22.733092,40.627474],[22.733063,40.62748],[22.733034,40.627482],[22.733006,40.62748],[22.73298,40.627473],[22.732591,40.627269],[22.731475,40.626881],[22.730963,40.62672],[22.730606,40.626612],[22.730423,40.626545],[22.730316,40.626488],[22.730179,40.626386],[22.729924,40.626188],[22.72946,40.625846],[22.729171,40.625657],[22.728492,40.625234],[22.727993,40.624861]]},"properties":{"name":"Ελευθερίου Βενιζέλου"}},{"type":"Feature","geometry":{"type":"LineString","coordinates":[[23.087821,40.44299],[23.088055,40.442726],[23.088469,40.442231],[23.088614,40.442068],[23.088666,40.442022],[23.088743,40.441957],[23.088893,40.441848],[23.089755,40.441293],[23.089917,40.441196],[23.090171,40.441026],[23.090219,40.440987],[23.090263,40.440938],[23.090336,40.440813],[23.090495,40.440593],[23.091052,40.440001],[23.091149,40.439897],[23.091163,40.439882],[23.091321,40.439719],[23.09145,40.439568],[23.091813,40.439068],[23.092523,40.438394],[23.092776,40.438128],[23.092883,40.438004],[23.093081,40.437758],[23.09314,40.437662],[23.093241,40.437531],[23.093395,40.437371],[23.09364,40.437181],[23.093722,40.437105],[23.09379,40.437018],[23.093871,40.436905],[23.093967,40.436743],[23.094167,40.436401],[23.094235,40.436297],[23.094367,40.43606],[23.094557,40.435737],[23.094574,40.435708],[23.094687,40.435514],[23.094791,40.43539],[23.0949,40.435301],[23.095031,40.435214],[23.095163,40.435133],[23.095292,40.435059],[23.095406,40.435034],[23.09543,40.434803],[23.09547,40.434592],[23.095523,40.434473],[23.095601,40.434372],[23.095708,40.434252],[23.095872,40.43407],[23.096013,40.433945],[23.096225,40.433765],[23.096504,40.433598],[23.096855,40.433402],[23.097226,40.433213],[23.0975,40.433088],[23.097824,40.432999],[23.098015,40.432939],[23.0982,40.432868],[23.098378,40.432782]]},"properties":{"name":"Ελευθερίου Βενιζέλου"}},{"type":"Feature","geometry":{"type":"LineString","coordinates":[[22.912572,40.660421],[22.912507,40.660522],[22.912391,40.660686],[22.912345,40.660751],[22.91231,40.660794],[22.912268,40.660847],[22.912204,40.660927],[22.912058,40.661122],[22.911886,40.661377],[22.911838,40.661448],[22.911812,40.661496],[22.911801,40.66152],[22.911789,40.661549],[22.911781,40.661571],[22.911777,40.661592],[22.91177,40.661626],[22.911767,40.661646],[22.911765,40.661673],[22.911761,40.66173],[22.911758,40.661785],[22.911759,40.661846],[22.911758,40.661898],[22.91176,40.661974],[22.911708,40.6621]]},"properties":{"name":"Αριστοτέλους"}},{"type":"Feature","geometry":{"type":"LineString","coordinates":[[22.911929,40.66681],[22.911906,40.666322],[22.911891,40.666005],[22.911882,40.665813],[22.911876,40.66568],[22.911873,40.665623],[22.911859,40.66532],[22.911855,40.665235],[22.911851,40.665155],[22.911832,40.664747],[22.911819,40.664478],[22.911819,40.664453],[22.911808,40.664238],[22.911806,40.664193],[22.911798,40.664014],[22.911789,40.66382],[22.91178,40.663645],[22.911767,40.663359],[22.911762,40.663252],[22.911751,40.663015],[22.911741,40.662811],[22.911724,40.662448],[22.91171,40.662143],[22.911708,40.6621],[22.911708,40.661976],[22.911703,40.661885],[22.911698,40.661694],[22.911704,40.661598],[22.911713,40.661567],[22.911732,40.661518],[22.911752,40.661474],[22.911777,40.661426],[22.911792,40.661399],[22.911818,40.661356],[22.911867,40.661278],[22.911921,40.6612],[22.911993,40.661097],[22.912146,40.660872],[22.912229,40.660753],[22.912339,40.660592],[22.912395,40.660511],[22.912467,40.660413]]},"properties":{"name":"Αριστοτέλους"}},{"type":"Feature","geometry":{"type":"LineString","coordinates":[[22.943927,40.636003],[22.943839,40.635908],[22.943647,40.635696],[22.94355,40.635589],[22.943535,40.63556],[22.943527,40.635527],[22.943524,40.635498],[22.943529,40.635461],[22.943548,40.635411],[22.943567,40.635384],[22.943585,40.635365],[22.943609,40.635345],[22.94364,40.635325],[22.94367,40.63531],[22.943715,40.635293],[22.943729,40.63529],[22.943751,40.635285],[22.943789,40.635281],[22.943834,40.635279],[22.943866,40.63528],[22.943903,40.635287],[22.943941,40.6353],[22.943961,40.635312],[22.943984,40.635331],[22.944003,40.635349],[22.944019,40.635366],[22.944103,40.63546],[22.944288,40.63567],[22.944294,40.635676],[22.944384,40.635767]]},"properties":{"name":"Αριστοτέλους"}},{"type":"Feature","geometry":{"type":"LineString","coordinates":[[22.966033,40.468716],[22.966012,40.468649],[22.965979,40.468558],[22.965967,40.468519],[22.965958,40.468468],[22.965954,40.468426],[22.965952,40.468362],[22.965959,40.468264],[22.965973,40.468181],[22.965987,40.468127],[22.966013,40.467937],[22.966042,40.467825],[22.966051,40.467763],[22.966072,40.467691],[22.966138,40.467574],[22.966124,40.467535],[22.966119,40.467468],[22.966124,40.467402],[22.966144,40.467304],[22.96618,40.467195],[22.966238,40.467099],[22.966336,40.466918],[22.966387,40.46682],[22.966443,40.466692],[22.966487,40.466598],[22.966568,40.466439],[22.96667,40.46618],[22.96672,40.466073],[22.966744,40.466012],[22.966773,40.465934],[22.966844,40.465698],[22.966937,40.465427],[22.966988,40.465186],[22.967007,40.465085],[22.966999,40.464844],[22.966995,40.464785],[22.967012,40.464695],[22.967048,40.464594],[22.967082,40.464495],[22.967137,40.464387],[22.96716,40.464346]]},"properties":{"name":"Αριστοτέλους"}},{"type":"Feature","geometry":{"type":"LineString","coordinates":[[22.908746,40.665965],[22.908695,40.666452],[22.908634,40.667088],[22.908584,40.667514],[22.908557,40.667871],[22.908529,40.66815],[22.908477,40.66863],[22.908433,40.66905],[22.90843,40.669084],[22.908384,40.669485],[22.908374,40.669589],[22.908367,40.669663],[22.908318,40.670317],[22.908345,40.670418],[22.908452,40.670806],[22.908462,40.670864],[22.908454,40.670946],[22.908464,40.671011],[22.908598,40.67144],[22.908605,40.671489],[22.908588,40.67157],[22.908265,40.672724]]},"properties":{"name":"28ης Οκτωβρίου"}},{"type":"Feature","geometry":{"type":"LineString","coordinates":[[22.963491,40.610534],[22.963352,40.610502],[22.963281,40.610486],[22.963224,40.610473],[22.962846,40.610387],[22.962338,40.610271],[22.962261,40.610253],[22.962119,40.610222]]},"properties":{"name":"28ης Οκτωβρίου"}},{"type":"Feature","geometry":{"type":"LineString","coordinates":[[22.897098,40.673213],[22.897189,40.673624],[22.897215,40.673747],[22.897266,40.673981],[22.897304,40.674171],[22.897331,40.674302],[22.897342,40.674355],[22.897383,40.674548],[22.897442,40.674831]]},"properties":{"name":"28ης Οκτωβρίου"}},{"type":"Feature","geometry":{"type":"LineString","coordinates":[[22.925418,40.658216],[22.925566,40.658078],[22.925663,40.657984],[22.925827,40.657818],[22.926,40.657642],[22.926021,40.657619],[22.926453,40.657169],[22.926713,40.65689],[22.926923,40.656665],[22.927164,40.656416],[22.927361,40.656207],[22.927619,40.655944],[22.9277,40.655862],[22.927942,40.655661],[22.928374,40.655295],[22.928838,40.654916],[22.929035,40.65475],[22.929507,40.654347],[22.929722,40.654162],[22.929907,40.654007],[22.929968,40.653957],[22.930059,40.653877],[22.930415,40.653567],[22.930509,40.653419],[22.930586,40.653297],[22.930634,40.653221],[22.930706,40.653098],[22.93084,40.652732],[22.930876,40.65261],[22.930909,40.652497],[22.930951,40.652349],[22.93101,40.652167],[22.931016,40.652153],[22.931062,40.652013],[22.931094,40.651918],[22.931112,40.651863],[22.931175,40.651699],[22.931245,40.651515],[22.931249,40.651506],[22.931414,40.651067],[22.931481,40.650902],[22.931552,40.650702]]},"properties":{"name":"28ης Οκτωβρίου"}},{"type":"Feature","geometry":{"type":"LineString","coordinates":[[22.958352,40.610338],[22.95824,40.610341],[22.958129,40.610344],[22.957793,40.610355],[22.957582,40.610361],[22.957459,40.610365],[22.957308,40.61037],[22.956798,40.610385],[22.956629,40.61039],[22.956231,40.610403],[22.956093,40.610407],[22.954606,40.610453],[22.954079,40.610469],[22.953731,40.610479],[22.953589,40.610484]]},"properties":{"name":"28ης Οκτωβρίου"}},{"type":"Feature","geometry":{"type":"LineString","coordinates":[[22.932544,40.650103],[22.932557,40.650158],[22.932561,40.650183],[22.932561,40.650204],[22.932557,40.650229],[22.932541,40.650262],[22.932525,40.650284],[22.9325,40.650305],[22.931722,40.650864],[22.931598,40.650951],[22.93156,40.650982],[22.931533,40.651016],[22.931359,40.651515],[22.93129,40.651699],[22.931284,40.651715],[22.931234,40.651849],[22.931167,40.652032],[22.931127,40.65214],[22.931114,40.652183],[22.931057,40.652362],[22.931025,40.65249],[22.930946,40.652743],[22.930798,40.653121],[22.930726,40.653242],[22.930509,40.653601],[22.93013,40.653925],[22.930029,40.654012],[22.929972,40.654054],[22.929095,40.654802],[22.928442,40.655351],[22.928002,40.655706],[22.927848,40.655849],[22.927768,40.655923],[22.927365,40.656337],[22.927132,40.65658],[22.926792,40.656933],[22.926238,40.657534],[22.926172,40.657614],[22.926048,40.657761],[22.925957,40.657849],[22.925917,40.657884],[22.925864,40.657932],[22.92565,40.658133],[22.925475,40.658293]]},"properties":{"name":"28ης Οκτωβρίου"}},{"type":"Feature","geometry":{"type":"LineString","coordinates":[[22.952223,40.686025],[22.952337,40.685987],[22.952616,40.685874],[22.953198,40.685632]]},"properties":{"name":"28ης Οκτωβρίου"}},{"type":"Feature","geometry":{"type":"LineString","coordinates":[[22.863922,40.64287],[22.862941,40.642758],[22.861847,40.642632],[22.860761,40.642509],[22.859719,40.642402],[22.859072,40.642339],[22.858238,40.642256],[22.85736,40.642161],[22.85655,40.64208],[22.855741,40.642005],[22.854936,40.641915],[22.854461,40.641874],[22.854233,40.641854],[22.853984,40.641833],[22.852775,40.641745],[22.8522,40.641713],[22.851542,40.641705],[22.850502,40.641708],[22.849228,40.641748]]},"properties":{"name":"28ης Οκτωβρίου"}},{"type":"Feature","geometry":{"type":"LineString","coordinates":[[22.712296,40.662751],[22.712242,40.662776],[22.711983,40.662867],[22.711299,40.663106],[22.711202,40.663144]]},"properties":{"name":"28ης Οκτωβρίου"}},{"type":"Feature","geometry":{"type":"LineString","coordinates":[[22.851219,40.687575],[22.851124,40.687506]]},"properties":{"name":"28ης Οκτωβρίου"}},{"type":"Feature","geometry":{"type":"LineString","coordinates":[[22.858488,40.687135],[22.859034,40.686894],[22.859551,40.686643],[22.860065,40.686393],[22.860553,40.686155],[22.861055,40.685912],[22.861641,40.685627],[22.862128,40.68539],[22.862609,40.685156],[22.863119,40.684904]]},"properties":{"name":"28ης Οκτωβρίου"}},{"type":"Feature","geometry":{"type":"LineString","coordinates":[[23.021235,40.642277],[23.021189,40.642274],[23.021123,40.642265],[23.021039,40.642251],[23.020914,40.642227],[23.020739,40.642189],[23.020542,40.642146],[23.01991,40.641994],[23.019707,40.641947],[23.019552,40.641913],[23.019472,40.641896],[23.019406,40.641884],[23.019331,40.641872],[23.019266,40.641865],[23.019183,40.641859],[23.019133,40.641856],[23.019091,40.641855],[23.019034,40.641855],[23.018939,40.641857],[23.01885,40.641862],[23.018781,40.641867],[23.018708,40.641876],[23.018642,40.641886],[23.018572,40.641898],[23.018506,40.64191],[23.018444,40.641923],[23.018402,40.641934],[23.018328,40.641954],[23.018207,40.641991],[23.017875,40.642102],[23.017665,40.642171],[23.017491,40.642235],[23.01738,40.642276],[23.017273,40.642317],[23.017203,40.642344],[23.017134,40.642373],[23.01707,40.6424],[23.017001,40.642433],[23.016919,40.642475],[23.016854,40.642511],[23.016788,40.64255],[23.016771,40.642561],[23.01671,40.642599],[23.01661,40.642666],[23.016444,40.642784],[23.016329,40.642872],[23.016275,40.642912],[23.016219,40.642952],[23.016135,40.643006],[23.016042,40.643066],[23.015976,40.643106],[23.015934,40.64313],[23.015874,40.643164],[23.015779,40.643217],[23.015695,40.643264],[23.015526,40.643352],[23.014772,40.643718],[23.014498,40.643846],[23.014357,40.643908],[23.014292,40.643935],[23.014202,40.64397],[23.01413,40.643997],[23.014052,40.644021],[23.013883,40.644069],[23.013728,40.644111],[23.013555,40.644156],[23.013373,40.644205],[23.013179,40.644253],[23.012931,40.644313],[23.012695,40.644374],[23.012511,40.644427],[23.012387,40.644473],[23.012236,40.644538],[23.012132,40.644596],[23.011968,40.644692],[23.011656,40.644886],[23.011532,40.644957],[23.011207,40.645164],[23.011009,40.645278],[23.010838,40.645378],[23.010716,40.645456],[23.010625,40.645521],[23.010537,40.645594],[23.01051,40.645623],[23.010418,40.64572],[23.010292,40.645869],[23.010122,40.646065],[23.009994,40.646205],[23.009927,40.646266],[23.009841,40.646332],[23.009755,40.64639],[23.009669,40.64644],[23.009564,40.646489],[23.009451,40.646531],[23.009302,40.646579],[23.008821,40.646691],[23.007919,40.646898],[23.007571,40.646983],[23.007434,40.647026],[23.007265,40.647094]]},"properties":{"name":"28ης Οκτωβρίου"}},{"type":"Feature","geometry":{"type":"LineString","coordinates":[[22.999297,40.690635],[22.999415,40.690598],[22.999531,40.690572],[22.999662,40.690551],[22.999816,40.69053],[22.99999,40.690495],[23.00014,40.690437],[23.000343,40.690368],[23.000815,40.69016],[23.001367,40.689893],[23.001592,40.689805],[23.001748,40.689757],[23.001876,40.689724],[23.001966,40.689715],[23.002084,40.689709],[23.002359,40.689703],[23.002808,40.689708],[23.003195,40.689717],[23.00372,40.689606],[23.004043,40.689526],[23.004143,40.689509],[23.00426,40.689493]]},"properties":{"name":"28ης Οκτωβρίου"}},{"type":"Feature","geometry":{"type":"LineString","coordinates":[[22.927018,40.428768],[22.926988,40.428703],[22.926946,40.428676],[22.926845,40.428656],[22.926709,40.428663],[22.926487,40.428697],[22.926412,40.428725],[22.926277,40.428779],[22.925892,40.428841],[22.925558,40.428935],[22.925278,40.429029],[22.92508,40.429106],[22.924953,40.42916],[22.924758,40.429263],[22.924603,40.429356],[22.924172,40.429522],[22.923864,40.429611],[22.923591,40.429699],[22.92334,40.429822],[22.92257,40.430225],[22.922194,40.430453],[22.921843,40.43064],[22.921658,40.430736],[22.921315,40.430921]]},"properties":{"name":"28ης Οκτωβρίου"}},{"type":"Feature","geometry":{"type":"LineString","coordinates":[[22.860345,40.46242],[22.860698,40.463324],[22.860725,40.463358],[22.860991,40.46403]]},"properties":{"name":"28ης Οκτωβρίου"}},{"type":"Feature","geometry":{"type":"LineString","coordinates":[[22.685985,40.606214],[22.685717,40.606502],[22.685575,40.606654],[22.68466,40.607661],[22.683913,40.608483],[22.68181,40.610797],[22.680615,40.61211],[22.679484,40.613355],[22.678992,40.613889],[22.678835,40.61406],[22.678336,40.614602],[22.677743,40.615246]]},"properties":{"name":"28ης Οκτωβρίου"}},{"type":"Feature","geometry":{"type":"LineString","coordinates":[[22.948896,40.777615],[22.949317,40.777752],[22.949729,40.777882],[22.949949,40.777974],[22.950129,40.778058],[22.950335,40.778162],[22.95061,40.778338],[22.950764,40.778429],[22.951005,40.778585],[22.951168,40.778695],[22.951343,40.778798],[22.95146,40.778864],[22.951614,40.778942],[22.951832,40.779019],[22.952062,40.779108],[22.952103,40.779124],[22.952577,40.779301],[22.95348,40.779637],[22.954477,40.779978],[22.954846,40.780121],[22.955214,40.780267],[22.955236,40.780275],[22.955279,40.78029],[22.955412,40.780336],[22.955575,40.780381],[22.955747,40.780414],[22.955897,40.780439],[22.955979,40.780453],[22.956202,40.780491],[22.956361,40.78052],[22.956519,40.780576],[22.956618,40.780635],[22.956799,40.780738],[22.956991,40.780803],[22.957329,40.780944],[22.957614,40.781038],[22.95777,40.781075],[22.95785,40.781093],[22.958076,40.781155],[22.958239,40.781247],[22.958648,40.781386],[22.958674,40.781394],[22.958763,40.781434],[22.959049,40.781561],[22.959311,40.781688]]},"properties":{"name":"28ης Οκτωβρίου"}},{"type":"Feature","geometry":{"type":"LineString","coordinates":[[23.072004,40.526154],[23.071762,40.526668],[23.071735,40.526728],[23.071702,40.526793],[23.071617,40.526962],[23.071526,40.527146],[23.071509,40.527183],[23.07147,40.527274]]},"properties":{"name":"28ης Οκτωβρίου"}},{"type":"Feature","geometry":{"type":"LineString","coordinates":[[22.925366,40.645504],[22.925458,40.645597],[22.925537,40.645675],[22.925613,40.645751],[22.926054,40.646203],[22.926268,40.646402],[22.926292,40.646426],[22.926382,40.646477],[22.926461,40.646581],[22.926488,40.646654],[22.926749,40.646963]]},"properties":{"name":"Αγίων Πάντων"}},{"type":"Feature","geometry":{"type":"LineString","coordinates":[[22.927178,40.647408],[22.927355,40.64759],[22.927453,40.647705],[22.927543,40.647792],[22.927558,40.647806],[22.927576,40.647818],[22.927596,40.647829],[22.927617,40.647837],[22.92764,40.647843],[22.928061,40.647932],[22.928274,40.647978],[22.928624,40.648054],[22.929046,40.648146],[22.929224,40.648184],[22.929718,40.648288],[22.930053,40.648359],[22.93023,40.648394],[22.930337,40.648411],[22.930447,40.648426],[22.930587,40.648438],[22.930735,40.648443],[22.931065,40.648448],[22.931094,40.648447],[22.931164,40.648431],[22.931252,40.648422]]},"properties":{"name":"Αγίων Πάντων"}},{"type":"Feature","geometry":{"type":"LineString","coordinates":[[22.931255,40.648486],[22.931202,40.64848],[22.93116,40.64847],[22.931094,40.648447]]},"properties":{"name":"Αγίων Πάντων"}},{"type":"Feature","geometry":{"type":"LineString","coordinates":[[22.935336,40.648317],[22.935479,40.648326]]},"properties":{"name":"Αγίων Πάντων"}},{"type":"Feature","geometry":{"type":"LineString","coordinates":[[22.935483,40.648401],[22.935338,40.648379]]},"properties":{"name":"Αγίων Πάντων"}},{"type":"Feature","geometry":{"type":"LineString","coordinates":[[22.926054,40.646203],[22.926118,40.646201],[22.926146,40.646203],[22.926177,40.646204],[22.926205,40.646204],[22.926237,40.646202],[22.926273,40.646198],[22.92632,40.646189],[22.926363,40.646181],[22.926422,40.646161],[22.926486,40.646137],[22.92654,40.646112],[22.926611,40.646077],[22.926928,40.645904],[22.92708,40.645817],[22.927151,40.645774],[22.92721,40.645734],[22.927262,40.645702],[22.927295,40.645682],[22.927551,40.645537],[22.927678,40.645464],[22.927722,40.645438],[22.927761,40.645412],[22.927791,40.64539],[22.927807,40.645377],[22.927821,40.645366],[22.927854,40.645335],[22.927865,40.645333],[22.92788,40.645328],[22.927892,40.645323],[22.927912,40.645316],[22.927939,40.645302],[22.927947,40.645297],[22.927957,40.645288],[22.927963,40.645282],[22.927974,40.645268],[22.927998,40.645234],[22.928023,40.645191]]},"properties":{"name":"Σελίτσης"}},{"type":"Feature","geometry":{"type":"LineString","coordinates":[[22.92844,40.643972],[22.928278,40.643907],[22.928231,40.643865],[22.928203,40.643836],[22.927949,40.64358]]},"properties":{"name":"Αναγεννήσεως"}},{"type":"Feature","geometry":{"type":"LineString","coordinates":[[22.929681,40.640444],[22.929268,40.64068],[22.92891,40.640934],[22.928802,40.64101],[22.92871,40.641079],[22.928632,40.641143],[22.928554,40.641211],[22.928547,40.641218],[22.928484,40.641281],[22.92844,40.64133],[22.928399,40.641388],[22.928392,40.641398],[22.92833,40.641491],[22.928266,40.641595],[22.928216,40.641683],[22.928176,40.641757],[22.928118,40.64188],[22.928095,40.641939],[22.928077,40.641997],[22.928063,40.642052],[22.928029,40.642172],[22.927976,40.642383],[22.927942,40.642537],[22.927931,40.6426],[22.927919,40.642688],[22.927904,40.642838],[22.927887,40.643041],[22.927886,40.643138],[22.9279,40.643316],[22.927909,40.643361],[22.927924,40.643401],[22.927961,40.643465],[22.92803,40.64354],[22.928102,40.643611],[22.928133,40.643641],[22.928261,40.643771],[22.928309,40.643823],[22.928347,40.643869]]},"properties":{"name":"Αναγεννήσεως"}},{"type":"Feature","geometry":{"type":"LineString","coordinates":[[22.906046,40.683918],[22.906199,40.683923],[22.907901,40.683928],[22.909254,40.683942],[22.909475,40.68394],[22.910807,40.683958],[22.911842,40.683978],[22.911963,40.683985],[22.912013,40.683982],[22.91205,40.683979],[22.912115,40.683972],[22.912205,40.683961],[22.912306,40.683946],[22.913685,40.683707],[22.913693,40.683705],[22.913759,40.683693],[22.914757,40.68352],[22.915548,40.683374],[22.916608,40.683191],[22.916742,40.683169],[22.916829,40.683155],[22.917916,40.682962],[22.919098,40.682752],[22.919902,40.682611],[22.920321,40.682534],[22.920405,40.682532],[22.920488,40.682529],[22.921446,40.682508],[22.922011,40.682492],[22.922737,40.682471],[22.923914,40.682444],[22.924899,40.682422],[22.924972,40.682421],[22.925099,40.682418],[22.925185,40.682416],[22.925545,40.682409],[22.926439,40.68239],[22.927474,40.682355],[22.928593,40.682331],[22.929812,40.6823],[22.930305,40.682287],[22.930406,40.682282],[22.930452,40.682283],[22.930489,40.682285],[22.930507,40.682287],[22.930588,40.682304]]},"properties":{"name":"Αναγεννήσεως"}},{"type":"Feature","geometry":{"type":"LineString","coordinates":[[22.934934,40.640594],[22.935122,40.640502],[22.935456,40.640339],[22.935841,40.64015],[22.936023,40.640062],[22.936115,40.640017],[22.936202,40.639974],[22.936352,40.639901],[22.936394,40.63988],[22.936602,40.639821]]},"properties":{"name":"Εγνατία"}},{"type":"Feature","geometry":{"type":"LineString","coordinates":[[22.962027,40.623561],[22.962009,40.623601],[22.961992,40.623629],[22.96196,40.623685],[22.961936,40.62372],[22.961908,40.623758],[22.961105,40.624736],[22.961012,40.624848],[22.960099,40.625976],[22.959982,40.62612],[22.959929,40.626184],[22.959784,40.626333],[22.95976,40.626357],[22.959665,40.626454],[22.958168,40.627812],[22.957294,40.628617],[22.956805,40.629064],[22.956691,40.629167],[22.956672,40.629184],[22.956658,40.629196],[22.956644,40.629207],[22.956569,40.629272],[22.956448,40.629352],[22.956375,40.629399],[22.95631,40.629438],[22.956261,40.629468],[22.956207,40.6295],[22.956104,40.629563],[22.954739,40.630276],[22.953888,40.630721],[22.953605,40.630886],[22.953478,40.630955],[22.953287,40.631069],[22.953134,40.631164],[22.952865,40.631306],[22.95282,40.631379]]},"properties":{"name":"Εγνατία"}},{"type":"Feature","geometry":{"type":"LineString","coordinates":[[22.935007,40.64068],[22.935194,40.640588],[22.935422,40.640476],[22.935826,40.640278],[22.936184,40.640102],[22.936281,40.640055],[22.936427,40.639983],[22.936466,40.639964],[22.936602,40.639821],[22.936935,40.639653],[22.937051,40.639593],[22.937307,40.639459],[22.938294,40.638909],[22.93842,40.638835],[22.93857,40.638757],[22.93865,40.638715],[22.938759,40.638658],[22.938916,40.638578],[22.940006,40.638011],[22.940081,40.637972],[22.940214,40.637902],[22.940735,40.637631],[22.940765,40.637615],[22.940881,40.637555],[22.940945,40.637522],[22.940988,40.6375],[22.941911,40.637033],[22.941977,40.636999],[22.942152,40.636909],[22.942199,40.636885],[22.942982,40.636486],[22.942999,40.636477],[22.943259,40.636344],[22.943538,40.636202],[22.943867,40.636034],[22.943927,40.636003],[22.944265,40.635829],[22.944384,40.635767],[22.944481,40.635718],[22.944527,40.635694],[22.944795,40.635557],[22.945182,40.635358],[22.945231,40.635333],[22.94535,40.635273],[22.945497,40.635194],[22.945878,40.634992],[22.946294,40.634771],[22.946337,40.634748],[22.946382,40.634724],[22.946524,40.634648],[22.946678,40.634566],[22.946875,40.634461],[22.946934,40.63443],[22.946987,40.634404],[22.947123,40.634334],[22.94717,40.634311],[22.947626,40.634077],[22.948125,40.63381],[22.948431,40.633654],[22.948705,40.633515],[22.949282,40.633219],[22.94941,40.633153],[22.949456,40.633129],[22.949501,40.633106],[22.94968,40.633015],[22.949846,40.632936],[22.949867,40.632926],[22.950182,40.63276],[22.950215,40.632743],[22.950591,40.632549],[22.950627,40.63253],[22.950873,40.632403],[22.951001,40.632339],[22.951117,40.63228],[22.951192,40.632243],[22.951475,40.63209],[22.951719,40.63196],[22.951905,40.63186],[22.952216,40.631693],[22.952501,40.631545],[22.95282,40.631379],[22.952932,40.63136],[22.9532,40.63123],[22.953352,40.631149],[22.953475,40.631078],[22.953676,40.630972],[22.953713,40.630952],[22.954516,40.630528],[22.955361,40.630081],[22.956358,40.629554],[22.956486,40.629486],[22.956642,40.629364],[22.956701,40.629318],[22.95678,40.629257],[22.956794,40.629244],[22.956814,40.629226],[22.95739,40.628723],[22.957521,40.628611],[22.957623,40.628525],[22.958038,40.628153],[22.959096,40.62718],[22.959501,40.62679],[22.959644,40.62666],[22.959726,40.626574],[22.959776,40.62652],[22.959819,40.626475],[22.959893,40.626406],[22.960056,40.626219],[22.960104,40.626148],[22.960173,40.626053],[22.960199,40.62602],[22.960227,40.625984],[22.960593,40.625517],[22.960878,40.625157],[22.961208,40.62476],[22.961989,40.623822],[22.962037,40.623764],[22.962075,40.623709],[22.962099,40.623672],[22.96211,40.623655],[22.962115,40.623647],[22.962141,40.623601],[22.962155,40.623572]]},"properties":{"name":"Εγνατία"}},{"type":"Feature","geometry":{"type":"LineString","coordinates":[[22.98617,40.59439],[22.98607,40.594527],[22.986051,40.594599],[22.986034,40.594703],[22.985987,40.594968],[22.985956,40.595105],[22.985867,40.595565],[22.985843,40.595693],[22.985816,40.595831],[22.985752,40.596328],[22.985711,40.596658],[22.985696,40.596802],[22.985667,40.597144],[22.985657,40.597282],[22.985643,40.597424],[22.985626,40.597554],[22.985591,40.597781],[22.985561,40.597971],[22.985563,40.598099]]},"properties":{"name":"Εγνατία"}},{"type":"Feature","geometry":{"type":"LineString","coordinates":[[22.98567,40.598203],[22.985695,40.598257],[22.985747,40.598366],[22.98576,40.598394],[22.985755,40.598491]]},"properties":{"name":"Εγνατία"}},{"type":"Feature","geometry":{"type":"LineString","coordinates":[[22.985571,40.598218],[22.985589,40.598257],[22.9856,40.598279],[22.985619,40.598319],[22.985655,40.598394],[22.985666,40.598413],[22.985676,40.598425],[22.985691,40.598437],[22.985755,40.598491],[22.985819,40.598609],[22.985878,40.598723],[22.985902,40.598777],[22.985915,40.598809],[22.985928,40.598841],[22.985947,40.598902],[22.985959,40.598961],[22.985965,40.599015],[22.985976,40.599559],[22.985977,40.599616],[22.986004,40.599712],[22.985968,40.599846],[22.985725,40.600802]]},"properties":{"name":"Εγνατία"}},{"type":"Feature","geometry":{"type":"LineString","coordinates":[[22.962027,40.623561],[22.962054,40.623483],[22.962086,40.623383],[22.962155,40.623144],[22.962185,40.623015],[22.962209,40.622876],[22.962215,40.622838],[22.962221,40.622796],[22.962224,40.622761],[22.962228,40.622689],[22.96223,40.622585],[22.962234,40.622416],[22.962235,40.622358],[22.962237,40.622257],[22.962261,40.621999],[22.962274,40.621854],[22.962319,40.621352],[22.96236,40.620901],[22.962394,40.620524],[22.962415,40.620274],[22.962449,40.619895],[22.962463,40.619779],[22.96247,40.619726],[22.96248,40.619623],[22.962495,40.61948],[22.962528,40.61919],[22.962578,40.618636],[22.962608,40.618335],[22.962616,40.61826],[22.962629,40.618005],[22.962652,40.617832],[22.962662,40.617724],[22.962684,40.617495],[22.962747,40.616835],[22.962764,40.616652],[22.962787,40.616425],[22.962838,40.61589],[22.962852,40.615738],[22.962935,40.614879],[22.96294,40.614827],[22.962955,40.614668],[22.962979,40.614527],[22.962994,40.614374],[22.963027,40.614021],[22.963117,40.613075],[22.963127,40.612966],[22.963156,40.612666],[22.963169,40.612524],[22.9632,40.612231],[22.963205,40.612178],[22.963222,40.611923],[22.963246,40.611729],[22.963295,40.611159],[22.963325,40.610826],[22.963337,40.610688],[22.96334,40.610643],[22.963352,40.610502],[22.963369,40.610336],[22.963422,40.609811],[22.963482,40.609217],[22.963564,40.608407],[22.963604,40.607984],[22.963609,40.60793],[22.963628,40.607731],[22.963638,40.607577],[22.963639,40.607559],[22.963702,40.606942],[22.963732,40.606447],[22.96377,40.606054],[22.963776,40.605987],[22.963801,40.605741],[22.963816,40.605585],[22.963836,40.605363],[22.963936,40.604296],[22.964041,40.603181],[22.964104,40.602473],[22.964108,40.602421],[22.964123,40.602254],[22.964131,40.602169],[22.964147,40.602008],[22.964208,40.601385],[22.964296,40.6005],[22.964342,40.600035],[22.964365,40.599808],[22.964381,40.59964],[22.964437,40.599059],[22.964508,40.598324],[22.964535,40.59804],[22.964597,40.597542],[22.964604,40.597486],[22.964626,40.597308],[22.964635,40.597219]]},"properties":{"name":"Κωνσταντίνου Καραμανλή"}},{"type":"Feature","geometry":{"type":"LineString","coordinates":[[22.964764,40.597259],[22.964759,40.597348],[22.964744,40.597498],[22.9647,40.597941],[22.964661,40.598333],[22.964557,40.599368],[22.964527,40.59965],[22.964506,40.599839],[22.964483,40.600039],[22.964428,40.600522],[22.964381,40.600925],[22.964331,40.601408],[22.964283,40.601972],[22.96428,40.602015],[22.964264,40.602205],[22.964243,40.602425],[22.964168,40.603241],[22.964068,40.604314],[22.964017,40.604876],[22.963984,40.60526],[22.963964,40.6055],[22.963956,40.605595],[22.963942,40.605769],[22.96392,40.606001],[22.963878,40.60645],[22.96383,40.606961],[22.963766,40.607532],[22.96376,40.607584],[22.963738,40.607757],[22.963731,40.607834],[22.963721,40.607947],[22.963605,40.609214],[22.963575,40.609536],[22.963521,40.610132],[22.963508,40.610306],[22.963505,40.610341],[22.963491,40.610534],[22.963481,40.610651],[22.963439,40.611191],[22.963399,40.611691],[22.963393,40.611759],[22.963378,40.611979],[22.96336,40.612186],[22.963336,40.612568],[22.963287,40.612977],[22.963175,40.613946],[22.963165,40.614026],[22.963124,40.614362],[22.963109,40.614502],[22.963087,40.614821],[22.963053,40.615083],[22.963009,40.615578],[22.96299,40.615801],[22.962975,40.615963],[22.96292,40.616549],[22.962905,40.616718],[22.962861,40.617177],[22.962838,40.617443],[22.962816,40.617676],[22.962809,40.617748],[22.962786,40.618001],[22.962772,40.618143],[22.962759,40.618266],[22.962685,40.619197],[22.962661,40.619428],[22.96265,40.619546],[22.962625,40.619789],[22.962606,40.619953],[22.962538,40.620641],[22.962508,40.620979],[22.962465,40.621423],[22.962417,40.62191],[22.962405,40.622002],[22.962397,40.62212],[22.962383,40.622303],[22.962382,40.622357],[22.962379,40.622452],[22.96238,40.622565],[22.962378,40.622653],[22.962373,40.622728],[22.962369,40.622782],[22.962366,40.622821],[22.962362,40.622866],[22.962359,40.622891],[22.962355,40.622921],[22.962349,40.622955],[22.962342,40.622997],[22.962334,40.62303],[22.962317,40.623109],[22.962307,40.623149],[22.962297,40.623186],[22.962245,40.623338],[22.962217,40.623422],[22.962191,40.623487],[22.962155,40.623572]]},"properties":{"name":"Κωνσταντίνου Καραμανλή"}},{"type":"Feature","geometry":{"type":"LineString","coordinates":[[22.969533,40.572296],[22.969413,40.572531],[22.969133,40.573055],[22.969097,40.573118],[22.96906,40.57318],[22.969004,40.573267],[22.968959,40.573333],[22.968841,40.5735],[22.9684,40.57412],[22.968244,40.574333],[22.968153,40.574449],[22.968007,40.574616],[22.967952,40.574672],[22.96746,40.575197],[22.967324,40.575342],[22.967214,40.575474],[22.967135,40.575549],[22.966911,40.575748],[22.966653,40.575976],[22.966545,40.576056],[22.966485,40.576102],[22.96587,40.576528],[22.965724,40.576634],[22.965564,40.576744],[22.965467,40.576808],[22.96538,40.576862],[22.965317,40.576901],[22.965105,40.577019],[22.964637,40.577255],[22.964413,40.577363],[22.964295,40.577416],[22.964004,40.577545],[22.963466,40.57774],[22.96252,40.578049],[22.961789,40.578262],[22.961698,40.578288],[22.961593,40.578317],[22.961482,40.578345],[22.961381,40.578367],[22.961262,40.578392],[22.961155,40.578408],[22.961026,40.578422],[22.960901,40.578432],[22.960802,40.578441],[22.960706,40.578451],[22.960626,40.57846],[22.960471,40.578438],[22.960428,40.578433],[22.95989,40.578409]]},"properties":{"name":"Κωνσταντίνου Καραμανλή"}},{"type":"Feature","geometry":{"type":"LineString","coordinates":[[22.89599,40.664084],[22.896037,40.664124],[22.89608,40.664169],[22.896158,40.664253],[22.896276,40.66439],[22.896437,40.664575],[22.896593,40.664761],[22.896949,40.665188],[22.897173,40.66546],[22.89721,40.665508],[22.897248,40.665562],[22.897288,40.665629],[22.897493,40.666025],[22.897561,40.666151],[22.897581,40.666192],[22.897611,40.666244],[22.897684,40.666334],[22.898097,40.666773],[22.898482,40.667189],[22.898776,40.667519],[22.899043,40.667816],[22.899284,40.668083],[22.899325,40.668127],[22.899607,40.668453],[22.899868,40.668747],[22.900124,40.669023],[22.900176,40.66908],[22.900474,40.669395],[22.90078,40.669719],[22.900876,40.669897],[22.900994,40.670131],[22.901059,40.670364],[22.901073,40.670662],[22.901091,40.671352]]},"properties":{"name":"Κωνσταντίνου Καραμανλή"}},{"type":"Feature","geometry":{"type":"LineString","coordinates":[[22.964709,40.595603],[22.964724,40.595499],[22.96476,40.595303],[22.964814,40.595067],[22.964821,40.595027],[22.964884,40.594557],[22.964894,40.594434],[22.964978,40.593934],[22.965017,40.593695],[22.965037,40.593441],[22.965072,40.593061]]},"properties":{"name":"Κωνσταντίνου Καραμανλή"}},{"type":"Feature","geometry":{"type":"LineString","coordinates":[[22.868455,40.679126],[22.868271,40.679224],[22.867829,40.679466],[22.867418,40.679678],[22.867188,40.679799],[22.867088,40.67985],[22.86699,40.679897],[22.866731,40.680032],[22.865785,40.680516],[22.865663,40.680582],[22.865521,40.680656],[22.86529,40.680781],[22.864971,40.68095],[22.864832,40.681024],[22.864825,40.681028],[22.864725,40.681079],[22.864556,40.681169],[22.862396,40.682318],[22.861828,40.68262],[22.861487,40.682796],[22.861382,40.682852],[22.861309,40.68289],[22.861226,40.682934],[22.860971,40.683068],[22.860706,40.683208],[22.860651,40.683237],[22.859352,40.683922],[22.858877,40.684173],[22.857892,40.684692],[22.857258,40.685027],[22.856877,40.685228],[22.855635,40.685883],[22.855099,40.686166],[22.853445,40.687031],[22.853213,40.687154],[22.85305,40.687244],[22.851856,40.687875],[22.850103,40.688806],[22.849536,40.689131],[22.849444,40.689185],[22.849357,40.689239],[22.849234,40.689321],[22.849066,40.689442],[22.848883,40.689582],[22.848649,40.689795],[22.848432,40.690032],[22.848206,40.69031],[22.848152,40.690402],[22.848071,40.690541],[22.847972,40.690704],[22.847821,40.690948],[22.847657,40.691232],[22.847314,40.691832],[22.846908,40.692548],[22.846849,40.692655],[22.846814,40.692718],[22.84675,40.692823],[22.846397,40.693412]]},"properties":{"name":"Κωνσταντίνου Καραμανλή"}},{"type":"Feature","geometry":{"type":"LineString","coordinates":[[22.86824,40.679365],[22.867733,40.679628],[22.867356,40.679836],[22.867215,40.679913],[22.867062,40.679989],[22.864622,40.681272],[22.862521,40.682375],[22.861651,40.682832],[22.861514,40.682903],[22.861452,40.682935],[22.861382,40.682972],[22.861205,40.683064],[22.860748,40.683301],[22.860541,40.68341],[22.859418,40.684001],[22.858916,40.684265],[22.858301,40.684588],[22.85808,40.684704],[22.85796,40.684767],[22.856922,40.685313],[22.856344,40.685617],[22.855702,40.685954],[22.855637,40.685988],[22.854895,40.686379],[22.853553,40.687085],[22.853453,40.687138],[22.853405,40.687161],[22.853385,40.687171],[22.853283,40.687223],[22.853192,40.687272],[22.852745,40.687516],[22.850975,40.688453],[22.850305,40.688815],[22.850198,40.688873],[22.850112,40.688923],[22.849634,40.689198],[22.849594,40.689221],[22.84958,40.689229],[22.849514,40.689271],[22.849461,40.689308],[22.849352,40.689389],[22.849236,40.689479],[22.849021,40.689658],[22.848801,40.689867],[22.848598,40.690085],[22.848524,40.690172],[22.848452,40.690261],[22.848382,40.690351],[22.84832,40.690439],[22.848188,40.690651],[22.848046,40.690894],[22.847849,40.691229],[22.847745,40.691421],[22.847563,40.691756]]},"properties":{"name":"Κωνσταντίνου Καραμανλή"}},{"type":"Feature","geometry":{"type":"LineString","coordinates":[[22.847234,40.69233],[22.847051,40.692627],[22.847005,40.692708],[22.846968,40.692768],[22.846792,40.693048],[22.846485,40.693529],[22.846325,40.693779]]},"properties":{"name":"Κωνσταντίνου Καραμανλή"}},{"type":"Feature","geometry":{"type":"LineString","coordinates":[[22.959263,40.593647],[22.959288,40.593735],[22.959299,40.593773],[22.959316,40.59383],[22.959345,40.593951],[22.959362,40.594028],[22.959381,40.594129],[22.959407,40.594267],[22.959456,40.594562],[22.959492,40.594738],[22.959496,40.59476],[22.959518,40.594848],[22.959533,40.5949],[22.959558,40.594972],[22.959568,40.594996],[22.959588,40.595044],[22.959613,40.595103],[22.959644,40.595163],[22.959671,40.595203],[22.959702,40.595241],[22.959743,40.595282],[22.959776,40.595312],[22.959836,40.595358],[22.959915,40.595414],[22.959984,40.595459],[22.960052,40.595495],[22.960109,40.595521],[22.960268,40.595583],[22.960454,40.595646],[22.960605,40.595699],[22.960657,40.595718],[22.961318,40.595973],[22.962121,40.596313],[22.962559,40.596495],[22.963359,40.596808],[22.963623,40.596913],[22.964264,40.597168],[22.964449,40.597243],[22.964466,40.59725],[22.964591,40.597296],[22.964626,40.597308],[22.964669,40.597323],[22.964697,40.597333],[22.964727,40.597341],[22.964759,40.597348],[22.964807,40.597358],[22.964856,40.597366],[22.964906,40.597375],[22.964955,40.597381],[22.965025,40.597387],[22.965126,40.597393],[22.965478,40.597407],[22.966125,40.597435],[22.966456,40.597445],[22.967136,40.597459],[22.967445,40.597462],[22.96789,40.597466],[22.969021,40.597479],[22.969681,40.597492],[22.970373,40.597502],[22.970583,40.597505],[22.970692,40.597473]]},"properties":{"name":"Βούλγαρη"}},{"type":"Feature","geometry":{"type":"LineString","coordinates":[[22.959367,40.593567],[22.959381,40.593613],[22.959392,40.593649],[22.9594,40.593677],[22.959411,40.593722],[22.959433,40.593816],[22.959511,40.594144],[22.959612,40.594644],[22.959637,40.594749],[22.959659,40.594827],[22.959685,40.594909],[22.959707,40.594973],[22.959754,40.595084],[22.959801,40.595166],[22.959845,40.595221],[22.959884,40.595263],[22.959917,40.595294],[22.959956,40.595325],[22.959994,40.595353],[22.960047,40.595387],[22.960107,40.595421],[22.960145,40.595439],[22.960186,40.595457],[22.960253,40.595482],[22.960305,40.5955],[22.960485,40.595565],[22.960654,40.595625],[22.961406,40.595908],[22.962138,40.596206],[22.962598,40.596391],[22.96305,40.596565],[22.963614,40.596793],[22.964328,40.597096],[22.964452,40.597149],[22.964516,40.597175],[22.964635,40.597219],[22.964764,40.597259],[22.96483,40.59728],[22.964869,40.59729],[22.96491,40.597299],[22.964958,40.597308],[22.965001,40.597314],[22.965051,40.597319],[22.965119,40.597324],[22.965208,40.597327],[22.966154,40.597354],[22.967427,40.59737],[22.968967,40.597403],[22.969688,40.59742],[22.970586,40.597436],[22.970692,40.597473],[22.970797,40.597476],[22.971304,40.597491]]},"properties":{"name":"Βούλγαρη"}},{"type":"Feature","geometry":{"type":"LineString","coordinates":[[22.959263,40.593647],[22.959224,40.593529],[22.959185,40.593409],[22.959159,40.593339],[22.959129,40.593263],[22.95911,40.593218],[22.959087,40.593173],[22.959058,40.593127],[22.95903,40.59309],[22.959001,40.593059],[22.958977,40.593036],[22.958958,40.593022],[22.958607,40.592765],[22.958261,40.592515],[22.957714,40.592141],[22.957654,40.5921],[22.957531,40.592019]]},"properties":{"name":"Μοσχονησίων"}},{"type":"Feature","geometry":{"type":"LineString","coordinates":[[22.957615,40.591912],[22.957753,40.592006],[22.958172,40.592301],[22.958422,40.592475],[22.959038,40.592959],[22.959082,40.592998],[22.959112,40.593028],[22.95914,40.59306],[22.959173,40.593103],[22.959194,40.593131],[22.959215,40.593165],[22.959235,40.593205],[22.959252,40.593243],[22.959268,40.593285],[22.959287,40.59334],[22.959305,40.593391],[22.959339,40.59349],[22.959353,40.59353],[22.959367,40.593567]]},"properties":{"name":"Μοσχονησίων"}},{"type":"Feature","geometry":{"type":"LineString","coordinates":[[22.957531,40.592019],[22.95738,40.591911],[22.95641,40.591218],[22.956201,40.591066],[22.954694,40.589974],[22.95454,40.589863]]},"properties":{"name":"Μητροπολίτου Γρηγορίου Κυδωνιών"}},{"type":"Feature","geometry":{"type":"LineString","coordinates":[[22.95291,40.588537],[22.953086,40.588671],[22.954178,40.589464]]},"properties":{"name":"Μητροπολίτου Γρηγορίου Κυδωνιών"}},{"type":"Feature","geometry":{"type":"LineString","coordinates":[[22.954537,40.589719],[22.955775,40.590601],[22.955809,40.590625],[22.956279,40.59096],[22.956431,40.591067],[22.957436,40.591784],[22.957504,40.591832],[22.957615,40.591912]]},"properties":{"name":"Μητροπολίτου Γρηγορίου Κυδωνιών"}},{"type":"Feature","geometry":{"type":"LineString","coordinates":[[22.95454,40.589863],[22.95454,40.589808],[22.954539,40.58977],[22.954537,40.589719],[22.954422,40.589025],[22.954407,40.588935],[22.954378,40.588758],[22.95435,40.588591],[22.954344,40.588553],[22.954335,40.588505],[22.954299,40.58832],[22.954272,40.588178],[22.954271,40.588172],[22.95426,40.588108],[22.954249,40.588038],[22.954247,40.588007],[22.954242,40.58796],[22.95424,40.587915],[22.954239,40.587884],[22.954241,40.587845],[22.954246,40.587808],[22.954254,40.587771],[22.954266,40.587732],[22.954281,40.587691],[22.954298,40.587651],[22.95432,40.587604],[22.954357,40.587538],[22.954377,40.587504],[22.954406,40.587462],[22.954423,40.587442],[22.954455,40.587408],[22.954482,40.587382],[22.954532,40.587337],[22.954596,40.587282],[22.954728,40.587172],[22.95499,40.586955],[22.95562,40.586443],[22.955716,40.586367],[22.955772,40.586322],[22.956564,40.585694],[22.957244,40.585132],[22.95767,40.584774],[22.958206,40.584346],[22.958293,40.584285],[22.958433,40.584203]]},"properties":{"name":"Αδριανουπόλεως"}},{"type":"Feature","geometry":{"type":"LineString","coordinates":[[22.965096,40.581977],[22.965509,40.581804],[22.965674,40.581732],[22.965738,40.581703],[22.965827,40.581655],[22.965929,40.581593],[22.966008,40.58153],[22.966079,40.581452],[22.966159,40.58136],[22.966249,40.581257],[22.966366,40.581118],[22.966482,40.58097],[22.966645,40.580762],[22.966743,40.580636],[22.967071,40.580222],[22.967165,40.580113],[22.967232,40.580036],[22.967308,40.579949],[22.967431,40.579811],[22.967551,40.579682],[22.967666,40.579556],[22.967949,40.579248],[22.968197,40.578992],[22.968416,40.578764],[22.968612,40.578538],[22.968684,40.578445],[22.968703,40.578421],[22.968846,40.578228],[22.968936,40.578093],[22.969015,40.577972],[22.969136,40.577752],[22.969269,40.577504],[22.969586,40.576898],[22.969754,40.576553],[22.969776,40.576511],[22.969868,40.576338],[22.969917,40.576245],[22.970034,40.576023],[22.970039,40.576015],[22.970304,40.575519],[22.97038,40.575384],[22.970571,40.575095],[22.970582,40.575079],[22.970613,40.575031]]},"properties":{"name":"Εθνικής Αντιστάσεως"}},{"type":"Feature","geometry":{"type":"LineString","coordinates":[[22.974276,40.568403],[22.974225,40.568476],[22.974149,40.568571],[22.974049,40.568687],[22.973964,40.568805],[22.973878,40.568938],[22.973701,40.569232],[22.973531,40.569556],[22.97347,40.56965],[22.973426,40.569734],[22.973232,40.570047],[22.973073,40.57032],[22.972709,40.570963],[22.97263,40.571111],[22.972578,40.571206],[22.972544,40.571269],[22.972505,40.571348],[22.97219,40.571972],[22.971842,40.572638],[22.971745,40.572824],[22.971662,40.572982],[22.971619,40.573062],[22.97161,40.57308],[22.971543,40.573209],[22.971281,40.573725],[22.971129,40.574031],[22.971012,40.574272],[22.970911,40.574472],[22.970891,40.57451],[22.970723,40.574827],[22.970713,40.574844],[22.970613,40.575031],[22.970485,40.575414],[22.97022,40.575925],[22.970167,40.576029],[22.970091,40.576181],[22.970008,40.576347],[22.969959,40.576445],[22.969912,40.576552],[22.969701,40.576965],[22.969525,40.577317],[22.969324,40.577737],[22.96925,40.577877],[22.969142,40.578049],[22.969124,40.578078],[22.969039,40.578207],[22.96899,40.578281],[22.968922,40.57838],[22.968798,40.578537],[22.968706,40.57865],[22.968636,40.57873],[22.968558,40.578819],[22.968465,40.578919],[22.968337,40.579048],[22.96804,40.579352],[22.96789,40.579507],[22.967761,40.579644],[22.967637,40.579783],[22.967529,40.579903],[22.967361,40.5801],[22.967246,40.580231],[22.967096,40.580419],[22.966935,40.580625],[22.966879,40.580695],[22.966679,40.580944],[22.966506,40.581165],[22.966365,40.581345],[22.966204,40.581543],[22.96605,40.581721],[22.965835,40.581961],[22.965726,40.582043],[22.965287,40.582606],[22.965192,40.582727],[22.964808,40.583246],[22.964747,40.583335],[22.964283,40.583997],[22.964236,40.584064],[22.964174,40.584152],[22.963891,40.584553],[22.963463,40.585149],[22.9632,40.585512],[22.962788,40.58609],[22.962744,40.586151],[22.962702,40.586207],[22.962616,40.586331],[22.962542,40.586436],[22.962468,40.586541],[22.962271,40.58681],[22.962187,40.586905],[22.962014,40.587102],[22.961846,40.587305],[22.961695,40.587471],[22.961679,40.587489],[22.961636,40.587538],[22.96155,40.587639],[22.961127,40.5881],[22.960847,40.588404],[22.960483,40.588802],[22.960345,40.588953],[22.960058,40.589272],[22.959959,40.589379]]},"properties":{"name":"Εθνικής Αντιστάσεως"}},{"type":"Feature","geometry":{"type":"LineString","coordinates":[[22.91795,40.675577],[22.91795,40.675473],[22.917966,40.674415],[22.917965,40.67395],[22.917958,40.673345],[22.917964,40.672661]]},"properties":{"name":"Εθνικής Αντιστάσεως"}},{"type":"Feature","geometry":{"type":"LineString","coordinates":[[22.933271,40.678811],[22.933718,40.678809],[22.933879,40.678808],[22.933998,40.678808],[22.934156,40.678808],[22.934441,40.678802],[22.934877,40.678658],[22.935084,40.67859],[22.935437,40.678473],[22.935505,40.67845],[22.93563,40.678408],[22.935806,40.678351],[22.936086,40.678258],[22.936198,40.678221],[22.936798,40.678022],[22.937052,40.677923],[22.937083,40.677907]]},"properties":{"name":"Εθνικής Αντιστάσεως"}},{"type":"Feature","geometry":{"type":"LineString","coordinates":[[22.859204,40.68958],[22.859237,40.689585],[22.859255,40.689589],[22.859271,40.689593],[22.859314,40.689613],[22.859342,40.689633],[22.859613,40.689866],[22.859808,40.690026],[22.859938,40.690128],[22.859992,40.690171],[22.860103,40.690265]]},"properties":{"name":"Εθνικής Αντιστάσεως"}},{"type":"Feature","geometry":{"type":"LineString","coordinates":[[22.854624,40.689043],[22.854681,40.689069],[22.85472,40.689079],[22.854749,40.689087],[22.854981,40.689137],[22.855853,40.689288],[22.857076,40.689474],[22.857239,40.68948],[22.857428,40.68949],[22.85796,40.689515]]},"properties":{"name":"Εθνικής Αντιστάσεως"}},{"type":"Feature","geometry":{"type":"LineString","coordinates":[[22.612236,40.732694],[22.611156,40.732657],[22.609876,40.732612],[22.608818,40.732594],[22.607982,40.732571],[22.607642,40.732555],[22.607465,40.732547],[22.607265,40.732538],[22.607156,40.732534],[22.606737,40.732516],[22.606031,40.732478],[22.605667,40.732459],[22.605231,40.732407]]},"properties":{"name":"Εθνικής Αντιστάσεως"}},{"type":"Feature","geometry":{"type":"LineString","coordinates":[[22.577579,40.771357],[22.577583,40.771427],[22.577586,40.771824],[22.577592,40.772851],[22.577593,40.773802],[22.577492,40.774792],[22.577397,40.775793],[22.577379,40.776022],[22.577264,40.777064],[22.577259,40.777149],[22.577182,40.777911],[22.577104,40.778845],[22.57707,40.77926],[22.576967,40.780283],[22.576853,40.78127],[22.576758,40.782259],[22.576651,40.783244],[22.576561,40.78423],[22.576455,40.785215],[22.576392,40.785907]]},"properties":{"name":"Εθνικής Αντιστάσεως"}},{"type":"Feature","geometry":{"type":"LineString","coordinates":[[22.591356,40.734197],[22.591549,40.734227],[22.591931,40.7343],[22.592012,40.734314],[22.592126,40.734326],[22.592252,40.734336],[22.592383,40.734344],[22.59259,40.734348],[22.592823,40.734348],[22.593233,40.73435],[22.594021,40.734348],[22.594712,40.734342],[22.594888,40.734344],[22.595075,40.734341],[22.595259,40.73433],[22.595414,40.734317],[22.595698,40.73429],[22.595769,40.734281],[22.595874,40.734266],[22.595932,40.734256],[22.596169,40.734215],[22.596378,40.734172],[22.596544,40.73413],[22.596896,40.734033],[22.597353,40.733902],[22.598201,40.733652],[22.598995,40.733426],[22.599673,40.733228],[22.600331,40.733038],[22.600982,40.732845],[22.601155,40.732792],[22.601335,40.732731],[22.601592,40.732637],[22.601853,40.732541],[22.602196,40.732414],[22.602308,40.732384],[22.602427,40.732353],[22.602542,40.732334],[22.602625,40.732323],[22.603132,40.732338],[22.604993,40.732396],[22.605231,40.732407],[22.605672,40.732384],[22.606041,40.732392],[22.606498,40.732401],[22.606932,40.732415],[22.607114,40.732422],[22.60716,40.732424],[22.60738,40.732433],[22.607467,40.732437],[22.607871,40.732458],[22.609881,40.732538],[22.61219,40.732613]]},"properties":{"name":"Εθνικής Αντιστάσεως"}},{"type":"Feature","geometry":{"type":"LineString","coordinates":[[22.974276,40.568403],[22.974298,40.568369],[22.974325,40.568328],[22.974374,40.568241],[22.974469,40.568055],[22.974499,40.567988],[22.974515,40.567951],[22.974587,40.567771],[22.974622,40.567681]]},"properties":{"name":"Γεωργικής Σχολής"}},{"type":"Feature","geometry":{"type":"LineString","coordinates":[[22.9751,40.565874],[22.975239,40.565389],[22.975275,40.565254],[22.975318,40.565088],[22.975338,40.56501],[22.975353,40.564948],[22.975376,40.564853],[22.975396,40.564785]]},"properties":{"name":"Γεωργικής Σχολής"}},{"type":"Feature","geometry":{"type":"LineString","coordinates":[[22.977302,40.558981],[22.977362,40.558884]]},"properties":{"name":"Γεωργικής Σχολής"}},{"type":"Feature","geometry":{"type":"LineString","coordinates":[[22.979694,40.555136],[22.979734,40.555072]]},"properties":{"name":"Γεωργικής Σχολής"}},{"type":"Feature","geometry":{"type":"LineString","coordinates":[[22.981861,40.551221],[22.981939,40.551066],[22.982147,40.550656],[22.982206,40.550541],[22.9823,40.550342],[22.982405,40.55013],[22.982594,40.54973],[22.982891,40.549186],[22.983094,40.548792],[22.983292,40.548427],[22.983755,40.547524],[22.983772,40.547492],[22.983822,40.547391],[22.983849,40.547341],[22.983896,40.547243],[22.984073,40.546888],[22.984225,40.546571],[22.984402,40.546229],[22.984471,40.5461],[22.984496,40.546057],[22.984583,40.545906],[22.984692,40.545726],[22.984802,40.545545],[22.984861,40.545454],[22.984944,40.545338],[22.985032,40.545217],[22.985203,40.544993],[22.985678,40.544364],[22.986009,40.543944],[22.986017,40.543927],[22.986126,40.543785],[22.986248,40.543626],[22.986274,40.543593],[22.986394,40.543437],[22.986601,40.543181],[22.986783,40.542962],[22.98693,40.542796],[22.987079,40.542644],[22.987254,40.542472],[22.987823,40.541935],[22.987922,40.541841],[22.988407,40.541385],[22.988495,40.541298],[22.988569,40.541225],[22.988771,40.541026],[22.988816,40.540981],[22.989155,40.54066],[22.989753,40.540078],[22.990027,40.539825],[22.990104,40.539756],[22.990301,40.539575],[22.990509,40.539359],[22.99063,40.539213],[22.990713,40.539109],[22.990736,40.53908],[22.990822,40.538961],[22.99088,40.538881],[22.991058,40.538636]]},"properties":{"name":"Γεωργικής Σχολής"}},{"type":"Feature","geometry":{"type":"LineString","coordinates":[[22.982019,40.551212],[22.982101,40.551047],[22.982768,40.549781],[22.983443,40.548473],[22.98397,40.547433],[22.984005,40.547366],[22.984051,40.547278],[22.984072,40.547237],[22.984628,40.546175],[22.984648,40.546129],[22.984755,40.545936],[22.984793,40.545868],[22.984842,40.545783],[22.984954,40.545604],[22.985103,40.545384],[22.985242,40.5452],[22.985425,40.544964],[22.98567,40.544645],[22.985795,40.544484],[22.986035,40.544173],[22.986077,40.544118],[22.986432,40.543658],[22.986466,40.543614],[22.98663,40.543399],[22.986772,40.543214],[22.986915,40.543045],[22.987078,40.542866],[22.987132,40.542812],[22.987374,40.542562],[22.987664,40.542298],[22.987757,40.542217],[22.987958,40.542023],[22.98838,40.541617],[22.988779,40.54123],[22.988944,40.541073],[22.989548,40.540494],[22.989643,40.540406],[22.989815,40.540246],[22.989917,40.540144],[22.990012,40.540048],[22.990211,40.539851],[22.990725,40.539341],[22.990903,40.539137],[22.990959,40.539067],[22.990991,40.539027]]},"properties":{"name":"Γεωργικής Σχολής"}},{"type":"Feature","geometry":{"type":"LineString","coordinates":[[22.979864,40.55512],[22.979825,40.555185]]},"properties":{"name":"Γεωργικής Σχολής"}},{"type":"Feature","geometry":{"type":"LineString","coordinates":[[22.977692,40.55866],[22.977617,40.558782],[22.977581,40.558841],[22.977519,40.558942],[22.977465,40.559035],[22.977402,40.559149],[22.977344,40.559261]]},"properties":{"name":"Γεωργικής Σχολής"}},{"type":"Feature","geometry":{"type":"LineString","coordinates":[[22.97556,40.564813],[22.975542,40.564885]]},"properties":{"name":"Γεωργικής Σχολής"}},{"type":"Feature","geometry":{"type":"LineString","coordinates":[[22.9751,40.565874],[22.974972,40.566371],[22.974925,40.566556],[22.974866,40.566759],[22.97481,40.566941],[22.974786,40.567017],[22.974739,40.567175],[22.974732,40.567197],[22.974649,40.567437],[22.974621,40.567512],[22.974622,40.567681],[22.974781,40.567539],[22.974824,40.567414],[22.974854,40.56733],[22.97491,40.567158],[22.97497,40.566972],[22.97502,40.566811],[22.975049,40.566712],[22.975052,40.566699],[22.97508,40.566606],[22.975103,40.566518],[22.975204,40.566121],[22.975289,40.565815],[22.975343,40.565625],[22.975413,40.56539],[22.975472,40.565182],[22.975521,40.564972],[22.975542,40.564885]]},"properties":{"name":"Λεωφόρος Γεωργικής Σχολής"}},{"type":"Feature","geometry":{"type":"LineString","coordinates":[[22.975396,40.564785],[22.975433,40.564642],[22.975442,40.564607],[22.975536,40.56428],[22.975715,40.563606],[22.97577,40.563379],[22.975777,40.563354],[22.975898,40.562915],[22.976025,40.562437],[22.976161,40.561911],[22.97627,40.56153],[22.976369,40.561173],[22.976467,40.56086],[22.976557,40.560572],[22.976601,40.560432],[22.976713,40.560137],[22.976784,40.559976],[22.976863,40.559813],[22.976965,40.559619],[22.977086,40.559373],[22.977182,40.559194],[22.977219,40.55913],[22.977302,40.558981]]},"properties":{"name":"Λεωφόρος Γεωργικής Σχολής"}},{"type":"Feature","geometry":{"type":"LineString","coordinates":[[22.977362,40.558884],[22.977427,40.55878],[22.977656,40.558412],[22.979187,40.555951],[22.979575,40.555327],[22.979694,40.555136]]},"properties":{"name":"Λεωφόρος Γεωργικής Σχολής"}},{"type":"Feature","geometry":{"type":"LineString","coordinates":[[22.979734,40.555072],[22.979785,40.554993],[22.980083,40.554509],[22.980225,40.554283],[22.980434,40.553941],[22.980555,40.553736],[22.980629,40.553607],[22.980706,40.553461],[22.980779,40.553322],[22.980852,40.553183],[22.980961,40.552966],[22.981188,40.552513],[22.981481,40.551947],[22.981613,40.551692],[22.981861,40.551221]]},"properties":{"name":"Λεωφόρος Γεωργικής Σχολής"}},{"type":"Feature","geometry":{"type":"LineString","coordinates":[[22.982019,40.551212],[22.981259,40.552714],[22.980965,40.553297],[22.980914,40.55339],[22.980649,40.553872],[22.980072,40.554798],[22.979937,40.555],[22.979911,40.555041],[22.979864,40.55512]]},"properties":{"name":"Λεωφόρος Γεωργικής Σχολής"}},{"type":"Feature","geometry":{"type":"LineString","coordinates":[[22.979825,40.555185],[22.979329,40.555992],[22.979008,40.556515],[22.978145,40.557921],[22.977692,40.55866]]},"properties":{"name":"Λεωφόρος Γεωργικής Σχολής"}},{"type":"Feature","geometry":{"type":"LineString","coordinates":[[22.977344,40.559261],[22.977139,40.559657],[22.976999,40.559951],[22.976905,40.560172],[22.976848,40.560317],[22.976805,40.560442],[22.976587,40.5611],[22.97643,40.561614],[22.976258,40.562205],[22.976177,40.562498],[22.97596,40.563334],[22.975957,40.563349],[22.975951,40.563374],[22.975947,40.56339],[22.975797,40.563932],[22.975609,40.564628],[22.975596,40.564677],[22.975581,40.564735],[22.97556,40.564813]]},"properties":{"name":"Λεωφόρος Γεωργικής Σχολής"}},{"type":"Feature","geometry":{"type":"LineString","coordinates":[[22.991058,40.538636],[22.991266,40.538324],[22.991597,40.53764],[22.992755,40.535247],[22.993307,40.534108],[22.993746,40.533204],[22.993872,40.532963],[22.993912,40.532887],[22.993951,40.532813],[22.994065,40.532593],[22.994496,40.531713],[22.994636,40.531397],[22.994678,40.531284],[22.994724,40.531161],[22.994778,40.531002],[22.994812,40.53089],[22.99482,40.53086],[22.99484,40.530798],[22.994878,40.530681],[22.994918,40.530543],[22.994962,40.530333],[22.994998,40.530107],[22.995039,40.529836],[22.995069,40.529588],[22.995084,40.529456],[22.995102,40.529331],[22.995115,40.529148],[22.995118,40.529038],[22.995118,40.528977],[22.995123,40.528711],[22.99512,40.528625],[22.995115,40.528503],[22.995101,40.528284],[22.995067,40.527963],[22.99503,40.527655],[22.995019,40.527573],[22.994984,40.527301],[22.994936,40.52693],[22.994903,40.526731],[22.994895,40.526687],[22.994887,40.526617],[22.994867,40.526434],[22.994829,40.5261],[22.994806,40.525893],[22.994742,40.525302],[22.994683,40.524757],[22.9946,40.523999],[22.994567,40.523692],[22.994477,40.522863],[22.994472,40.522818],[22.994442,40.522565],[22.994427,40.522443],[22.994416,40.522361],[22.994334,40.521697],[22.994326,40.521632],[22.994314,40.521532],[22.994268,40.521193],[22.994234,40.521003],[22.994205,40.520815],[22.99417,40.520628],[22.994128,40.520444],[22.994081,40.520288],[22.994027,40.52014],[22.993965,40.51997],[22.9939,40.519799],[22.993836,40.519655],[22.993676,40.519343],[22.99361,40.519227],[22.993551,40.519121],[22.99345,40.518944],[22.993386,40.518834],[22.993301,40.51869],[22.993186,40.518496],[22.993062,40.518301],[22.992865,40.518018],[22.992682,40.517757],[22.99248,40.517497],[22.992225,40.517164],[22.991774,40.516582],[22.991234,40.515868],[22.990845,40.515354],[22.990704,40.515168],[22.990573,40.515012],[22.990483,40.514913],[22.990393,40.514816],[22.990218,40.514628],[22.990002,40.514423],[22.989786,40.514229],[22.989542,40.514037],[22.989274,40.513857],[22.989046,40.513703],[22.988674,40.513488],[22.988512,40.513406],[22.988305,40.513307],[22.988185,40.513251],[22.988086,40.513206],[22.987717,40.513051],[22.987528,40.512983],[22.987409,40.512948],[22.987281,40.512909],[22.987173,40.512879],[22.987082,40.512853],[22.986048,40.512592],[22.985343,40.512417],[22.984905,40.512309],[22.984753,40.512272],[22.984386,40.512177],[22.98397,40.512056],[22.983653,40.511956],[22.983369,40.511862],[22.983146,40.51178],[22.982945,40.511699],[22.982805,40.51164],[22.982728,40.511608],[22.982503,40.511504],[22.982337,40.51142],[22.982127,40.511313],[22.981907,40.511197],[22.981727,40.511099],[22.981526,40.510977],[22.981344,40.510863],[22.981153,40.510738],[22.980909,40.510577],[22.980652,40.510395],[22.980333,40.510157],[22.979794,40.509756],[22.979118,40.509254],[22.978686,40.508934],[22.978313,40.508662],[22.977774,40.508263],[22.977374,40.507971],[22.977144,40.507802],[22.976996,40.507684],[22.976816,40.507533],[22.976562,40.507304],[22.976304,40.507086],[22.976017,40.506854],[22.975763,40.506653],[22.975596,40.506519],[22.975427,40.506395],[22.975213,40.506229],[22.975025,40.506103],[22.974716,40.50591],[22.973965,40.505457],[22.973881,40.505404],[22.973726,40.505302],[22.973492,40.505143],[22.97328,40.505003],[22.971536,40.503784],[22.970892,40.503319],[22.970101,40.502747],[22.969443,40.502297],[22.969207,40.50213],[22.968665,40.50176],[22.968389,40.501565],[22.96797,40.50127],[22.967892,40.501218],[22.967851,40.501191],[22.96775,40.501123],[22.967521,40.500971],[22.96738,40.500877],[22.967194,40.500753],[22.96707,40.50068],[22.966963,40.500621],[22.966872,40.500572],[22.966759,40.500512],[22.966623,40.500447],[22.966468,40.50038],[22.966284,40.500305],[22.966177,40.500266],[22.966018,40.500219],[22.965845,40.500171],[22.965689,40.500132],[22.965535,40.5001],[22.965453,40.500085],[22.965297,40.500064],[22.965179,40.500055],[22.965047,40.500044],[22.964771,40.500033],[22.964436,40.50003],[22.964136,40.500043],[22.962006,40.500121],[22.959552,40.500215],[22.955174,40.500371],[22.953289,40.500441],[22.951806,40.500495],[22.951396,40.50051],[22.950699,40.500536],[22.950569,40.500545],[22.95036,40.500554],[22.950202,40.500561],[22.945779,40.500728],[22.945642,40.500733],[22.945265,40.500745],[22.944218,40.500779],[22.942442,40.500837],[22.941709,40.500864],[22.941247,40.500884],[22.94081,40.500907],[22.940472,40.500934],[22.940014,40.500978],[22.939597,40.501027],[22.939186,40.501086],[22.938772,40.50115],[22.938312,40.50122],[22.937997,40.501272],[22.937483,40.501365],[22.937125,40.501435],[22.936799,40.501487],[22.936624,40.501508],[22.936978,40.501397],[22.937131,40.50136],[22.937157,40.501355],[22.937629,40.50126],[22.938106,40.501169],[22.938485,40.501099],[22.93857,40.501084],[22.938795,40.501041],[22.938948,40.501011],[22.939151,40.500974],[22.939395,40.500932],[22.939751,40.500882],[22.939876,40.500863],[22.940118,40.500836],[22.940497,40.500797],[22.940999,40.500761],[22.941498,40.500734],[22.945754,40.50058],[22.946267,40.500557],[22.949612,40.500442],[22.950051,40.500427],[22.950196,40.500422],[22.950249,40.50042],[22.95036,40.500416],[22.950691,40.500412],[22.951441,40.500378],[22.952498,40.500341],[22.95306,40.500326],[22.953432,40.500312],[22.95614,40.500208],[22.957071,40.500173],[22.958687,40.50012],[22.959892,40.500073],[22.961375,40.500024],[22.962414,40.499986],[22.964129,40.499921],[22.96447,40.499909],[22.964722,40.499905],[22.964872,40.499905],[22.964902,40.499905],[22.964916,40.499905],[22.964948,40.499905],[22.965157,40.499912],[22.965315,40.499922],[22.965461,40.49994],[22.965597,40.49997],[22.965707,40.499995],[22.965862,40.500032],[22.966045,40.50008],[22.966171,40.500117],[22.966283,40.50015],[22.966405,40.500198],[22.966425,40.500206],[22.966563,40.500262],[22.96678,40.500363],[22.966952,40.500451],[22.967088,40.500522],[22.967281,40.500636],[22.967667,40.500879],[22.96778,40.500952],[22.967857,40.501002],[22.967923,40.501044],[22.967954,40.501063],[22.968526,40.501455],[22.968665,40.501554],[22.968852,40.501687],[22.969459,40.502121],[22.969835,40.502389],[22.970246,40.502683],[22.970468,40.502841],[22.971029,40.503242],[22.971163,40.503337],[22.971415,40.503517],[22.973356,40.504902],[22.973436,40.504957],[22.973591,40.505063],[22.973737,40.505156],[22.973865,40.505238],[22.973977,40.505308],[22.974178,40.505427],[22.974346,40.505525],[22.974496,40.505612],[22.974617,40.505681],[22.974879,40.505835],[22.975046,40.505937],[22.97517,40.506017],[22.975277,40.506088],[22.97538,40.506159],[22.97549,40.506234],[22.975598,40.506314],[22.975692,40.506384],[22.975793,40.506459],[22.97591,40.506547],[22.976063,40.506669],[22.97622,40.506795],[22.976365,40.50692],[22.976503,40.507038],[22.976678,40.507193],[22.976801,40.507304],[22.976926,40.507419],[22.977058,40.507537],[22.977215,40.507661],[22.977361,40.507774],[22.977496,40.507873],[22.977668,40.508001],[22.977874,40.50815],[22.978539,40.508644],[22.978963,40.508958],[22.97934,40.509236],[22.979514,40.509362],[22.979647,40.509461],[22.980262,40.50992],[22.980689,40.510239],[22.980852,40.51036],[22.981005,40.510473],[22.981177,40.510595],[22.98139,40.510736],[22.981592,40.510861],[22.981857,40.511018],[22.982167,40.511183],[22.982414,40.511307],[22.982638,40.511422],[22.982797,40.511495],[22.982956,40.511564],[22.983127,40.511632],[22.983312,40.511704],[22.983488,40.511769],[22.983691,40.511837],[22.983902,40.511905],[22.98411,40.511968],[22.984372,40.512042],[22.984601,40.512103],[22.984851,40.512166],[22.98512,40.512234],[22.985542,40.512336],[22.98611,40.512476],[22.986699,40.512612],[22.986946,40.512672],[22.98718,40.512729],[22.987445,40.5128],[22.987558,40.512836],[22.987664,40.512874],[22.988184,40.513093],[22.988319,40.513156],[22.988429,40.51321],[22.988669,40.513344],[22.98894,40.513497],[22.989006,40.51354],[22.989234,40.513687],[22.989467,40.513848],[22.989738,40.51405],[22.989896,40.514171],[22.990011,40.514265],[22.990141,40.514381],[22.990236,40.514473],[22.990346,40.514585],[22.990435,40.514679],[22.990519,40.514773],[22.990626,40.514896],[22.990706,40.51499],[22.99079,40.515096],[22.990882,40.515208],[22.991023,40.515388],[22.991457,40.515953],[22.992015,40.516669],[22.992757,40.517638],[22.993011,40.517989],[22.993175,40.518241],[22.99323,40.518327],[22.993276,40.518397],[22.993324,40.518475],[22.993365,40.518542],[22.993413,40.518623],[22.993463,40.518713],[22.993501,40.518783],[22.993559,40.51889],[22.993622,40.519003],[22.993691,40.519136],[22.993782,40.519318],[22.99394,40.519656],[22.993985,40.519765],[22.994056,40.519935],[22.994129,40.520133],[22.994185,40.520301],[22.994228,40.520431],[22.994259,40.520537],[22.994273,40.520601],[22.994286,40.520669],[22.9943,40.520759],[22.994321,40.5209],[22.994346,40.521066],[22.994373,40.521263],[22.994414,40.521575],[22.994428,40.521677],[22.99453,40.522499],[22.994547,40.522639],[22.994569,40.522847],[22.994578,40.522929],[22.994613,40.523238],[22.994659,40.523676],[22.994745,40.524437],[22.994908,40.525864],[22.994971,40.526399],[22.994993,40.526572],[22.994999,40.52662],[22.995004,40.526678],[22.995026,40.526833],[22.995111,40.527429],[22.995207,40.528304],[22.995219,40.528479],[22.995221,40.528558],[22.995221,40.528814],[22.995219,40.528959],[22.995218,40.529079],[22.995208,40.529271],[22.995188,40.529538],[22.995152,40.52983],[22.995131,40.529996],[22.995105,40.530161],[22.995087,40.530256],[22.995058,40.530379],[22.995044,40.530447],[22.995026,40.530526],[22.994992,40.530663],[22.994935,40.530881],[22.99487,40.531098],[22.994841,40.531177],[22.994812,40.531249],[22.994734,40.531435],[22.994586,40.531774],[22.99445,40.532069],[22.994349,40.532269],[22.994139,40.532687],[22.994076,40.53283],[22.994056,40.532876],[22.994018,40.532954],[22.993792,40.533417],[22.993664,40.533687],[22.991418,40.538385],[22.991337,40.538517],[22.991302,40.538572],[22.991212,40.538709],[22.991141,40.538816],[22.991114,40.538854],[22.991051,40.538943],[22.990991,40.539027]]},"properties":{"name":"Θεσσαλονίκης - Περαίας"}},{"type":"Feature","geometry":{"type":"LineString","coordinates":[[22.980428,40.526217],[22.980499,40.526248],[22.980583,40.526286],[22.980889,40.526413],[22.98097,40.526447],[22.981348,40.526594],[22.98171,40.526747],[22.98209,40.526914],[22.984314,40.527879],[22.984723,40.528055],[22.98486,40.528111],[22.985369,40.528331],[22.9862,40.528693],[22.986866,40.528985],[22.98731,40.529169],[22.987714,40.529341],[22.988053,40.529482],[22.988408,40.529634],[22.988731,40.529779],[22.989037,40.529919],[22.989294,40.530038],[22.989523,40.53015],[22.989821,40.530309],[22.990248,40.530551],[22.990456,40.530677],[22.990881,40.530938],[22.991466,40.531327],[22.992606,40.532064],[22.992992,40.532317],[22.993641,40.532716],[22.993912,40.532887],[22.994018,40.532954],[22.994121,40.533015],[22.994555,40.533267],[22.994734,40.533349],[22.994906,40.533417],[22.995098,40.533479],[22.995287,40.533531],[22.99548,40.533575],[22.995728,40.533618],[22.995979,40.53365],[22.996227,40.533674],[22.998152,40.533862],[23.000071,40.534054],[23.00385,40.534412],[23.006774,40.534676]]},"properties":{"name":"Αεροδρομίου"}},{"type":"Feature","geometry":{"type":"LineString","coordinates":[[22.979742,40.52577],[22.97988,40.525858],[22.979991,40.525918],[22.980064,40.525953],[22.980445,40.526107],[22.980508,40.526133],[22.980601,40.52617],[22.98094,40.526321],[22.981202,40.526431],[22.98175,40.526665],[22.981948,40.526751],[22.982111,40.526823],[22.982306,40.526911],[22.982491,40.526997],[22.982859,40.52716],[22.983278,40.527344],[22.983924,40.527619],[22.984421,40.527833],[22.984849,40.528013],[22.98499,40.528073],[22.985531,40.528302],[22.98733,40.529092],[22.987762,40.529272],[22.988054,40.529393],[22.988248,40.529477],[22.988529,40.529597],[22.988817,40.529723],[22.989122,40.529861],[22.989382,40.529986],[22.989646,40.53012],[22.989934,40.530274],[22.989993,40.530309],[22.990148,40.5304],[22.990318,40.530497],[22.99041,40.530549],[22.990673,40.530713],[22.990901,40.530853],[22.991142,40.531011],[22.991492,40.531235],[22.992583,40.531972],[22.993178,40.532354],[22.993504,40.532549],[22.993683,40.532651],[22.993896,40.532779],[22.993951,40.532813],[22.994056,40.532876],[22.994125,40.532916],[22.994296,40.533017],[22.994623,40.533186],[22.994789,40.533258],[22.994961,40.533322],[22.995138,40.53338],[22.995318,40.533429],[22.995502,40.53347],[22.995689,40.533504],[22.995878,40.533529],[22.996247,40.533572],[22.99891,40.533823],[23.000238,40.533957],[23.001574,40.534084],[23.004651,40.534378],[23.006201,40.534523],[23.006965,40.534593],[23.007469,40.534639],[23.007729,40.534663],[23.008265,40.53471],[23.00861,40.534742]]},"properties":{"name":"Αεροδρομίου"}},{"type":"Feature","geometry":{"type":"LineString","coordinates":[[22.918483,40.720958],[22.918536,40.72087],[22.918581,40.720803],[22.918608,40.720749],[22.918651,40.720705],[22.918656,40.720674],[22.918731,40.720262],[22.918768,40.720054],[22.918817,40.719832],[22.918996,40.719283],[22.919175,40.718708],[22.919319,40.718266],[22.91944,40.717798],[22.919813,40.716805],[22.919899,40.716568],[22.919974,40.716313],[22.920019,40.715999],[22.920033,40.715746],[22.920027,40.715434],[22.919997,40.714975],[22.920006,40.714642],[22.920022,40.714482],[22.920073,40.714277],[22.920147,40.713984],[22.920159,40.713929],[22.92024,40.713563],[22.920321,40.713201],[22.920456,40.712655],[22.920502,40.712476],[22.920547,40.712228],[22.920617,40.711885],[22.920683,40.711601],[22.920856,40.71074],[22.921053,40.709846],[22.921214,40.709076],[22.921298,40.708674],[22.921498,40.707741],[22.921703,40.706758],[22.921767,40.706409],[22.921778,40.706318],[22.921797,40.705947],[22.921813,40.705735],[22.92182,40.705592],[22.921847,40.705203],[22.921867,40.704841],[22.921904,40.704395],[22.921943,40.704146],[22.922025,40.70369],[22.922154,40.70322],[22.922237,40.702867],[22.92234,40.702421],[22.922365,40.702371],[22.922434,40.702298]]},"properties":{"name":"Αεροδρομίου"}},{"type":"Feature","geometry":{"type":"LineString","coordinates":[[22.974587,40.567771],[22.974904,40.567855],[22.974986,40.56788],[22.975098,40.567915],[22.975437,40.568028],[22.975693,40.568112],[22.975824,40.568149],[22.975946,40.568177],[22.976042,40.568199],[22.976138,40.568218],[22.976235,40.568233],[22.976346,40.568246],[22.976409,40.568252],[22.976519,40.568253]]},"properties":{"name":"Μαρίνου Αντύπα"}},{"type":"Feature","geometry":{"type":"LineString","coordinates":[[22.974622,40.567681],[22.974947,40.567772],[22.975253,40.56787],[22.975557,40.567964],[22.975777,40.568034],[22.976011,40.568104],[22.976145,40.568141],[22.976224,40.568161],[22.976311,40.568181],[22.976391,40.568202],[22.976427,40.568214],[22.976519,40.568253],[22.976785,40.568291],[22.976852,40.568301],[22.977075,40.568352],[22.977866,40.5685],[22.977982,40.568519],[22.978281,40.568577],[22.978806,40.568675],[22.978982,40.568708],[22.979688,40.568839],[22.979754,40.568851],[22.979864,40.568873],[22.980953,40.569076],[22.981261,40.569133],[22.981324,40.569143],[22.98167,40.569212],[22.981982,40.569268],[22.982225,40.569302],[22.982711,40.569396]]},"properties":{"name":"Μαρίνου Αντύπα"}},{"type":"Feature","geometry":{"type":"LineString","coordinates":[[22.990603,40.573795],[22.990256,40.573669],[22.989823,40.573507],[22.989669,40.57345],[22.989142,40.573232],[22.98909,40.573211],[22.988731,40.573047],[22.988384,40.572879],[22.988157,40.572759],[22.987751,40.572557],[22.987343,40.572357],[22.98679,40.572054],[22.986619,40.571973],[22.986504,40.571918],[22.986399,40.571865],[22.986291,40.571799],[22.986127,40.571707],[22.985909,40.571586],[22.985718,40.571472],[22.985551,40.571367],[22.985365,40.571235],[22.985219,40.571121],[22.984831,40.570774],[22.984386,40.570366],[22.984146,40.57016],[22.984065,40.5701],[22.984042,40.570082],[22.983964,40.570027],[22.98372,40.569859],[22.983542,40.569756],[22.98334,40.569655],[22.983165,40.569588],[22.982984,40.569529],[22.982917,40.569504],[22.982804,40.569451],[22.982711,40.569396],[22.98289,40.569413],[22.982988,40.569433],[22.983087,40.569458],[22.983198,40.569495],[22.983282,40.569527],[22.983383,40.569575],[22.983481,40.569622],[22.983534,40.56965],[22.983717,40.569751],[22.983852,40.569835],[22.983959,40.569908],[22.98405,40.56997],[22.984128,40.570025],[22.984648,40.570463],[22.984901,40.570685],[22.985223,40.570968],[22.985522,40.57122],[22.985695,40.571351],[22.985897,40.571488],[22.98602,40.571553],[22.98615,40.571626],[22.986346,40.571723],[22.986468,40.57178],[22.986581,40.571835]]},"properties":{"name":"Μαρίνου Αντύπα"}},{"type":"Feature","geometry":{"type":"LineString","coordinates":[[22.959959,40.589379],[22.959395,40.589972],[22.958843,40.590553],[22.958353,40.591069],[22.958172,40.591259],[22.957915,40.591555],[22.957756,40.591739],[22.957703,40.591804],[22.957615,40.591912],[22.95756,40.591982],[22.957531,40.592019],[22.957453,40.592114],[22.957216,40.592429],[22.957099,40.59258],[22.957042,40.592654],[22.956836,40.592932],[22.956713,40.593097],[22.95648,40.593413],[22.9564,40.593526],[22.956335,40.593633],[22.956295,40.593707],[22.956261,40.593778],[22.956237,40.593843],[22.956218,40.5939],[22.956194,40.593979],[22.956177,40.594047],[22.956161,40.594131],[22.956152,40.594223],[22.95615,40.594285],[22.956162,40.594542],[22.95617,40.594689],[22.956175,40.594823],[22.956176,40.594938],[22.956168,40.595274],[22.956158,40.595525],[22.956148,40.595666],[22.956145,40.595715],[22.956138,40.595827],[22.956133,40.595888],[22.956116,40.596294],[22.956111,40.596525],[22.9561,40.59677],[22.956087,40.596913],[22.956079,40.596967],[22.956062,40.59706],[22.956036,40.597163],[22.956018,40.597224],[22.955995,40.597283],[22.955967,40.597339],[22.955851,40.597527],[22.955553,40.59796],[22.95538,40.59822],[22.955262,40.598407],[22.955126,40.598627],[22.955052,40.598749],[22.954828,40.599116],[22.954715,40.5993],[22.954634,40.599432],[22.954569,40.599549],[22.954466,40.599718],[22.95441,40.599808],[22.954382,40.599855],[22.954179,40.600186],[22.954065,40.600373],[22.954023,40.600446],[22.953847,40.600761],[22.953722,40.600985],[22.953686,40.60105],[22.953605,40.60122],[22.953583,40.601297],[22.953467,40.601712],[22.953383,40.602011],[22.953361,40.60209],[22.953321,40.60223],[22.953254,40.602481],[22.953164,40.602812],[22.953098,40.603052],[22.953092,40.603075],[22.953012,40.603367],[22.952995,40.603428],[22.952862,40.603916],[22.952844,40.603981],[22.952794,40.6041],[22.952689,40.604409],[22.952641,40.604616],[22.952635,40.604766],[22.952651,40.604886],[22.952675,40.605028],[22.952694,40.605141],[22.952742,40.605368],[22.952751,40.605406],[22.952786,40.605541],[22.952887,40.605835],[22.953055,40.606257],[22.953098,40.606382],[22.953199,40.606674],[22.953262,40.606861],[22.953294,40.60698],[22.953307,40.607173],[22.953327,40.607489],[22.953348,40.607803],[22.953355,40.607909],[22.953382,40.608237],[22.953383,40.608253],[22.953384,40.608258],[22.953387,40.608458],[22.953407,40.608686],[22.95339,40.608874],[22.953371,40.609071],[22.953361,40.609207],[22.953361,40.609374],[22.953363,40.609459],[22.953418,40.609796],[22.95344,40.609911],[22.953484,40.610134],[22.953556,40.610371],[22.953589,40.610484],[22.95369,40.610807],[22.953822,40.611356],[22.953944,40.611845],[22.953984,40.612039],[22.954008,40.612137],[22.954022,40.612217],[22.954048,40.612362],[22.954054,40.612439],[22.954057,40.612498],[22.954067,40.612652],[22.954058,40.612889],[22.954041,40.61313],[22.954031,40.613338],[22.954021,40.613589],[22.954031,40.613823],[22.954058,40.613963],[22.954101,40.614243],[22.954115,40.614347],[22.954188,40.614695],[22.954223,40.614902],[22.954239,40.614991],[22.954279,40.61522],[22.954293,40.615302],[22.954339,40.615527],[22.954344,40.615559],[22.954348,40.615584],[22.954361,40.615653],[22.954515,40.616342],[22.954535,40.616443],[22.954596,40.616756],[22.954603,40.616794],[22.954635,40.617021],[22.95466,40.617213],[22.95462,40.617723],[22.954614,40.617796]]},"properties":{"name":"Βασιλίσσης Όλγας"}},{"type":"Feature","geometry":{"type":"LineString","coordinates":[[22.954614,40.617796],[22.95458,40.618141],[22.95457,40.618199],[22.954537,40.618409],[22.954515,40.618547],[22.954507,40.618582],[22.954363,40.619126],[22.954227,40.619662],[22.954206,40.619745],[22.954177,40.619873],[22.954083,40.620229],[22.953987,40.620568],[22.953924,40.620783],[22.95391,40.620826],[22.953841,40.621044],[22.953824,40.621103],[22.953787,40.621226],[22.95372,40.621448],[22.953707,40.621492],[22.953667,40.62162],[22.95366,40.621642],[22.953475,40.622161],[22.953276,40.622671],[22.953253,40.622726],[22.953208,40.622836],[22.953138,40.623045],[22.953065,40.623303],[22.953028,40.623493],[22.952994,40.623752],[22.952985,40.623818],[22.952977,40.623866],[22.952973,40.623903],[22.952965,40.623963]]},"properties":{"name":"Βασιλέως Γεωργίου"}},{"type":"Feature","geometry":{"type":"LineString","coordinates":[[23.023818,40.490428],[23.023807,40.490187],[23.02379,40.490148],[23.023764,40.490114],[23.023743,40.490092],[23.023711,40.490069],[23.023668,40.490051],[23.023621,40.490039],[23.02347,40.490015],[23.023359,40.490002],[23.023013,40.489992],[23.022268,40.489969],[23.022168,40.489969],[23.020971,40.489957]]},"properties":{"name":"Βασιλέως Γεωργίου"}},{"type":"Feature","geometry":{"type":"LineString","coordinates":[[22.959929,40.626184],[22.959745,40.626139],[22.958885,40.625929],[22.958269,40.625779],[22.957555,40.62559],[22.955839,40.625136],[22.955652,40.625086],[22.95541,40.625022],[22.955329,40.625001],[22.955274,40.624986],[22.955156,40.624955],[22.955089,40.624935],[22.955021,40.624912],[22.954976,40.624893],[22.954898,40.624858],[22.954252,40.624568],[22.95333,40.624132],[22.953129,40.624038],[22.953103,40.624026],[22.952965,40.623963]]},"properties":{"name":"Γ' Σεπτεμβρίου"}},{"type":"Feature","geometry":{"type":"LineString","coordinates":[[22.952279,40.623563],[22.95243,40.623627],[22.952802,40.623786],[22.952844,40.623805],[22.952977,40.623866],[22.953097,40.623922],[22.953165,40.623955],[22.953189,40.623966],[22.953576,40.624153],[22.953946,40.624332],[22.954463,40.624571],[22.954894,40.624769],[22.954963,40.624799],[22.955035,40.624827],[22.955101,40.62485],[22.955179,40.624874],[22.955365,40.624924],[22.955867,40.625058],[22.957585,40.625517],[22.958964,40.625886],[22.959322,40.625967],[22.959649,40.626045],[22.959728,40.626062],[22.959786,40.626074],[22.959982,40.62612],[22.960104,40.626148],[22.960254,40.626198],[22.961029,40.626499],[22.961208,40.626566],[22.963471,40.627408],[22.963524,40.627428],[22.963614,40.627461],[22.963753,40.627515]]},"properties":{"name":"Γ' Σεπτεμβρίου"}},{"type":"Feature","geometry":{"type":"LineString","coordinates":[[22.925862,40.645375],[22.925871,40.645401],[22.925883,40.645426],[22.925896,40.64545],[22.925911,40.645472],[22.925934,40.645501],[22.925963,40.645535],[22.926178,40.645752],[22.926204,40.645779],[22.926229,40.645807],[22.926274,40.645861],[22.926308,40.645904],[22.926329,40.645931],[22.926346,40.645955],[22.926359,40.645979],[22.926374,40.64601],[22.926384,40.646032],[22.926391,40.646045],[22.9264,40.646058],[22.92641,40.646071],[22.926417,40.64608],[22.926424,40.646086],[22.926432,40.646094],[22.926444,40.646105],[22.926486,40.646137]]},"properties":{"name":"Πάροδος Αγίων Πάντων"}},{"type":"Feature","geometry":{"type":"LineString","coordinates":[[22.983849,40.547341],[22.984005,40.547366],[22.984142,40.547413],[22.984247,40.54745],[22.984364,40.547502]]},"properties":{"name":"Ασκληπιού"}},{"type":"Feature","geometry":{"type":"LineString","coordinates":[[22.983822,40.547391],[22.983904,40.547414],[22.98397,40.547433],[22.984073,40.547461],[22.984123,40.54748],[22.984573,40.547672],[22.984956,40.547839],[22.985167,40.547918],[22.985386,40.548014],[22.985437,40.548036],[22.985481,40.54805],[22.985532,40.548059],[22.985944,40.548139],[22.986087,40.548168],[22.98612,40.548165],[22.98615,40.548165],[22.986192,40.548169],[22.986265,40.548186],[22.986345,40.548218],[22.989007,40.549418],[22.989152,40.549475],[22.990018,40.549827],[22.990333,40.549958],[22.991404,40.550377]]},"properties":{"name":"Ασκληπιού"}},{"type":"Feature","geometry":{"type":"LineString","coordinates":[[22.973394,40.593754],[22.974082,40.594081],[22.974251,40.594161],[22.974349,40.594204],[22.974447,40.594242],[22.974567,40.594287],[22.974731,40.59434],[22.974856,40.594378],[22.974959,40.594404],[22.975036,40.594421],[22.975117,40.594435],[22.975196,40.594446],[22.975338,40.59446],[22.975416,40.594466],[22.975474,40.594468],[22.975548,40.594468],[22.975662,40.594467],[22.975745,40.594465],[22.975814,40.594462],[22.975896,40.594456],[22.97595,40.594453],[22.976004,40.594453],[22.976057,40.594455],[22.976103,40.594462],[22.976143,40.594471],[22.976167,40.594502],[22.976042,40.59452],[22.975914,40.594538],[22.975733,40.594552],[22.975605,40.59456],[22.97545,40.594557],[22.975319,40.594551],[22.975244,40.59454],[22.975075,40.594515],[22.974958,40.594493],[22.974801,40.594459],[22.974672,40.594424],[22.974522,40.594372],[22.974351,40.594302],[22.974032,40.594151],[22.97336,40.593822],[22.972941,40.59361],[22.972629,40.593439],[22.972463,40.593358],[22.972322,40.593292],[22.972296,40.593286],[22.972188,40.593266],[22.971866,40.593216],[22.970555,40.593033],[22.970522,40.593028],[22.970369,40.593007],[22.966587,40.592479],[22.966314,40.592439],[22.966173,40.592419],[22.96586,40.592378],[22.965451,40.592322],[22.965197,40.592288],[22.964992,40.592261],[22.964137,40.592139],[22.962541,40.591902],[22.962323,40.591869],[22.962113,40.591835],[22.962013,40.59181],[22.961913,40.591784]]},"properties":{"name":"Μιχαήλ Ψελλού"}},{"type":"Feature","geometry":{"type":"LineString","coordinates":[[22.972412,40.59327],[22.972342,40.59323],[22.972199,40.593195],[22.972093,40.59318],[22.971884,40.593151],[22.970536,40.592959],[22.97046,40.592949],[22.970387,40.592937],[22.967738,40.592564],[22.966715,40.59242],[22.966378,40.592374],[22.966204,40.592349],[22.966109,40.592336],[22.965873,40.592303],[22.965473,40.592244],[22.965233,40.592209],[22.965024,40.59218],[22.964709,40.592137],[22.964395,40.592095],[22.964175,40.592064],[22.963683,40.591991]]},"properties":{"name":"Μιχαήλ Ψελλού"}},{"type":"Feature","geometry":{"type":"LineString","coordinates":[[22.965233,40.592209],[22.965269,40.59216],[22.965307,40.592108],[22.965393,40.591998]]},"properties":{"name":"Τσαλουχίδου"}},{"type":"Feature","geometry":{"type":"LineString","coordinates":[[23.009589,40.53799],[23.00826,40.539977],[23.007642,40.540925],[23.007309,40.541436],[23.007066,40.541789],[23.006895,40.542049],[23.005684,40.543876],[23.005584,40.544027],[23.00505,40.544855],[23.003966,40.546483],[23.003566,40.547103],[23.003464,40.547261],[23.003192,40.547684],[23.003067,40.547885],[23.002981,40.548009],[23.002921,40.548094],[23.002516,40.548674],[23.002335,40.548933],[23.002263,40.549036],[23.002078,40.5493],[23.001595,40.54996],[23.001183,40.550488],[23.000788,40.550971],[23.000222,40.551656],[23.000024,40.551877],[22.998976,40.553104],[22.99842,40.553764],[22.99829,40.55392],[22.998148,40.554081],[22.997788,40.554533],[22.997367,40.555014],[22.996667,40.555835],[22.996593,40.55592],[22.996153,40.556433],[22.995852,40.556779],[22.994775,40.557996],[22.994103,40.558779],[22.992992,40.560044],[22.992556,40.560546],[22.992423,40.560701],[22.991342,40.561948],[22.990614,40.562806],[22.990151,40.563392],[22.988922,40.565033],[22.988514,40.565594],[22.988462,40.565669],[22.988362,40.565813],[22.987599,40.566915],[22.987017,40.567802],[22.986525,40.568535],[22.985995,40.569349],[22.985543,40.570033],[22.985103,40.570716],[22.984915,40.571014],[22.984611,40.571478],[22.984038,40.572325],[22.983857,40.572593],[22.983506,40.573132],[22.982849,40.574111],[22.98234,40.574894],[22.98197,40.575423],[22.981521,40.576086],[22.981056,40.576742],[22.980576,40.577392],[22.980081,40.578036],[22.979627,40.5786],[22.979265,40.579053],[22.979037,40.579326],[22.978687,40.579742],[22.978204,40.580307],[22.977485,40.581088],[22.976523,40.582072],[22.976003,40.582594],[22.975554,40.58302],[22.975019,40.583537],[22.974465,40.584039],[22.973954,40.584475],[22.97345,40.584909],[22.972569,40.585677],[22.971373,40.586677],[22.970645,40.58727],[22.969937,40.587841],[22.96908,40.588547],[22.968523,40.588996],[22.967871,40.589535],[22.967576,40.589788],[22.967331,40.590014],[22.967134,40.590202],[22.966932,40.590405],[22.966735,40.590602],[22.9665,40.590939],[22.96634,40.59116],[22.966172,40.591413],[22.965929,40.591797],[22.965803,40.592012],[22.965701,40.592216],[22.965546,40.592521],[22.965438,40.592839],[22.965353,40.593123],[22.965261,40.59346],[22.965161,40.5939],[22.96512,40.594106],[22.965035,40.594491],[22.964921,40.595027],[22.964808,40.595569],[22.964781,40.595822],[22.964741,40.596082],[22.964726,40.596163],[22.964706,40.596308],[22.964661,40.596829],[22.964653,40.596962],[22.964643,40.597097],[22.964635,40.597219]]},"properties":{"name":"Θεσσαλονίκη - Νέα Μουδανιά"}},{"type":"Feature","geometry":{"type":"LineString","coordinates":[[23.010257,40.537257],[23.008881,40.53934],[23.008081,40.540516],[23.007267,40.541794],[23.007105,40.542043],[23.007071,40.542094],[23.005845,40.543963],[23.005767,40.54408],[23.003417,40.547661],[23.00332,40.547809],[23.003169,40.548037],[23.002904,40.54842],[23.002286,40.549333],[23.002059,40.54964],[23.001775,40.549999],[23.001484,40.550377],[23.000359,40.551753],[23.000196,40.551949],[22.999365,40.552923],[22.996824,40.555901],[22.99676,40.555975],[22.996216,40.55662],[22.995297,40.557627],[22.992727,40.560617],[22.992592,40.56077],[22.992451,40.56093],[22.992355,40.561038],[22.991319,40.562248],[22.991186,40.562403],[22.990765,40.562902],[22.990633,40.563081],[22.990456,40.56329],[22.989696,40.564251],[22.988756,40.565599],[22.987791,40.566963],[22.987201,40.567865],[22.986736,40.568567],[22.986171,40.569418],[22.985739,40.570076],[22.985298,40.570771],[22.985095,40.57109],[22.984722,40.571623],[22.984033,40.57266],[22.983841,40.572957],[22.983493,40.573482],[22.98299,40.574253],[22.982398,40.575145],[22.982135,40.575546],[22.981907,40.575895],[22.98159,40.576363],[22.980787,40.577468],[22.980173,40.578258],[22.979706,40.578804],[22.979436,40.579128],[22.978554,40.580183],[22.97817,40.580614],[22.977559,40.581265],[22.976666,40.582174],[22.976165,40.582682],[22.975734,40.583112],[22.975488,40.583358],[22.975215,40.583614],[22.975091,40.583731],[22.97501,40.583829],[22.974665,40.584146],[22.974135,40.584594],[22.973635,40.58501],[22.972637,40.585858],[22.972358,40.586079],[22.972109,40.586268],[22.971888,40.58643],[22.971447,40.586773],[22.9711,40.587057],[22.970761,40.587351],[22.970089,40.587931],[22.969233,40.588629],[22.967986,40.589659],[22.967788,40.589819],[22.967373,40.590156],[22.967224,40.590278],[22.967152,40.590352],[22.967005,40.590505],[22.966783,40.59076],[22.966609,40.590993],[22.966494,40.591159],[22.966379,40.591317],[22.966225,40.591549],[22.966097,40.591765],[22.965997,40.591952],[22.965856,40.592227],[22.9657,40.592544],[22.96559,40.592845],[22.965493,40.593154],[22.965419,40.593427],[22.965404,40.593481],[22.965305,40.593838],[22.965247,40.594122],[22.965159,40.594504],[22.965043,40.595046],[22.965001,40.595232],[22.964953,40.595487],[22.964923,40.595692],[22.964905,40.595848],[22.964868,40.596182],[22.964812,40.596546],[22.964785,40.596877],[22.964776,40.597057],[22.964773,40.5971],[22.964764,40.597259]]},"properties":{"name":"Θεσσαλονίκη - Νέα Μουδανιά"}},{"type":"Feature","geometry":{"type":"LineString","coordinates":[[22.997929,40.463393],[22.998053,40.462654],[22.99813,40.462243],[22.998177,40.462022],[22.99824,40.461777],[22.998328,40.461531],[22.998462,40.461273],[22.998586,40.461036]]},"properties":{"name":"Θεσσαλονίκη - Νέα Μουδανιά"}},{"type":"Feature","geometry":{"type":"LineString","coordinates":[[23.00303,40.457025],[23.001853,40.457867],[23.00121,40.458352],[23.000653,40.45879],[23.00039,40.459002],[23.000146,40.459197],[22.99992,40.45939],[22.999622,40.459699],[22.999456,40.459881],[22.999344,40.460013],[22.999226,40.46017],[22.999098,40.460342],[22.999004,40.460549],[22.998899,40.460715]]},"properties":{"name":"Θεσσαλονίκη - Νέα Μουδανιά"}},{"type":"Feature","geometry":{"type":"LineString","coordinates":[[22.952965,40.623963],[22.952933,40.624297],[22.952926,40.624348],[22.952826,40.625323],[22.952808,40.625526],[22.952797,40.625653],[22.952797,40.6258],[22.952799,40.625869],[22.952805,40.625923],[22.952818,40.626003],[22.952838,40.626136],[22.952852,40.626218],[22.952861,40.626277],[22.952919,40.626505]]},"properties":{"name":"Μανώλη Ανδρόνικου"}},{"type":"Feature","geometry":{"type":"LineString","coordinates":[[22.952919,40.626505],[22.952767,40.626611],[22.952504,40.626796],[22.951983,40.62716],[22.951637,40.627389],[22.951395,40.627539],[22.951181,40.627668],[22.950994,40.627781],[22.95072,40.62794],[22.950685,40.627961],[22.950557,40.628035],[22.950121,40.628296],[22.949893,40.628431],[22.949458,40.628689],[22.948945,40.628991],[22.948861,40.62904],[22.948776,40.62909],[22.948753,40.629103],[22.94816,40.629455],[22.948033,40.629527],[22.948019,40.629535],[22.947917,40.629594],[22.947811,40.629657],[22.947636,40.62977],[22.947474,40.629874],[22.947128,40.630098],[22.946505,40.6305],[22.946377,40.630582],[22.945962,40.630851],[22.945919,40.630878],[22.945744,40.630991],[22.945518,40.631145],[22.944599,40.631749],[22.944546,40.631785],[22.944447,40.631849],[22.943399,40.632506],[22.943322,40.632554],[22.943286,40.632575],[22.943192,40.632633],[22.942621,40.632986],[22.942128,40.633269],[22.942059,40.63331],[22.942023,40.633332],[22.941981,40.633356],[22.941823,40.633449],[22.941798,40.633462],[22.941769,40.633479],[22.941298,40.633746],[22.941191,40.633804],[22.941169,40.633816],[22.940626,40.634105],[22.940583,40.634128],[22.940499,40.634172],[22.940079,40.634404],[22.939614,40.63466],[22.939552,40.634694],[22.939097,40.634932],[22.93873,40.63513],[22.938631,40.635183],[22.937936,40.635561],[22.93766,40.63571],[22.937549,40.635769],[22.937193,40.635965],[22.936865,40.636151],[22.936558,40.636316],[22.936456,40.636371],[22.936405,40.636397]]},"properties":{"name":"Ιωάννη Τσιμισκή"}},{"type":"Feature","geometry":{"type":"LineString","coordinates":[[22.931003,40.639659],[22.930956,40.639693],[22.930765,40.639834],[22.9307,40.639884],[22.930594,40.639957],[22.9305,40.64002],[22.930372,40.640104],[22.930286,40.640157],[22.930201,40.640207],[22.930117,40.640252],[22.929998,40.64031],[22.929895,40.640358],[22.929791,40.640401],[22.929681,40.640444],[22.928087,40.640974],[22.927395,40.641204],[22.927262,40.641247],[22.925459,40.641832],[22.92543,40.641842],[22.925312,40.64188],[22.924762,40.642064],[22.924101,40.642299],[22.923895,40.642375],[22.923742,40.642437],[22.92361,40.642492],[22.923336,40.642608],[22.922546,40.642987],[22.921802,40.643373],[22.921402,40.64358],[22.921045,40.643781],[22.920442,40.644164],[22.920188,40.644337],[22.919922,40.644522],[22.919782,40.644627],[22.919676,40.644705],[22.919004,40.645238],[22.918781,40.645439],[22.918574,40.645613],[22.918345,40.645795],[22.918206,40.645894],[22.917919,40.64607],[22.917692,40.646194],[22.917224,40.646398],[22.91692,40.646511],[22.916419,40.646688],[22.915309,40.647095],[22.915001,40.647213],[22.914512,40.647391],[22.913697,40.647685],[22.912636,40.648065],[22.912339,40.64817],[22.910225,40.648913],[22.909971,40.649003],[22.908348,40.649576],[22.907141,40.649998],[22.906213,40.650383],[22.905078,40.650946],[22.903133,40.652],[22.902843,40.652137],[22.902402,40.652341],[22.90204,40.6525],[22.901678,40.652653]]},"properties":{"name":"Παλαιού Σταθμού"}},{"type":"Feature","geometry":{"type":"LineString","coordinates":[[22.930902,40.639546],[22.930813,40.639627],[22.930648,40.639749],[22.930568,40.639809],[22.930496,40.639861],[22.930357,40.639958],[22.930215,40.64005],[22.930052,40.640141],[22.930004,40.640169],[22.929946,40.640195],[22.929864,40.640229],[22.929762,40.640269],[22.929656,40.640306],[22.929134,40.640472],[22.927407,40.641038],[22.927322,40.641067],[22.927095,40.641141],[22.925912,40.641544],[22.925374,40.641718],[22.925245,40.641759],[22.9252,40.641773],[22.925113,40.641801],[22.924855,40.641885],[22.924446,40.642025],[22.924222,40.642099],[22.924088,40.642148],[22.923932,40.642208],[22.923802,40.642262],[22.923252,40.642502],[22.923001,40.642619],[22.922329,40.642928],[22.922004,40.643092],[22.921386,40.643422],[22.921035,40.643615],[22.920814,40.643743],[22.920537,40.643919],[22.91968,40.644517],[22.919489,40.644665],[22.919229,40.64487],[22.918851,40.645179],[22.918684,40.645323],[22.918446,40.645529],[22.918246,40.645691],[22.918027,40.645836],[22.917729,40.646006],[22.917458,40.646134],[22.917125,40.646269],[22.916827,40.646385],[22.914829,40.647121],[22.914585,40.647204],[22.914491,40.647236],[22.914433,40.647255],[22.913592,40.647541],[22.910141,40.648784],[22.9099,40.648868],[22.90905,40.649167],[22.907865,40.649592],[22.90704,40.649892],[22.905857,40.650391],[22.904989,40.650813],[22.904149,40.651245],[22.903442,40.651601],[22.90271,40.651959],[22.901905,40.652327],[22.900333,40.653021]]},"properties":{"name":"Παλαιού Σταθμού"}},{"type":"Feature","geometry":{"type":"LineString","coordinates":[[22.936405,40.636397],[22.936401,40.636475],[22.9364,40.636514],[22.936393,40.63667],[22.936372,40.636849],[22.936361,40.636955],[22.936245,40.637989],[22.936244,40.638002],[22.936229,40.638139],[22.936218,40.638237],[22.936208,40.638327],[22.936151,40.638748],[22.936129,40.638899],[22.936071,40.639282],[22.935983,40.639811],[22.936,40.639864],[22.936032,40.639915],[22.93604,40.639924],[22.936115,40.640017]]},"properties":{"name":"Δωδεκανήσου"}},{"type":"Feature","geometry":{"type":"LineString","coordinates":[[22.935095,40.635267],[22.935194,40.635353],[22.9355,40.635616],[22.935608,40.635709],[22.936405,40.636397]]},"properties":{"name":"Σαλαμίνος"}},{"type":"Feature","geometry":{"type":"LineString","coordinates":[[22.935095,40.635267],[22.935127,40.635241],[22.935181,40.6352],[22.935234,40.635162],[22.935259,40.635144],[22.935304,40.635112],[22.935664,40.634866],[22.935884,40.634708],[22.93598,40.634641],[22.936334,40.634388],[22.936404,40.634339],[22.936508,40.634269],[22.93666,40.634168],[22.936707,40.634138],[22.936802,40.634076],[22.937061,40.633923],[22.937192,40.633851],[22.937319,40.633784]]},"properties":{"name":"Ναυάρχου Κουντουριώτου"}},{"type":"Feature","geometry":{"type":"LineString","coordinates":[[22.937319,40.633784],[22.937571,40.633644],[22.938101,40.633332]]},"properties":{"name":"Νίκης"}},{"type":"Feature","geometry":{"type":"LineString","coordinates":[[22.852897,40.686632],[22.852818,40.6867],[22.852722,40.686757],[22.85238,40.686932],[22.852058,40.687101],[22.851219,40.687575],[22.85091,40.68775],[22.850411,40.688014],[22.850161,40.68815],[22.849295,40.688628]]},"properties":{"name":"Νίκης"}},{"type":"Feature","geometry":{"type":"LineString","coordinates":[[23.065202,40.755158],[23.06546,40.755277],[23.065555,40.755312],[23.065648,40.75534],[23.065762,40.755365],[23.065931,40.755383],[23.066121,40.755384],[23.066313,40.755378],[23.06652,40.755371],[23.066769,40.755362],[23.066975,40.755365],[23.067186,40.75537],[23.067449,40.755383],[23.067604,40.755415],[23.067859,40.75547],[23.068064,40.755501],[23.068216,40.755509],[23.068351,40.755508],[23.068915,40.755472],[23.069096,40.755459],[23.06925,40.755433],[23.069413,40.755394],[23.069558,40.75535],[23.069725,40.755312],[23.069801,40.755229],[23.070056,40.755088],[23.0702,40.755013],[23.070298,40.754972],[23.0705,40.75489],[23.070751,40.754794],[23.070891,40.754748],[23.07098,40.754722],[23.071056,40.754705],[23.071181,40.754684],[23.071271,40.754673]]},"properties":{"name":"Νίκης"}},{"type":"Feature","geometry":{"type":"LineString","coordinates":[[22.948062,40.62866],[22.947837,40.628804],[22.947261,40.629175],[22.946554,40.629629],[22.94596,40.63001],[22.945869,40.630069],[22.945432,40.63035],[22.944893,40.630696],[22.944786,40.630758],[22.943996,40.631271],[22.943856,40.631321],[22.94372,40.631352],[22.942808,40.631879],[22.942677,40.631954],[22.9425,40.632056],[22.942138,40.632265],[22.941674,40.632517],[22.941607,40.632559],[22.940983,40.632917],[22.940916,40.632952],[22.940464,40.633234],[22.939974,40.63353],[22.939911,40.633566],[22.93972,40.633676],[22.939521,40.633791],[22.938944,40.634124],[22.938805,40.634203],[22.938509,40.634374],[22.938095,40.634612]]},"properties":{"name":"Μητροπόλεως"}},{"type":"Feature","geometry":{"type":"LineString","coordinates":[[22.949214,40.626307],[22.949177,40.626323],[22.949141,40.626341],[22.949104,40.626365],[22.949061,40.626396],[22.94901,40.626434],[22.948931,40.626498],[22.948886,40.626532],[22.948826,40.626579],[22.948768,40.626626],[22.948709,40.626677],[22.948662,40.626723],[22.94861,40.626781],[22.948574,40.626828],[22.948544,40.626876],[22.948519,40.626931],[22.948495,40.626999],[22.948474,40.62706],[22.948448,40.627151],[22.948412,40.627292],[22.948342,40.627567],[22.948224,40.628032],[22.948146,40.628341],[22.948125,40.62842],[22.948103,40.628503],[22.948062,40.62866],[22.948018,40.628836],[22.947878,40.62939],[22.947862,40.629455],[22.947811,40.629657],[22.94777,40.629819],[22.947763,40.629848],[22.947759,40.629866],[22.94773,40.62998],[22.947609,40.630462],[22.947517,40.630827],[22.94741,40.631253],[22.947376,40.631389],[22.947351,40.631489],[22.94729,40.631729],[22.947185,40.632145],[22.947181,40.632163],[22.947141,40.6323],[22.947114,40.632394]]},"properties":{"name":"Παύλου Μελά"}},{"type":"Feature","geometry":{"type":"LineString","coordinates":[[22.985755,40.598491],[22.985835,40.598483],[22.985872,40.598487],[22.986162,40.598584],[22.986615,40.598725],[22.987442,40.598972],[22.987505,40.598991],[22.987719,40.599053],[22.987863,40.599096],[22.988012,40.599139],[22.988135,40.599171],[22.988217,40.599191],[22.988259,40.599199],[22.988319,40.599207],[22.988365,40.599209],[22.988512,40.599213],[22.98855,40.599215],[22.988606,40.59922],[22.988653,40.599226],[22.988828,40.599252],[22.988994,40.599273],[22.989048,40.599279],[22.989076,40.59928],[22.989106,40.599281],[22.989137,40.599281],[22.989159,40.59928],[22.989188,40.599277],[22.989237,40.59927],[22.989299,40.599259],[22.989445,40.599231],[22.989649,40.599189],[22.989754,40.599165],[22.989894,40.599132],[22.990047,40.599099],[22.990099,40.599088],[22.99062,40.598983],[22.991132,40.59887]]},"properties":{"name":"Παύλου Μελά"}},{"type":"Feature","geometry":{"type":"LineString","coordinates":[[22.859808,40.690026],[22.859671,40.690103],[22.859642,40.690123],[22.859215,40.690502],[22.858998,40.690685],[22.858553,40.691061]]},"properties":{"name":"Παύλου Μελά"}},{"type":"Feature","geometry":{"type":"LineString","coordinates":[[22.838287,40.686384],[22.838876,40.686627],[22.839435,40.686858],[22.840405,40.687267],[22.841242,40.687453],[22.842159,40.687637],[22.842282,40.687662]]},"properties":{"name":"Παύλου Μελά"}},{"type":"Feature","geometry":{"type":"LineString","coordinates":[[22.909899,40.722567],[22.909686,40.722747],[22.90937,40.723008]]},"properties":{"name":"Παύλου Μελά"}},{"type":"Feature","geometry":{"type":"LineString","coordinates":[[22.910856,40.721803],[22.910776,40.721823],[22.910707,40.72185],[22.910651,40.72189],[22.910641,40.721901]]},"properties":{"name":"Παύλου Μελά"}},{"type":"Feature","geometry":{"type":"LineString","coordinates":[[22.969714,40.469185],[22.969794,40.469131],[22.969923,40.469052],[22.969963,40.469031],[22.970056,40.468998],[22.97012,40.468984],[22.970222,40.468974],[22.970352,40.468972],[22.970563,40.468978],[22.970946,40.468987],[22.971258,40.469007],[22.971491,40.469025],[22.97166,40.469044],[22.971703,40.469044],[22.971762,40.469037],[22.9719,40.469012],[22.971981,40.468988],[22.972019,40.468974],[22.972094,40.468939],[22.972278,40.46883],[22.972548,40.468674],[22.972586,40.46866],[22.97265,40.468643],[22.97283,40.468626],[22.972907,40.468614],[22.972965,40.468602],[22.973047,40.468578],[22.973065,40.46857],[22.973087,40.468558],[22.973222,40.468447],[22.973873,40.467931],[22.974011,40.467839],[22.97403,40.467828],[22.974068,40.46781],[22.974103,40.467799],[22.974143,40.467789],[22.974197,40.467789],[22.974267,40.467804],[22.974404,40.467866],[22.974691,40.468004],[22.97484,40.468036]]},"properties":{"name":"Παύλου Μελά"}},{"type":"Feature","geometry":{"type":"LineString","coordinates":[[22.934742,40.426722],[22.934498,40.42686],[22.934234,40.426982],[22.934121,40.42704],[22.933959,40.427102],[22.93372,40.427189],[22.933479,40.427269],[22.933259,40.427363],[22.93306,40.427494],[22.932895,40.42759],[22.932706,40.427689],[22.932524,40.427773],[22.932335,40.427827],[22.932135,40.42788],[22.931991,40.427907],[22.931797,40.427977],[22.931641,40.428101],[22.931492,40.428244],[22.931186,40.428572],[22.931104,40.428661],[22.930944,40.428843],[22.93082,40.428937],[22.930654,40.42904],[22.930546,40.429133],[22.930394,40.429251],[22.930291,40.429344],[22.930177,40.429444]]},"properties":{"name":"Παύλου Μελά"}},{"type":"Feature","geometry":{"type":"LineString","coordinates":[[22.949307,40.626076],[22.949297,40.626092],[22.949286,40.626115],[22.949275,40.62614],[22.949264,40.626166],[22.949256,40.626186],[22.949245,40.626216],[22.949231,40.62625],[22.949223,40.626277],[22.949214,40.626307],[22.949208,40.626329],[22.949202,40.626347],[22.949195,40.626375],[22.949191,40.6264],[22.949188,40.626419],[22.949185,40.626448],[22.949185,40.626473],[22.949186,40.626491],[22.949189,40.626508],[22.949196,40.626536],[22.949209,40.626564],[22.949226,40.626593],[22.949254,40.626634],[22.949291,40.626681],[22.949357,40.626757],[22.949845,40.627276],[22.950094,40.627542],[22.950163,40.627615],[22.950477,40.627949],[22.950557,40.628035],[22.950619,40.628102],[22.950651,40.628137],[22.951175,40.628707],[22.952042,40.62965],[22.952236,40.62986],[22.952287,40.629915],[22.952336,40.629968],[22.95248,40.630124],[22.95269,40.630351],[22.952868,40.630543],[22.952987,40.630678],[22.953054,40.63076],[22.953182,40.630935],[22.95326,40.631033],[22.953287,40.631069],[22.953352,40.631149],[22.95337,40.631168],[22.953404,40.631205],[22.953427,40.631228],[22.953502,40.631296],[22.953549,40.631342],[22.953801,40.631592],[22.953895,40.631668]]},"properties":{"name":"Εθνικής Αμύνης"}},{"type":"Feature","geometry":{"type":"LineString","coordinates":[[22.953475,40.631078],[22.953474,40.631104],[22.953475,40.631132],[22.953481,40.631164],[22.953497,40.631197],[22.95354,40.631245],[22.953847,40.631571],[22.953895,40.631668],[22.954489,40.632311],[22.954502,40.632325],[22.954539,40.632366],[22.955112,40.632984],[22.955661,40.633579],[22.955829,40.633761],[22.956163,40.634122]]},"properties":{"name":"Εθνικής Αμύνης"}},{"type":"Feature","geometry":{"type":"LineString","coordinates":[[22.95657,40.634356],[22.956539,40.634353],[22.956509,40.634348],[22.956484,40.634339],[22.956407,40.634306],[22.956374,40.634282],[22.956325,40.634229],[22.956312,40.634217],[22.956277,40.634189],[22.956254,40.634171],[22.956228,40.634153],[22.956207,40.634142],[22.956163,40.634122],[22.956173,40.634155],[22.956179,40.634171],[22.956188,40.634188],[22.956205,40.634212],[22.956229,40.63424],[22.956264,40.634278],[22.956291,40.634305],[22.956313,40.634325],[22.956336,40.634343],[22.956345,40.63435],[22.95636,40.634359],[22.956373,40.634366],[22.956387,40.634373],[22.9564,40.634378],[22.956421,40.634385],[22.956443,40.63439],[22.956459,40.634394],[22.956483,40.634399]]},"properties":{"name":"Εθνικής Αμύνης"}},{"type":"Feature","geometry":{"type":"LineString","coordinates":[[22.949307,40.626076],[22.94968,40.625784],[22.950197,40.625379],[22.950916,40.624817],[22.952045,40.623933],[22.95208,40.623901],[22.952111,40.623869],[22.952145,40.623832],[22.952179,40.623789],[22.952202,40.623755],[22.952219,40.623726],[22.952234,40.623696],[22.952251,40.623656],[22.952265,40.623614],[22.952276,40.62358],[22.952279,40.623563]]},"properties":{"name":"30ής Οκτωβρίου"}},{"type":"Feature","geometry":{"type":"LineString","coordinates":[[22.968423,40.566032],[22.968137,40.565867],[22.968061,40.565837],[22.967981,40.56581],[22.967913,40.565792],[22.967844,40.565777],[22.967774,40.565768],[22.967699,40.565774],[22.967625,40.565794],[22.967497,40.565835],[22.967342,40.5659],[22.964307,40.567191]]},"properties":{"name":"Μίκρας"}},{"type":"Feature","geometry":{"type":"LineString","coordinates":[[22.968918,40.566084],[22.971075,40.565266]]},"properties":{"name":"Πόντου"}},{"type":"Feature","geometry":{"type":"LineString","coordinates":[[22.952822,40.588474],[22.95283,40.588352],[22.952841,40.588162],[22.952901,40.586896],[22.952931,40.586267],[22.95295,40.585863],[22.952972,40.585525],[22.953007,40.584986],[22.953023,40.584731],[22.953028,40.58466],[22.953033,40.58458],[22.953041,40.584452],[22.953046,40.584379],[22.953051,40.5843],[22.953068,40.584077],[22.953083,40.583717],[22.953141,40.583067],[22.953182,40.582403],[22.953195,40.581903],[22.953199,40.581785],[22.953202,40.581722],[22.953222,40.581333],[22.953255,40.580891],[22.953276,40.580538],[22.953333,40.580391],[22.95339,40.580242],[22.95358,40.579952],[22.953703,40.579745],[22.953843,40.579544],[22.954015,40.579335],[22.954206,40.579129],[22.954275,40.579067],[22.954365,40.579016],[22.954473,40.578962],[22.954525,40.578931],[22.954549,40.578917],[22.954686,40.578825],[22.954792,40.578736]]},"properties":{"name":"Πόντου"}},{"type":"Feature","geometry":{"type":"LineString","coordinates":[[22.95291,40.588537],[22.952913,40.588356],[22.952913,40.588336],[22.95292,40.588109],[22.952925,40.58795],[22.952945,40.587522],[22.952948,40.587466],[22.952978,40.586908],[22.95302,40.586282],[22.95306,40.585528],[22.953107,40.584667],[22.953111,40.584589],[22.953118,40.584467],[22.953122,40.584384],[22.95313,40.584313],[22.953154,40.584088],[22.953175,40.583739],[22.953214,40.583073],[22.953252,40.582423],[22.953276,40.581909],[22.953279,40.581817],[22.953279,40.581743],[22.953305,40.581368],[22.953338,40.580934],[22.953349,40.580541],[22.953333,40.580391]]},"properties":{"name":"Πόντου"}},{"type":"Feature","geometry":{"type":"LineString","coordinates":[[22.849368,40.664832],[22.849631,40.664772],[22.851042,40.664451],[22.85235,40.664154],[22.853408,40.663913],[22.854362,40.663697],[22.854583,40.663646],[22.854643,40.663633],[22.855063,40.663537],[22.855759,40.663379],[22.857395,40.663007],[22.857647,40.66295],[22.859463,40.662537],[22.859796,40.662462],[22.861238,40.662134],[22.861811,40.662003],[22.862347,40.661882],[22.862916,40.661752],[22.863869,40.661536],[22.864704,40.661346],[22.864891,40.661304],[22.865913,40.661071],[22.866407,40.660959],[22.868207,40.66055],[22.871836,40.659725],[22.872464,40.659582],[22.873015,40.659457],[22.873073,40.659444],[22.873159,40.659424]]},"properties":{"name":"Πόντου"}},{"type":"Feature","geometry":{"type":"LineString","coordinates":[[23.04885,40.54959],[23.04873,40.549632],[23.048642,40.549662],[23.048523,40.549701],[23.048379,40.549747],[23.048248,40.549789],[23.048145,40.549822],[23.048085,40.54984],[23.048046,40.549853],[23.048029,40.549859]]},"properties":{"name":"Πόντου"}},{"type":"Feature","geometry":{"type":"LineString","coordinates":[[22.769013,40.753267],[22.768119,40.752955],[22.767621,40.752774],[22.767512,40.752741],[22.767404,40.752725],[22.767298,40.752728],[22.767161,40.752752],[22.767016,40.752793],[22.76674,40.752867],[22.76645,40.752954],[22.766042,40.753066],[22.76563,40.753162]]},"properties":{"name":"Πόντου"}},{"type":"Feature","geometry":{"type":"LineString","coordinates":[[22.765614,40.753811],[22.765451,40.753967],[22.764808,40.754326],[22.764685,40.754385],[22.764353,40.754565],[22.764147,40.754683],[22.764056,40.754759],[22.763996,40.754842],[22.763948,40.754958],[22.763945,40.755099],[22.763919,40.755278],[22.763787,40.755637],[22.763497,40.756537],[22.763405,40.756803],[22.763353,40.756966],[22.763329,40.757076],[22.763329,40.757194],[22.763328,40.757408],[22.763363,40.757694],[22.763419,40.757955],[22.763606,40.758703],[22.763632,40.758823],[22.763634,40.758993],[22.763614,40.759076],[22.763555,40.759179],[22.763489,40.759288]]},"properties":{"name":"Πόντου"}},{"type":"Feature","geometry":{"type":"LineString","coordinates":[[22.968404,40.561029],[22.96854,40.561163],[22.971075,40.565266],[22.97118,40.565448],[22.971567,40.566087],[22.971766,40.566415],[22.971844,40.566532],[22.97191,40.566625],[22.971973,40.566709],[22.972046,40.566798],[22.972139,40.566909],[22.972251,40.567038],[22.97229,40.567084],[22.972376,40.56718],[22.972462,40.567251],[22.972583,40.567339],[22.973674,40.568082]]},"properties":{"name":"Ικάρων"}},{"type":"Feature","geometry":{"type":"LineString","coordinates":[[22.972376,40.56718],[22.972276,40.567277],[22.972251,40.567316],[22.972082,40.567623],[22.971899,40.56796],[22.971678,40.568358],[22.971598,40.568504],[22.971451,40.568771],[22.971353,40.56895],[22.971256,40.569126],[22.970788,40.570024],[22.97076,40.570074],[22.970725,40.570137],[22.970645,40.570273],[22.97035,40.570784],[22.970242,40.570969],[22.970129,40.571158],[22.969875,40.571624],[22.969533,40.572296]]},"properties":{"name":"Δημοκρίτου"}},{"type":"Feature","geometry":{"type":"LineString","coordinates":[[23.021822,40.579495],[23.021751,40.579417],[23.021632,40.579267],[23.021482,40.579072],[23.021478,40.578992],[23.021483,40.578689],[23.021559,40.578411],[23.021621,40.578222],[23.021651,40.578134],[23.021678,40.57807],[23.021718,40.577984],[23.021728,40.577953],[23.021732,40.577931],[23.021733,40.577908],[23.021732,40.577884],[23.021725,40.577854],[23.021705,40.577799]]},"properties":{"name":"Δημοκρίτου"}},{"type":"Feature","geometry":{"type":"LineString","coordinates":[[22.964295,40.577416],[22.964174,40.577281],[22.964148,40.577239],[22.964122,40.577186],[22.964056,40.57704],[22.963937,40.576762],[22.963679,40.576175],[22.963659,40.57613],[22.963617,40.576034],[22.963582,40.575961],[22.963542,40.575872],[22.963435,40.575636],[22.963377,40.575518],[22.963342,40.575445],[22.963144,40.575022],[22.963107,40.574942],[22.963071,40.574856],[22.962969,40.574585],[22.962934,40.574501],[22.962889,40.574403],[22.962838,40.574316],[22.962824,40.574292],[22.962807,40.574263],[22.962783,40.574234],[22.962748,40.574194],[22.962708,40.574157],[22.962552,40.574021],[22.962249,40.573783],[22.962211,40.573749],[22.962184,40.573719],[22.962164,40.573681],[22.962131,40.573645],[22.961668,40.573244],[22.961571,40.573166],[22.960843,40.572554],[22.96063,40.572387],[22.960422,40.572224],[22.959956,40.571843],[22.959826,40.571764],[22.95924,40.571429],[22.958772,40.571179],[22.958703,40.57114],[22.958643,40.571108],[22.958221,40.570876],[22.958121,40.570821]]},"properties":{"name":"Βρυούλων"}},{"type":"Feature","geometry":{"type":"LineString","coordinates":[[22.962164,40.573681],[22.962204,40.5737],[22.962237,40.57372],[22.962288,40.573756],[22.962616,40.574014],[22.962645,40.574036],[22.962673,40.574058],[22.962707,40.574085],[22.962726,40.5741],[22.962741,40.574113],[22.962757,40.574126],[22.962787,40.574153],[22.962794,40.574159],[22.962839,40.5742],[22.962853,40.574217],[22.962864,40.574229],[22.962881,40.57425],[22.962893,40.574265],[22.962938,40.574339],[22.962974,40.574393],[22.962993,40.57442],[22.963024,40.574447]]},"properties":{"name":"Βρυούλων"}},{"type":"Feature","geometry":{"type":"LineString","coordinates":[[22.959826,40.571764],[22.958394,40.572968],[22.958331,40.573016],[22.956575,40.573822],[22.956524,40.573847],[22.956447,40.573883],[22.955165,40.574486],[22.955138,40.574489],[22.955111,40.574486],[22.955073,40.574475]]},"properties":{"name":"Εφέσου"}},{"type":"Feature","geometry":{"type":"LineString","coordinates":[[22.955073,40.574475],[22.955037,40.574439],[22.954852,40.57421],[22.954798,40.574145],[22.954507,40.573733],[22.954221,40.57333],[22.95396,40.573],[22.953591,40.572556],[22.953296,40.572187],[22.953202,40.572085]]},"properties":{"name":"Μιαούλη Ανδρέα"}},{"type":"Feature","geometry":{"type":"LineString","coordinates":[[22.954221,40.57333],[22.95377,40.573618],[22.953007,40.574117],[22.952277,40.574574],[22.95225,40.574589],[22.952225,40.574603],[22.95161,40.574973],[22.950958,40.575373],[22.950333,40.575778],[22.949708,40.576172],[22.949059,40.576563],[22.948654,40.576793]]},"properties":{"name":"Αδαμάντιου Κοραή"}},{"type":"Feature","geometry":{"type":"LineString","coordinates":[[22.948654,40.576793],[22.94824,40.577055],[22.947693,40.577401],[22.946906,40.5779],[22.946463,40.57818],[22.946389,40.578227],[22.94628,40.578296],[22.945732,40.578643],[22.945104,40.579032],[22.944331,40.57953]]},"properties":{"name":"Μαρμαρά"}},{"type":"Feature","geometry":{"type":"LineString","coordinates":[[22.942798,40.578556],[22.942955,40.578684],[22.942995,40.578712],[22.943268,40.578898],[22.943412,40.579003],[22.943468,40.579043],[22.943702,40.579208],[22.94382,40.579292],[22.943863,40.579321],[22.94418,40.579536],[22.944258,40.579589],[22.944383,40.57968],[22.945021,40.580146],[22.945096,40.5802],[22.945528,40.580513],[22.946002,40.580859],[22.946956,40.581553],[22.947376,40.581853],[22.947903,40.582225],[22.947967,40.582269],[22.948011,40.582297],[22.94831,40.582494],[22.948518,40.582629],[22.94858,40.582669],[22.948759,40.582796],[22.948882,40.582884],[22.948999,40.58292]]},"properties":{"name":"Χηλής"}},{"type":"Feature","geometry":{"type":"LineString","coordinates":[[22.940296,40.579679],[22.940542,40.579593],[22.940868,40.579487],[22.940993,40.579444],[22.941309,40.579334],[22.941529,40.579251],[22.941716,40.57918],[22.941797,40.579147],[22.941894,40.579105],[22.942099,40.578995],[22.942294,40.578882],[22.942415,40.578792],[22.942647,40.57865],[22.942686,40.578625],[22.942798,40.578556],[22.942894,40.578496],[22.94303,40.578409],[22.943072,40.578384],[22.943267,40.578266],[22.943883,40.577897],[22.944552,40.577492],[22.945111,40.577163],[22.9452,40.57711],[22.945311,40.577041],[22.94574,40.576776],[22.946287,40.576438],[22.946427,40.576346],[22.946935,40.576036],[22.947415,40.575739],[22.9475,40.575687],[22.947842,40.575475],[22.947937,40.575416],[22.948523,40.575054],[22.949146,40.574668],[22.949493,40.574453],[22.949793,40.574268],[22.950357,40.573918],[22.95043,40.573873],[22.950507,40.573826],[22.951053,40.573457],[22.951791,40.57297],[22.952329,40.572632],[22.952623,40.572445],[22.953068,40.572173],[22.953202,40.572085],[22.953263,40.572045],[22.953535,40.571871],[22.954009,40.571436],[22.954194,40.571238],[22.954473,40.570883]]},"properties":{"name":"Νικολάου Πλαστήρα"}},{"type":"Feature","geometry":{"type":"LineString","coordinates":[[22.980835,40.601698],[22.980557,40.601779],[22.980497,40.601794],[22.979762,40.602015],[22.979645,40.602048],[22.979212,40.602165],[22.978838,40.602252],[22.97866,40.602278],[22.977337,40.602489],[22.976515,40.602628],[22.976231,40.602672],[22.976148,40.602684],[22.975933,40.602715],[22.975414,40.602791],[22.975352,40.602799],[22.975219,40.60281],[22.975172,40.602808],[22.975163,40.602808],[22.975104,40.602805],[22.974937,40.602754],[22.974787,40.602721],[22.974365,40.602629],[22.973848,40.602516],[22.973552,40.602451],[22.973339,40.602405],[22.972814,40.60229],[22.972416,40.6022],[22.972265,40.602165],[22.972094,40.602129],[22.971727,40.602052],[22.971315,40.601962],[22.971269,40.601952],[22.970628,40.601812],[22.970556,40.601796],[22.969951,40.601664],[22.969876,40.601648],[22.969706,40.601615]]},"properties":{"name":"Νικολάου Πλαστήρα"}},{"type":"Feature","geometry":{"type":"LineString","coordinates":[[22.800836,40.674601],[22.800897,40.674601],[22.800952,40.674599],[22.801054,40.674592],[22.801295,40.674556],[22.801948,40.674422],[22.802086,40.674404],[22.802191,40.674405],[22.802287,40.674423],[22.802396,40.674464],[22.802446,40.67449]]},"properties":{"name":"Νικολάου Πλαστήρα"}},{"type":"Feature","geometry":{"type":"LineString","coordinates":[[22.805004,40.673698],[22.80472,40.673806],[22.804166,40.673982],[22.803825,40.674061],[22.803495,40.674119],[22.803151,40.67418],[22.803087,40.674195],[22.80304,40.674213],[22.802987,40.67424],[22.802934,40.674254],[22.802883,40.674254],[22.802842,40.674246],[22.802795,40.674229],[22.802729,40.674203]]},"properties":{"name":"Νικολάου Πλαστήρα"}},{"type":"Feature","geometry":{"type":"LineString","coordinates":[[22.85661,40.690414],[22.856721,40.690446],[22.857539,40.690716],[22.858553,40.691061],[22.859119,40.691223]]},"properties":{"name":"Νικολάου Πλαστήρα"}},{"type":"Feature","geometry":{"type":"LineString","coordinates":[[22.940296,40.579679],[22.940017,40.579779],[22.939897,40.579822],[22.939773,40.579864],[22.939544,40.579948],[22.939357,40.580024],[22.939173,40.580107],[22.938861,40.580264],[22.938617,40.580386],[22.938544,40.580422],[22.938427,40.580489],[22.938308,40.580561],[22.938238,40.580607],[22.938178,40.580649],[22.938113,40.580693],[22.938061,40.580734],[22.937958,40.580818],[22.93785,40.580913],[22.93777,40.580993],[22.937704,40.581063],[22.937639,40.581134],[22.937567,40.581217],[22.937523,40.581273],[22.937487,40.581327],[22.937449,40.581385],[22.937425,40.581429],[22.937359,40.58155],[22.937307,40.581661],[22.937205,40.581895],[22.937105,40.582142],[22.937046,40.582296],[22.937021,40.582385],[22.93701,40.58245],[22.936997,40.582522],[22.936988,40.582582],[22.936983,40.582639],[22.936983,40.582702],[22.936986,40.582754],[22.937003,40.582865],[22.937088,40.583306],[22.937254,40.584029],[22.937295,40.584212],[22.937329,40.584346],[22.937372,40.584454],[22.937399,40.584505],[22.937424,40.584549],[22.937454,40.584605],[22.937483,40.584653],[22.937542,40.58473],[22.937599,40.584798],[22.937669,40.584876],[22.937707,40.584915],[22.937753,40.584957],[22.937788,40.584987],[22.937817,40.58501],[22.937889,40.585061],[22.937964,40.585111],[22.938044,40.585157],[22.938208,40.585251],[22.938383,40.585338],[22.93872,40.585505],[22.939021,40.585655],[22.939458,40.585869],[22.939553,40.585918],[22.93965,40.585964],[22.939871,40.586057],[22.939957,40.586088],[22.940041,40.586117],[22.940211,40.586173],[22.940376,40.586227],[22.940732,40.586344],[22.940922,40.586403],[22.941096,40.586457],[22.941128,40.586471],[22.941162,40.58649],[22.941306,40.586589],[22.941702,40.586879],[22.942271,40.587279],[22.94245,40.587404],[22.942713,40.587587],[22.942842,40.587679],[22.942954,40.587755],[22.943037,40.587815],[22.943562,40.588191],[22.944144,40.588608],[22.944722,40.589022],[22.944843,40.589108],[22.944928,40.589169],[22.944994,40.589217],[22.945032,40.589244],[22.945483,40.589567],[22.945865,40.58984],[22.946767,40.590487],[22.947053,40.590691],[22.947466,40.590989],[22.947846,40.591251],[22.948401,40.591659],[22.94867,40.59185],[22.948766,40.591919],[22.948821,40.591962],[22.948917,40.592032],[22.948981,40.592078],[22.94952,40.592468],[22.950132,40.592937],[22.950213,40.592994],[22.95034,40.593084],[22.951415,40.593848],[22.952426,40.594566],[22.953529,40.595349],[22.95362,40.595413]]},"properties":{"name":"Θεμιστοκλή Σοφούλη"}},{"type":"Feature","geometry":{"type":"LineString","coordinates":[[22.952145,40.68228],[22.9521,40.682283],[22.952057,40.682288],[22.951762,40.682324],[22.951547,40.682353],[22.951418,40.682372],[22.950948,40.682436],[22.950916,40.682439],[22.950872,40.682443],[22.950833,40.682444],[22.950802,40.682445],[22.950772,40.682445],[22.950722,40.682431],[22.95044,40.682296],[22.950227,40.682181],[22.950191,40.682158],[22.950146,40.682123]]},"properties":{"name":"Θεμιστοκλή Σοφούλη"}},{"type":"Feature","geometry":{"type":"LineString","coordinates":[[22.942954,40.587755],[22.942999,40.58767],[22.943676,40.587101],[22.943725,40.58706],[22.943833,40.586969],[22.943962,40.586868],[22.944053,40.586796],[22.944701,40.586281],[22.944772,40.586225],[22.94529,40.585798],[22.945472,40.585648],[22.946126,40.58511],[22.946166,40.585077],[22.94626,40.584999],[22.946371,40.584906],[22.946443,40.58485],[22.947128,40.584319],[22.947775,40.583779],[22.948352,40.583309],[22.948776,40.582971],[22.948882,40.582884]]},"properties":{"name":"Κερασούντος"}},{"type":"Feature","geometry":{"type":"LineString","coordinates":[[22.943833,40.586969],[22.943915,40.587026],[22.944011,40.587095],[22.944267,40.587265],[22.94449,40.587438],[22.945075,40.587855],[22.945259,40.587987],[22.945645,40.588263],[22.945859,40.588416],[22.946265,40.588706],[22.94638,40.588788],[22.946874,40.589142],[22.947417,40.589529],[22.948326,40.590177],[22.948405,40.590235],[22.949542,40.591049],[22.949572,40.59107],[22.949671,40.591141],[22.949763,40.591205],[22.949846,40.591265],[22.951012,40.592087],[22.951108,40.592152],[22.952053,40.592828],[22.952128,40.592895],[22.952167,40.592951],[22.952194,40.593021],[22.952209,40.593148]]},"properties":{"name":"Τάκη Οικονομίδη"}},{"type":"Feature","geometry":{"type":"LineString","coordinates":[[22.95291,40.588537],[22.952906,40.58864],[22.952817,40.588712],[22.952157,40.589252],[22.951679,40.589643],[22.951206,40.590029],[22.950597,40.590526],[22.950198,40.590853],[22.949873,40.591115],[22.949843,40.59114],[22.949763,40.591205]]},"properties":{"name":"Καπετάν Γκόνη"}},{"type":"Feature","geometry":{"type":"LineString","coordinates":[[22.952822,40.588474],[22.952813,40.58857],[22.952801,40.588634],[22.952756,40.588673],[22.9527,40.588718],[22.952087,40.589202],[22.951607,40.589589],[22.951132,40.589975],[22.950517,40.590468],[22.950075,40.590819],[22.949752,40.591077],[22.949671,40.591141],[22.949548,40.591246],[22.949514,40.591275],[22.949243,40.591506],[22.948882,40.591807],[22.948766,40.591919]]},"properties":{"name":"Καπετάν Γκόνη"}},{"type":"Feature","geometry":{"type":"LineString","coordinates":[[22.952813,40.58857],[22.952906,40.58864],[22.953026,40.588735],[22.953065,40.588764],[22.953371,40.588996],[22.953741,40.58927],[22.954207,40.589616],[22.954287,40.589675],[22.954373,40.589735],[22.95454,40.589863]]},"properties":{"name":"Μητροπολίτου Γρηγ. Κυδωνιών"}},{"type":"Feature","geometry":{"type":"LineString","coordinates":[[22.954178,40.589464],[22.954242,40.58951],[22.954327,40.589571],[22.954368,40.589602],[22.954537,40.589719]]},"properties":{"name":"Μητροπολίτου Γρηγ. Κυδωνιών"}},{"type":"Feature","geometry":{"type":"LineString","coordinates":[[22.952822,40.588474],[22.95291,40.588537]]},"properties":{"name":"Μητροπολίτου Γρηγ. Κυδωνιών"}},{"type":"Feature","geometry":{"type":"LineString","coordinates":[[22.972199,40.593195],[22.972188,40.593266],[22.972178,40.593332],[22.972148,40.59352],[22.972119,40.59373],[22.972093,40.593833],[22.972053,40.59391],[22.971974,40.594015],[22.971931,40.594073],[22.971893,40.594125],[22.971843,40.594224],[22.971796,40.59433],[22.971759,40.594436],[22.971719,40.594627],[22.971671,40.594872],[22.971634,40.595014],[22.971617,40.595065],[22.971596,40.595118],[22.971571,40.595169],[22.971501,40.595296],[22.971479,40.595348],[22.971464,40.59541],[22.971452,40.59548],[22.971447,40.595536],[22.971449,40.595571],[22.971469,40.595644],[22.971491,40.595709],[22.971551,40.595851],[22.971578,40.595931],[22.9716,40.596009],[22.971603,40.596021],[22.971608,40.596039],[22.971615,40.596081],[22.97162,40.596136],[22.971625,40.596189],[22.97163,40.596256],[22.971629,40.596372],[22.971626,40.59646],[22.971615,40.59656],[22.971509,40.59688],[22.971433,40.597111],[22.971424,40.597137],[22.971304,40.597491],[22.971239,40.597688],[22.971172,40.597876],[22.971056,40.598183],[22.970857,40.598699],[22.970826,40.59879],[22.970732,40.599028],[22.970655,40.599234],[22.970521,40.599568],[22.970397,40.599879],[22.970138,40.600588],[22.96993,40.601052],[22.969778,40.601433],[22.969751,40.6015],[22.969706,40.601615],[22.969666,40.601695],[22.969643,40.601746]]},"properties":{"name":"Αλεξάνδρου Παπαναστασίου"}},{"type":"Feature","geometry":{"type":"LineString","coordinates":[[22.966531,40.607763],[22.966617,40.607692],[22.967362,40.606709],[22.967424,40.606623],[22.967472,40.606556],[22.967541,40.606462],[22.967566,40.606428],[22.967807,40.606111],[22.967958,40.605906],[22.968108,40.605702],[22.968198,40.605565],[22.968257,40.605428],[22.968377,40.605116],[22.968412,40.605024],[22.968637,40.604454],[22.968706,40.604274],[22.968781,40.604079],[22.968876,40.603832],[22.968949,40.603654],[22.969004,40.603519],[22.969054,40.603393],[22.969112,40.603244],[22.969226,40.602947],[22.969284,40.6028],[22.969357,40.602615],[22.969465,40.602343],[22.969571,40.602064],[22.969636,40.601874],[22.969643,40.601827],[22.969643,40.601746],[22.969598,40.601825],[22.969576,40.601858],[22.969499,40.602047],[22.9694,40.602328],[22.969293,40.6026],[22.96922,40.602783],[22.969159,40.602931],[22.969042,40.603227],[22.968979,40.603377],[22.968933,40.6035],[22.968878,40.603636],[22.968815,40.603805],[22.968737,40.604012],[22.968657,40.604224],[22.968576,40.60444],[22.96835,40.605009],[22.968194,40.605413],[22.968138,40.605546],[22.968025,40.605705],[22.96775,40.606087],[22.967489,40.606449],[22.967421,40.606543],[22.96737,40.606607],[22.966564,40.607672],[22.966531,40.607763],[22.966364,40.607992],[22.966234,40.608167],[22.966213,40.608195],[22.966132,40.608305],[22.96607,40.608379],[22.966042,40.608417],[22.966011,40.608459],[22.965825,40.608684],[22.965769,40.608754],[22.965662,40.608889],[22.965618,40.608944]]},"properties":{"name":"Αλεξάνδρου Παπαναστασίου"}},{"type":"Feature","geometry":{"type":"LineString","coordinates":[[22.958441,40.618428],[22.958679,40.618251],[22.958715,40.618222],[22.958977,40.618005],[22.959184,40.617833],[22.95923,40.617797],[22.959348,40.617747],[22.959397,40.617706],[22.960057,40.617151],[22.960513,40.616767],[22.96064,40.616661],[22.960786,40.616537],[22.960856,40.616485],[22.960927,40.616423],[22.960979,40.616379],[22.961461,40.615961],[22.962138,40.615383],[22.962232,40.615302],[22.962342,40.615209],[22.962837,40.614786],[22.962955,40.614668],[22.963109,40.614502],[22.963255,40.614324],[22.963274,40.614295],[22.963285,40.614274],[22.963388,40.61407],[22.963409,40.614026],[22.963429,40.613981],[22.963611,40.613552],[22.963744,40.613218],[22.963813,40.613073],[22.96387,40.612937],[22.964071,40.612434],[22.964137,40.61227],[22.964166,40.612192],[22.964453,40.611435],[22.964498,40.611323],[22.964525,40.611253],[22.964651,40.61092],[22.964694,40.610806],[22.96474,40.610699],[22.964762,40.610649],[22.964784,40.610593],[22.964892,40.610321],[22.965048,40.609925],[22.965083,40.609837],[22.965156,40.609648],[22.965181,40.609584],[22.965199,40.609546],[22.965223,40.609506],[22.96534,40.609343],[22.965587,40.609025],[22.965618,40.608944],[22.965527,40.609],[22.96513,40.609509],[22.965105,40.609549],[22.965084,40.609597],[22.964985,40.609858],[22.964968,40.609905],[22.964816,40.610265],[22.964645,40.610675],[22.9646,40.610785],[22.964555,40.610903],[22.964534,40.610957],[22.964429,40.611229],[22.964366,40.611397],[22.964359,40.611416],[22.964079,40.612171],[22.964055,40.61224],[22.963992,40.612412],[22.963803,40.612861],[22.963672,40.613176],[22.96364,40.613242],[22.963519,40.613526],[22.963303,40.614049],[22.963187,40.614281],[22.963124,40.614362],[22.962979,40.614527],[22.962766,40.61472],[22.962717,40.614765],[22.962158,40.615272],[22.962079,40.615338],[22.961674,40.61568],[22.961379,40.615928],[22.960868,40.616381],[22.960799,40.616431],[22.9607,40.616512],[22.96062,40.616587],[22.960579,40.616622],[22.960543,40.616653],[22.960447,40.616726],[22.960121,40.61701],[22.959344,40.617669],[22.959293,40.617713],[22.95923,40.617797]]},"properties":{"name":"Αλεξάνδρου Παπαναστασίου"}},{"type":"Feature","geometry":{"type":"LineString","coordinates":[[22.805004,40.673698],[22.804794,40.673188],[22.804706,40.672506]]},"properties":{"name":"Αλεξάνδρου Παπαναστασίου"}},{"type":"Feature","geometry":{"type":"LineString","coordinates":[[22.972199,40.593195],[22.972205,40.593145],[22.972215,40.593058],[22.972217,40.593042],[22.97222,40.593014],[22.972225,40.592929],[22.972224,40.592862],[22.972218,40.592773],[22.972206,40.592662],[22.972182,40.592526],[22.972152,40.592368],[22.972101,40.592156],[22.972078,40.59207],[22.971966,40.591398],[22.971786,40.590622],[22.971514,40.589299],[22.971394,40.588629],[22.971359,40.588411],[22.971345,40.58832]]},"properties":{"name":"Αλλατίνη"}},{"type":"Feature","geometry":{"type":"LineString","coordinates":[[22.970656,40.586662],[22.970493,40.586424],[22.970439,40.586366],[22.970377,40.58632],[22.970312,40.58628],[22.970221,40.58623],[22.970111,40.586189]]},"properties":{"name":"Αλλατίνη"}},{"type":"Feature","geometry":{"type":"LineString","coordinates":[[22.971345,40.58832],[22.971453,40.588309],[22.971561,40.588297],[22.971667,40.588286],[22.971694,40.588281],[22.971757,40.58827],[22.971923,40.588229],[22.972197,40.588136],[22.972333,40.588076],[22.972458,40.588011],[22.972595,40.58792],[22.972733,40.587814],[22.972933,40.587619],[22.973114,40.587448],[22.973367,40.587229],[22.973547,40.587083],[22.974231,40.586469],[22.974322,40.586389],[22.974548,40.586187],[22.974759,40.585982],[22.974838,40.585902],[22.974965,40.585773],[22.975101,40.585634],[22.975328,40.585403],[22.975685,40.585001]]},"properties":{"name":"Κουντουριώτου"}},{"type":"Feature","geometry":{"type":"LineString","coordinates":[[22.985251,40.575685],[22.98573,40.575034],[22.985919,40.574794],[22.986333,40.574255],[22.987,40.573449],[22.987262,40.57318],[22.987476,40.572979],[22.98757,40.572897]]},"properties":{"name":"Κουντουριώτου"}},{"type":"Feature","geometry":{"type":"LineString","coordinates":[[22.954221,40.57333],[22.955554,40.57269],[22.956797,40.572105],[22.956978,40.572026],[22.957051,40.571982],[22.957097,40.571943],[22.957129,40.571911],[22.957469,40.571532],[22.957752,40.571219],[22.957831,40.571131],[22.958047,40.570895],[22.958121,40.570821],[22.958197,40.570751],[22.958459,40.570492],[22.958783,40.570138],[22.959191,40.569678],[22.959485,40.569322],[22.959731,40.56908],[22.959748,40.569062],[22.959763,40.569032],[22.959775,40.568995],[22.959781,40.56896],[22.959784,40.568927]]},"properties":{"name":"Κουντουριώτου"}},{"type":"Feature","geometry":{"type":"LineString","coordinates":[[22.831055,40.697423],[22.831118,40.697192],[22.831213,40.696979],[22.831438,40.696627],[22.831507,40.696489],[22.831611,40.696323],[22.831722,40.696174],[22.831884,40.69596],[22.832158,40.695651],[22.832377,40.69544],[22.833054,40.694836],[22.8333,40.69461],[22.833452,40.694427],[22.833723,40.694092],[22.833785,40.694015],[22.834117,40.693633],[22.834433,40.693249],[22.834557,40.693054],[22.834601,40.692915],[22.834605,40.69282]]},"properties":{"name":"Κουντουριώτου"}},{"type":"Feature","geometry":{"type":"LineString","coordinates":[[22.975685,40.585001],[22.97595,40.585055],[22.976645,40.585185],[22.976817,40.585223],[22.977177,40.585303],[22.977219,40.585313],[22.977763,40.585445],[22.977794,40.585452],[22.978272,40.585604],[22.978766,40.585785],[22.979076,40.585923],[22.979732,40.586203],[22.979838,40.586248],[22.980054,40.586342],[22.980103,40.586363],[22.980499,40.586561],[22.980819,40.586715],[22.981284,40.586937],[22.981331,40.586956],[22.981358,40.586966],[22.981381,40.586971],[22.9814,40.586973],[22.981428,40.586973],[22.981454,40.586972],[22.981471,40.586971],[22.981495,40.586966],[22.981517,40.58696],[22.981537,40.586952]]},"properties":{"name":"Λασκαράτου"}},{"type":"Feature","geometry":{"type":"LineString","coordinates":[[22.981537,40.586952],[22.981556,40.58694],[22.981566,40.58693],[22.981572,40.586921],[22.98158,40.586908],[22.981585,40.586893],[22.981587,40.58688],[22.981597,40.586806],[22.981629,40.586572],[22.981634,40.58644],[22.98169,40.586186],[22.981738,40.585931],[22.981828,40.585347],[22.981916,40.584853],[22.981971,40.584677],[22.982007,40.584603],[22.98211,40.584419],[22.982433,40.58385],[22.982521,40.583694],[22.982643,40.583358],[22.982785,40.5829],[22.98281,40.582817],[22.982938,40.582484],[22.982959,40.582446],[22.983047,40.582186],[22.983174,40.581928],[22.983432,40.581451],[22.983649,40.581109],[22.983706,40.580998],[22.983746,40.580939],[22.984207,40.580301],[22.984654,40.579723],[22.984865,40.57952],[22.984998,40.579348],[22.985267,40.579055],[22.985629,40.578725],[22.985767,40.578599],[22.98609,40.578357],[22.986233,40.578213],[22.986517,40.577924],[22.987028,40.577377],[22.987564,40.57682],[22.987743,40.576641],[22.987897,40.576483],[22.988027,40.576345],[22.988105,40.576252],[22.988222,40.576123],[22.988248,40.576094],[22.988299,40.576046],[22.988378,40.575965],[22.988414,40.575928],[22.988467,40.575874],[22.988689,40.575641],[22.988837,40.575546],[22.988941,40.575443],[22.99035,40.574046],[22.990528,40.573866],[22.990603,40.573795],[22.990677,40.573716],[22.990761,40.573627],[22.990865,40.573516],[22.991049,40.573318],[22.991592,40.572739],[22.991709,40.572613],[22.991809,40.572507],[22.992028,40.572272],[22.992109,40.572186],[22.992293,40.57199],[22.99237,40.571908],[22.992523,40.571744],[22.996484,40.567547],[22.996632,40.567387],[22.99675,40.567261],[22.997126,40.566858],[22.997158,40.566824],[22.997486,40.566492],[22.997652,40.566349],[22.997814,40.566181],[22.997946,40.566067],[22.998159,40.565936],[22.998566,40.565709],[22.998746,40.565604],[22.999563,40.565235],[22.999942,40.565058],[23.000694,40.564678],[23.001053,40.564425],[23.001282,40.564188],[23.001463,40.564002],[23.001578,40.56382],[23.001663,40.563661],[23.001783,40.563383],[23.001942,40.563023],[23.002048,40.562781],[23.002156,40.56262],[23.002266,40.562507],[23.002378,40.562407],[23.002482,40.562322],[23.00255,40.562274],[23.002618,40.562232],[23.002749,40.562146],[23.00293,40.562042],[23.003258,40.56187],[23.003894,40.561541],[23.004684,40.561124],[23.004935,40.560996],[23.005361,40.560778],[23.005393,40.560762],[23.00607,40.560397],[23.006286,40.560282],[23.007092,40.55985],[23.007931,40.559403],[23.008208,40.559255],[23.008523,40.559087],[23.008541,40.559077],[23.008692,40.558998],[23.008787,40.558948],[23.009273,40.558688],[23.00974,40.558446],[23.010103,40.558245],[23.010765,40.557868],[23.01097,40.557741],[23.011204,40.557587],[23.01163,40.55728],[23.011833,40.557123],[23.012132,40.556889],[23.012209,40.556829],[23.01238,40.556694],[23.012732,40.556423],[23.012782,40.556384],[23.013319,40.555957],[23.014025,40.555399],[23.014866,40.554734],[23.015625,40.55416],[23.016122,40.553791],[23.016275,40.55367],[23.016531,40.553469],[23.016601,40.553417],[23.016745,40.553309]]},"properties":{"name":"Στέλιου Καζαντζίδη"}},{"type":"Feature","geometry":{"type":"LineString","coordinates":[[22.987897,40.576483],[22.987993,40.576438],[22.988071,40.576366],[22.988282,40.576158],[22.988314,40.576127],[22.988332,40.576109],[22.988362,40.576078],[22.98839,40.576048],[22.988431,40.576005],[22.988442,40.575995],[22.988465,40.57597],[22.988749,40.575678],[22.988837,40.575546]]},"properties":{"name":"Στέλιου Καζαντζίδη"}},{"type":"Feature","geometry":{"type":"LineString","coordinates":[[23.017073,40.552934],[23.016745,40.553309],[23.016889,40.553222],[23.016941,40.553189],[23.017,40.553156],[23.017074,40.553115],[23.017134,40.553087],[23.01723,40.553061]]},"properties":{"name":"Στέλιου Καζαντζίδη"}},{"type":"Feature","geometry":{"type":"LineString","coordinates":[[23.017242,40.552788],[23.017441,40.552734],[23.017495,40.552715],[23.017534,40.552699],[23.01757,40.552685],[23.01765,40.552645],[23.017734,40.552599],[23.017779,40.552578],[23.017804,40.552568],[23.017977,40.55252],[23.01822,40.552397],[23.01829,40.552357]]},"properties":{"name":"Στέλιου Καζαντζίδη"}},{"type":"Feature","geometry":{"type":"LineString","coordinates":[[23.017977,40.55252],[23.017865,40.552597],[23.017839,40.552617],[23.017832,40.552621],[23.017758,40.552659],[23.017666,40.552703],[23.017619,40.552729],[23.017589,40.552749],[23.017542,40.552786],[23.017514,40.552811],[23.017484,40.552843],[23.017461,40.552874],[23.017448,40.552898],[23.017433,40.552934]]},"properties":{"name":"Στέλιου Καζαντζίδη"}},{"type":"Feature","geometry":{"type":"LineString","coordinates":[[22.974225,40.568476],[22.974476,40.568654],[22.97454,40.5687],[22.974619,40.568763],[22.974669,40.568807],[22.974732,40.568874],[22.974774,40.568928],[22.974848,40.569033],[22.97488,40.569088],[22.974908,40.569144],[22.974948,40.569238],[22.974975,40.569311],[22.974994,40.56938],[22.975014,40.569469],[22.975031,40.569563],[22.975044,40.569665],[22.975068,40.569873],[22.975076,40.56998],[22.975082,40.570069],[22.975084,40.570139]]},"properties":{"name":"Δήμητρας"}},{"type":"Feature","geometry":{"type":"LineString","coordinates":[[22.975084,40.570139],[22.974983,40.570107],[22.974391,40.569931],[22.973576,40.569681],[22.97347,40.56965]]},"properties":{"name":"Αμφιτρίτης"}},{"type":"Feature","geometry":{"type":"LineString","coordinates":[[22.97347,40.56965],[22.973388,40.569628],[22.973203,40.569576],[22.973135,40.569556],[22.973085,40.569538],[22.973051,40.569524],[22.973014,40.569504],[22.972975,40.569478],[22.972867,40.569388],[22.972459,40.569038],[22.972122,40.568752],[22.971885,40.568544],[22.971734,40.568409],[22.971678,40.568358]]},"properties":{"name":"Μουσχουντή"}},{"type":"Feature","geometry":{"type":"LineString","coordinates":[[22.971678,40.568358],[22.97163,40.568327],[22.971596,40.568306],[22.97157,40.568289],[22.971541,40.568274],[22.971497,40.568258],[22.971442,40.568241],[22.971374,40.568223],[22.971311,40.568206],[22.97127,40.568197],[22.970984,40.568143],[22.970925,40.568131],[22.970879,40.568117],[22.970832,40.568102],[22.970784,40.568083],[22.970731,40.568053],[22.969782,40.567466],[22.969489,40.567289],[22.969355,40.567123],[22.968745,40.566373],[22.968632,40.566252],[22.968578,40.566197],[22.968538,40.566157],[22.968512,40.566129],[22.968423,40.566032]]},"properties":{"name":"Κακουλίδη"}},{"type":"Feature","geometry":{"type":"LineString","coordinates":[[22.98609,40.578357],[22.98599,40.578566],[22.9859,40.578715],[22.985813,40.57885],[22.985587,40.579185],[22.984383,40.580989],[22.984156,40.581309],[22.983078,40.582959],[22.98269,40.583539],[22.982521,40.583694]]},"properties":{"name":"Κοιμητηρίων"}},{"type":"Feature","geometry":{"type":"LineString","coordinates":[[22.954792,40.578736],[22.954829,40.578665],[22.954935,40.578449],[22.95495,40.578421],[22.954966,40.578396],[22.954985,40.57837],[22.955007,40.578343],[22.955029,40.57832],[22.955056,40.578295],[22.955086,40.578273],[22.955121,40.578253],[22.955159,40.578237],[22.955202,40.578224],[22.955253,40.578214],[22.955307,40.578208],[22.955359,40.578204],[22.955423,40.578201],[22.955496,40.5782],[22.955563,40.5782],[22.955647,40.578202],[22.955758,40.57821]]},"properties":{"name":"Αγίου Ζαχαρίου"}},{"type":"Feature","geometry":{"type":"LineString","coordinates":[[22.955758,40.57821],[22.956291,40.578292],[22.956842,40.578391],[22.957559,40.578502],[22.958029,40.578564]]},"properties":{"name":"Τσιγγιρίδη"}},{"type":"Feature","geometry":{"type":"LineString","coordinates":[[22.958029,40.578564],[22.958157,40.578562],[22.958229,40.578555],[22.958287,40.578549],[22.958345,40.578539],[22.958396,40.578528],[22.958446,40.578514],[22.958496,40.5785],[22.958603,40.57847],[22.958672,40.578451],[22.958723,40.578439],[22.958787,40.578427],[22.958862,40.578417],[22.958932,40.578408],[22.958997,40.578403],[22.959094,40.578399],[22.959197,40.578399],[22.959336,40.578399],[22.95952,40.5784],[22.95989,40.578409]]},"properties":{"name":"Κασσιανής"}},{"type":"Feature","geometry":{"type":"LineString","coordinates":[[22.959772,40.568765],[22.959467,40.568277],[22.959059,40.567643]]},"properties":{"name":"Καποδιστρίου"}},{"type":"Feature","geometry":{"type":"LineString","coordinates":[[22.959059,40.567643],[22.959596,40.567406],[22.960115,40.567159],[22.960617,40.566943],[22.96111,40.56673],[22.961143,40.566715],[22.961757,40.566436],[22.961981,40.566333],[22.962498,40.566094],[22.96318,40.565795]]},"properties":{"name":"Πολυβίου"}},{"type":"Feature","geometry":{"type":"LineString","coordinates":[[22.96318,40.565795],[22.963582,40.566305],[22.963936,40.566737],[22.964307,40.567191]]},"properties":{"name":"Ησιόδου"}},{"type":"Feature","geometry":{"type":"LineString","coordinates":[[22.964307,40.567191],[22.96405,40.567289],[22.963067,40.567701],[22.962961,40.567745],[22.961621,40.568301],[22.961578,40.568322],[22.961535,40.568347],[22.961497,40.568375],[22.961471,40.568411],[22.961383,40.568445],[22.960973,40.568594],[22.960409,40.568785],[22.959963,40.568946],[22.959891,40.56897]]},"properties":{"name":"Χανίων"}},{"type":"Feature","geometry":{"type":"LineString","coordinates":[[22.959891,40.56897],[22.959946,40.569068],[22.960393,40.569312]]},"properties":{"name":"Αϊδινίου"}},{"type":"Feature","geometry":{"type":"LineString","coordinates":[[22.960393,40.569312],[22.960085,40.569647],[22.959769,40.569989],[22.959371,40.570437],[22.959027,40.570806],[22.958738,40.571104],[22.958703,40.57114],[22.958632,40.571213],[22.958053,40.57179],[22.957635,40.572189],[22.957583,40.572241],[22.95754,40.57228],[22.957484,40.572317],[22.957407,40.572357],[22.955846,40.573091],[22.954545,40.573716],[22.954507,40.573733]]},"properties":{"name":"Σμύρνης"}},{"type":"Feature","geometry":{"type":"LineString","coordinates":[[22.899735,40.674538],[22.899655,40.674546],[22.8991,40.6746],[22.899052,40.674603],[22.899007,40.674606],[22.8988,40.674616],[22.898663,40.674627],[22.898645,40.67463],[22.898592,40.674637],[22.89854,40.674646],[22.898463,40.674668],[22.898371,40.674695],[22.89826,40.67473],[22.898186,40.674749],[22.898121,40.674761],[22.89803,40.674775],[22.897948,40.674786],[22.897814,40.674799],[22.897672,40.674812],[22.897442,40.674831]]},"properties":{"name":"Σμύρνης"}},{"type":"Feature","geometry":{"type":"LineString","coordinates":[[22.910849,40.677385],[22.910844,40.677304],[22.91084,40.677235],[22.910838,40.676511],[22.910866,40.675942],[22.910871,40.675604],[22.91087,40.675474],[22.91087,40.675445],[22.91087,40.674861],[22.910872,40.674646],[22.910857,40.674422],[22.910836,40.674127],[22.910829,40.674037],[22.910811,40.673814],[22.910802,40.673745],[22.910729,40.673277],[22.910713,40.67318],[22.910656,40.673119],[22.909857,40.672561],[22.909684,40.672069],[22.909585,40.671679],[22.909445,40.6712],[22.909321,40.670729],[22.90921,40.670278],[22.90909,40.669791],[22.909033,40.669576],[22.909005,40.669475]]},"properties":{"name":"Σμύρνης"}},{"type":"Feature","geometry":{"type":"LineString","coordinates":[[22.952209,40.593148],[22.953662,40.593279],[22.953756,40.593288],[22.953822,40.593294],[22.953964,40.593307],[22.954048,40.593314],[22.955147,40.593413],[22.95549,40.593444],[22.956201,40.593508],[22.9564,40.593526]]},"properties":{"name":"Πλούτωνος"}},{"type":"Feature","geometry":{"type":"LineString","coordinates":[[22.943106,40.639841],[22.943082,40.63983],[22.943064,40.63982],[22.94305,40.639811],[22.943034,40.6398],[22.942683,40.639438],[22.942282,40.639012],[22.941681,40.638384],[22.941409,40.638112],[22.941234,40.637925],[22.941035,40.637715],[22.941007,40.637686],[22.940881,40.637555],[22.940795,40.637462],[22.940536,40.637182],[22.940343,40.636984],[22.940131,40.636758],[22.939967,40.636591],[22.939916,40.636539],[22.939842,40.636462],[22.939777,40.636392],[22.939462,40.63606],[22.939276,40.635863],[22.938949,40.635519],[22.938725,40.635282],[22.938631,40.635183],[22.938537,40.635082],[22.938095,40.634612],[22.937882,40.634383],[22.937824,40.63432],[22.937385,40.633851],[22.937319,40.633784]]},"properties":{"name":"Ίωνος Δραγούμη"}},{"type":"Feature","geometry":{"type":"LineString","coordinates":[[23.010829,40.579726],[23.010834,40.579806],[23.01085,40.579896],[23.010796,40.579952],[23.010744,40.579998],[23.010677,40.58006],[23.010593,40.580122],[23.010462,40.580211],[23.010336,40.580304],[23.010168,40.580395],[23.010034,40.580461],[23.009936,40.580507],[23.009818,40.580556],[23.009676,40.58061],[23.009536,40.580657],[23.009382,40.580703],[23.009237,40.580742],[23.009079,40.580778],[23.008868,40.580818],[23.00875,40.580839],[23.008644,40.580857],[23.008547,40.580871],[23.008463,40.580877],[23.008372,40.580877],[23.008286,40.580868],[23.008185,40.58085],[23.008087,40.580826],[23.007983,40.580792],[23.007865,40.580745],[23.00775,40.58069],[23.007657,40.580642],[23.007548,40.580577],[23.007479,40.580522],[23.007412,40.58046],[23.007343,40.580393],[23.007255,40.580295],[23.007169,40.580198],[23.006934,40.579933],[23.006904,40.579899],[23.006805,40.579739],[23.00659,40.579291],[23.006486,40.579033],[23.006367,40.578728],[23.006264,40.578353],[23.006141,40.577908]]},"properties":{"name":"Ίωνος Δραγούμη"}},{"type":"Feature","geometry":{"type":"LineString","coordinates":[[22.869029,40.476308],[22.868426,40.475871],[22.867994,40.475558],[22.867865,40.475465],[22.867785,40.475406]]},"properties":{"name":"Ίωνος Δραγούμη"}},{"type":"Feature","geometry":{"type":"LineString","coordinates":[[23.031353,40.821026],[23.031306,40.821099],[23.031264,40.821155],[23.031174,40.821225],[23.031029,40.821315],[23.030843,40.821434],[23.030753,40.821493],[23.030617,40.821592],[23.030506,40.821724],[23.030364,40.821923],[23.030233,40.822121],[23.030205,40.822164],[23.030151,40.822274],[23.030042,40.822338],[23.02988,40.822434],[23.029859,40.822453],[23.029742,40.822557],[23.029575,40.822673],[23.029211,40.82295],[23.028925,40.823189],[23.028705,40.823491],[23.028614,40.823575],[23.028496,40.823659],[23.028378,40.823702],[23.028264,40.823723],[23.028121,40.823693],[23.028035,40.823668],[23.028021,40.823664],[23.028006,40.823663],[23.027991,40.823664],[23.027904,40.823675],[23.027802,40.823689],[23.027692,40.823695],[23.027617,40.82369],[23.027505,40.823663],[23.027289,40.823619],[23.027114,40.823591],[23.027032,40.823566],[23.026744,40.823538],[23.026031,40.823471],[23.025898,40.823445],[23.025114,40.823318],[23.024727,40.823234]]},"properties":{"name":"Ίωνος Δραγούμη"}},{"type":"Feature","geometry":{"type":"LineString","coordinates":[[23.024033,40.823223],[23.024132,40.823216],[23.024242,40.82321],[23.024352,40.823211],[23.024727,40.823234],[23.024375,40.823113]]},"properties":{"name":"Ίωνος Δραγούμη"}},{"type":"Feature","geometry":{"type":"LineString","coordinates":[[22.954473,40.570883],[22.955252,40.571288],[22.956028,40.571693],[22.956473,40.571932],[22.956797,40.572105]]},"properties":{"name":"Ατλαντίδος"}},{"type":"Feature","geometry":{"type":"LineString","coordinates":[[22.972459,40.569038],[22.972523,40.568987],[22.972635,40.5689],[22.973321,40.56836],[22.973674,40.568082]]},"properties":{"name":"Πινδάρου"}},{"type":"Feature","geometry":{"type":"LineString","coordinates":[[22.953279,40.581817],[22.953199,40.581785],[22.95313,40.581761],[22.952408,40.581492],[22.952107,40.581357],[22.951508,40.581071],[22.950678,40.580659],[22.949906,40.580275],[22.949437,40.580052],[22.949321,40.579997],[22.948963,40.579825],[22.948244,40.579404],[22.947774,40.579105],[22.947316,40.57883],[22.946839,40.578533],[22.94648,40.57829],[22.946389,40.578227],[22.946349,40.578193],[22.946168,40.578051],[22.945993,40.577906],[22.945617,40.577534],[22.945251,40.577166],[22.9452,40.57711]]},"properties":{"name":"Πασσαλίδη"}},{"type":"Feature","geometry":{"type":"LineString","coordinates":[[22.970725,40.570137],[22.970662,40.570099],[22.970604,40.570067],[22.970173,40.569842],[22.970075,40.569794],[22.970023,40.569771],[22.969991,40.569757],[22.969942,40.569739],[22.9699,40.569726],[22.969802,40.569699],[22.969723,40.569679],[22.969693,40.569672],[22.969665,40.569669],[22.969652,40.569668],[22.969545,40.569663],[22.969345,40.569657],[22.968996,40.56965],[22.968501,40.569643],[22.968415,40.569644],[22.968319,40.569649],[22.968211,40.569659],[22.968104,40.569674],[22.967983,40.569695],[22.967868,40.569718],[22.967744,40.569745],[22.967629,40.569771],[22.967499,40.569806],[22.967373,40.569844],[22.967278,40.569878],[22.967139,40.569931],[22.966997,40.569988],[22.966921,40.57002],[22.966816,40.570063]]},"properties":{"name":"Στρατηγού Σαράφη"}},{"type":"Feature","geometry":{"type":"LineString","coordinates":[[22.953033,40.58458],[22.952928,40.584557],[22.95237,40.584433],[22.952094,40.584367],[22.951878,40.584316],[22.951844,40.584306],[22.951797,40.584291],[22.951766,40.584278],[22.951734,40.584261],[22.951328,40.584042],[22.951065,40.5839],[22.950602,40.583632],[22.950009,40.583299],[22.949728,40.583134],[22.949664,40.58312],[22.949578,40.58311],[22.949376,40.583085],[22.949282,40.58307],[22.949264,40.583062],[22.949133,40.582998],[22.948999,40.58292]]},"properties":{"name":"Μεταμορφώσεως"}},{"type":"Feature","geometry":{"type":"LineString","coordinates":[[22.988912,40.499436],[22.988753,40.498973],[22.988567,40.498385],[22.988557,40.498347],[22.988465,40.497989],[22.988436,40.497674],[22.988445,40.497559],[22.988496,40.496913]]},"properties":{"name":"Μεταμορφώσεως"}},{"type":"Feature","geometry":{"type":"LineString","coordinates":[[22.963024,40.574447],[22.963061,40.574468],[22.963103,40.574488],[22.963163,40.574511],[22.963223,40.574529],[22.963384,40.574569],[22.963703,40.574645],[22.964367,40.574803],[22.964793,40.574903],[22.964965,40.574946],[22.965604,40.575087],[22.966386,40.575274],[22.967093,40.575447],[22.967214,40.575474]]},"properties":{"name":"Μακεδονίας"}},{"type":"Feature","geometry":{"type":"LineString","coordinates":[[22.959937,40.606824],[22.95982,40.607047],[22.95978,40.607111],[22.959445,40.607868],[22.959104,40.608637],[22.958975,40.608929],[22.95874,40.60946],[22.95838,40.610273],[22.958352,40.610338]]},"properties":{"name":"Μακεδονίας"}},{"type":"Feature","geometry":{"type":"LineString","coordinates":[[22.90937,40.723008],[22.908822,40.722311],[22.908211,40.721496],[22.907763,40.720729],[22.907081,40.720154],[22.906876,40.720005]]},"properties":{"name":"Μακεδονίας"}},{"type":"Feature","geometry":{"type":"LineString","coordinates":[[23.063469,40.748823],[23.063399,40.749235],[23.063352,40.749574]]},"properties":{"name":"Μακεδονίας"}},{"type":"Feature","geometry":{"type":"LineString","coordinates":[[23.092048,40.472526],[23.091996,40.472521]]},"properties":{"name":"Μακεδονίας"}},{"type":"Feature","geometry":{"type":"LineString","coordinates":[[22.97484,40.468036],[22.97496,40.468044]]},"properties":{"name":"Μακεδονίας"}},{"type":"Feature","geometry":{"type":"LineString","coordinates":[[22.960485,40.595565],[22.960454,40.595646],[22.960429,40.595712],[22.960416,40.595748],[22.960301,40.596034],[22.960199,40.596238],[22.960077,40.596462],[22.96004,40.596529],[22.960013,40.596571],[22.959985,40.596613],[22.959926,40.596692],[22.959858,40.596777],[22.959788,40.596866],[22.95975,40.59691],[22.959708,40.596955],[22.95963,40.597025]]},"properties":{"name":"Καθηγητού Νικολάου Παπαδάκη"}},{"type":"Feature","geometry":{"type":"LineString","coordinates":[[22.95963,40.597025],[22.959722,40.597096],[22.959867,40.597199],[22.959923,40.597242],[22.959964,40.597277],[22.960003,40.597316],[22.960031,40.59735],[22.960042,40.597366],[22.960053,40.597387],[22.960079,40.597439],[22.960116,40.597518],[22.960172,40.597646],[22.960183,40.597681],[22.960188,40.597701],[22.960192,40.597724],[22.960195,40.597753],[22.960198,40.597801],[22.960199,40.597849],[22.960195,40.597895],[22.96019,40.597924],[22.960183,40.597956],[22.960168,40.598016],[22.960126,40.598175],[22.959954,40.598786],[22.959935,40.598853],[22.959914,40.598926],[22.959788,40.599374],[22.959755,40.599492],[22.959634,40.599921],[22.959618,40.599979],[22.959591,40.600074],[22.95957,40.600144],[22.959414,40.600745],[22.959388,40.600841],[22.959366,40.600944],[22.959086,40.601919],[22.959058,40.602024],[22.958935,40.602468],[22.958826,40.602839],[22.958728,40.603169],[22.958706,40.603243],[22.958678,40.603337],[22.958511,40.603904],[22.958367,40.604409],[22.958317,40.604563],[22.958286,40.604664],[22.958213,40.604913],[22.958022,40.60556],[22.957882,40.606048],[22.957809,40.606344],[22.957781,40.60648],[22.957768,40.606555],[22.957693,40.606923],[22.957685,40.60703],[22.957679,40.607126],[22.957631,40.607829],[22.957585,40.608513],[22.95755,40.60904],[22.957511,40.60961],[22.957481,40.610067],[22.957468,40.610248],[22.957459,40.610365],[22.957456,40.610398],[22.957401,40.611008],[22.957345,40.611617],[22.957292,40.6122],[22.957279,40.612285],[22.957281,40.612341],[22.957286,40.612465],[22.957292,40.612535],[22.957301,40.612599],[22.95731,40.612649],[22.95732,40.612687],[22.957329,40.612724],[22.957335,40.612745],[22.957344,40.612777],[22.957397,40.612952],[22.957487,40.613246],[22.957557,40.61348],[22.957719,40.61397],[22.95777,40.614137],[22.957793,40.614211],[22.957908,40.614565],[22.958025,40.614966],[22.958128,40.615315],[22.958251,40.615727],[22.958265,40.615781],[22.958277,40.615822],[22.958302,40.615907],[22.958453,40.616427],[22.95847,40.616476],[22.958715,40.617266],[22.958729,40.617315],[22.95875,40.617387],[22.958811,40.617592]]},"properties":{"name":"Δελφών"}},{"type":"Feature","geometry":{"type":"LineString","coordinates":[[22.98607,40.594527],[22.986393,40.594563],[22.98725,40.594629],[22.987536,40.594651],[22.987642,40.59466],[22.98791,40.594687],[22.988335,40.59473],[22.988468,40.594745],[22.988522,40.594754],[22.988595,40.594767],[22.988615,40.594772],[22.988634,40.594778],[22.98866,40.594789],[22.988777,40.594836],[22.988916,40.594896],[22.989402,40.595111],[22.989559,40.595175],[22.98966,40.595214],[22.989766,40.595252],[22.989885,40.595291],[22.990099,40.595359],[22.990189,40.595386],[22.990398,40.595454],[22.990544,40.595502],[22.990632,40.595528],[22.990677,40.595542],[22.990865,40.5956],[22.990979,40.59564],[22.991149,40.595703],[22.992049,40.596084],[22.992112,40.596111],[22.992541,40.596296],[22.992763,40.596381],[22.992961,40.596453],[22.993089,40.596499],[22.993179,40.596536],[22.993196,40.596543],[22.993212,40.596551],[22.993224,40.596558],[22.993235,40.596567],[22.993244,40.596575],[22.993253,40.596586],[22.993264,40.596601],[22.993273,40.596616],[22.99328,40.596636],[22.993285,40.596657],[22.993288,40.596677],[22.993289,40.596694],[22.993288,40.596708],[22.993286,40.596723],[22.993282,40.596736],[22.993277,40.596752],[22.993269,40.596769],[22.993256,40.596791],[22.993216,40.596863],[22.993055,40.597148]]},"properties":{"name":"Δελφών"}},{"type":"Feature","geometry":{"type":"LineString","coordinates":[[22.958935,40.602468],[22.959099,40.603196],[22.959109,40.603239],[22.95913,40.603335],[22.959199,40.603641],[22.95927,40.603958],[22.959298,40.604081],[22.959325,40.604199],[22.959375,40.604422],[22.959437,40.604699]]},"properties":{"name":"Σόλωνος"}},{"type":"Feature","geometry":{"type":"LineString","coordinates":[[22.959468,40.604935],[22.959735,40.606006],[22.959848,40.606462],[22.959893,40.60664],[22.959937,40.606824]]},"properties":{"name":"Σόλωνος"}},{"type":"Feature","geometry":{"type":"LineString","coordinates":[[22.957685,40.60703],[22.957803,40.607034],[22.958072,40.607045],[22.958356,40.607056],[22.958704,40.607069],[22.959292,40.607092],[22.95978,40.607111]]},"properties":{"name":"Μάρκου Μπότσαρη"}},{"type":"Feature","geometry":{"type":"LineString","coordinates":[[22.971432,40.609545],[22.971359,40.609525],[22.971315,40.609513],[22.971292,40.60951],[22.971246,40.609506],[22.971196,40.609513],[22.971088,40.609481],[22.97074,40.609378],[22.970431,40.609286],[22.9701,40.609188],[22.969836,40.60911],[22.96971,40.609098],[22.969635,40.60909],[22.969481,40.609056],[22.968982,40.608944],[22.968297,40.608791],[22.967386,40.608586],[22.966405,40.608367],[22.966313,40.60835],[22.966222,40.608328],[22.966132,40.608305]]},"properties":{"name":"Μάρκου Μπότσαρη"}},{"type":"Feature","geometry":{"type":"LineString","coordinates":[[22.963738,40.607757],[22.963628,40.607731],[22.963545,40.607711],[22.963493,40.607699],[22.963405,40.607678],[22.963278,40.607647]]},"properties":{"name":"Μάρκου Μπότσαρη"}},{"type":"Feature","geometry":{"type":"LineString","coordinates":[[22.958441,40.618428],[22.958545,40.618197],[22.95856,40.618163],[22.95876,40.617712],[22.958811,40.617592],[22.958915,40.617335],[22.958935,40.617287],[22.959208,40.616692],[22.959322,40.616445],[22.959343,40.616396],[22.959512,40.616013],[22.959528,40.615978],[22.959571,40.615881],[22.959607,40.61581],[22.959631,40.615763],[22.959674,40.615679],[22.959805,40.615381],[22.960149,40.61462],[22.960178,40.614556],[22.960423,40.614008],[22.960588,40.61364],[22.960728,40.613328],[22.960829,40.613103],[22.961075,40.612566],[22.961135,40.612419],[22.961207,40.612259],[22.961379,40.611874],[22.961418,40.611788],[22.961458,40.611698],[22.961606,40.611368],[22.961844,40.610837],[22.962067,40.61034],[22.962119,40.610222],[22.962203,40.610039],[22.962228,40.609983],[22.962553,40.609258],[22.962724,40.608879],[22.962963,40.608348],[22.963236,40.607742],[22.963278,40.607647]]},"properties":{"name":"Κωνσταντινουπόλεως"}},{"type":"Feature","geometry":{"type":"LineString","coordinates":[[22.945383,40.704211],[22.945453,40.704178],[22.945499,40.704142],[22.945528,40.704091],[22.945545,40.704033],[22.945546,40.70397],[22.945537,40.703926],[22.945529,40.70388],[22.945489,40.703779],[22.945466,40.703679],[22.94546,40.703641],[22.945471,40.703599],[22.945496,40.703567],[22.945529,40.703541],[22.945588,40.703511],[22.945655,40.703491],[22.9458,40.703456],[22.946124,40.703384],[22.946456,40.703302],[22.946857,40.703211],[22.947194,40.703133],[22.947248,40.703121],[22.947702,40.703022],[22.947951,40.702986],[22.948113,40.702962],[22.948376,40.702947],[22.948447,40.702943],[22.94854,40.702938],[22.94876,40.702929],[22.948882,40.702901],[22.948995,40.702879],[22.949215,40.702828],[22.949491,40.70276],[22.949702,40.702711],[22.950254,40.702542],[22.950767,40.702377]]},"properties":{"name":"Κωνσταντινουπόλεως"}},{"type":"Feature","geometry":{"type":"LineString","coordinates":[[22.979226,40.659758],[22.979197,40.659767],[22.979183,40.659773],[22.979169,40.659785],[22.979151,40.659807],[22.979112,40.659867],[22.979071,40.659942],[22.979049,40.659983],[22.979029,40.660025],[22.979008,40.660078],[22.978992,40.660128],[22.978984,40.660162],[22.97898,40.660197],[22.978981,40.660229],[22.978983,40.660259],[22.978993,40.660288],[22.979004,40.660317],[22.979021,40.660354],[22.979046,40.660394],[22.979073,40.660433],[22.979118,40.660472],[22.979158,40.660507],[22.979222,40.660551],[22.979302,40.660603],[22.979403,40.660665],[22.979532,40.660746],[22.979643,40.660815],[22.979709,40.66086],[22.979757,40.660893],[22.979802,40.66093],[22.979846,40.660966],[22.979863,40.660984],[22.979883,40.661007],[22.979902,40.661034],[22.979913,40.661054],[22.97992,40.66107],[22.979925,40.661087],[22.979931,40.661105],[22.979933,40.661122],[22.979931,40.661149],[22.979928,40.661169],[22.979911,40.661204],[22.97989,40.66124],[22.979861,40.66127],[22.979834,40.661292],[22.97979,40.661317],[22.979739,40.661337],[22.979691,40.661351],[22.979593,40.661378],[22.979412,40.661421],[22.979259,40.661454],[22.979114,40.661488],[22.978982,40.66152],[22.978875,40.661549],[22.978775,40.661582],[22.978752,40.66159],[22.978734,40.661599],[22.978717,40.661608],[22.978702,40.661617],[22.978689,40.661626],[22.978679,40.661634],[22.978669,40.661642],[22.978657,40.661654],[22.978647,40.661665],[22.978633,40.661683],[22.978624,40.661697],[22.978618,40.661711],[22.978614,40.661723],[22.97861,40.661743],[22.978609,40.661765],[22.978608,40.661785],[22.978611,40.66181],[22.978619,40.661834],[22.978628,40.661852],[22.978642,40.661871],[22.978657,40.661887],[22.978671,40.661899],[22.97869,40.661915],[22.97871,40.661929],[22.978732,40.661943],[22.978761,40.661958],[22.97878,40.661968],[22.978823,40.661989],[22.978897,40.662019],[22.979401,40.662232],[22.979663,40.662339],[22.979937,40.662456],[22.980484,40.662692],[22.980556,40.662724],[22.981129,40.662967],[22.98159,40.663165],[22.981854,40.663277],[22.982145,40.663403],[22.982493,40.663556],[22.98274,40.66366],[22.983216,40.663874],[22.983338,40.663932],[22.983469,40.664],[22.983537,40.664036],[22.98362,40.664086],[22.983709,40.664157],[22.983746,40.664189],[22.983898,40.664319],[22.98414,40.664538],[22.984235,40.664627],[22.984298,40.664691],[22.984351,40.66475],[22.984405,40.664816],[22.984444,40.664876],[22.984479,40.664935],[22.984502,40.664979],[22.984523,40.66503],[22.984541,40.665087],[22.984568,40.665197],[22.984637,40.665464],[22.984701,40.665674],[22.984724,40.665742],[22.984746,40.665792],[22.984769,40.665841],[22.984799,40.665891],[22.984824,40.665927],[22.984841,40.665951],[22.984872,40.665984],[22.984918,40.666028],[22.984964,40.666066],[22.985014,40.666099],[22.985069,40.66613],[22.985123,40.666161],[22.985165,40.66618],[22.985181,40.666188],[22.985233,40.666211],[22.985282,40.666231],[22.985342,40.666258],[22.985409,40.666287],[22.98546,40.66631],[22.985511,40.666337],[22.985547,40.666359],[22.985594,40.66639],[22.985644,40.666425],[22.985695,40.666467],[22.98574,40.666506],[22.985795,40.666558],[22.985844,40.666611],[22.985906,40.666686],[22.985972,40.666766],[22.98605,40.666867],[22.986088,40.666913],[22.986117,40.666944],[22.986157,40.666983],[22.9862,40.667019],[22.986242,40.66705],[22.986283,40.667075],[22.986364,40.667123],[22.986466,40.667163],[22.986546,40.66719],[22.986625,40.667213]]},"properties":{"name":"Κωνσταντινουπόλεως"}},{"type":"Feature","geometry":{"type":"LineString","coordinates":[[22.988496,40.496913],[22.989196,40.496924],[22.989899,40.496936],[22.990593,40.49694],[22.991344,40.496957],[22.991578,40.496966],[22.991657,40.496969],[22.99182,40.49697],[22.991954,40.496959],[22.992099,40.496944],[22.992313,40.496913],[22.992841,40.496841],[22.993281,40.496777],[22.993433,40.496759],[22.993897,40.496691],[22.994037,40.496666],[22.994343,40.496617],[22.995189,40.496445]]},"properties":{"name":"Κωνσταντινουπόλεως"}},{"type":"Feature","geometry":{"type":"LineString","coordinates":[[22.958441,40.618428],[22.958337,40.618642],[22.958272,40.618775],[22.958133,40.61906],[22.95786,40.619669],[22.957624,40.62016],[22.957552,40.620317],[22.957436,40.620574],[22.957381,40.620696],[22.957313,40.620851],[22.957254,40.620991],[22.957049,40.621489],[22.956937,40.621761],[22.956922,40.621794],[22.956878,40.621898],[22.956826,40.622021],[22.956809,40.622058],[22.956794,40.622094],[22.956781,40.622123],[22.956398,40.622992],[22.956319,40.623165],[22.956198,40.623433],[22.956006,40.623871],[22.955958,40.623972],[22.955931,40.624026],[22.95588,40.624118],[22.955829,40.624203],[22.95578,40.624276],[22.955724,40.624355],[22.955675,40.624421],[22.955622,40.624485],[22.955589,40.624525],[22.955542,40.624576],[22.955478,40.624641],[22.955425,40.624689],[22.955374,40.624729],[22.955309,40.624779],[22.955235,40.624833],[22.955179,40.624874],[22.955089,40.624935],[22.954933,40.625044],[22.95418,40.625574],[22.954012,40.625692],[22.953603,40.625986]]},"properties":{"name":"Στρατού"}},{"type":"Feature","geometry":{"type":"LineString","coordinates":[[22.952919,40.626505],[22.953003,40.626451],[22.953077,40.626402],[22.953249,40.626279],[22.95333,40.626219],[22.953464,40.626122],[22.953518,40.626077],[22.953603,40.625986],[22.953298,40.626148],[22.953183,40.626204],[22.953148,40.626218],[22.953104,40.626233],[22.953054,40.626247],[22.952985,40.626262],[22.95293,40.62627],[22.952861,40.626277]]},"properties":{"name":"Στρατού"}},{"type":"Feature","geometry":{"type":"LineString","coordinates":[[22.946626,40.680056],[22.946678,40.68001],[22.94669,40.679991],[22.946696,40.679972],[22.946703,40.679878],[22.946709,40.679572]]},"properties":{"name":"Στρατού"}},{"type":"Feature","geometry":{"type":"LineString","coordinates":[[22.938775,40.671545],[22.938949,40.671513],[22.939055,40.671493],[22.939115,40.671483],[22.93918,40.671471],[22.939322,40.671445],[22.939345,40.671441],[22.939365,40.671438],[22.939392,40.671435],[22.939416,40.671432],[22.939437,40.671431],[22.939471,40.671428],[22.939496,40.671427],[22.939521,40.671427],[22.939678,40.67143],[22.939757,40.671434],[22.939814,40.671439],[22.93988,40.671445],[22.939947,40.671455],[22.940024,40.671467],[22.940101,40.671481],[22.940439,40.671554],[22.940549,40.67158],[22.940627,40.671602],[22.940688,40.671622],[22.940739,40.671643],[22.940811,40.671675],[22.94091,40.671725],[22.940981,40.671765],[22.941037,40.671802],[22.941081,40.671836],[22.941183,40.671924],[22.941436,40.67216],[22.941912,40.672619],[22.942005,40.672704],[22.942065,40.672754],[22.942225,40.672873],[22.942329,40.67295],[22.942404,40.673006],[22.942765,40.673262],[22.942975,40.67341],[22.943045,40.673459],[22.943118,40.673521],[22.943185,40.673559],[22.943343,40.673674],[22.943662,40.673906],[22.943771,40.673992],[22.94384,40.674051],[22.943917,40.674119],[22.943981,40.67418],[22.944039,40.674237],[22.944109,40.674316],[22.944175,40.674397],[22.944382,40.67465],[22.944628,40.674932],[22.944758,40.675076],[22.944797,40.67512],[22.944891,40.675227],[22.944924,40.675268],[22.944952,40.675307],[22.94498,40.675354],[22.944999,40.675389],[22.94502,40.67543],[22.945065,40.675534],[22.945219,40.675893],[22.945353,40.676216],[22.945487,40.676569],[22.945817,40.677395],[22.945961,40.677754],[22.946088,40.678045],[22.946229,40.678362],[22.946298,40.67853],[22.946387,40.678739],[22.946484,40.678979],[22.946571,40.679195],[22.946619,40.679317],[22.946709,40.679572],[22.946771,40.679851],[22.946804,40.679965],[22.946821,40.680003],[22.946849,40.680049]]},"properties":{"name":"Στρατού"}},{"type":"Feature","geometry":{"type":"LineString","coordinates":[[22.952919,40.626505],[22.95295,40.626636],[22.952988,40.626792],[22.953073,40.6274],[22.953207,40.628453],[22.953305,40.629168],[22.953317,40.629257],[22.953329,40.629347],[22.953346,40.629482],[22.953462,40.630412],[22.953472,40.630492],[22.95348,40.630568],[22.953485,40.630666],[22.953484,40.630766],[22.953484,40.630812],[22.953478,40.630955],[22.953475,40.631078]]},"properties":{"name":"Αγγελάκη"}},{"type":"Feature","geometry":{"type":"LineString","coordinates":[[22.957525,40.622114],[22.957383,40.622032],[22.957016,40.621959],[22.956965,40.621941],[22.956934,40.621928],[22.956878,40.621898],[22.956769,40.621842],[22.956734,40.621823],[22.956589,40.621748],[22.956534,40.621751],[22.95649,40.621768],[22.956467,40.621789],[22.956454,40.62182],[22.956458,40.621868],[22.956473,40.621905],[22.956515,40.621963],[22.956697,40.621997],[22.956826,40.622021],[22.956978,40.622048],[22.957046,40.62206],[22.957358,40.622115],[22.957525,40.622114],[22.958104,40.622274],[22.958591,40.622416],[22.959702,40.622744],[22.960459,40.622973],[22.961121,40.623178],[22.961269,40.62327],[22.961906,40.623529],[22.961946,40.623543],[22.961986,40.623554],[22.962027,40.623561],[22.962155,40.623572]]},"properties":{"name":"Λυσίμαχου Καυταντζόγλου"}},{"type":"Feature","geometry":{"type":"LineString","coordinates":[[22.961121,40.623178],[22.961306,40.623203],[22.96189,40.623422],[22.961918,40.623433],[22.962054,40.623483]]},"properties":{"name":"Λυσίμαχου Καυταντζόγλου"}},{"type":"Feature","geometry":{"type":"LineString","coordinates":[[22.958603,40.57847],[22.958744,40.578145]]},"properties":{"name":"Παρασκευοπούλου"}},{"type":"Feature","geometry":{"type":"LineString","coordinates":[[22.926749,40.646963],[22.926826,40.646922],[22.927138,40.646753],[22.927684,40.646471],[22.92821,40.646206],[22.928774,40.645998],[22.929706,40.645568],[22.930037,40.645401],[22.930459,40.645161],[22.930953,40.644855],[22.931392,40.644586],[22.931718,40.644368],[22.93177,40.644333],[22.932363,40.643906]]},"properties":{"name":"Δημητρίου Μαργαροπούλου"}},{"type":"Feature","geometry":{"type":"LineString","coordinates":[[22.932363,40.643906],[22.932067,40.643571],[22.931781,40.643256],[22.931685,40.64315],[22.93156,40.643078],[22.931207,40.642697],[22.931123,40.642605],[22.931027,40.642501]]},"properties":{"name":"Μιχαήλ Καλού"}},{"type":"Feature","geometry":{"type":"LineString","coordinates":[[22.931685,40.64315],[22.931623,40.643045],[22.931189,40.642574],[22.931093,40.642469]]},"properties":{"name":"Μιχαήλ Καλού"}},{"type":"Feature","geometry":{"type":"LineString","coordinates":[[22.886613,40.659122],[22.886728,40.659189],[22.886777,40.659215],[22.886832,40.659235],[22.886956,40.659276],[22.887217,40.659362],[22.887507,40.659501],[22.887574,40.659533],[22.887641,40.659572],[22.887724,40.659633],[22.889106,40.660273],[22.890108,40.660736],[22.890345,40.660846],[22.890443,40.660891],[22.890519,40.660926],[22.890675,40.660994],[22.890978,40.661119],[22.891093,40.661099],[22.891126,40.661094],[22.891183,40.661079],[22.891257,40.661052],[22.891367,40.661005],[22.891878,40.660754],[22.892301,40.660541],[22.892365,40.660518],[22.892429,40.660501],[22.892483,40.660492],[22.892531,40.660487],[22.89257,40.660487],[22.892621,40.660491],[22.8927,40.660505],[22.89565,40.661342],[22.896324,40.661517],[22.896385,40.661533],[22.896433,40.661555],[22.896475,40.66158],[22.896506,40.661612],[22.896525,40.661645],[22.896536,40.661684],[22.896616,40.662152],[22.8966,40.662284],[22.896589,40.662356],[22.896591,40.662391],[22.896598,40.662412],[22.896616,40.662427],[22.896744,40.662521],[22.896823,40.662573],[22.896951,40.662659],[22.896964,40.662668],[22.897,40.662693],[22.897037,40.662717],[22.897081,40.662747],[22.897208,40.662832]]},"properties":{"name":"Σοφοκλή Βενιζέλου"}},{"type":"Feature","geometry":{"type":"LineString","coordinates":[[22.892301,40.660541],[22.892304,40.660561],[22.892305,40.660584],[22.892294,40.660632],[22.89228,40.660664],[22.892244,40.660727],[22.892069,40.660968],[22.891955,40.661121],[22.891692,40.661468],[22.891184,40.662139],[22.891094,40.662256],[22.891037,40.662326],[22.890976,40.662396],[22.890912,40.662462],[22.890842,40.662528],[22.890483,40.662869],[22.890405,40.662945],[22.890323,40.663016],[22.890259,40.663069],[22.890222,40.663095],[22.890193,40.663112],[22.890152,40.663134],[22.890091,40.66316],[22.889956,40.663213],[22.889794,40.663281],[22.88959,40.663372],[22.889241,40.663534],[22.888856,40.663726],[22.888752,40.663796],[22.888702,40.663834],[22.888661,40.663881],[22.888628,40.663949],[22.888609,40.664034],[22.888615,40.664406],[22.888602,40.664447],[22.888552,40.66449],[22.888439,40.664547],[22.888068,40.664671],[22.887936,40.664702],[22.887411,40.664763],[22.887267,40.664791],[22.886703,40.664965],[22.885697,40.665291],[22.885465,40.665368]]},"properties":{"name":"Παππά Εμμανουήλ"}},{"type":"Feature","geometry":{"type":"LineString","coordinates":[[22.885063,40.666829],[22.885108,40.666564],[22.885142,40.666381],[22.885282,40.66581],[22.88535,40.665554],[22.885396,40.665451],[22.885465,40.665368],[22.885345,40.665413],[22.885291,40.665487],[22.885253,40.665578],[22.885034,40.66637],[22.884928,40.666772]]},"properties":{"name":"Παππά Εμμανουήλ"}},{"type":"Feature","geometry":{"type":"LineString","coordinates":[[22.885063,40.666829],[22.885022,40.666803],[22.884928,40.666772],[22.884721,40.666725],[22.884454,40.666702],[22.884211,40.6667],[22.883752,40.666697],[22.883536,40.666708],[22.883406,40.666711],[22.882838,40.666753],[22.882785,40.666748],[22.882728,40.666723],[22.882695,40.666695],[22.882498,40.666342],[22.88247,40.666274],[22.882347,40.665979],[22.882164,40.665447],[22.882054,40.664982],[22.881992,40.664584],[22.881964,40.664375],[22.881951,40.664159],[22.881928,40.6634]]},"properties":{"name":"Τιμίου Σταυρού"}},{"type":"Feature","geometry":{"type":"LineString","coordinates":[[22.884684,40.662356],[22.884484,40.6625],[22.884287,40.662642],[22.884239,40.662672],[22.884203,40.662693],[22.884157,40.662714],[22.884106,40.662734],[22.884043,40.662756],[22.883974,40.662775],[22.883862,40.662799],[22.883812,40.66281],[22.883602,40.662851],[22.883397,40.662893],[22.88322,40.66293],[22.883048,40.66297],[22.882953,40.662995],[22.882846,40.663024],[22.882748,40.663056],[22.882676,40.663082],[22.882635,40.663099],[22.882194,40.663284],[22.881928,40.6634]]},"properties":{"name":"Διαλογής"}},{"type":"Feature","geometry":{"type":"LineString","coordinates":[[22.878203,40.655793],[22.877907,40.655791],[22.877121,40.655765],[22.876096,40.655765],[22.875734,40.655781],[22.874632,40.655785],[22.873855,40.655779],[22.87288,40.655775],[22.872487,40.655773],[22.871832,40.65577],[22.870771,40.655783],[22.870044,40.65579],[22.869678,40.65577],[22.869297,40.655736],[22.868767,40.655697],[22.868234,40.655653],[22.867478,40.65559],[22.866311,40.655503],[22.86464,40.655354],[22.86112,40.655078],[22.857311,40.654771],[22.856709,40.654718],[22.85645,40.654696],[22.856295,40.654682],[22.855657,40.654627],[22.852821,40.654394],[22.852588,40.654375],[22.85245,40.654364],[22.851505,40.654287],[22.85127,40.654266],[22.850765,40.654224],[22.850521,40.654205],[22.850067,40.654167],[22.849672,40.654138]]},"properties":{"name":"Βόρεια Παράπλευρη Εγνατίας"}},{"type":"Feature","geometry":{"type":"LineString","coordinates":[[22.849165,40.656072],[22.849217,40.656412],[22.84918,40.661887],[22.849177,40.662259],[22.849171,40.663264],[22.849162,40.664536],[22.849169,40.66465],[22.849198,40.664731],[22.849237,40.664786],[22.849289,40.664818],[22.849368,40.664832]]},"properties":{"name":"Ιωνίας"}},{"type":"Feature","geometry":{"type":"LineString","coordinates":[[22.849267,40.647758],[22.849265,40.647198],[22.849259,40.646809],[22.849251,40.64638],[22.849247,40.646085],[22.849244,40.645948],[22.849241,40.644982],[22.849242,40.644682],[22.849242,40.644246],[22.849246,40.644133],[22.849253,40.643094],[22.849228,40.641748]]},"properties":{"name":"Ιωνίας"}},{"type":"Feature","geometry":{"type":"LineString","coordinates":[[22.892746,40.709407],[22.891062,40.70834],[22.889949,40.70762],[22.889392,40.707247],[22.88858,40.706744],[22.888039,40.706381],[22.887445,40.705967],[22.887094,40.70572],[22.884656,40.704236],[22.884188,40.703999],[22.88345,40.703714],[22.883111,40.703569],[22.882471,40.703268],[22.881671,40.702919],[22.881445,40.702819]]},"properties":{"name":"Ιωνίας"}},{"type":"Feature","geometry":{"type":"LineString","coordinates":[[22.991132,40.59887],[22.991329,40.599535],[22.991482,40.600047],[22.991515,40.600161],[22.991653,40.600647]]},"properties":{"name":"Ολύμπου"}},{"type":"Feature","geometry":{"type":"LineString","coordinates":[[22.947438,40.63758],[22.947075,40.637772],[22.94702,40.637802],[22.946579,40.638056],[22.946091,40.638308],[22.945554,40.63858]]},"properties":{"name":"Ολύμπου"}},{"type":"Feature","geometry":{"type":"LineString","coordinates":[[22.927131,40.671523],[22.927551,40.671569],[22.927598,40.671576],[22.927636,40.671587],[22.927675,40.671602],[22.928058,40.671809],[22.929542,40.672626]]},"properties":{"name":"Ολύμπου"}},{"type":"Feature","geometry":{"type":"LineString","coordinates":[[22.879505,40.650224],[22.879429,40.650213],[22.878214,40.650121],[22.877877,40.650094],[22.877446,40.650068],[22.877226,40.650053],[22.877029,40.650039],[22.875421,40.649922],[22.873629,40.64978],[22.872932,40.649715],[22.871827,40.649588],[22.871263,40.649539],[22.870187,40.64946],[22.86947,40.649401],[22.8682,40.649308],[22.866957,40.649166],[22.866758,40.649144],[22.866197,40.649089],[22.866177,40.649088],[22.865197,40.64901],[22.864287,40.648979],[22.863865,40.648965],[22.863803,40.64896],[22.863525,40.648937],[22.863179,40.648913],[22.861071,40.648712],[22.858124,40.648481],[22.857384,40.648401],[22.855716,40.648284],[22.853692,40.648105],[22.85347,40.648085],[22.852466,40.648011],[22.85193,40.647969],[22.85175,40.647956],[22.851498,40.647937],[22.851142,40.647908],[22.84991,40.647809],[22.849267,40.647758]]},"properties":{"name":"Ολύμπου"}},{"type":"Feature","geometry":{"type":"LineString","coordinates":[[23.021822,40.579495],[23.021854,40.579424],[23.021905,40.579299],[23.021986,40.579176],[23.022098,40.579082],[23.022261,40.579037],[23.022463,40.579012],[23.022588,40.579038],[23.022769,40.579085],[23.023055,40.579218],[23.023263,40.579345],[23.02339,40.579466],[23.023477,40.57954],[23.023625,40.579688],[23.02369,40.579746],[23.023721,40.579769],[23.023749,40.579788],[23.023784,40.579805],[23.023821,40.579819],[23.023861,40.579832],[23.023903,40.579841],[23.023948,40.579847],[23.024001,40.579853],[23.024042,40.579855],[23.024084,40.579854],[23.024117,40.579853],[23.024154,40.579848],[23.024188,40.579841],[23.024221,40.57983],[23.024246,40.579819],[23.024274,40.579804],[23.024304,40.579786],[23.02439,40.57973],[23.024491,40.579664],[23.024655,40.579554],[23.024788,40.579466],[23.024927,40.579374],[23.025029,40.579309],[23.025098,40.579269],[23.025142,40.579246],[23.025184,40.579228],[23.025244,40.579208],[23.025287,40.579195],[23.025347,40.579183],[23.025399,40.579175],[23.025466,40.579168],[23.025532,40.579164],[23.025568,40.579164],[23.025615,40.579166],[23.025649,40.57917],[23.025682,40.579175],[23.025719,40.579182],[23.025753,40.57919],[23.025795,40.579204],[23.025839,40.579223],[23.025869,40.579238],[23.025904,40.57926],[23.025937,40.579281],[23.025962,40.5793],[23.025998,40.579331],[23.026043,40.579371],[23.026084,40.57941],[23.026111,40.57944],[23.026125,40.579459],[23.02614,40.579485],[23.026156,40.579517],[23.026275,40.579803],[23.026327,40.579934],[23.026347,40.579982],[23.026373,40.580034],[23.026399,40.580081],[23.026428,40.580126],[23.026461,40.580171],[23.026505,40.580223],[23.026554,40.580273],[23.026634,40.580351],[23.026705,40.580409],[23.026783,40.580471],[23.026915,40.580573],[23.027278,40.580843],[23.027392,40.580943],[23.027548,40.581078],[23.027704,40.581213],[23.027816,40.581313],[23.027919,40.581411],[23.02816,40.581636],[23.028252,40.581721],[23.028319,40.581791],[23.028381,40.581859],[23.028433,40.581918],[23.028468,40.581961],[23.028494,40.581997],[23.028507,40.582022],[23.028519,40.582057],[23.028524,40.582085],[23.028527,40.58211],[23.028526,40.582144],[23.028524,40.582165],[23.028515,40.582203],[23.028506,40.582249],[23.028431,40.5826],[23.028362,40.582985],[23.02829,40.583467],[23.028282,40.583514],[23.028274,40.58355],[23.028266,40.58357],[23.028254,40.583591],[23.028235,40.583619],[23.028216,40.58364],[23.028191,40.583663],[23.028092,40.583741],[23.027968,40.583826],[23.027876,40.583888],[23.027604,40.584054],[23.027114,40.584344],[23.026916,40.584467],[23.026619,40.584663],[23.026404,40.584812],[23.026274,40.584902],[23.026214,40.584948],[23.026169,40.584987],[23.026137,40.585017],[23.026114,40.585049],[23.02609,40.585084],[23.026056,40.58514],[23.025997,40.585239],[23.025929,40.585363],[23.025833,40.585556],[23.025746,40.585746],[23.025641,40.585987],[23.025606,40.586055],[23.025567,40.586124],[23.02553,40.586185],[23.025515,40.586206],[23.025501,40.586226],[23.025485,40.586246],[23.02547,40.586264],[23.025444,40.58629],[23.025385,40.586344],[23.025342,40.586381],[23.025321,40.586399],[23.025284,40.586426],[23.025247,40.586453],[23.025203,40.586483],[23.025157,40.586513],[23.02509,40.586553],[23.025008,40.586605],[23.024889,40.586681],[23.024495,40.586929],[23.024343,40.587027],[23.024199,40.587117],[23.024121,40.587166],[23.024054,40.587209],[23.023999,40.587247],[23.023935,40.587294],[23.023879,40.58734],[23.023825,40.587394],[23.023802,40.58742],[23.02378,40.587448],[23.02376,40.587478],[23.023745,40.587501],[23.023727,40.587533],[23.023715,40.587558],[23.023699,40.587592],[23.023689,40.587623],[23.023682,40.587645],[23.023669,40.587692],[23.023656,40.587756],[23.023648,40.587799],[23.023643,40.587846],[23.023639,40.58789],[23.023637,40.587938],[23.023639,40.587997],[23.023649,40.588197],[23.023654,40.588285],[23.023661,40.588364],[23.023666,40.588423],[23.023672,40.588468],[23.023683,40.588521],[23.02369,40.588552],[23.023698,40.588581],[23.023706,40.588605],[23.02372,40.588642],[23.02374,40.588686],[23.023774,40.588748],[23.023804,40.588797],[23.023851,40.588861],[23.023882,40.588899],[23.023912,40.588936]]},"properties":{"name":"Ολύμπου"}},{"type":"Feature","geometry":{"type":"LineString","coordinates":[[22.989947,40.600931],[22.990148,40.60091],[22.990336,40.600884],[22.990514,40.600856],[22.990669,40.600831],[22.990809,40.600807],[22.991131,40.600747],[22.991288,40.600718],[22.991433,40.60069],[22.991653,40.600647]]},"properties":{"name":"Τζών Κέννεντυ"}},{"type":"Feature","geometry":{"type":"LineString","coordinates":[[22.989947,40.600931],[22.989835,40.600931],[22.989754,40.600926],[22.989662,40.60092],[22.989614,40.600916],[22.989448,40.600905],[22.989412,40.600902],[22.989214,40.600883],[22.989102,40.60088],[22.988971,40.600874],[22.988932,40.600873],[22.988803,40.600871],[22.988296,40.600881],[22.988095,40.600888],[22.987877,40.600898],[22.987719,40.6009],[22.987619,40.600898],[22.98714,40.60088],[22.986977,40.600872],[22.986624,40.600851],[22.98638,40.600839],[22.98632,40.600835],[22.98601,40.600818],[22.985725,40.600802],[22.985617,40.600795],[22.98553,40.600787],[22.98547,40.600781],[22.985412,40.600774],[22.985357,40.600767],[22.98531,40.600759],[22.985259,40.60075],[22.985188,40.600736],[22.985099,40.600717],[22.984687,40.600617],[22.984571,40.600584],[22.984138,40.600477],[22.984091,40.600465],[22.984055,40.600458],[22.984008,40.600452],[22.98396,40.600448],[22.983908,40.600446],[22.983853,40.600448],[22.983814,40.600451],[22.983772,40.600456],[22.983736,40.600462],[22.983696,40.600472],[22.983646,40.600487],[22.983586,40.60051],[22.98354,40.60053],[22.983494,40.600552],[22.983452,40.600572],[22.983296,40.600651],[22.982739,40.600957],[22.982399,40.601144],[22.982354,40.601168],[22.98227,40.601208],[22.982157,40.601259],[22.98195,40.601345],[22.981813,40.601391],[22.981555,40.601478],[22.9814,40.60153],[22.981318,40.601555],[22.981237,40.601579],[22.981007,40.601649],[22.980951,40.601666],[22.980909,40.601679],[22.980835,40.601698]]},"properties":{"name":"Προφήτη Ηλία"}},{"type":"Feature","geometry":{"type":"LineString","coordinates":[[22.974937,40.602754],[22.97499,40.602649],[22.975146,40.602306],[22.975405,40.60176],[22.97554,40.601436],[22.975607,40.601275],[22.975849,40.600688],[22.975871,40.60062],[22.975881,40.600558],[22.975882,40.600483],[22.975875,40.600423],[22.97586,40.600347],[22.975323,40.599247],[22.974934,40.598553],[22.97476,40.598197]]},"properties":{"name":"Αναξιμάνδρου"}},{"type":"Feature","geometry":{"type":"LineString","coordinates":[[22.97476,40.598197],[22.97472,40.598205],[22.974688,40.598207],[22.974666,40.598207],[22.974646,40.598206],[22.974614,40.598203],[22.974586,40.598198],[22.974551,40.598193],[22.97447,40.598172]]},"properties":{"name":"Πελοπίδα"}},{"type":"Feature","geometry":{"type":"LineString","coordinates":[[22.97447,40.598172],[22.973982,40.599265],[22.973716,40.599863],[22.9737,40.599915],[22.973684,40.599994]]},"properties":{"name":"Νικάνορος"}},{"type":"Feature","geometry":{"type":"LineString","coordinates":[[22.973684,40.599994],[22.973127,40.599854]]},"properties":{"name":"Γιάννη Αγγέλου"}},{"type":"Feature","geometry":{"type":"LineString","coordinates":[[22.973127,40.599854],[22.972978,40.600244],[22.97289,40.600474],[22.972768,40.600792],[22.972635,40.601142],[22.972434,40.601666],[22.972284,40.602053],[22.972265,40.602165],[22.972257,40.602268],[22.97215,40.602644],[22.972032,40.602942],[22.97194,40.603193],[22.971805,40.603539],[22.971699,40.603818],[22.971599,40.604042],[22.971587,40.604068],[22.971568,40.60411]]},"properties":{"name":"Γυμνασιάρχου Βασιλείου Μυστακίδου"}},{"type":"Feature","geometry":{"type":"LineString","coordinates":[[22.971568,40.60411],[22.971531,40.604201],[22.971442,40.604409],[22.971409,40.604513],[22.9714,40.604549],[22.971396,40.604577],[22.971397,40.604607],[22.9714,40.604629],[22.971458,40.604906],[22.971463,40.604935],[22.971465,40.604956],[22.971462,40.604974],[22.971452,40.605009],[22.971437,40.605053],[22.971423,40.60509],[22.971324,40.605329],[22.97127,40.605453],[22.971132,40.60577],[22.971086,40.605868],[22.971021,40.606005],[22.970981,40.606097],[22.970963,40.60614],[22.970889,40.606316],[22.970527,40.607134],[22.970202,40.607862],[22.970152,40.607973],[22.969929,40.608472],[22.969696,40.608969],[22.969684,40.608993],[22.969664,40.609036],[22.969635,40.60909],[22.96955,40.609244],[22.969415,40.609506],[22.969247,40.609832],[22.969014,40.610286],[22.968907,40.610494],[22.968787,40.610726],[22.968568,40.611135],[22.968437,40.611381],[22.968396,40.61146],[22.968354,40.611538],[22.968324,40.611595],[22.968032,40.612158],[22.96794,40.612334],[22.967794,40.612617],[22.967669,40.612856],[22.967553,40.613085],[22.967505,40.61318],[22.967492,40.613207],[22.967419,40.613362]]},"properties":{"name":"Παπάφη"}},{"type":"Feature","geometry":{"type":"LineString","coordinates":[[22.96248,40.619623],[22.962661,40.619428],[22.962768,40.619307],[22.962854,40.619202],[22.963267,40.61874],[22.96332,40.61868],[22.963397,40.618599]]},"properties":{"name":"Παπάφη"}},{"type":"Feature","geometry":{"type":"LineString","coordinates":[[22.967461,40.613421],[22.967485,40.61349],[22.967492,40.613516],[22.967494,40.613544],[22.967491,40.613572],[22.967478,40.613606],[22.967461,40.613639],[22.967418,40.613707],[22.967303,40.613885],[22.96703,40.614298],[22.966441,40.615218],[22.966392,40.615295],[22.966327,40.615373],[22.965577,40.616197],[22.965194,40.616659],[22.965171,40.616684],[22.965001,40.616873],[22.964893,40.616975],[22.964434,40.617484],[22.964217,40.617746],[22.96395,40.618042],[22.963729,40.618289],[22.963654,40.618371],[22.963644,40.61842],[22.963615,40.618452],[22.963586,40.618483],[22.963497,40.618581],[22.963449,40.618635],[22.963377,40.618714],[22.962921,40.619235],[22.962855,40.619313],[22.962783,40.6194],[22.96265,40.619546]]},"properties":{"name":"Παπάφη"}},{"type":"Feature","geometry":{"type":"LineString","coordinates":[[22.967419,40.613362],[22.967321,40.613264],[22.967257,40.613207],[22.967195,40.613152],[22.967155,40.613122],[22.967136,40.613109],[22.967123,40.613101],[22.967065,40.613073],[22.967004,40.613052],[22.966939,40.613034],[22.966652,40.612954],[22.966572,40.612931],[22.965924,40.612759],[22.965563,40.612674],[22.965373,40.612629],[22.965246,40.612599],[22.964842,40.612493],[22.96469,40.612453],[22.964218,40.612297],[22.964137,40.61227],[22.964055,40.61224]]},"properties":{"name":"Κλεάνθους"}},{"type":"Feature","geometry":{"type":"LineString","coordinates":[[22.967461,40.613421],[22.967747,40.613513],[22.967833,40.613538],[22.968149,40.61363],[22.968463,40.613724],[22.969016,40.613886],[22.969136,40.613922],[22.969243,40.613953],[22.969494,40.614027],[22.96987,40.614137],[22.970048,40.614189]]},"properties":{"name":"Κλεάνθους"}},{"type":"Feature","geometry":{"type":"LineString","coordinates":[[23.006883,40.678024],[23.006291,40.677674],[23.005794,40.677378],[23.005711,40.677326],[23.005644,40.677286],[23.005598,40.677247],[23.005556,40.677205],[23.005477,40.677103]]},"properties":{"name":"Κλεάνθους"}},{"type":"Feature","geometry":{"type":"LineString","coordinates":[[22.981285,40.593487],[22.981334,40.593529],[22.981363,40.593549],[22.981397,40.593566],[22.981455,40.593586],[22.981557,40.593609],[22.982476,40.59378],[22.984543,40.594171],[22.984706,40.594198],[22.984804,40.594212],[22.984917,40.594224],[22.984979,40.594228],[22.985042,40.594229],[22.985164,40.59423],[22.985212,40.594232],[22.985276,40.594235],[22.985351,40.59424],[22.985433,40.594249],[22.985512,40.594262],[22.985584,40.594276],[22.985642,40.594292],[22.985692,40.594309],[22.985728,40.594324],[22.985768,40.594346],[22.985803,40.594367],[22.985855,40.594403],[22.985908,40.594444],[22.985962,40.594472],[22.985997,40.59449],[22.98607,40.594527]]},"properties":{"name":"Ισμήνης"}},{"type":"Feature","geometry":{"type":"LineString","coordinates":[[22.981285,40.593487],[22.981267,40.593471],[22.98125,40.593442],[22.981243,40.593425],[22.981234,40.593393],[22.981227,40.593341],[22.981224,40.593287],[22.981224,40.593235],[22.981227,40.593074],[22.981233,40.592988],[22.981237,40.592817],[22.98125,40.592713],[22.981258,40.592651],[22.981273,40.59257],[22.981285,40.592526],[22.981297,40.592485],[22.981316,40.592432],[22.981335,40.592385],[22.981349,40.592349],[22.981374,40.592298],[22.981399,40.592247],[22.981435,40.592177],[22.981555,40.591949],[22.981965,40.591171],[22.982129,40.590864],[22.98217,40.590784],[22.982208,40.59071],[22.98224,40.590649],[22.98226,40.590601],[22.982266,40.590586]]},"properties":{"name":"Ερατούς"}},{"type":"Feature","geometry":{"type":"LineString","coordinates":[[22.993055,40.597148],[22.99299,40.597127],[22.992715,40.597026],[22.992624,40.596994],[22.99256,40.596973],[22.992523,40.596962],[22.992484,40.596953],[22.992431,40.596945],[22.992377,40.596939],[22.992327,40.596936],[22.992272,40.596936],[22.992216,40.596938],[22.99216,40.596942],[22.992099,40.596949],[22.992049,40.596956],[22.991959,40.596972],[22.991861,40.596991],[22.991765,40.59701],[22.991682,40.597028],[22.991621,40.597042],[22.991531,40.597065],[22.991447,40.597088],[22.991402,40.597101],[22.991335,40.597121],[22.991257,40.597147],[22.991133,40.597193],[22.990974,40.597258],[22.99086,40.597307],[22.990815,40.597328],[22.990752,40.597357],[22.990668,40.597398],[22.990551,40.597461],[22.990452,40.597513],[22.990368,40.597557],[22.990306,40.597588],[22.990288,40.597598],[22.990273,40.597605],[22.990263,40.597608],[22.990252,40.59761],[22.990244,40.597611],[22.990236,40.597611],[22.990229,40.597611],[22.990221,40.59761],[22.990213,40.597608],[22.990204,40.597605],[22.990195,40.597602],[22.990177,40.597596],[22.990149,40.597586],[22.990111,40.597572],[22.990067,40.597556],[22.990036,40.597546],[22.989965,40.597527],[22.989873,40.597506],[22.9898,40.597492],[22.989716,40.597475],[22.989646,40.597458],[22.98947,40.597412],[22.989367,40.597385],[22.989288,40.597364],[22.989246,40.597354],[22.989217,40.597347],[22.989179,40.597342],[22.989141,40.597338],[22.989066,40.597334],[22.988971,40.597331],[22.988879,40.597331],[22.988668,40.597335],[22.988318,40.597345],[22.988288,40.597345],[22.988162,40.597348],[22.988036,40.597351],[22.987874,40.597348],[22.987778,40.597346],[22.987675,40.597342],[22.987587,40.597338],[22.987466,40.597327],[22.987341,40.597316],[22.987203,40.597313],[22.987067,40.597311],[22.986924,40.597315],[22.98683,40.597319],[22.986717,40.597327],[22.986583,40.597338],[22.986485,40.597351],[22.986399,40.597365],[22.986362,40.597375],[22.986329,40.597384],[22.986295,40.597397],[22.986232,40.597424],[22.986182,40.597448],[22.986122,40.597477],[22.986059,40.597508],[22.98602,40.597529],[22.985993,40.597546],[22.985947,40.597579],[22.985899,40.597618],[22.985865,40.597649],[22.985825,40.597688],[22.985803,40.597713],[22.98577,40.597751],[22.985745,40.597787],[22.985722,40.597826],[22.985704,40.597862],[22.985687,40.5979],[22.985669,40.597943],[22.985654,40.598009],[22.985648,40.598039],[22.985647,40.598063],[22.985647,40.59808],[22.985654,40.598102]]},"properties":{"name":"Πρασακάκη"}},{"type":"Feature","geometry":{"type":"LineString","coordinates":[[22.979121,40.597054],[22.979044,40.59703],[22.978938,40.596992],[22.978804,40.59694],[22.978786,40.596934],[22.978743,40.596917],[22.978658,40.596883],[22.978621,40.596867],[22.978594,40.596856],[22.978524,40.596828],[22.978452,40.5968],[22.978379,40.596773],[22.978277,40.596735],[22.978069,40.596659],[22.977807,40.596561],[22.977767,40.596546],[22.977322,40.59638],[22.977142,40.596312],[22.977009,40.59626],[22.976896,40.596213],[22.976801,40.596173],[22.976759,40.596154],[22.976629,40.596095],[22.976554,40.596063],[22.976467,40.596029],[22.976299,40.595966],[22.976149,40.595911],[22.975988,40.595852],[22.975932,40.59583],[22.975784,40.595775],[22.975695,40.595738],[22.975592,40.595694],[22.975516,40.595659],[22.975455,40.595629],[22.975381,40.595591]]},"properties":{"name":"Βεργίνας"}},{"type":"Feature","geometry":{"type":"LineString","coordinates":[[22.975381,40.595591],[22.975461,40.595499],[22.975768,40.595147],[22.975927,40.594913],[22.976056,40.594731],[22.976167,40.594502]]},"properties":{"name":"Γεώργιου Γεννηματά"}},{"type":"Feature","geometry":{"type":"LineString","coordinates":[[22.973394,40.593754],[22.97336,40.593822]]},"properties":{"name":"Μάνου Χατζηδάκι"}},{"type":"Feature","geometry":{"type":"LineString","coordinates":[[22.911837,40.652416],[22.911969,40.652255],[22.91207,40.652132],[22.912133,40.652055]]},"properties":{"name":"Μαντείων"}},{"type":"Feature","geometry":{"type":"LineString","coordinates":[[22.912564,40.65137],[22.912556,40.651477],[22.912519,40.651583],[22.912478,40.651634],[22.912381,40.651752],[22.912274,40.651883],[22.912133,40.652055],[22.912174,40.652124],[22.912258,40.652263],[22.912309,40.652347]]},"properties":{"name":"Μαντείων"}},{"type":"Feature","geometry":{"type":"LineString","coordinates":[[22.920245,40.647423],[22.920149,40.647313],[22.91979,40.646902],[22.919734,40.646838],[22.91962,40.646708],[22.919087,40.646091],[22.919017,40.645985],[22.918957,40.64591],[22.918917,40.645836],[22.918899,40.645757],[22.918878,40.645665],[22.918859,40.64561],[22.918832,40.645529],[22.918814,40.645494],[22.918781,40.645439],[22.918746,40.645398],[22.918684,40.645323]]},"properties":{"name":"Κωλέττη"}},{"type":"Feature","geometry":{"type":"LineString","coordinates":[[22.900676,40.652417],[22.901005,40.652055],[22.901559,40.651389],[22.901782,40.651161],[22.901922,40.650988],[22.902077,40.650781],[22.902286,40.650447],[22.902346,40.650348],[22.902484,40.650111],[22.902684,40.649811],[22.902783,40.649689],[22.902893,40.649586],[22.902984,40.649517],[22.903114,40.649423],[22.903949,40.648938],[22.906902,40.647365],[22.907334,40.647117],[22.907564,40.646984],[22.907808,40.646829],[22.908077,40.646621],[22.908243,40.646473],[22.908582,40.64614],[22.908676,40.646025],[22.908835,40.645833],[22.909293,40.645216],[22.910128,40.644015],[22.910184,40.643932],[22.910227,40.643877],[22.910313,40.643765],[22.910495,40.643609],[22.910635,40.643518],[22.910815,40.643416],[22.911035,40.643321],[22.911399,40.64319],[22.911601,40.643125],[22.912357,40.64289],[22.91242,40.64287],[22.913419,40.64256],[22.914514,40.642211],[22.915616,40.641863],[22.916369,40.641626],[22.917137,40.641349],[22.918134,40.641067],[22.918298,40.641015],[22.918333,40.641004],[22.918438,40.640976],[22.918544,40.640952],[22.91865,40.640929],[22.919295,40.640785],[22.92081,40.640482],[22.921419,40.640375],[22.9218,40.640336],[22.922253,40.640288],[22.922902,40.640229],[22.923032,40.640217],[22.923068,40.640213],[22.923166,40.640205],[22.923263,40.640197],[22.924261,40.64011],[22.924542,40.640085],[22.925183,40.640029],[22.925682,40.639994],[22.926088,40.639961],[22.926483,40.639927],[22.927024,40.639873],[22.927348,40.639842],[22.927689,40.639812],[22.928963,40.639692],[22.929221,40.63967],[22.929371,40.639659],[22.929566,40.639646],[22.929933,40.639623],[22.929995,40.639615],[22.930138,40.639604],[22.930228,40.639597],[22.930323,40.639593],[22.930402,40.63959],[22.930463,40.639591],[22.930515,40.639592],[22.930557,40.639595],[22.9306,40.639598],[22.930645,40.639603],[22.930707,40.639611],[22.93075,40.639617],[22.930813,40.639627],[22.931003,40.639659],[22.931051,40.639667],[22.931183,40.639688],[22.931365,40.639708],[22.931455,40.639713],[22.931629,40.639721]]},"properties":{"name":"26ης Οκτωβρίου"}},{"type":"Feature","geometry":{"type":"LineString","coordinates":[[22.900242,40.654256],[22.900254,40.654239],[22.900262,40.654227],[22.90027,40.654211],[22.900275,40.6542],[22.900279,40.654187],[22.900286,40.654161],[22.900288,40.654149],[22.900291,40.654131],[22.90029,40.654109],[22.900284,40.654082],[22.900274,40.654059],[22.900257,40.654035],[22.900228,40.654009],[22.900198,40.653993],[22.900166,40.653975],[22.900125,40.653956]]},"properties":{"name":"26ης Οκτωβρίου"}},{"type":"Feature","geometry":{"type":"LineString","coordinates":[[22.900531,40.652344],[22.900711,40.652157],[22.901105,40.651763],[22.901481,40.651352],[22.901595,40.651219],[22.901799,40.650956],[22.90193,40.650754],[22.902093,40.650501],[22.902161,40.650392],[22.902542,40.649776],[22.902651,40.649616],[22.902786,40.649479],[22.90293,40.64937],[22.903053,40.649294],[22.903245,40.649177],[22.903984,40.648771],[22.904444,40.648521],[22.905456,40.647972],[22.906659,40.64734],[22.906849,40.647248],[22.907118,40.647095],[22.907386,40.646943],[22.907545,40.646843],[22.907684,40.646748],[22.90795,40.646545],[22.908091,40.646423],[22.908195,40.646327],[22.90843,40.64608],[22.908541,40.645947],[22.908698,40.645763],[22.909147,40.645143],[22.909742,40.644336],[22.909897,40.644092],[22.909978,40.643966],[22.910037,40.643869],[22.910077,40.643813],[22.910193,40.643685],[22.910287,40.643602],[22.910353,40.643553],[22.910448,40.643478],[22.91055,40.643408],[22.910711,40.643323],[22.910958,40.64323],[22.911284,40.64313],[22.911634,40.643025],[22.912114,40.642867],[22.912148,40.642856],[22.912309,40.642809],[22.912354,40.642796],[22.912456,40.642764],[22.913367,40.642474],[22.913445,40.64245],[22.914464,40.642134],[22.915389,40.641836],[22.915629,40.641759],[22.917098,40.641264],[22.917975,40.641015],[22.918089,40.640979],[22.918287,40.64092],[22.918391,40.640889],[22.918514,40.640862],[22.919579,40.640624],[22.9196,40.64062],[22.919988,40.640542],[22.920202,40.640499],[22.920873,40.640374],[22.921407,40.640284],[22.921741,40.640243],[22.922816,40.640145],[22.922903,40.640139],[22.923047,40.640127],[22.923096,40.640119],[22.923185,40.640109],[22.923676,40.640061],[22.924749,40.639967],[22.925633,40.639896],[22.926165,40.639856],[22.926265,40.639846],[22.926363,40.639838],[22.927214,40.639762],[22.927646,40.639726],[22.928892,40.639612],[22.929941,40.639523],[22.930211,40.639502],[22.930271,40.639499],[22.93041,40.639488],[22.930551,40.639503],[22.930633,40.639512],[22.930701,40.639519],[22.930902,40.639546],[22.931092,40.639585],[22.931144,40.639593],[22.931241,40.639614],[22.931478,40.639669],[22.931629,40.639721],[22.932492,40.639864],[22.932581,40.639879],[22.932804,40.639918],[22.933257,40.640007],[22.93374,40.640101],[22.933954,40.640143],[22.934295,40.64021],[22.934388,40.640235],[22.93447,40.64027],[22.934543,40.640314],[22.934641,40.640365],[22.93474,40.640426],[22.934863,40.64053],[22.934868,40.640535],[22.934934,40.640594],[22.935007,40.64068]]},"properties":{"name":"26ης Οκτωβρίου"}},{"type":"Feature","geometry":{"type":"LineString","coordinates":[[22.893594,40.654781],[22.894203,40.65466],[22.895617,40.654325]]},"properties":{"name":"26ης Οκτωβρίου"}},{"type":"Feature","geometry":{"type":"LineString","coordinates":[[22.934847,40.640636],[22.93478,40.640561],[22.934679,40.640448],[22.934543,40.640314]]},"properties":{"name":"26ης Οκτωβρίου"}},{"type":"Feature","geometry":{"type":"LineString","coordinates":[[23.091029,40.436595],[23.090956,40.436692],[23.090906,40.43676],[23.090813,40.436918],[23.090798,40.437106],[23.090736,40.437548],[23.090802,40.437758],[23.0909,40.437924],[23.090999,40.438055],[23.091092,40.438123],[23.091252,40.438279],[23.091443,40.438524],[23.091813,40.439068]]},"properties":{"name":"26ης Οκτωβρίου"}},{"type":"Feature","geometry":{"type":"LineString","coordinates":[[22.949214,40.626307],[22.949254,40.626304],[22.949377,40.6263],[22.949508,40.626298],[22.949668,40.626293],[22.950175,40.626291],[22.951464,40.626294],[22.952095,40.626295],[22.952481,40.626293],[22.952589,40.626291],[22.952653,40.62629],[22.95272,40.626288],[22.952782,40.626284],[22.952861,40.626277]]},"properties":{"name":"Νικολάου Γερμανού"}},{"type":"Feature","geometry":{"type":"LineString","coordinates":[[22.963397,40.618599],[22.963497,40.618581]]},"properties":{"name":"Μαραθώνος"}},{"type":"Feature","geometry":{"type":"LineString","coordinates":[[22.930501,40.685843],[22.930446,40.686046],[22.930423,40.686131],[22.930376,40.686281],[22.930283,40.6866],[22.930225,40.686787],[22.930101,40.687242],[22.929988,40.687633],[22.929956,40.687753],[22.929941,40.687785],[22.929924,40.687811],[22.929817,40.688216],[22.929779,40.688348],[22.929729,40.688531],[22.929702,40.688684],[22.929678,40.688808],[22.929629,40.688979],[22.929599,40.689084],[22.929539,40.689306],[22.929516,40.689391],[22.929487,40.689511],[22.929423,40.689726],[22.929346,40.690037],[22.929048,40.69121]]},"properties":{"name":"Μαραθώνος"}},{"type":"Feature","geometry":{"type":"LineString","coordinates":[[22.970048,40.614189],[22.970049,40.61407],[22.97006,40.614039]]},"properties":{"name":"Μικράς Ασίας"}},{"type":"Feature","geometry":{"type":"LineString","coordinates":[[22.970952,40.613315],[22.971006,40.613289],[22.971067,40.61326],[22.97115,40.613223],[22.971246,40.613182],[22.971322,40.613152],[22.971374,40.613131],[22.971761,40.61299],[22.972507,40.61271],[22.972511,40.612709],[22.972775,40.612602],[22.972912,40.612543],[22.973084,40.612468],[22.973388,40.612333]]},"properties":{"name":"Μικράς Ασίας"}},{"type":"Feature","geometry":{"type":"LineString","coordinates":[[22.994519,40.658328],[22.994361,40.658317],[22.994084,40.658304],[22.994024,40.658301],[22.99379,40.658287],[22.993545,40.658271],[22.993381,40.65826],[22.993194,40.658246],[22.993076,40.658239],[22.992994,40.658236]]},"properties":{"name":"Μικράς Ασίας"}},{"type":"Feature","geometry":{"type":"LineString","coordinates":[[22.97006,40.614039],[22.970126,40.613896],[22.970182,40.613783],[22.970201,40.613746],[22.970219,40.613718],[22.970232,40.613696],[22.970244,40.613677],[22.970267,40.613646],[22.970288,40.613622],[22.970312,40.613596],[22.970335,40.613574],[22.970357,40.613554],[22.970381,40.613535],[22.970405,40.613519],[22.970429,40.613503],[22.970459,40.613488],[22.970517,40.613459],[22.970581,40.61343],[22.9707,40.613383],[22.970791,40.613348],[22.970845,40.613334],[22.970952,40.613315]]},"properties":{"name":"Διογένους"}},{"type":"Feature","geometry":{"type":"LineString","coordinates":[[22.973388,40.612333],[22.973482,40.612139],[22.973627,40.611856],[22.973803,40.611528],[22.973984,40.611172],[22.974013,40.611116],[22.974256,40.610637],[22.974482,40.610232],[22.974624,40.609952],[22.974747,40.609725],[22.974953,40.609352],[22.975187,40.608914],[22.975307,40.608693],[22.975453,40.608424],[22.975501,40.608339],[22.975708,40.607974],[22.975827,40.607829]]},"properties":{"name":"Βοσπόρου"}},{"type":"Feature","geometry":{"type":"LineString","coordinates":[[22.979783,40.609086],[22.979751,40.609065],[22.979715,40.609041],[22.979682,40.609019],[22.979516,40.608959],[22.979477,40.608946],[22.979405,40.608923],[22.97931,40.608891],[22.979262,40.608875],[22.978752,40.608715],[22.978409,40.608607],[22.978251,40.608557],[22.978056,40.608495],[22.977422,40.608294],[22.976841,40.608111],[22.976328,40.607948],[22.975827,40.607829],[22.975689,40.607796]]},"properties":{"name":"Αμφιπόλεως"}},{"type":"Feature","geometry":{"type":"LineString","coordinates":[[22.979405,40.608923],[22.979487,40.608801],[22.979544,40.608728],[22.979749,40.608473],[22.979998,40.608183],[22.980136,40.608022],[22.980642,40.607448],[22.981338,40.606654]]},"properties":{"name":"Πυλαίας"}},{"type":"Feature","geometry":{"type":"LineString","coordinates":[[22.982047,40.606962],[22.981338,40.606654]]},"properties":{"name":"Φιλήντα Μένου"}},{"type":"Feature","geometry":{"type":"LineString","coordinates":[[22.982047,40.606962],[22.981396,40.607688],[22.981279,40.607816],[22.981203,40.607899],[22.980334,40.608853],[22.980116,40.609102],[22.979937,40.609297],[22.979893,40.609342],[22.979795,40.609446],[22.979808,40.60935],[22.979815,40.609282],[22.979817,40.609243],[22.979816,40.609205],[22.979813,40.609177],[22.979806,40.609147],[22.979803,40.609138],[22.979794,40.609113],[22.979783,40.609086]]},"properties":{"name":"Επιδαύρου"}},{"type":"Feature","geometry":{"type":"LineString","coordinates":[[22.979448,40.611175],[22.979519,40.610821],[22.979579,40.610539],[22.97963,40.610332],[22.979778,40.609598],[22.979791,40.609475],[22.979795,40.609446]]},"properties":{"name":"Επιδαύρου"}},{"type":"Feature","geometry":{"type":"LineString","coordinates":[[22.975689,40.607796],[22.97549,40.607878],[22.97449,40.608289],[22.97394,40.608514],[22.973772,40.608583],[22.973268,40.60879],[22.973008,40.608893],[22.972879,40.608942],[22.971947,40.609323],[22.97182,40.609365],[22.971775,40.609376],[22.971739,40.609384],[22.971699,40.609387],[22.971648,40.609384],[22.971623,40.609379],[22.971533,40.609356]]},"properties":{"name":"Αρτάκης"}},{"type":"Feature","geometry":{"type":"LineString","coordinates":[[22.971533,40.609356],[22.971502,40.609415],[22.971467,40.609479],[22.971432,40.609545],[22.971407,40.609593],[22.971375,40.609652],[22.971344,40.609711],[22.971289,40.609819],[22.97101,40.61035],[22.970876,40.610606],[22.970856,40.610645],[22.970822,40.61071],[22.970802,40.610747],[22.970658,40.611022],[22.970537,40.611252],[22.970407,40.611501],[22.970276,40.61175],[22.97025,40.611799],[22.97015,40.61199],[22.970115,40.612056],[22.969917,40.612434],[22.969686,40.612875],[22.96954,40.613153],[22.969416,40.613388],[22.969375,40.613467],[22.969302,40.613606],[22.969178,40.613842],[22.969136,40.613922]]},"properties":{"name":"Ανατολικής Θράκης"}},{"type":"Feature","geometry":{"type":"LineString","coordinates":[[22.994463,40.610457],[22.992993,40.611268]]},"properties":{"name":"Κώστα Βάρναλη"}},{"type":"Feature","geometry":{"type":"LineString","coordinates":[[22.992993,40.611268],[22.992681,40.610934],[22.992649,40.610898],[22.992338,40.610563],[22.992022,40.610213],[22.991699,40.609872],[22.991371,40.609537],[22.991137,40.609299],[22.991106,40.609271],[22.991075,40.609244],[22.991052,40.609225],[22.990986,40.609178]]},"properties":{"name":"Γεωργίου Σεφέρη"}},{"type":"Feature","geometry":{"type":"LineString","coordinates":[[22.987877,40.610833],[22.987966,40.610808],[22.988043,40.610787],[22.98809,40.610773],[22.988114,40.610764],[22.988179,40.610736],[22.988251,40.610705],[22.988344,40.610657],[22.988917,40.610332],[22.989506,40.610003],[22.989571,40.609966],[22.989647,40.609925],[22.99019,40.609626],[22.990935,40.609206],[22.990986,40.609178],[22.991047,40.609145],[22.99109,40.609122],[22.991724,40.608788],[22.99225,40.608498],[22.992429,40.608402],[22.992491,40.608369],[22.993292,40.607934],[22.993607,40.607758],[22.993727,40.607692],[22.993788,40.607661],[22.993839,40.607637],[22.99389,40.607614],[22.993982,40.607578],[22.994302,40.607451],[22.994647,40.607316],[22.994863,40.607233],[22.994987,40.607189],[22.995075,40.607158],[22.995213,40.607108],[22.995356,40.607057],[22.995553,40.606991],[22.99569,40.606946],[22.99584,40.606898],[22.99615,40.606809],[22.996565,40.606686],[22.996746,40.606632],[22.996906,40.606582],[22.99711,40.606519],[22.997221,40.606483],[22.997422,40.606416],[22.997456,40.606406],[22.997702,40.606327],[22.99783,40.606284],[22.99791,40.606256],[22.997969,40.606234],[22.997977,40.606231],[22.998021,40.60621],[22.998084,40.606179],[22.998172,40.606131],[22.998274,40.606081],[22.998394,40.606012],[22.99847,40.605967],[22.99855,40.605926],[22.998631,40.605888],[22.998718,40.605853],[22.998757,40.605839],[22.99898,40.605761],[22.999133,40.605704],[22.999215,40.605673],[22.999241,40.605662],[22.999302,40.605637],[22.999396,40.605591],[22.999433,40.605573],[22.9996,40.605493]]},"properties":{"name":"17ης Νοεμβρίου"}},{"type":"Feature","geometry":{"type":"LineString","coordinates":[[23.000524,40.605079],[23.00052,40.605096],[23.000517,40.605107],[23.000514,40.605117],[23.00051,40.605126],[23.000506,40.605133],[23.000503,40.605138],[23.000499,40.605142],[23.000493,40.605147],[23.000478,40.605156],[23.000462,40.605163],[23.00043,40.605174],[23.000402,40.605182],[23.000351,40.605196],[23.000278,40.605218],[23.000212,40.605241],[23.000297,40.605224],[23.000351,40.605213],[23.00041,40.605202],[23.000466,40.605193],[23.000515,40.605186],[23.000578,40.605178],[23.000643,40.605168],[23.000706,40.605158]]},"properties":{"name":"17ης Νοεμβρίου"}},{"type":"Feature","geometry":{"type":"LineString","coordinates":[[22.987877,40.610833],[22.987816,40.610853],[22.987729,40.610881],[22.987076,40.611095],[22.986143,40.6114],[22.986059,40.611428],[22.985987,40.611453],[22.985329,40.611682],[22.984197,40.612077],[22.9841,40.612111]]},"properties":{"name":"Γρηγορίου Λαμπράκη"}},{"type":"Feature","geometry":{"type":"LineString","coordinates":[[22.962237,40.622257],[22.962397,40.62212],[22.962466,40.622066],[22.962533,40.622016],[22.96256,40.621995],[22.962628,40.621949],[22.962753,40.621876],[22.963046,40.621704],[22.963121,40.62166],[22.963448,40.621475],[22.963746,40.621325],[22.96403,40.621193],[22.964344,40.621046],[22.964782,40.620849],[22.965544,40.620515],[22.965695,40.620454],[22.965783,40.620418],[22.96587,40.620382],[22.965966,40.620343],[22.966284,40.620211],[22.966328,40.620191],[22.966864,40.619942],[22.967318,40.619733],[22.967428,40.619682],[22.967487,40.619654],[22.96758,40.619611],[22.967621,40.619592],[22.967711,40.619551],[22.967741,40.619536],[22.967786,40.619514],[22.967842,40.619487],[22.968249,40.619288],[22.968465,40.61918],[22.968963,40.618912],[22.969029,40.618871],[22.969062,40.61885],[22.969087,40.618833],[22.969107,40.618816],[22.96913,40.618795],[22.969161,40.618765],[22.9692,40.618724],[22.969274,40.618635],[22.969325,40.618573],[22.969343,40.618551],[22.969372,40.618514],[22.969391,40.618483],[22.969403,40.618453],[22.969419,40.618406],[22.969429,40.618362],[22.969438,40.618311],[22.969446,40.618251],[22.969474,40.617946],[22.9695,40.617743],[22.969514,40.61765],[22.969528,40.617587],[22.969538,40.617551],[22.969552,40.61751],[22.969567,40.617475],[22.969583,40.617445],[22.969612,40.617403],[22.96963,40.617382],[22.969656,40.617353],[22.969674,40.617332],[22.969697,40.61731],[22.96974,40.617269],[22.969786,40.617229],[22.969854,40.61718],[22.969906,40.617148],[22.969943,40.617128],[22.969986,40.617107],[22.970038,40.617084],[22.970084,40.617066],[22.970109,40.617057],[22.970137,40.617048],[22.970219,40.617025],[22.970315,40.616999],[22.970991,40.616819],[22.971347,40.616723],[22.97145,40.616695],[22.971611,40.616652],[22.971696,40.61663],[22.972411,40.616438],[22.972812,40.616328],[22.972987,40.616284],[22.973062,40.616265],[22.973179,40.616237],[22.973248,40.61622],[22.973317,40.616203],[22.9737,40.616107],[22.974137,40.615965],[22.974581,40.615799],[22.974696,40.615756],[22.975067,40.615621],[22.975492,40.615462],[22.975934,40.615292],[22.976315,40.615152],[22.976341,40.615143],[22.976409,40.615118],[22.976494,40.615086],[22.976547,40.615068],[22.976601,40.61505],[22.976887,40.614944],[22.977305,40.614793],[22.977612,40.614682],[22.977729,40.61464],[22.977804,40.614613],[22.978142,40.614491],[22.978347,40.614417],[22.978631,40.614314],[22.978833,40.61424],[22.978882,40.614222],[22.979251,40.61408],[22.979569,40.613954],[22.979767,40.613875],[22.979887,40.613824],[22.980007,40.613771],[22.980231,40.613663],[22.980861,40.613354],[22.980905,40.613333],[22.981428,40.613076],[22.981457,40.613062],[22.981515,40.613034],[22.981653,40.612966],[22.981736,40.612928],[22.9818,40.612898],[22.981854,40.612874],[22.981915,40.612848],[22.981966,40.61283],[22.982029,40.612808],[22.982355,40.612703],[22.983241,40.612407],[22.983297,40.612388]]},"properties":{"name":"Γρηγορίου Λαμπράκη"}},{"type":"Feature","geometry":{"type":"LineString","coordinates":[[22.9841,40.612111],[22.984005,40.612172],[22.983363,40.612386],[22.983297,40.612388],[22.983336,40.612348],[22.983969,40.612129],[22.9841,40.612111]]},"properties":{"name":"Γρηγορίου Λαμπράκη"}},{"type":"Feature","geometry":{"type":"LineString","coordinates":[[23.000212,40.605241],[23.000118,40.605278],[22.999962,40.605344],[22.999813,40.605402],[22.9996,40.605493]]},"properties":{"name":"17 Noemvriou"}},{"type":"Feature","geometry":{"type":"LineString","coordinates":[[22.992491,40.608369],[22.992521,40.608401],[22.992834,40.608732],[22.992911,40.608814],[22.993099,40.609013],[22.993152,40.609069],[22.993481,40.609417],[22.99379,40.609744],[22.994116,40.61009],[22.994463,40.610457]]},"properties":{"name":"Δόμνας Βισβίζη"}},{"type":"Feature","geometry":{"type":"LineString","coordinates":[[22.968879,40.625542],[22.968836,40.625537],[22.968802,40.625535],[22.968778,40.625534],[22.968757,40.625537],[22.968732,40.625543],[22.968714,40.625551],[22.968702,40.62556],[22.96869,40.625569],[22.968673,40.625585],[22.96866,40.625602],[22.968648,40.625622],[22.96864,40.62564],[22.968631,40.625664],[22.968587,40.625813],[22.968566,40.625871],[22.968545,40.625924],[22.968529,40.625962],[22.968498,40.626028],[22.968483,40.62606],[22.968463,40.626095],[22.968438,40.626133],[22.968416,40.626161],[22.968392,40.626189],[22.968364,40.626222],[22.968332,40.626257],[22.968291,40.626302],[22.968256,40.626336],[22.968218,40.626373],[22.968175,40.626412],[22.968132,40.626447],[22.96809,40.62648],[22.968045,40.626512],[22.967994,40.626545],[22.967936,40.62658],[22.967889,40.626609],[22.967846,40.626633],[22.967752,40.626682],[22.967694,40.62671],[22.967649,40.62673],[22.967555,40.62677],[22.967502,40.626791],[22.967426,40.626821],[22.967336,40.626856],[22.967288,40.626875],[22.967186,40.626921],[22.967137,40.626944],[22.967096,40.626964],[22.967043,40.626994],[22.966981,40.62703],[22.966916,40.627066],[22.96677,40.627157],[22.966619,40.627249],[22.96611,40.627578],[22.966042,40.627624],[22.96588,40.627736],[22.965797,40.627796],[22.965731,40.627849],[22.96567,40.627905],[22.965628,40.627946],[22.965596,40.627978],[22.965558,40.62802],[22.965471,40.628127],[22.965366,40.628263],[22.965332,40.628307],[22.965204,40.628487],[22.965192,40.628505],[22.965104,40.628647]]},"properties":{"name":"Στίλπωνος Κυριακίδη"}},{"type":"Feature","geometry":{"type":"LineString","coordinates":[[22.965706,40.629842],[22.965674,40.629709],[22.965638,40.629563],[22.965559,40.629247],[22.965546,40.629185],[22.965506,40.629017],[22.965499,40.628979],[22.965477,40.6289],[22.965473,40.628884],[22.965462,40.628861],[22.965445,40.628834],[22.965424,40.62881],[22.96541,40.628796],[22.965395,40.628782],[22.965367,40.628762],[22.96535,40.628752],[22.965327,40.628741],[22.965262,40.628714],[22.965104,40.628647]]},"properties":{"name":"Πέτρου Λεβαντή"}},{"type":"Feature","geometry":{"type":"LineString","coordinates":[[23.021476,40.586618],[23.021339,40.586826],[23.021298,40.586882],[23.021265,40.586927],[23.021224,40.586975],[23.021192,40.58701],[23.021163,40.587038],[23.021135,40.587061],[23.021101,40.587085],[23.021075,40.587098],[23.021049,40.587111],[23.021018,40.587123],[23.020971,40.58714],[23.020912,40.587158],[23.020692,40.587225],[23.020532,40.587272],[23.020469,40.587293],[23.020409,40.587312],[23.020376,40.587323],[23.020339,40.587338],[23.020294,40.587357],[23.020263,40.587372],[23.020231,40.58739],[23.020208,40.587405],[23.020169,40.587434],[23.020134,40.587463],[23.020071,40.587519],[23.02,40.587601],[23.019935,40.587679],[23.01986,40.58778],[23.019752,40.587933],[23.019652,40.58808],[23.019619,40.588132],[23.019605,40.588154],[23.01959,40.588183],[23.019579,40.588206],[23.019568,40.588235],[23.019552,40.588289],[23.019527,40.588394],[23.019508,40.588488],[23.019493,40.588593],[23.019484,40.588676],[23.019478,40.588763],[23.019472,40.588882],[23.019465,40.589006],[23.019461,40.589092],[23.019461,40.589169],[23.019465,40.589246],[23.019468,40.589282],[23.019474,40.589318],[23.019483,40.589369],[23.019505,40.589461],[23.019514,40.589492],[23.019528,40.589536],[23.019562,40.589625],[23.019605,40.589726],[23.019637,40.589792],[23.019649,40.589818],[23.01972,40.589951],[23.019805,40.590112],[23.01984,40.590174],[23.019896,40.590287],[23.01992,40.590332],[23.019954,40.590403]]},"properties":{"name":"Πέτρου Λεβαντή"}},{"type":"Feature","geometry":{"type":"LineString","coordinates":[[23.019854,40.582994],[23.019636,40.582778],[23.019523,40.582661],[23.019423,40.58256],[23.019255,40.582406],[23.018953,40.582144],[23.018472,40.581735],[23.018328,40.58162],[23.018274,40.58157],[23.01825,40.581541],[23.01823,40.581501]]},"properties":{"name":"Πέτρου Λεβαντή"}},{"type":"Feature","geometry":{"type":"LineString","coordinates":[[22.965706,40.629842],[22.965787,40.629874],[22.965834,40.629907],[22.965869,40.629938],[22.965926,40.630002],[22.965987,40.630072],[22.966038,40.630126],[22.966075,40.630161],[22.966143,40.630217],[22.966174,40.630238],[22.966348,40.630357],[22.966535,40.630487],[22.96658,40.630519],[22.966693,40.630593],[22.966915,40.630737],[22.966934,40.630748],[22.966992,40.630776],[22.967012,40.630787],[22.967028,40.630796],[22.967044,40.630808],[22.967069,40.630829],[22.967086,40.630846],[22.967103,40.630865],[22.967119,40.630885]]},"properties":{"name":"Μεσολογγίτη"}},{"type":"Feature","geometry":{"type":"LineString","coordinates":[[22.963796,40.632224],[22.964341,40.631983],[22.964753,40.631801],[22.965304,40.631558],[22.965358,40.631536],[22.965419,40.631511],[22.965515,40.631474],[22.965543,40.631465],[22.965572,40.631457],[22.965686,40.631428],[22.965728,40.63142],[22.965896,40.631386],[22.965994,40.631367],[22.966064,40.631357],[22.966148,40.631347],[22.966249,40.63134],[22.966446,40.631332],[22.966497,40.63133]]},"properties":{"name":"Γεωργίου Βιζυηνού"}},{"type":"Feature","geometry":{"type":"LineString","coordinates":[[22.963474,40.632378],[22.963056,40.632573],[22.962944,40.632624],[22.96263,40.632765],[22.962215,40.632952],[22.961819,40.633127],[22.96161,40.633217],[22.961276,40.633355],[22.960847,40.633501],[22.960806,40.633513],[22.960616,40.633567],[22.960579,40.633575],[22.960379,40.633617],[22.959203,40.633831],[22.958794,40.633905],[22.958764,40.63391],[22.958731,40.633916],[22.958569,40.633947],[22.958554,40.63395],[22.958529,40.633955],[22.958026,40.634054],[22.95774,40.634109],[22.957622,40.634131],[22.957531,40.634147],[22.957488,40.634155],[22.957452,40.634164],[22.957422,40.634172],[22.957378,40.634186],[22.957355,40.634193],[22.957314,40.634207],[22.957289,40.634219],[22.957259,40.634233],[22.957223,40.634253],[22.957191,40.634273],[22.957171,40.634288],[22.957148,40.634307],[22.957134,40.634321],[22.957121,40.634336],[22.957109,40.634356],[22.957099,40.634375],[22.957091,40.634392],[22.957085,40.634408],[22.957082,40.634426],[22.957082,40.634442]]},"properties":{"name":"Γεωργίου Βιζυηνού"}},{"type":"Feature","geometry":{"type":"LineString","coordinates":[[22.802382,40.673069],[22.804706,40.672506],[22.805972,40.672256],[22.806668,40.672116],[22.80867,40.671621],[22.810184,40.671248],[22.810294,40.671221],[22.81068,40.671126]]},"properties":{"name":"Γεωργίου Βιζυηνού"}},{"type":"Feature","geometry":{"type":"LineString","coordinates":[[22.967119,40.630885],[22.96713,40.630959],[22.967129,40.63098],[22.967126,40.631003],[22.967119,40.631028],[22.967112,40.631045],[22.967094,40.631075],[22.967074,40.631104],[22.967043,40.631141],[22.967012,40.631172],[22.966985,40.631198],[22.966958,40.631218],[22.966921,40.631241],[22.966886,40.631259],[22.966842,40.631276],[22.9668,40.631289],[22.966755,40.6313],[22.966693,40.631311],[22.966676,40.631313],[22.966634,40.631318],[22.966567,40.631325],[22.966497,40.63133],[22.966709,40.631242],[22.966919,40.631145],[22.966969,40.631119],[22.967007,40.631097],[22.967028,40.63108],[22.967044,40.631064],[22.967059,40.631044],[22.967067,40.631031],[22.967076,40.631009],[22.967089,40.630973],[22.967119,40.630885]]},"properties":{"name":"Γεωργίου Βιζυηνού"}},{"type":"Feature","geometry":{"type":"LineString","coordinates":[[22.963474,40.632378],[22.963634,40.632302],[22.963796,40.632224]]},"properties":{"name":"Βιζυηνού"}},{"type":"Feature","geometry":{"type":"LineString","coordinates":[[22.956483,40.634399],[22.956586,40.634419],[22.956658,40.63443],[22.956738,40.63444],[22.956817,40.634448],[22.956877,40.634453],[22.956935,40.634456],[22.956974,40.634454],[22.95702,40.63445],[22.957082,40.634442],[22.957007,40.634416],[22.956976,40.634409],[22.956946,40.634403],[22.956663,40.634368],[22.95657,40.634356]]},"properties":{"name":"Πανεπιστημίου"}},{"type":"Feature","geometry":{"type":"LineString","coordinates":[[22.957082,40.634442],[22.957855,40.634523],[22.95794,40.634533],[22.957988,40.634541],[22.958026,40.634549],[22.958072,40.634561],[22.958133,40.634581],[22.958197,40.634604],[22.95848,40.634709],[22.958544,40.634727],[22.95858,40.634737],[22.958616,40.634749],[22.958657,40.634766],[22.958689,40.63478],[22.95872,40.634795],[22.958743,40.634806],[22.95876,40.634817],[22.958777,40.63483],[22.958804,40.634852],[22.958815,40.634861],[22.95883,40.634874],[22.958856,40.634896],[22.958867,40.634905],[22.958877,40.634912],[22.958889,40.634919],[22.9589,40.634924],[22.958954,40.634949],[22.959077,40.635006],[22.960134,40.635488]]},"properties":{"name":"Πανεπιστημίου"}},{"type":"Feature","geometry":{"type":"LineString","coordinates":[[22.955758,40.634788],[22.95579,40.634753],[22.955822,40.634725],[22.955839,40.63471],[22.955856,40.634697],[22.955868,40.63469],[22.955884,40.634681],[22.955908,40.634669],[22.956072,40.634593],[22.956099,40.634581],[22.956294,40.63449],[22.956359,40.634459],[22.956483,40.634399],[22.95657,40.634356],[22.956635,40.634325],[22.956697,40.634293],[22.956935,40.634168],[22.957642,40.633798],[22.958759,40.633194],[22.95891,40.633113],[22.959098,40.633007],[22.959351,40.632861],[22.959535,40.632744],[22.959746,40.632607],[22.959877,40.632516],[22.960069,40.632362],[22.960216,40.632243],[22.960252,40.632214],[22.960408,40.632086],[22.960489,40.632015],[22.96066,40.631855],[22.960787,40.63173],[22.960928,40.631583],[22.961059,40.631435],[22.961166,40.631309],[22.961329,40.631114],[22.961426,40.630979],[22.96153,40.630829],[22.961678,40.630611],[22.961816,40.63041],[22.961951,40.630212],[22.962177,40.62988],[22.962326,40.629656],[22.96238,40.629576],[22.96245,40.62947],[22.962498,40.629399],[22.963647,40.627676],[22.963712,40.627578],[22.963753,40.627515],[22.963832,40.627399],[22.964127,40.626962],[22.964463,40.626471],[22.964822,40.625946],[22.964827,40.625939],[22.964971,40.625719],[22.965002,40.625673],[22.965032,40.625627],[22.965378,40.625105],[22.965446,40.625003],[22.965537,40.624869],[22.965603,40.624772],[22.966057,40.624101],[22.966087,40.624051],[22.966785,40.623032],[22.96692,40.622825],[22.967025,40.622669],[22.967094,40.622549],[22.967284,40.622255],[22.967328,40.622187],[22.967385,40.622079],[22.96743,40.621995],[22.967523,40.621836],[22.967552,40.62179],[22.967605,40.6217],[22.96763,40.621657],[22.967657,40.621604],[22.967689,40.621536],[22.967705,40.621477],[22.967708,40.621459],[22.967715,40.621411],[22.967578,40.621411],[22.967559,40.621462],[22.967551,40.621482],[22.967539,40.621513],[22.967487,40.621621],[22.967427,40.621735],[22.967327,40.621924],[22.96726,40.62205],[22.967197,40.622148],[22.967168,40.622192],[22.966757,40.622811],[22.966643,40.622977],[22.966017,40.623887],[22.965944,40.623994],[22.965795,40.624214],[22.965459,40.624719],[22.965348,40.624883],[22.965234,40.625051],[22.964746,40.625781],[22.964674,40.625888],[22.964632,40.625949],[22.963686,40.627354],[22.963614,40.627461]]},"properties":{"name":"Αγίου Δημητρίου"}},{"type":"Feature","geometry":{"type":"LineString","coordinates":[[22.956407,40.634306],[22.956336,40.634343],[22.956205,40.634409],[22.956167,40.634428],[22.955974,40.634525],[22.955629,40.634691],[22.95554,40.634732],[22.955455,40.634772],[22.955096,40.634939],[22.954971,40.634996],[22.954658,40.635142],[22.95432,40.635299],[22.954217,40.635347],[22.954071,40.635415],[22.953771,40.635554],[22.9536,40.635635],[22.953159,40.635843],[22.952947,40.635942],[22.952847,40.635989],[22.952558,40.636126],[22.952084,40.636354],[22.952014,40.636388],[22.9519,40.636441],[22.951366,40.636694],[22.95093,40.636901],[22.950867,40.636931],[22.95024,40.63722],[22.949748,40.637451],[22.949663,40.637492],[22.949468,40.637585],[22.949373,40.63763],[22.949322,40.637654],[22.949102,40.637758],[22.948918,40.637846],[22.948864,40.637872],[22.948128,40.638224],[22.948006,40.638282],[22.947902,40.638335],[22.947681,40.638447],[22.947168,40.638707],[22.947085,40.638748],[22.946753,40.638914],[22.946679,40.638951],[22.946153,40.639213],[22.945993,40.639293],[22.945936,40.639321],[22.945869,40.639355],[22.944851,40.639874],[22.944571,40.640017],[22.944435,40.640085],[22.944334,40.640137],[22.94376,40.640429],[22.943654,40.640483],[22.943511,40.640556],[22.943202,40.640712],[22.943098,40.640764],[22.941736,40.641447],[22.941629,40.6415],[22.941031,40.6418],[22.940749,40.641942],[22.940722,40.641955],[22.940233,40.6422],[22.939587,40.642524],[22.93945,40.642592],[22.939406,40.642614],[22.939353,40.642641],[22.939134,40.642751],[22.939045,40.642795],[22.938891,40.642872],[22.938507,40.643065],[22.937953,40.643343],[22.937617,40.643511],[22.93727,40.643685],[22.937213,40.643713],[22.937125,40.643763],[22.936968,40.643839],[22.93683,40.64391],[22.936763,40.643944],[22.936457,40.644098],[22.935762,40.644446],[22.935646,40.644506],[22.935419,40.644623],[22.935384,40.644642],[22.9353,40.644688],[22.935247,40.644709],[22.935173,40.644739]]},"properties":{"name":"Αγίου Δημητρίου"}},{"type":"Feature","geometry":{"type":"LineString","coordinates":[[22.953183,40.65098],[22.953176,40.650973],[22.953165,40.650964],[22.95315,40.650951],[22.952777,40.650691],[22.952246,40.650328],[22.951708,40.64996],[22.95121,40.649625],[22.951049,40.649511],[22.951027,40.649495],[22.951004,40.649475],[22.95098,40.649448],[22.950961,40.649423],[22.950932,40.649369],[22.950781,40.649002],[22.950617,40.648587],[22.950472,40.648211]]},"properties":{"name":"Αγίου Δημητρίου"}},{"type":"Feature","geometry":{"type":"LineString","coordinates":[[22.952111,40.692248],[22.952392,40.691937],[22.952487,40.691831],[22.95257,40.691739],[22.952609,40.691703],[22.952648,40.691675],[22.952692,40.691646],[22.952775,40.691599],[22.952889,40.691539],[22.95301,40.691478],[22.95311,40.691427],[22.953207,40.691384],[22.95329,40.691352],[22.953392,40.691316],[22.953519,40.691275],[22.953656,40.691233],[22.953777,40.691194],[22.953836,40.691172],[22.953901,40.691146],[22.953935,40.691129],[22.953964,40.691111],[22.953993,40.691087],[22.954064,40.691016],[22.954224,40.690852],[22.954569,40.690499],[22.95468,40.690385],[22.954742,40.690318],[22.954836,40.69022],[22.954888,40.690174],[22.954929,40.690141],[22.954954,40.690124],[22.954979,40.690111],[22.955007,40.6901],[22.955051,40.690086],[22.955106,40.69007],[22.955207,40.690041]]},"properties":{"name":"Αγίου Δημητρίου"}},{"type":"Feature","geometry":{"type":"LineString","coordinates":[[22.955758,40.634788],[22.955736,40.63481],[22.955714,40.634833],[22.955708,40.63484],[22.955695,40.634854],[22.955678,40.634873],[22.955663,40.634892],[22.955627,40.634936],[22.955594,40.634981],[22.955574,40.635014],[22.955537,40.635059],[22.955467,40.63516],[22.955341,40.635328],[22.955189,40.635528],[22.955154,40.635573],[22.954924,40.63587],[22.954778,40.636058],[22.95475,40.636094],[22.954666,40.636223],[22.954641,40.636265],[22.95456,40.636377],[22.954438,40.636527],[22.954103,40.636929],[22.953883,40.637192],[22.953777,40.637322],[22.953435,40.637725],[22.953407,40.63776],[22.953286,40.637915],[22.953228,40.637993],[22.953107,40.638152],[22.952725,40.638621],[22.952559,40.638823],[22.952382,40.639033],[22.952306,40.639116],[22.95228,40.639142],[22.952236,40.639188],[22.95219,40.639232],[22.952151,40.63927],[22.952106,40.639313],[22.952027,40.639387],[22.951905,40.639502],[22.951862,40.639541],[22.951846,40.639554],[22.951821,40.639571],[22.951733,40.639629],[22.951667,40.639672],[22.951076,40.640068],[22.950894,40.640171],[22.950126,40.640598],[22.95007,40.640629],[22.949939,40.640701],[22.949841,40.640756],[22.949585,40.640896],[22.949524,40.640929],[22.949489,40.640947],[22.949457,40.640962],[22.949417,40.640978],[22.949336,40.64101],[22.949131,40.641092],[22.94898,40.641154],[22.948635,40.641288],[22.94855,40.64132],[22.948357,40.641384],[22.948,40.64149],[22.947671,40.64159],[22.94757,40.641621],[22.946781,40.64186],[22.946513,40.641924],[22.9464,40.641951],[22.946246,40.641987],[22.94609,40.642024],[22.945994,40.642055],[22.945467,40.642225],[22.945433,40.642236],[22.945392,40.642249]]},"properties":{"name":"Ολυμπιάδος"}},{"type":"Feature","geometry":{"type":"LineString","coordinates":[[22.941867,40.642932],[22.941626,40.643047],[22.941396,40.643162]]},"properties":{"name":"Ολυμπιάδος"}},{"type":"Feature","geometry":{"type":"LineString","coordinates":[[22.915589,40.677889],[22.915613,40.678003],[22.915621,40.678048],[22.915619,40.678098],[22.915607,40.678203],[22.915565,40.678249],[22.915569,40.678593],[22.915568,40.678952],[22.915567,40.679082],[22.915566,40.679522],[22.915566,40.679624],[22.915564,40.680292],[22.915562,40.680779],[22.915562,40.680933],[22.915561,40.681283]]},"properties":{"name":"Ολυμπιάδος"}},{"type":"Feature","geometry":{"type":"LineString","coordinates":[[22.91569,40.672673],[22.915691,40.673008],[22.91569,40.673353],[22.915693,40.673506],[22.915686,40.674027],[22.915688,40.674714],[22.915695,40.675561],[22.915694,40.676272],[22.915684,40.677155],[22.915683,40.677302]]},"properties":{"name":"Ολυμπιάδος"}},{"type":"Feature","geometry":{"type":"LineString","coordinates":[[22.953258,40.637873],[22.95318,40.637975],[22.953151,40.638012],[22.953052,40.638142],[22.952674,40.638597],[22.952275,40.639076],[22.952235,40.639123],[22.95219,40.639171]]},"properties":{"name":"Ολυμπιάδος"}},{"type":"Feature","geometry":{"type":"LineString","coordinates":[[23.025094,40.573625],[23.024907,40.573679],[23.024843,40.573699],[23.024791,40.57372],[23.02474,40.573747],[23.024667,40.573791],[23.024603,40.573837],[23.024551,40.573879],[23.024477,40.573943],[23.024437,40.573984],[23.024405,40.574018],[23.02436,40.574073],[23.024328,40.574118],[23.024299,40.574161],[23.024247,40.574249],[23.024197,40.574346],[23.024173,40.574404],[23.024153,40.574458],[23.024128,40.574537],[23.024098,40.57463],[23.024073,40.574712],[23.024051,40.574792],[23.02399,40.575048],[23.023967,40.57514],[23.023948,40.575222],[23.023924,40.57535],[23.023852,40.575767],[23.023828,40.57589],[23.02381,40.575964],[23.023741,40.57612],[23.023658,40.576301]]},"properties":{"name":"Ολυμπιάδος"}},{"type":"Feature","geometry":{"type":"LineString","coordinates":[[22.95475,40.636094],[22.954636,40.636152],[22.954434,40.636257],[22.954315,40.636319],[22.953788,40.63659],[22.953476,40.63675],[22.953216,40.636883],[22.952801,40.637094],[22.952736,40.637129],[22.952696,40.63715],[22.952638,40.63718],[22.951966,40.637525],[22.951585,40.63772],[22.951368,40.637831],[22.950938,40.638052],[22.950706,40.638171],[22.950458,40.638298],[22.950408,40.638324],[22.949835,40.638614],[22.949339,40.638866],[22.948808,40.639135],[22.948743,40.639168],[22.947946,40.639572],[22.947545,40.639776],[22.947496,40.6398],[22.946765,40.640171],[22.946714,40.640197],[22.945785,40.640668],[22.945312,40.640908],[22.945223,40.640953],[22.944487,40.641326],[22.944435,40.641353],[22.944356,40.641392],[22.944009,40.641567],[22.943804,40.64167],[22.943741,40.641702],[22.943417,40.641865],[22.942812,40.642169],[22.942293,40.64243],[22.941924,40.642615],[22.941875,40.642637],[22.941707,40.642711],[22.941421,40.642857],[22.941325,40.642901],[22.9413,40.642912],[22.941202,40.642957]]},"properties":{"name":"Κασσάνδρου"}},{"type":"Feature","geometry":{"type":"LineString","coordinates":[[22.944435,40.641353],[22.944382,40.641308],[22.944346,40.641273],[22.944314,40.64124],[22.944261,40.641187],[22.944132,40.64105],[22.943776,40.640646],[22.943737,40.640603],[22.943712,40.640575],[22.943679,40.640538],[22.943654,40.640483]]},"properties":{"name":"Προξένων"}},{"type":"Feature","geometry":{"type":"LineString","coordinates":[[22.943511,40.640556],[22.943172,40.640549],[22.943115,40.640547],[22.942896,40.640542],[22.942155,40.640515],[22.941929,40.640505],[22.941819,40.640501],[22.941565,40.64049],[22.941522,40.640489],[22.940594,40.64046],[22.94049,40.640456]]},"properties":{"name":"Καραολή και Δημητρίου των Κυπρίων"}},{"type":"Feature","geometry":{"type":"LineString","coordinates":[[22.936184,40.640102],[22.936169,40.640085],[22.936152,40.640064],[22.936115,40.640017]]},"properties":{"name":"Καραολή και Δημητρίου των Κυπρίων"}},{"type":"Feature","geometry":{"type":"LineString","coordinates":[[22.936202,40.639974],[22.936281,40.640055],[22.936353,40.640126],[22.93652,40.640297],[22.936938,40.64031],[22.937332,40.640327],[22.937559,40.640336],[22.938707,40.640384],[22.939316,40.640412],[22.940136,40.640444]]},"properties":{"name":"Καραολή και Δημητρίου των Κυπρίων"}},{"type":"Feature","geometry":{"type":"LineString","coordinates":[[22.940185,40.640342],[22.939835,40.639972],[22.93961,40.639733],[22.939186,40.639284],[22.938843,40.638921]]},"properties":{"name":"Αντιγονιδών"}},{"type":"Feature","geometry":{"type":"LineString","coordinates":[[22.93842,40.638835],[22.938694,40.638891],[22.938843,40.638921],[22.938773,40.638847],[22.938746,40.638818],[22.93865,40.638715]]},"properties":{"name":"Αντιγονιδών"}},{"type":"Feature","geometry":{"type":"LineString","coordinates":[[22.945834,40.6332],[22.945772,40.633285],[22.945731,40.633335],[22.945699,40.633367],[22.945676,40.633387],[22.945642,40.633409],[22.945617,40.633424],[22.945596,40.633434],[22.945318,40.633575],[22.945019,40.633726],[22.944715,40.63388],[22.944688,40.633989]]},"properties":{"name":"Ερμού"}},{"type":"Feature","geometry":{"type":"LineString","coordinates":[[22.945883,40.633494],[22.945817,40.633504],[22.945787,40.633512],[22.94576,40.63352],[22.945737,40.633528],[22.945696,40.633547],[22.94542,40.633687],[22.945114,40.633841],[22.944911,40.633944],[22.944816,40.633992],[22.944688,40.633989],[22.944639,40.634014],[22.944581,40.634044],[22.944521,40.634074],[22.943811,40.634434],[22.943384,40.63465],[22.943329,40.634677],[22.943309,40.634687],[22.943244,40.634718],[22.943215,40.634733],[22.943081,40.634799],[22.943053,40.634813],[22.943014,40.634832],[22.942983,40.634847],[22.942939,40.634869],[22.942547,40.635063],[22.942244,40.63521],[22.942143,40.635263],[22.942024,40.635324],[22.941727,40.635471],[22.941696,40.635487],[22.941056,40.635815],[22.940975,40.635857],[22.940842,40.635925],[22.940727,40.635984],[22.939929,40.636414],[22.939842,40.636462]]},"properties":{"name":"Ερμού"}},{"type":"Feature","geometry":{"type":"LineString","coordinates":[[22.945834,40.6332],[22.945894,40.633121],[22.945935,40.633065],[22.945994,40.632985],[22.946035,40.632949],[22.946111,40.632911],[22.946387,40.632773],[22.946592,40.632668],[22.946804,40.632555],[22.94707,40.632412],[22.947114,40.632394]]},"properties":{"name":"Μακένζυ Κινγκ"}},{"type":"Feature","geometry":{"type":"LineString","coordinates":[[22.963474,40.632378],[22.963488,40.632384],[22.963504,40.632386],[22.963522,40.632388],[22.963686,40.632389],[22.963858,40.632391],[22.965123,40.63241],[22.965377,40.632414],[22.965421,40.632415],[22.965673,40.632419],[22.965817,40.632427]]},"properties":{"name":"Καβάφη"}},{"type":"Feature","geometry":{"type":"LineString","coordinates":[[22.965817,40.632427],[22.966163,40.632434],[22.966482,40.632447],[22.966685,40.632463],[22.966774,40.632475],[22.966851,40.632488],[22.966911,40.632501],[22.96699,40.632524],[22.967064,40.632551],[22.967138,40.632582],[22.967214,40.632621]]},"properties":{"name":"Σκεπαστού"}},{"type":"Feature","geometry":{"type":"LineString","coordinates":[[22.967214,40.632621],[22.967245,40.632642],[22.967275,40.632662],[22.967296,40.632681],[22.967331,40.632714],[22.967363,40.632752],[22.967388,40.63279],[22.967412,40.632828],[22.967431,40.632869],[22.96744,40.632897],[22.967441,40.632923],[22.967444,40.632952],[22.96744,40.632978],[22.96743,40.633026],[22.967414,40.633067],[22.967381,40.63313],[22.967291,40.633283],[22.967174,40.633447],[22.967148,40.633483]]},"properties":{"name":"Σαμακοβίου"}},{"type":"Feature","geometry":{"type":"LineString","coordinates":[[22.967148,40.633483],[22.966236,40.633319],[22.966114,40.633298],[22.966033,40.633287],[22.965949,40.633278],[22.965799,40.633267],[22.965746,40.633264],[22.964793,40.633177],[22.964634,40.633162],[22.964578,40.633158],[22.964469,40.63315],[22.964383,40.633146],[22.964366,40.633145]]},"properties":{"name":"Αγαθουπόλεως"}},{"type":"Feature","geometry":{"type":"LineString","coordinates":[[22.935244,40.652727],[22.935905,40.652782],[22.936643,40.652842],[22.937412,40.652905],[22.938128,40.652963],[22.938987,40.653032]]},"properties":{"name":"Αγαθουπόλεως"}},{"type":"Feature","geometry":{"type":"LineString","coordinates":[[22.964366,40.633145],[22.964363,40.633134],[22.96436,40.633123],[22.96436,40.633107],[22.964361,40.633095],[22.964364,40.633086],[22.964371,40.633077],[22.964382,40.633068],[22.964399,40.633057],[22.964413,40.63305],[22.964586,40.63297],[22.965147,40.632718],[22.965293,40.632656],[22.965466,40.632588],[22.965566,40.632547],[22.965621,40.632522],[22.965667,40.632502],[22.965671,40.632444],[22.965673,40.632419]]},"properties":{"name":"Ηρακλείας"}},{"type":"Feature","geometry":{"type":"LineString","coordinates":[[22.965673,40.632419],[22.965633,40.632386],[22.965617,40.632366],[22.965606,40.63234],[22.965603,40.632319]]},"properties":{"name":"Σκοπού"}},{"type":"Feature","geometry":{"type":"LineString","coordinates":[[22.965896,40.631386],[22.965769,40.6318],[22.965603,40.632319],[22.965568,40.632349],[22.965421,40.632415]]},"properties":{"name":"Σκοπού"}},{"type":"Feature","geometry":{"type":"LineString","coordinates":[[22.967119,40.630885],[22.967118,40.630825],[22.96712,40.630803],[22.967123,40.630777],[22.967127,40.630752],[22.967163,40.63064],[22.96718,40.630591],[22.967201,40.630546],[22.967238,40.630487],[22.967265,40.630455],[22.967346,40.630367],[22.967504,40.63019],[22.967707,40.629973],[22.967926,40.629728],[22.968043,40.629603],[22.968145,40.629491],[22.968371,40.62925],[22.968451,40.629164],[22.968468,40.629147],[22.96848,40.629137],[22.968497,40.629126],[22.968519,40.629113],[22.968552,40.629092],[22.968568,40.629081],[22.968583,40.62907],[22.9686,40.629057],[22.968613,40.629046],[22.968627,40.629033],[22.968644,40.629016],[22.968666,40.62899],[22.968746,40.628896],[22.968886,40.628721],[22.969217,40.628297],[22.969351,40.628134],[22.969436,40.628028],[22.969462,40.627991],[22.969473,40.627976],[22.969488,40.627953],[22.969515,40.62791],[22.969534,40.627878],[22.969563,40.627819],[22.969577,40.627786],[22.969589,40.627748],[22.969602,40.627693],[22.969612,40.627626],[22.969632,40.627039],[22.969638,40.626886],[22.969682,40.626454],[22.969716,40.626289],[22.96979,40.626154]]},"properties":{"name":"Σκουφά"}},{"type":"Feature","geometry":{"type":"LineString","coordinates":[[22.96979,40.626154],[22.969745,40.626139],[22.969705,40.626123],[22.969642,40.626098],[22.969608,40.626081],[22.969582,40.626069],[22.969514,40.626032],[22.969452,40.625994],[22.969386,40.62595],[22.969331,40.62591],[22.969285,40.625874],[22.969185,40.625794],[22.969108,40.625733],[22.968963,40.625613],[22.968902,40.625562],[22.968879,40.625542]]},"properties":{"name":"Κατσιμίδη"}},{"type":"Feature","geometry":{"type":"LineString","coordinates":[[22.967328,40.622187],[22.96726,40.62205],[22.967217,40.621958],[22.967174,40.62188],[22.967124,40.621802],[22.967056,40.621704],[22.966988,40.621601],[22.966965,40.62157],[22.966926,40.621523],[22.966871,40.621466],[22.966776,40.621374],[22.96653,40.621137],[22.966438,40.621048],[22.965968,40.620597],[22.965869,40.620502],[22.965783,40.620418]]},"properties":{"name":"Κατσιμίδη"}},{"type":"Feature","geometry":{"type":"LineString","coordinates":[[22.967327,40.621924],[22.967287,40.621828],[22.967267,40.621794],[22.967249,40.621765],[22.967234,40.62174],[22.967217,40.621717],[22.967196,40.621688],[22.967174,40.621661],[22.967145,40.621626],[22.967043,40.621516],[22.966929,40.621408],[22.966599,40.621096],[22.966514,40.621022],[22.966334,40.620857],[22.966259,40.620784],[22.966027,40.62055],[22.96594,40.620464],[22.965895,40.620414],[22.96587,40.620382]]},"properties":{"name":"Κατσιμίδη"}},{"type":"Feature","geometry":{"type":"LineString","coordinates":[[22.960134,40.635488],[22.959961,40.635697],[22.959765,40.635928]]},"properties":{"name":"Καραολή Μιχαήλ"}},{"type":"Feature","geometry":{"type":"LineString","coordinates":[[22.959765,40.635928],[22.959305,40.635712],[22.959279,40.635695],[22.959255,40.635678],[22.959235,40.635662],[22.959206,40.635635],[22.959184,40.635612],[22.959164,40.63559],[22.959061,40.635454],[22.959035,40.635422],[22.959021,40.635407],[22.959011,40.635396],[22.959001,40.63539],[22.95897,40.635373]]},"properties":{"name":"Γρηγορίου Αυξεντίου"}},{"type":"Feature","geometry":{"type":"LineString","coordinates":[[22.959027,40.63529],[22.95897,40.635373]]},"properties":{"name":"Υδραγωγείου"}},{"type":"Feature","geometry":{"type":"LineString","coordinates":[[23.023912,40.588936],[23.024073,40.588898],[23.024409,40.588817],[23.024877,40.588706],[23.025417,40.588577],[23.025553,40.588546],[23.025664,40.588521],[23.025763,40.5885],[23.025882,40.588479]]},"properties":{"name":"Υδραγωγείου"}},{"type":"Feature","geometry":{"type":"LineString","coordinates":[[22.959027,40.63529],[22.95897,40.635265],[22.958948,40.635249],[22.95885,40.635122],[22.958773,40.635027],[22.958717,40.634944],[22.958663,40.634873],[22.958636,40.63484],[22.958621,40.634825],[22.958605,40.634808],[22.958585,40.634788],[22.958571,40.634777],[22.958554,40.634764],[22.958533,40.634748],[22.958514,40.634734],[22.95848,40.634709]]},"properties":{"name":"Μουδανιών"}},{"type":"Feature","geometry":{"type":"LineString","coordinates":[[22.947626,40.632641],[22.947639,40.632531],[22.947646,40.632495],[22.947654,40.632472],[22.947669,40.632447],[22.947689,40.632436],[22.948243,40.632127],[22.948701,40.631873],[22.948779,40.631829],[22.948838,40.631796],[22.9489,40.631761],[22.949024,40.631693],[22.949072,40.631666],[22.949188,40.631601],[22.949492,40.631432],[22.949719,40.631306],[22.950465,40.630903],[22.950488,40.630893],[22.950629,40.630816],[22.950646,40.630807],[22.950718,40.630769],[22.951219,40.630505],[22.951289,40.630466],[22.951372,40.63042],[22.951859,40.630152],[22.952174,40.629976],[22.952287,40.629915],[22.95236,40.629875],[22.952876,40.629592],[22.953175,40.629427],[22.953329,40.629347]]},"properties":{"name":"Αλέξανδρου Σβώλου"}},{"type":"Feature","geometry":{"type":"LineString","coordinates":[[22.947626,40.632641],[22.947621,40.632726],[22.947615,40.632763],[22.947611,40.632781],[22.947604,40.6328],[22.947594,40.632819],[22.947565,40.63285],[22.947541,40.632866],[22.947509,40.632886],[22.947361,40.632968],[22.946837,40.633244],[22.946439,40.633448],[22.94639,40.633465],[22.946343,40.633472],[22.946336,40.633473],[22.946212,40.633478]]},"properties":{"name":"Καθηγητού Κεραμοπούλου"}},{"type":"Feature","geometry":{"type":"LineString","coordinates":[[22.946212,40.633478],[22.945933,40.633488],[22.945883,40.633494]]},"properties":{"name":"Κεραμοπούλου"}},{"type":"Feature","geometry":{"type":"LineString","coordinates":[[22.931409,40.639317],[22.9314,40.639336],[22.931395,40.639352],[22.931388,40.639372],[22.931381,40.639395],[22.931374,40.63942],[22.931371,40.639445],[22.931368,40.639467],[22.931367,40.639487],[22.93137,40.639507],[22.931371,40.639516],[22.931375,40.639537],[22.931381,40.639566],[22.931403,40.639598],[22.931478,40.639669]]},"properties":{"name":"ΕΟ16"}},{"type":"Feature","geometry":{"type":"LineString","coordinates":[[22.991525,40.539109],[22.991286,40.539136],[22.99117,40.539151],[22.99106,40.539177],[22.991032,40.539188],[22.990893,40.539245],[22.990822,40.539284],[22.990725,40.539341]]},"properties":{"name":"ΕΟ16"}},{"type":"Feature","geometry":{"type":"LineString","coordinates":[[22.975724,40.625325],[22.975743,40.625304],[22.975748,40.625284],[22.975749,40.625222],[22.975746,40.625187],[22.975741,40.62515],[22.975735,40.625116],[22.975726,40.62508],[22.97568,40.62492],[22.975544,40.624439],[22.975426,40.624051],[22.975365,40.623838],[22.975325,40.623706],[22.975222,40.623403],[22.975109,40.623031],[22.975085,40.622957],[22.975064,40.622896],[22.975044,40.622853],[22.975022,40.622814]]},"properties":{"name":"Ζαΐμη"}},{"type":"Feature","geometry":{"type":"LineString","coordinates":[[22.975726,40.62508],[22.975377,40.62514],[22.975328,40.625147],[22.975278,40.625151],[22.975223,40.625151]]},"properties":{"name":"Γενναδίου"}},{"type":"Feature","geometry":{"type":"LineString","coordinates":[[22.975223,40.625151],[22.975167,40.624972],[22.97503,40.62453],[22.974695,40.623493],[22.974641,40.623318]]},"properties":{"name":"Μιαούλη"}},{"type":"Feature","geometry":{"type":"LineString","coordinates":[[23.01288,40.57872],[23.012962,40.578705],[23.01302,40.578697],[23.013083,40.578692],[23.013139,40.57869],[23.013199,40.578688],[23.013266,40.578687],[23.013339,40.578688],[23.013411,40.578693],[23.013543,40.578704],[23.0137,40.57872],[23.01381,40.57873],[23.013906,40.57874],[23.013957,40.578746],[23.013996,40.578751],[23.014045,40.578761]]},"properties":{"name":"Μιαούλη"}},{"type":"Feature","geometry":{"type":"LineString","coordinates":[[22.958892,40.478541],[22.958876,40.478456],[22.958835,40.478276],[22.958772,40.47809],[22.958707,40.477895],[22.958481,40.477296],[22.958413,40.477105],[22.958377,40.477007],[22.958363,40.476965],[22.95834,40.476923],[22.958172,40.476754],[22.95804,40.476638],[22.95794,40.476541],[22.957862,40.476454],[22.957775,40.476342],[22.957726,40.47625],[22.957693,40.47615],[22.957659,40.476028],[22.957532,40.475501],[22.957495,40.475353],[22.957463,40.475194],[22.957414,40.475125],[22.957232,40.474853],[22.957115,40.474685],[22.957061,40.474572],[22.957034,40.474483],[22.95701,40.474361],[22.957001,40.474264],[22.956956,40.473529],[22.956933,40.473297],[22.956912,40.473072],[22.956886,40.472772],[22.95686,40.472481],[22.956885,40.47244],[22.95694,40.472254],[22.956998,40.472147],[22.957057,40.472033],[22.957171,40.471781],[22.957238,40.47159],[22.957248,40.471509],[22.957254,40.471349],[22.957237,40.471233],[22.957216,40.4711],[22.957154,40.47086],[22.957117,40.470737],[22.957065,40.470604],[22.95698,40.470482],[22.95686,40.470319],[22.956687,40.470109],[22.956525,40.469901],[22.956241,40.469488],[22.956146,40.469334],[22.956087,40.469194],[22.956056,40.46911],[22.956019,40.46898],[22.955997,40.468874],[22.955955,40.468703],[22.955847,40.468312],[22.955761,40.468051],[22.955664,40.46781],[22.955555,40.467594],[22.955392,40.467353],[22.9552,40.467126],[22.955076,40.467004],[22.954945,40.46689],[22.954824,40.466798],[22.954667,40.466703],[22.95453,40.466643],[22.954339,40.466593],[22.954183,40.466569],[22.954044,40.466551],[22.953791,40.466521]]},"properties":{"name":"Μιαούλη"}},{"type":"Feature","geometry":{"type":"LineString","coordinates":[[22.969657,40.622493],[22.969726,40.622589],[22.969752,40.622622],[22.96978,40.622653],[22.969814,40.622686],[22.969848,40.622717],[22.970075,40.622896],[22.970363,40.623123],[22.97045,40.62319],[22.970625,40.623324],[22.970666,40.623349],[22.970695,40.623362],[22.970734,40.623378],[22.970767,40.623388],[22.97081,40.623398],[22.970871,40.623405],[22.970944,40.623413],[22.971019,40.623417],[22.971087,40.623416],[22.971558,40.623408],[22.971677,40.623406],[22.972082,40.623399],[22.972114,40.623399],[22.97213,40.623401],[22.972143,40.623402],[22.972161,40.623405],[22.972178,40.623408],[22.972194,40.623413],[22.972212,40.623419],[22.972227,40.623424],[22.972276,40.623445],[22.972312,40.623459],[22.972336,40.623468],[22.972354,40.623475],[22.972373,40.62348],[22.972389,40.623485],[22.972407,40.62349],[22.972426,40.623494],[22.972439,40.623496],[22.972452,40.623498],[22.972467,40.623499],[22.972488,40.623499],[22.972509,40.623498],[22.972535,40.623496],[22.972598,40.623488],[22.972952,40.623438],[22.973275,40.623395],[22.973518,40.62336],[22.973561,40.623356],[22.973603,40.623354],[22.973639,40.623356],[22.973862,40.623374],[22.974071,40.623394],[22.974094,40.623393],[22.974124,40.623385],[22.974153,40.623371],[22.974284,40.623279],[22.974539,40.623076],[22.974754,40.622902],[22.974793,40.622874],[22.974827,40.622858],[22.97487,40.622842],[22.974913,40.622832],[22.975022,40.622814]]},"properties":{"name":"Αγίου Σπυρίδωνος"}},{"type":"Feature","geometry":{"type":"LineString","coordinates":[[22.921498,40.425176],[22.922345,40.425601],[22.922597,40.425738],[22.922751,40.425848],[22.922851,40.425933],[22.922937,40.426056],[22.923002,40.426135],[22.923059,40.426225],[22.923118,40.42632],[22.923164,40.426408],[22.923201,40.426498],[22.923296,40.426599],[22.923272,40.426758],[22.923303,40.426946],[22.923333,40.427406],[22.923346,40.427627],[22.92328,40.428058],[22.923252,40.428329],[22.92322,40.428685],[22.923184,40.42902],[22.923181,40.429052],[22.923175,40.429252],[22.923207,40.42953],[22.923269,40.429738],[22.92334,40.429822],[22.923805,40.430438],[22.923908,40.430585],[22.923951,40.430657],[22.924016,40.430756]]},"properties":{"name":"Αγίου Σπυρίδωνος"}},{"type":"Feature","geometry":{"type":"LineString","coordinates":[[22.897012,40.409328],[22.896779,40.409171],[22.896532,40.408952],[22.896372,40.408802],[22.896255,40.408686],[22.8958,40.408205],[22.895599,40.407974],[22.895439,40.407761],[22.895353,40.407618],[22.895272,40.407538]]},"properties":{"name":"Αγίου Σπυρίδωνος"}},{"type":"Feature","geometry":{"type":"LineString","coordinates":[[22.969657,40.622493],[22.969676,40.622387],[22.969682,40.622349],[22.969685,40.622328],[22.969695,40.622278],[22.969713,40.622186],[22.969745,40.622013]]},"properties":{"name":"Ελευθερίας"}},{"type":"Feature","geometry":{"type":"LineString","coordinates":[[22.925982,40.65002],[22.927065,40.651108],[22.927152,40.651202],[22.927202,40.651255],[22.927457,40.651529],[22.927506,40.651584],[22.927517,40.651599],[22.927551,40.651659]]},"properties":{"name":"Ελευθερίας"}},{"type":"Feature","geometry":{"type":"LineString","coordinates":[[22.970707,40.619364],[22.97066,40.619502],[22.970629,40.619579],[22.970596,40.619655],[22.970425,40.620026],[22.97024,40.620397],[22.970091,40.620728],[22.970058,40.620805],[22.970026,40.620892],[22.970005,40.620959],[22.969946,40.62115],[22.969891,40.621323]]},"properties":{"name":"Ελευθερίας"}},{"type":"Feature","geometry":{"type":"LineString","coordinates":[[22.927637,40.651759],[22.928018,40.652138],[22.928049,40.652172],[22.928452,40.652571],[22.928472,40.652591],[22.928578,40.652692],[22.928908,40.65299],[22.929076,40.65314],[22.929347,40.653382],[22.929522,40.653533],[22.929897,40.653886],[22.929968,40.653957],[22.930029,40.654012]]},"properties":{"name":"Ελευθερίας"}},{"type":"Feature","geometry":{"type":"LineString","coordinates":[[23.005315,40.69034],[23.005298,40.690372],[23.005283,40.690392],[23.005259,40.690417],[23.005222,40.690447],[23.005167,40.690482],[23.005121,40.690512],[23.005037,40.690552],[23.004941,40.690591],[23.004662,40.690702],[23.004552,40.69075],[23.004453,40.690783],[23.0043,40.690844],[23.004228,40.690876],[23.004104,40.690941],[23.004036,40.690978],[23.003951,40.691019],[23.003194,40.691388],[23.003128,40.691431],[23.003091,40.691468],[23.003069,40.691499],[23.003047,40.691547],[23.003025,40.69161],[23.002993,40.6917],[23.002944,40.691838]]},"properties":{"name":"Ελευθερίας"}},{"type":"Feature","geometry":{"type":"LineString","coordinates":[[22.969578,40.468848],[22.969483,40.468756],[22.969395,40.468601],[22.969322,40.468364],[22.969237,40.468121],[22.969185,40.46796],[22.969214,40.467939],[22.96924,40.4679],[22.969244,40.467874],[22.969232,40.467824],[22.969198,40.467686],[22.969211,40.467609],[22.969502,40.467286],[22.969533,40.467256],[22.969555,40.467241],[22.969581,40.467231],[22.96966,40.467212]]},"properties":{"name":"Ελευθερίας"}},{"type":"Feature","geometry":{"type":"LineString","coordinates":[[22.969758,40.621799],[22.969743,40.6219],[22.969741,40.62193],[22.969739,40.621967],[22.969741,40.621992],[22.969745,40.622013],[22.969761,40.621987],[22.96977,40.621969],[22.96979,40.621911],[22.969816,40.621816],[22.969844,40.621689],[22.969853,40.621649],[22.969869,40.621565],[22.969878,40.621519],[22.969894,40.621414],[22.969896,40.621385],[22.969894,40.621355],[22.969891,40.621323],[22.96987,40.62137],[22.969854,40.62141],[22.969834,40.621468],[22.969813,40.621531],[22.969802,40.621567],[22.969785,40.621642],[22.969777,40.621682],[22.96977,40.621726],[22.969758,40.621799]]},"properties":{"name":"Ελευθερίας"}},{"type":"Feature","geometry":{"type":"LineString","coordinates":[[22.902492,40.662663],[22.903003,40.662918]]},"properties":{"name":"Μαβίλη"}},{"type":"Feature","geometry":{"type":"LineString","coordinates":[[22.902196,40.664022],[22.902605,40.663463],[22.902695,40.663336],[22.90283,40.663123],[22.902845,40.663099],[22.902879,40.663047],[22.902916,40.662995],[22.902956,40.662957],[22.903003,40.662918],[22.903049,40.662888],[22.903147,40.662835],[22.90325,40.662783],[22.903377,40.662736],[22.903517,40.662691],[22.903831,40.662608],[22.904226,40.662457],[22.904504,40.662334],[22.904641,40.662278],[22.904832,40.662201],[22.904896,40.662174],[22.905178,40.66206],[22.905306,40.662008],[22.905544,40.661911],[22.905984,40.661732],[22.906072,40.661696],[22.906297,40.661604],[22.906373,40.661573],[22.906757,40.661417],[22.907867,40.660979],[22.908727,40.660626],[22.90887,40.660567]]},"properties":{"name":"Κοσμά Αιτωλού"}},{"type":"Feature","geometry":{"type":"LineString","coordinates":[[22.9048,40.670286],[22.904834,40.670406],[22.904979,40.670855],[22.905167,40.671479],[22.905352,40.672099],[22.905554,40.672744],[22.905717,40.673243],[22.905888,40.673796],[22.905914,40.673877],[22.905996,40.674109],[22.906018,40.67417],[22.90606,40.674291],[22.90608,40.674345],[22.906084,40.674367],[22.90609,40.674418],[22.9061,40.674861],[22.906106,40.675038],[22.906111,40.675374],[22.906112,40.675491],[22.906114,40.675698],[22.906116,40.676065],[22.906117,40.676153],[22.906117,40.676253],[22.906118,40.676445],[22.906119,40.676484],[22.906119,40.676645],[22.90612,40.676685],[22.906121,40.676975],[22.906122,40.677122],[22.906122,40.677201],[22.906123,40.677319]]},"properties":{"name":"Μαιάνδρου"}},{"type":"Feature","geometry":{"type":"LineString","coordinates":[[22.906059,40.678206],[22.906061,40.678279],[22.906063,40.678351],[22.906053,40.678645],[22.906061,40.678696],[22.906081,40.67872],[22.906091,40.67874],[22.906098,40.67877],[22.906101,40.678832],[22.906099,40.67908],[22.906098,40.679186],[22.906099,40.679482],[22.906095,40.679743],[22.906091,40.680055],[22.906092,40.680414],[22.906092,40.68069],[22.906093,40.680822],[22.906089,40.681129],[22.906088,40.681206],[22.906084,40.68171],[22.90608,40.68183],[22.906074,40.682259],[22.906063,40.683155],[22.906046,40.683918]]},"properties":{"name":"Μαιάνδρου"}},{"type":"Feature","geometry":{"type":"LineString","coordinates":[[22.906234,40.677686],[22.906207,40.677652],[22.906179,40.677617],[22.906146,40.677518],[22.906139,40.677486],[22.906132,40.677418],[22.906123,40.677319],[22.906116,40.677366],[22.9061,40.677484],[22.906086,40.677513],[22.906059,40.677615],[22.906016,40.677689]]},"properties":{"name":"Μαιάνδρου"}},{"type":"Feature","geometry":{"type":"LineString","coordinates":[[22.909857,40.672561],[22.909336,40.672612],[22.908952,40.67265],[22.908265,40.672724],[22.907395,40.672907],[22.906539,40.673089],[22.905717,40.673243],[22.905025,40.673375]]},"properties":{"name":"Κολοκοτρώνη"}},{"type":"Feature","geometry":{"type":"LineString","coordinates":[[23.023485,40.489082],[23.023476,40.489517],[23.02347,40.490015]]},"properties":{"name":"Κολοκοτρώνη"}},{"type":"Feature","geometry":{"type":"LineString","coordinates":[[23.023359,40.490002],[23.02336,40.490167],[23.023376,40.490465],[23.023392,40.490766]]},"properties":{"name":"Κολοκοτρώνη"}},{"type":"Feature","geometry":{"type":"LineString","coordinates":[[22.920363,40.672661],[22.919523,40.672662],[22.917964,40.672661],[22.91716,40.672661],[22.916855,40.672661],[22.916203,40.672668],[22.91569,40.672673],[22.915558,40.672675],[22.915442,40.672679],[22.914205,40.672751],[22.913642,40.672794],[22.913246,40.672831],[22.912541,40.672907],[22.912164,40.672949],[22.911759,40.672998],[22.910889,40.673092],[22.91083,40.673099],[22.910754,40.673108],[22.910656,40.673119],[22.910491,40.673137],[22.910407,40.673147],[22.90948,40.673249],[22.908987,40.673306],[22.908636,40.673353],[22.908452,40.673378],[22.908275,40.673412],[22.908098,40.673447],[22.907599,40.673548],[22.907201,40.673628],[22.906723,40.67372],[22.906023,40.673859],[22.905914,40.673877]]},"properties":{"name":"25ης Μαρτίου"}},{"type":"Feature","geometry":{"type":"LineString","coordinates":[[22.951922,40.598807],[22.952043,40.598841],[22.952798,40.599053],[22.952956,40.599097],[22.953378,40.599215],[22.954458,40.599518],[22.954569,40.599549],[22.954686,40.599581],[22.955151,40.599707],[22.956087,40.599961],[22.956964,40.600199],[22.957858,40.600441],[22.958232,40.600543],[22.958399,40.600588],[22.958575,40.600633],[22.959256,40.600805],[22.959388,40.600841],[22.959555,40.600878],[22.960309,40.60108],[22.960737,40.601211],[22.961281,40.601363],[22.961508,40.601431],[22.962329,40.601673],[22.962862,40.60182],[22.963053,40.601872],[22.963909,40.60211],[22.963986,40.602131],[22.964131,40.602169],[22.964264,40.602205],[22.964434,40.602252],[22.96448,40.602265],[22.964879,40.602376],[22.965535,40.602558],[22.965573,40.602569],[22.965626,40.602583],[22.966366,40.602793],[22.967068,40.602983],[22.967615,40.603135],[22.968018,40.603247],[22.968281,40.60332],[22.96884,40.603475],[22.968889,40.603488],[22.968933,40.6035],[22.969004,40.603519]]},"properties":{"name":"25ης Μαρτίου"}},{"type":"Feature","geometry":{"type":"LineString","coordinates":[[22.952223,40.686025],[22.951845,40.685571],[22.951471,40.685122],[22.951436,40.68508],[22.951195,40.684791],[22.950946,40.684491],[22.950841,40.684365],[22.950749,40.684254],[22.950619,40.684099],[22.950533,40.683995],[22.950403,40.683848],[22.950289,40.683745],[22.949835,40.683372],[22.949466,40.683077],[22.949111,40.682787],[22.949085,40.682766],[22.949022,40.682716],[22.94889,40.682619],[22.948818,40.682563],[22.948756,40.682509],[22.948711,40.682467],[22.948671,40.682427],[22.948629,40.682375],[22.948466,40.682154],[22.948436,40.682113],[22.948388,40.682046],[22.948128,40.68169],[22.947986,40.681504],[22.947857,40.681325],[22.947788,40.681231],[22.947727,40.681158],[22.947662,40.681089],[22.947508,40.680951],[22.947449,40.68093],[22.947392,40.680914],[22.94733,40.680894],[22.947115,40.680819],[22.947033,40.680786],[22.946996,40.680768],[22.946953,40.680744],[22.946892,40.680701]]},"properties":{"name":"25ης Μαρτίου"}},{"type":"Feature","geometry":{"type":"LineString","coordinates":[[22.842404,40.687508],[22.843551,40.687731],[22.844433,40.687916],[22.845348,40.688079],[22.846309,40.688225],[22.847076,40.688336],[22.847763,40.688447],[22.848487,40.688544],[22.849201,40.688633],[22.849295,40.688628]]},"properties":{"name":"25ης Μαρτίου"}},{"type":"Feature","geometry":{"type":"LineString","coordinates":[[22.917183,40.732912],[22.91686,40.732415],[22.916317,40.73153],[22.915766,40.730673],[22.915552,40.73033],[22.91521,40.729802],[22.914664,40.728926],[22.914203,40.728169],[22.913998,40.727839],[22.913962,40.727781],[22.913467,40.727027],[22.913177,40.726578],[22.913154,40.725448],[22.913126,40.725268]]},"properties":{"name":"25ης Μαρτίου"}},{"type":"Feature","geometry":{"type":"LineString","coordinates":[[23.037021,40.63597],[23.036978,40.636027],[23.036916,40.636097],[23.036838,40.63616],[23.036756,40.636218],[23.036672,40.636267],[23.03658,40.636315],[23.03647,40.636368],[23.036359,40.63642],[23.036248,40.636465],[23.036119,40.636511],[23.035993,40.636558],[23.035897,40.636596],[23.035828,40.636631],[23.03575,40.636673],[23.035687,40.636713],[23.035634,40.636752],[23.035576,40.6368],[23.035523,40.636848],[23.035459,40.636911],[23.035377,40.636987],[23.035304,40.637054],[23.03522,40.637122],[23.035146,40.637175],[23.035069,40.637224],[23.035008,40.637262],[23.034935,40.637305],[23.034824,40.637361],[23.034519,40.637508],[23.034211,40.637675],[23.033746,40.637925],[23.033385,40.638137],[23.033226,40.638231],[23.033086,40.638309],[23.032965,40.638373],[23.032888,40.63841],[23.032826,40.638436],[23.032746,40.638465],[23.032687,40.638482],[23.03262,40.638498],[23.032523,40.638513],[23.032415,40.638526],[23.032296,40.638539],[23.032045,40.638571],[23.031854,40.638607],[23.03176,40.638639],[23.031676,40.63868],[23.031609,40.638724],[23.03155,40.638769],[23.031495,40.638826],[23.031427,40.638907],[23.031386,40.638956],[23.031334,40.639028],[23.031285,40.639104],[23.031194,40.639239],[23.03115,40.639296],[23.031087,40.639363],[23.031049,40.639403],[23.030956,40.639493],[23.03093,40.639516],[23.030897,40.639545],[23.030862,40.639572],[23.030837,40.639591],[23.030804,40.639615],[23.030767,40.639638],[23.030734,40.639657],[23.030702,40.639674],[23.030662,40.639691],[23.030635,40.6397],[23.03061,40.639708],[23.030571,40.639716],[23.03053,40.639724],[23.030501,40.639726],[23.030475,40.639727],[23.0304,40.639728],[23.030282,40.639727],[23.030169,40.639725],[23.030098,40.639725],[23.030017,40.639726],[23.029979,40.639728],[23.029952,40.63973],[23.029929,40.639732],[23.029904,40.639736],[23.029872,40.639742],[23.029827,40.639753],[23.029774,40.63977],[23.0297,40.6398],[23.029627,40.639841],[23.029566,40.639879],[23.029513,40.639912],[23.029416,40.639972],[23.029317,40.640033],[23.02925,40.640073],[23.029205,40.640099],[23.02913,40.640137],[23.029053,40.640174],[23.028993,40.6402],[23.028949,40.640217],[23.028904,40.640232],[23.028812,40.640261],[23.028724,40.640285],[23.028608,40.640314],[23.028444,40.640354],[23.028334,40.640378],[23.028243,40.640397],[23.028119,40.64042],[23.028021,40.640436],[23.027922,40.64045],[23.02782,40.640462],[23.027626,40.640478],[23.027399,40.640492],[23.027321,40.640497],[23.027247,40.640502],[23.027092,40.640514],[23.02703,40.64052],[23.026812,40.640515],[23.026771,40.640513],[23.026724,40.64051],[23.026684,40.640507],[23.02662,40.6405],[23.026533,40.64049]]},"properties":{"name":"25ης Μαρτίου"}},{"type":"Feature","geometry":{"type":"LineString","coordinates":[[22.922952,40.421867],[22.923107,40.422024],[22.92345,40.422348],[22.923707,40.42259],[22.924148,40.422959],[22.924288,40.423059],[22.924424,40.423152],[22.924484,40.423213],[22.924593,40.423273],[22.924934,40.423512],[22.925171,40.423696],[22.925315,40.4238],[22.925563,40.423969],[22.925775,40.424104],[22.925948,40.424214],[22.926189,40.424432],[22.926323,40.424557],[22.926589,40.424794],[22.926633,40.424838],[22.926895,40.425115],[22.927114,40.425325],[22.927276,40.425483],[22.927464,40.425671],[22.927615,40.425784],[22.927732,40.425859],[22.927871,40.425979],[22.928189,40.426281],[22.92828,40.426419],[22.928325,40.426527],[22.928351,40.426676],[22.928384,40.42692],[22.928399,40.426959],[22.928611,40.427477]]},"properties":{"name":"25ης Μαρτίου"}},{"type":"Feature","geometry":{"type":"LineString","coordinates":[[22.907519,40.504033],[22.90775,40.503491],[22.907946,40.502964],[22.908175,40.502351],[22.908309,40.502063],[22.908392,40.501864],[22.908466,40.501699],[22.908651,40.5013],[22.908788,40.501059],[22.909139,40.500618],[22.909323,40.500463]]},"properties":{"name":"25ης Μαρτίου"}},{"type":"Feature","geometry":{"type":"LineString","coordinates":[[22.871419,40.463828],[22.870948,40.463787],[22.870022,40.463795],[22.869407,40.463815],[22.868611,40.46382],[22.868407,40.463817],[22.868109,40.463815],[22.867652,40.463812],[22.867321,40.463807],[22.867243,40.463808],[22.866818,40.463803],[22.865792,40.463791],[22.865612,40.463802],[22.865434,40.463833],[22.865243,40.463927],[22.865066,40.463983],[22.864426,40.464115],[22.863578,40.464326],[22.863166,40.464429],[22.862768,40.464522],[22.862422,40.464607],[22.86205,40.464695],[22.861472,40.464833],[22.861331,40.464868]]},"properties":{"name":"25ης Μαρτίου"}},{"type":"Feature","geometry":{"type":"LineString","coordinates":[[22.85706,40.465801],[22.85731,40.465814]]},"properties":{"name":"25ης Μαρτίου"}},{"type":"Feature","geometry":{"type":"LineString","coordinates":[[22.861002,40.46494],[22.860885,40.464963],[22.859298,40.465336],[22.858144,40.465613],[22.85731,40.465814],[22.857205,40.465883]]},"properties":{"name":"25ης Μαρτίου"}},{"type":"Feature","geometry":{"type":"LineString","coordinates":[[22.685985,40.606214],[22.687212,40.606873],[22.688061,40.607337],[22.688352,40.607494]]},"properties":{"name":"25ης Μαρτίου"}},{"type":"Feature","geometry":{"type":"LineString","coordinates":[[22.928453,40.768156],[22.928317,40.768183],[22.928221,40.768194],[22.928022,40.768226],[22.927872,40.768327],[22.927756,40.768398],[22.927576,40.76836],[22.927423,40.768356],[22.927244,40.768419],[22.927091,40.76848],[22.926888,40.768495],[22.926703,40.768408],[22.926545,40.768329],[22.926231,40.768174],[22.925862,40.768088]]},"properties":{"name":"25ης Μαρτίου"}},{"type":"Feature","geometry":{"type":"LineString","coordinates":[[22.689083,40.729561],[22.689132,40.729626],[22.689336,40.729898],[22.689605,40.730254],[22.68993,40.730719],[22.690203,40.731116],[22.690458,40.731499],[22.690746,40.731904],[22.691019,40.732311],[22.69129,40.732705],[22.691577,40.733123],[22.691809,40.733509],[22.692017,40.734368],[22.692178,40.73448],[22.693173,40.735175],[22.69362,40.735487],[22.693709,40.735549]]},"properties":{"name":"25ης Μαρτίου"}},{"type":"Feature","geometry":{"type":"LineString","coordinates":[[22.920388,40.666624],[22.920385,40.667037],[22.920384,40.667194],[22.920381,40.667715],[22.92038,40.667952],[22.920381,40.668046],[22.920381,40.66813],[22.920378,40.668407],[22.920379,40.668545],[22.920378,40.668844],[22.920377,40.66889],[22.920377,40.669056],[22.920376,40.669296],[22.920376,40.669355],[22.920374,40.669727],[22.920374,40.669892],[22.920373,40.670134],[22.920372,40.670225],[22.920371,40.670603],[22.920368,40.671277],[22.920367,40.671497],[22.920365,40.671842],[22.920365,40.672105],[22.920364,40.672381],[22.920363,40.672661],[22.920362,40.67293],[22.92036,40.673341],[22.920359,40.673654],[22.92036,40.673962]]},"properties":{"name":"Στρατηγού Παπάγου"}},{"type":"Feature","geometry":{"type":"LineString","coordinates":[[22.941457,40.652002],[22.941561,40.651892]]},"properties":{"name":"Στρατηγού Παπάγου"}},{"type":"Feature","geometry":{"type":"LineString","coordinates":[[22.94159,40.658165],[22.94156,40.658069],[22.941552,40.658047],[22.94153,40.657987],[22.941509,40.657928],[22.941429,40.657754],[22.941187,40.657263],[22.941073,40.657046],[22.940998,40.656911],[22.940926,40.656806],[22.940853,40.656724],[22.940676,40.656539],[22.940449,40.656317],[22.940438,40.656306],[22.940397,40.656268],[22.940334,40.656216],[22.940241,40.656151],[22.940197,40.656121],[22.939982,40.655995],[22.939827,40.655907],[22.939714,40.655837],[22.939671,40.655805],[22.939619,40.655762],[22.939576,40.655717],[22.939555,40.65569],[22.939538,40.655665],[22.939526,40.655647],[22.939514,40.655627],[22.939507,40.655609],[22.939497,40.655584],[22.939486,40.655554],[22.939473,40.65551],[22.939455,40.655446],[22.93943,40.655342],[22.939321,40.654767],[22.939291,40.654598],[22.939139,40.653821],[22.939099,40.653603],[22.939087,40.65355],[22.938987,40.653032],[22.938927,40.652695],[22.938845,40.652611]]},"properties":{"name":"Παναγή Τσαλδάρη"}},{"type":"Feature","geometry":{"type":"LineString","coordinates":[[23.018693,40.545555],[23.019363,40.545583]]},"properties":{"name":"Παναγή Τσαλδάρη"}},{"type":"Feature","geometry":{"type":"LineString","coordinates":[[22.949024,40.652774],[22.949079,40.652747],[22.949358,40.652614],[22.949595,40.652502],[22.949976,40.652327],[22.950129,40.652249],[22.950205,40.652206],[22.95024,40.652184],[22.950271,40.652163],[22.950319,40.652127],[22.950346,40.652104],[22.950363,40.65209],[22.950404,40.65205],[22.950447,40.652005],[22.95061,40.65182],[22.950686,40.651737],[22.950761,40.65166],[22.950854,40.651571],[22.950902,40.651527],[22.951294,40.651165],[22.951358,40.651109],[22.951404,40.651067],[22.95151,40.650974],[22.951675,40.650822]]},"properties":{"name":"Κύπρου"}},{"type":"Feature","geometry":{"type":"LineString","coordinates":[[22.957383,40.650469],[22.957178,40.650514],[22.956678,40.650613],[22.956608,40.650623],[22.956247,40.650662],[22.955502,40.650732],[22.955002,40.650782],[22.954926,40.650793],[22.954888,40.650799],[22.954775,40.650819],[22.954705,40.650831],[22.954645,40.650843],[22.954581,40.650857],[22.954514,40.650872],[22.954404,40.650897],[22.954322,40.650917],[22.954203,40.650948],[22.954052,40.65099],[22.953879,40.651039],[22.953694,40.651094],[22.95359,40.651127],[22.953461,40.651169],[22.953381,40.651196],[22.953318,40.651217],[22.953213,40.651246],[22.953031,40.651286],[22.952966,40.6513],[22.952871,40.651315],[22.952798,40.651323],[22.952731,40.651328],[22.952667,40.651328],[22.952596,40.651325],[22.95253,40.651319],[22.95247,40.651312],[22.952391,40.6513],[22.952255,40.651276],[22.951843,40.651198],[22.951617,40.651154],[22.951485,40.65113],[22.951358,40.651109],[22.951287,40.651098],[22.951213,40.651088],[22.951119,40.651077],[22.951008,40.651066],[22.950746,40.651047],[22.950539,40.651034],[22.950217,40.651015]]},"properties":{"name":"Ρήγα Φεραίου"}},{"type":"Feature","geometry":{"type":"LineString","coordinates":[[22.957617,40.650406],[22.95781,40.650462],[22.957943,40.650504],[22.958146,40.650577],[22.958198,40.650597]]},"properties":{"name":"Ρήγα Φεραίου"}},{"type":"Feature","geometry":{"type":"LineString","coordinates":[[22.954609,40.65093],[22.954428,40.650974],[22.954035,40.651077],[22.953824,40.651134],[22.95368,40.651173],[22.953376,40.651261],[22.953208,40.651313],[22.953104,40.651348],[22.953038,40.651369],[22.952889,40.651407],[22.952838,40.651419],[22.952788,40.651429],[22.952736,40.651436],[22.952668,40.651442],[22.952605,40.651442],[22.952556,40.651441],[22.952515,40.651438],[22.952477,40.651432],[22.952433,40.651425],[22.952376,40.651413],[22.952308,40.651397],[22.952228,40.651378],[22.952113,40.651346],[22.952004,40.651319],[22.951716,40.651252],[22.951522,40.651209],[22.951374,40.65118],[22.951328,40.651171],[22.951294,40.651165]]},"properties":{"name":"Ρήγα Φεραίου"}},{"type":"Feature","geometry":{"type":"LineString","coordinates":[[22.94579,40.649992],[22.945689,40.650067],[22.94559,40.650139],[22.945542,40.650174],[22.945524,40.650185],[22.945498,40.6502],[22.945469,40.650214],[22.945436,40.650229],[22.945392,40.650248],[22.945354,40.650261],[22.945328,40.65027],[22.945306,40.650276],[22.945283,40.650282],[22.945255,40.650287],[22.945226,40.650291],[22.945193,40.650295],[22.945166,40.650297],[22.945142,40.650298],[22.945112,40.650298],[22.945086,40.650297],[22.945063,40.650295],[22.945029,40.65029],[22.944999,40.650286],[22.944967,40.65028],[22.944855,40.650253],[22.944712,40.650216],[22.944624,40.650193],[22.944535,40.650171],[22.944449,40.650154],[22.944388,40.650148],[22.944275,40.650141],[22.9442,40.65014],[22.944089,40.65014],[22.943997,40.650142],[22.943787,40.650152],[22.943739,40.650153],[22.943677,40.650152],[22.943585,40.650143],[22.943487,40.650127],[22.943417,40.650112],[22.943356,40.650093],[22.943266,40.650058],[22.942952,40.649908]]},"properties":{"name":"Ρήγα Φεραίου"}},{"type":"Feature","geometry":{"type":"LineString","coordinates":[[22.938094,40.648935],[22.938182,40.648935],[22.938207,40.648939],[22.938226,40.648943],[22.938248,40.648947],[22.938274,40.648953],[22.9384,40.648981],[22.93874,40.649062],[22.939006,40.649132],[22.939279,40.649203],[22.939594,40.649279],[22.93966,40.649294],[22.9397,40.649303],[22.939762,40.649315],[22.939807,40.649322],[22.940151,40.649357],[22.940251,40.649367],[22.940268,40.649368],[22.940301,40.649366],[22.940367,40.649358],[22.940655,40.649308],[22.940795,40.649288],[22.940998,40.649261],[22.941097,40.649249],[22.941188,40.649241],[22.941256,40.649235],[22.941326,40.649231],[22.941366,40.649229],[22.941421,40.649229],[22.941447,40.64923],[22.941476,40.649232],[22.941507,40.649238],[22.941542,40.649245],[22.941578,40.649253],[22.941684,40.649286],[22.941727,40.649296],[22.941751,40.649299],[22.941784,40.649302],[22.941825,40.649303],[22.941996,40.649299],[22.942304,40.649296]]},"properties":{"name":"Ρήγα Φεραίου"}},{"type":"Feature","geometry":{"type":"LineString","coordinates":[[22.857076,40.689474],[22.856861,40.689895],[22.85678,40.690056],[22.856629,40.690352],[22.85661,40.690414]]},"properties":{"name":"Ρήγα Φεραίου"}},{"type":"Feature","geometry":{"type":"LineString","coordinates":[[23.022388,40.487537],[23.02236,40.487654],[23.022336,40.487752],[23.022309,40.487857],[23.022296,40.487978],[23.022297,40.488205],[23.022344,40.488304],[23.022316,40.488646],[23.022305,40.489057]]},"properties":{"name":"Ρήγα Φεραίου"}},{"type":"Feature","geometry":{"type":"LineString","coordinates":[[22.942952,40.649908],[22.942818,40.649837],[22.942712,40.649773],[22.942598,40.649711],[22.942521,40.649666],[22.942486,40.649639],[22.94247,40.649621],[22.942452,40.649595],[22.942434,40.649565],[22.942417,40.649528],[22.942405,40.649499],[22.942392,40.649465],[22.942376,40.649422],[22.942362,40.649387],[22.942353,40.649369],[22.94234,40.649347],[22.942304,40.649296],[22.942482,40.649291],[22.942622,40.649286],[22.942765,40.649685],[22.942779,40.649714],[22.942796,40.649747],[22.942823,40.649786],[22.942851,40.649819],[22.942882,40.64985],[22.942952,40.649908]]},"properties":{"name":"Ρήγα Φεραίου"}},{"type":"Feature","geometry":{"type":"LineString","coordinates":[[22.957355,40.650346],[22.957363,40.650357],[22.957373,40.650372],[22.957379,40.650387],[22.957383,40.650399],[22.957386,40.650414],[22.957387,40.650431],[22.957386,40.650445],[22.957385,40.650458],[22.957383,40.650469]]},"properties":{"name":"Βίτσι"}},{"type":"Feature","geometry":{"type":"LineString","coordinates":[[22.957688,40.651202],[22.9583,40.651776],[22.95834,40.651812],[22.958355,40.651824],[22.958373,40.651835],[22.958389,40.651844],[22.958412,40.651854],[22.958446,40.651869],[22.959019,40.652075],[22.959227,40.652144],[22.959397,40.652202],[22.959538,40.652246],[22.959633,40.652271],[22.959747,40.652295],[22.960034,40.652349],[22.960157,40.652372],[22.960258,40.652392],[22.960363,40.652422],[22.960468,40.652457],[22.960571,40.652492],[22.960679,40.652533],[22.960773,40.652577],[22.960925,40.652651]]},"properties":{"name":"Βίτσι"}},{"type":"Feature","geometry":{"type":"LineString","coordinates":[[22.931786,40.673139],[22.931819,40.673219],[22.931682,40.673418],[22.931223,40.673982],[22.931196,40.674012],[22.93099,40.674225],[22.930964,40.674254],[22.930743,40.674484],[22.93003,40.675227],[22.929847,40.675437]]},"properties":{"name":"Βίτσι"}},{"type":"Feature","geometry":{"type":"LineString","coordinates":[[22.957355,40.650346],[22.957617,40.650406]]},"properties":{"name":"Καρόλου Κουν"}},{"type":"Feature","geometry":{"type":"LineString","coordinates":[[22.951976,40.654474],[22.952014,40.654455],[22.952101,40.654406],[22.952518,40.654149],[22.952688,40.654038],[22.952726,40.654012],[22.952878,40.653915],[22.952994,40.653848],[22.95308,40.6538],[22.953652,40.653497],[22.954098,40.653251],[22.954156,40.653229],[22.9542,40.653214],[22.954221,40.653205],[22.954305,40.653159],[22.954563,40.653012],[22.954923,40.652817],[22.955291,40.65262],[22.955584,40.652456],[22.955803,40.652337],[22.955999,40.652229],[22.956335,40.652052],[22.956482,40.651969],[22.956819,40.651772],[22.957202,40.651542],[22.957277,40.651498],[22.957378,40.651431],[22.95746,40.651374],[22.957558,40.651302],[22.957688,40.651202],[22.957721,40.651175],[22.957746,40.651152],[22.957779,40.651122],[22.957804,40.651098],[22.957834,40.651068],[22.957983,40.650921],[22.95808,40.650826],[22.958187,40.650721],[22.958276,40.650633],[22.958354,40.650556],[22.958489,40.650418],[22.958907,40.649961],[22.959314,40.649545],[22.959551,40.649313],[22.95963,40.649237],[22.959652,40.649213],[22.959676,40.649181],[22.959704,40.649141],[22.959734,40.649097],[22.959782,40.649023],[22.959822,40.648958],[22.959892,40.648845],[22.959975,40.648707],[22.960058,40.648566],[22.960122,40.648443],[22.960162,40.648371],[22.960188,40.648326],[22.960212,40.64829],[22.960245,40.64825],[22.960278,40.64821],[22.960333,40.64816],[22.960377,40.648124],[22.960415,40.648098],[22.960467,40.648069],[22.960541,40.648029],[22.96061,40.647999],[22.960726,40.647953],[22.960862,40.647898],[22.960913,40.647878],[22.961014,40.647837],[22.961118,40.647794],[22.96114,40.647784],[22.961163,40.647772],[22.961196,40.647753],[22.96121,40.647745],[22.961232,40.647731],[22.96126,40.647714],[22.96129,40.647696],[22.96133,40.64767],[22.961373,40.647641],[22.961418,40.647611],[22.96148,40.647569],[22.96156,40.647514],[22.961625,40.647468],[22.961631,40.647464],[22.96172,40.647395],[22.961814,40.647322],[22.961893,40.647253],[22.961969,40.647186],[22.962029,40.647125],[22.962097,40.647051],[22.962197,40.646927],[22.962261,40.646848],[22.962324,40.646758],[22.962376,40.646676],[22.962425,40.646594],[22.962482,40.646492],[22.962539,40.646384],[22.962587,40.64629],[22.962648,40.646157],[22.962686,40.646072],[22.962724,40.64598],[22.962756,40.645903],[22.962798,40.645788],[22.963036,40.645134],[22.96312,40.644899],[22.963221,40.644613],[22.963273,40.644472],[22.963299,40.644396],[22.963317,40.64434],[22.963327,40.644279],[22.963328,40.644265],[22.963332,40.644232],[22.963338,40.644156],[22.963339,40.644014],[22.963337,40.643892],[22.963332,40.643747],[22.963331,40.643675],[22.963318,40.643547],[22.96331,40.643476],[22.963286,40.643268],[22.963246,40.643206],[22.963229,40.643291],[22.963244,40.64353],[22.96325,40.643623],[22.963256,40.643716],[22.963247,40.643836],[22.96324,40.643938],[22.963235,40.644245],[22.963231,40.644282],[22.963226,40.644311],[22.963216,40.644359],[22.963203,40.644405],[22.963135,40.6446],[22.963033,40.644876],[22.962851,40.64537],[22.962776,40.645582],[22.962711,40.645768],[22.962671,40.645869],[22.962635,40.645959],[22.962595,40.64605],[22.96254,40.646178],[22.962499,40.646268],[22.962456,40.64635],[22.962421,40.646417],[22.962382,40.646491],[22.962345,40.64656],[22.962313,40.646617],[22.962269,40.646687],[22.962238,40.646734],[22.9622,40.646788],[22.96214,40.646868],[22.962102,40.646916],[22.962054,40.646974],[22.962006,40.647026],[22.961939,40.647096],[22.961895,40.64714],[22.961864,40.64717],[22.961839,40.647192],[22.961799,40.647224],[22.961683,40.647312],[22.961581,40.647391],[22.961517,40.647441],[22.961393,40.647537],[22.961334,40.647576],[22.961258,40.647623],[22.961196,40.647661],[22.961136,40.647695],[22.9611,40.647713],[22.961058,40.647734],[22.960972,40.647774],[22.960857,40.647821],[22.96077,40.647859],[22.96067,40.647899],[22.960564,40.647943],[22.960485,40.647979],[22.960391,40.648028],[22.960332,40.648063],[22.960286,40.648095],[22.960238,40.648131],[22.960201,40.648164],[22.960181,40.648183],[22.960161,40.648206],[22.96014,40.648234],[22.96012,40.648267],[22.960101,40.648299],[22.960067,40.648364],[22.960034,40.648426],[22.959995,40.648497],[22.95996,40.648563],[22.959891,40.648684],[22.959823,40.648797],[22.959741,40.648928],[22.959671,40.649032],[22.95961,40.649113],[22.959534,40.649202],[22.959434,40.649315],[22.959231,40.649527],[22.959131,40.649633],[22.959059,40.649707],[22.958841,40.649935],[22.958591,40.650199],[22.95843,40.650365],[22.958282,40.650515],[22.958198,40.650597],[22.958113,40.65068],[22.958011,40.650785],[22.957873,40.650927],[22.957761,40.651037],[22.957697,40.651094],[22.95767,40.651118],[22.957644,40.651141],[22.95761,40.651169],[22.95756,40.651206],[22.957492,40.651255],[22.957419,40.651307],[22.957389,40.651328],[22.957275,40.651408],[22.957155,40.651485],[22.957103,40.65152],[22.957028,40.651567],[22.956967,40.651603],[22.956932,40.651624],[22.956883,40.651651],[22.956723,40.65174],[22.956243,40.652011],[22.955728,40.652305],[22.955259,40.652566],[22.954972,40.65272],[22.954723,40.652854],[22.954547,40.65295],[22.95438,40.653041],[22.954302,40.653084],[22.954209,40.653143],[22.954185,40.653163],[22.954152,40.653193],[22.954098,40.653251]]},"properties":{"name":"Επταπυργίου"}},{"type":"Feature","geometry":{"type":"LineString","coordinates":[[22.953648,40.642738],[22.953357,40.642901],[22.952991,40.643088],[22.952642,40.643252],[22.952546,40.643312],[22.9524,40.643414],[22.952352,40.643486],[22.952308,40.643557],[22.952281,40.643599],[22.952246,40.643677],[22.952217,40.643811]]},"properties":{"name":"Επταπυργίου"}},{"type":"Feature","geometry":{"type":"LineString","coordinates":[[22.955551,40.642206],[22.955715,40.642194],[22.955811,40.642186],[22.95591,40.642174],[22.955993,40.642162],[22.956067,40.64215],[22.956132,40.642137],[22.956214,40.64212],[22.956274,40.642105],[22.956429,40.642061],[22.956655,40.641996],[22.95675,40.641967],[22.956835,40.64194],[22.9569,40.641918],[22.956935,40.641906],[22.957035,40.641866],[22.95715,40.641818],[22.957423,40.641701],[22.957555,40.641649],[22.957637,40.641621],[22.957734,40.64159],[22.957816,40.641567],[22.95792,40.641541],[22.958241,40.641464],[22.958507,40.641394],[22.958664,40.641351],[22.958842,40.641302],[22.958868,40.641295],[22.9589,40.641289],[22.958921,40.641286],[22.958938,40.641285],[22.958951,40.641285],[22.958967,40.641286]]},"properties":{"name":"Επταπυργίου"}},{"type":"Feature","geometry":{"type":"LineString","coordinates":[[22.959178,40.641489],[22.959368,40.641505],[22.959428,40.641511],[22.959498,40.641522],[22.959536,40.641529],[22.959568,40.641537],[22.959667,40.641568],[22.959817,40.64162],[22.959904,40.641652],[22.959958,40.641674],[22.960032,40.641709],[22.96012,40.641757],[22.960233,40.641828],[22.960341,40.641897],[22.960505,40.642014],[22.96059,40.64207],[22.960644,40.642105],[22.960677,40.642121],[22.960715,40.642137],[22.960759,40.642153],[22.960803,40.642167],[22.960861,40.642182],[22.960925,40.642195],[22.961022,40.642211],[22.961103,40.642222],[22.9612,40.642235],[22.961334,40.64226],[22.961441,40.642282],[22.961567,40.642314],[22.961664,40.642337],[22.962121,40.64246],[22.962635,40.642609],[22.962886,40.642679],[22.962908,40.642686],[22.962932,40.642695],[22.962955,40.642706],[22.96298,40.642721],[22.963005,40.642738],[22.963024,40.642752],[22.963041,40.642771],[22.963059,40.642796],[22.963129,40.642917],[22.963178,40.643015],[22.963211,40.643088],[22.963246,40.643206]]},"properties":{"name":"Επταπυργίου"}},{"type":"Feature","geometry":{"type":"LineString","coordinates":[[22.9616,40.645199],[22.961964,40.645277],[22.962124,40.645309],[22.962216,40.645326],[22.962283,40.645336],[22.962334,40.645338],[22.962405,40.64534],[22.96252,40.645335],[22.962614,40.645335],[22.962676,40.645336],[22.96273,40.645342],[22.962782,40.645353],[22.962851,40.64537]]},"properties":{"name":"Βοσνάκη"}},{"type":"Feature","geometry":{"type":"LineString","coordinates":[[22.961435,40.645164],[22.961126,40.645096],[22.960747,40.645016],[22.960748,40.645267],[22.960749,40.645634],[22.960765,40.64596],[22.960771,40.646096],[22.960814,40.646463],[22.960824,40.64656],[22.960827,40.64661],[22.960828,40.646645],[22.960828,40.646677],[22.960827,40.646712],[22.960822,40.64676],[22.960816,40.646803],[22.960808,40.646843],[22.960797,40.646877],[22.960786,40.646906],[22.960772,40.646934],[22.960757,40.646961],[22.960725,40.647009],[22.960694,40.647052]]},"properties":{"name":"Βοσνάκη"}},{"type":"Feature","geometry":{"type":"LineString","coordinates":[[22.96063,40.647063],[22.960643,40.647085],[22.960654,40.647111],[22.960664,40.647133],[22.960674,40.647156],[22.960681,40.647178],[22.960691,40.647211],[22.960701,40.647249],[22.960712,40.647318],[22.960701,40.647442],[22.960688,40.647509]]},"properties":{"name":"Σπάρτακου"}},{"type":"Feature","geometry":{"type":"LineString","coordinates":[[22.961118,40.647794],[22.961087,40.647765],[22.961058,40.647734],[22.961027,40.647696],[22.961005,40.647669],[22.960982,40.647634],[22.960962,40.647609],[22.960948,40.647594],[22.960916,40.647567],[22.960866,40.647537],[22.960804,40.647511],[22.960711,40.647516],[22.960688,40.647509],[22.960633,40.647498],[22.960563,40.647486],[22.960496,40.647473],[22.960453,40.647463],[22.96038,40.647445],[22.960255,40.647412],[22.960183,40.647391],[22.960134,40.647376],[22.960075,40.647356],[22.960039,40.647342],[22.960002,40.647327],[22.959966,40.647313],[22.959924,40.647295],[22.959877,40.647273],[22.959756,40.647213],[22.959678,40.647172],[22.959432,40.647045],[22.958954,40.6468],[22.958862,40.646752],[22.958798,40.646722],[22.95874,40.646694],[22.958697,40.646677],[22.958676,40.646669],[22.958651,40.646661],[22.958603,40.646647],[22.958537,40.646629],[22.958464,40.646612],[22.958391,40.646597],[22.958341,40.64659],[22.958292,40.646585],[22.958249,40.646583],[22.958197,40.646582],[22.958143,40.646583],[22.958083,40.646586],[22.958011,40.646591],[22.957935,40.646599],[22.957829,40.646612],[22.957668,40.646631],[22.957527,40.646649],[22.957437,40.646661],[22.957367,40.646672],[22.957312,40.646685],[22.957249,40.646701],[22.957197,40.646716],[22.957125,40.64674],[22.957044,40.646767],[22.956996,40.646784],[22.956949,40.6468],[22.956879,40.646825],[22.95683,40.646845],[22.956736,40.646881],[22.956651,40.64691],[22.956565,40.646936],[22.956444,40.646965],[22.956323,40.646989],[22.956212,40.647011],[22.95597,40.647052],[22.955719,40.647099],[22.955659,40.647111],[22.955571,40.647128],[22.955463,40.647151],[22.955339,40.647176],[22.955224,40.647195],[22.955174,40.647201],[22.955092,40.647207],[22.95497,40.647211],[22.954835,40.647214],[22.954429,40.647217]]},"properties":{"name":"Οδυσσέως Φωκά"}},{"type":"Feature","geometry":{"type":"LineString","coordinates":[[22.960972,40.647774],[22.960947,40.647735],[22.960917,40.647688],[22.960872,40.647638],[22.960827,40.647603],[22.960804,40.64759],[22.960759,40.647565],[22.960711,40.647516]]},"properties":{"name":"Οδυσσέως Φωκά"}},{"type":"Feature","geometry":{"type":"LineString","coordinates":[[22.903912,40.670513],[22.903936,40.670572],[22.904126,40.670992],[22.904409,40.671626],[22.904689,40.672231],[22.904925,40.672715],[22.904963,40.672792],[22.904992,40.67285],[22.905005,40.672879],[22.905012,40.672916],[22.905007,40.67314],[22.905015,40.673275],[22.905025,40.673375]]},"properties":{"name":"Μεσολογγίου"}},{"type":"Feature","geometry":{"type":"LineString","coordinates":[[22.954889,40.645003],[22.954872,40.64496],[22.954853,40.644919],[22.954832,40.644885],[22.954809,40.644857],[22.954783,40.644831],[22.954753,40.644807],[22.954714,40.64478],[22.954678,40.644761],[22.95462,40.644733],[22.95455,40.644705],[22.954486,40.644685],[22.95442,40.644671],[22.954364,40.644662],[22.954286,40.644656],[22.954204,40.644652],[22.954165,40.644651],[22.954115,40.644654],[22.954059,40.644659],[22.953995,40.644668],[22.953907,40.644683],[22.953801,40.644704],[22.953683,40.64473],[22.953552,40.644757],[22.9535,40.644778],[22.953472,40.644795],[22.953439,40.644824],[22.953407,40.644858],[22.953357,40.644934],[22.953305,40.645027],[22.953239,40.645137],[22.953195,40.645204],[22.953157,40.645259],[22.953112,40.645313],[22.953082,40.645343],[22.953028,40.645384],[22.952983,40.645412],[22.952908,40.645455],[22.952826,40.645502],[22.952729,40.64555],[22.952647,40.645593],[22.952562,40.645635],[22.952474,40.64568],[22.952422,40.645712],[22.952373,40.645751],[22.952324,40.645797],[22.952232,40.645887],[22.952134,40.645982],[22.952086,40.646026],[22.952044,40.646058],[22.95201,40.64608],[22.951995,40.64609],[22.951948,40.646112],[22.951897,40.646128],[22.951854,40.646135],[22.951804,40.646138],[22.951753,40.646138],[22.951686,40.64613],[22.951611,40.646116],[22.951512,40.646092],[22.95146,40.646077],[22.951397,40.646054],[22.951299,40.646015],[22.951173,40.645961],[22.951091,40.645923]]},"properties":{"name":"Μεσολογγίου"}},{"type":"Feature","geometry":{"type":"LineString","coordinates":[[22.949992,40.645658],[22.950173,40.645711],[22.950828,40.645857],[22.95091,40.645877],[22.951091,40.645923],[22.950959,40.64586],[22.950883,40.645826],[22.950182,40.645644],[22.950084,40.645613],[22.949996,40.64558],[22.94971,40.645452]]},"properties":{"name":"Μεσολογγίου"}},{"type":"Feature","geometry":{"type":"LineString","coordinates":[[22.899467,40.671958],[22.899463,40.671977],[22.899462,40.67199],[22.899462,40.67201],[22.899466,40.672035],[22.899467,40.67204],[22.899484,40.672115],[22.899503,40.672182],[22.899527,40.67224],[22.899599,40.672422],[22.899624,40.672516],[22.899639,40.672603],[22.899641,40.672652],[22.899638,40.672695],[22.899624,40.672772],[22.899611,40.67283],[22.8996,40.672877],[22.899591,40.672917],[22.89958,40.672962],[22.89957,40.673018],[22.899561,40.673068],[22.899554,40.673129],[22.899552,40.673194],[22.899556,40.673281],[22.899561,40.673372],[22.899573,40.673447],[22.899609,40.673621]]},"properties":{"name":"Μανόλη Ανδρόνικου"}},{"type":"Feature","geometry":{"type":"LineString","coordinates":[[22.899609,40.673621],[22.899667,40.673918],[22.899684,40.674009],[22.899698,40.674109],[22.899715,40.674247],[22.899722,40.674337],[22.899735,40.674538]]},"properties":{"name":"Τερψιχόρης"}},{"type":"Feature","geometry":{"type":"LineString","coordinates":[[22.908356,40.660309],[22.908544,40.660432],[22.908601,40.660458],[22.908691,40.660499],[22.90887,40.660567]]},"properties":{"name":"Αγαμέμνονος"}},{"type":"Feature","geometry":{"type":"LineString","coordinates":[[22.908145,40.660261],[22.908184,40.660272]]},"properties":{"name":"Αγαμέμνονος"}},{"type":"Feature","geometry":{"type":"LineString","coordinates":[[22.908247,40.660177],[22.908296,40.660065],[22.908361,40.659918],[22.908406,40.659815],[22.90845,40.659724],[22.908484,40.659679],[22.908593,40.659556]]},"properties":{"name":"Θωμά Χατζίκου"}},{"type":"Feature","geometry":{"type":"LineString","coordinates":[[22.908371,40.660204],[22.908471,40.659943],[22.908509,40.659846],[22.908529,40.659775],[22.908562,40.659663],[22.908576,40.659616],[22.908593,40.659556],[22.908647,40.659526],[22.908745,40.659472],[22.909205,40.659216],[22.909334,40.659144],[22.90938,40.659119],[22.909857,40.658853],[22.909917,40.65882],[22.910458,40.658519],[22.910922,40.658261],[22.910978,40.65823],[22.911047,40.658192],[22.911479,40.657951],[22.911524,40.657927],[22.911559,40.657907],[22.912037,40.657641],[22.91208,40.657617],[22.912626,40.657314],[22.912816,40.657208],[22.913174,40.657009],[22.913663,40.656737],[22.913727,40.656701],[22.914203,40.656437],[22.914271,40.656399],[22.914678,40.656173],[22.915143,40.655914]]},"properties":{"name":"Θωμά Χατζίκου"}},{"type":"Feature","geometry":{"type":"LineString","coordinates":[[22.915143,40.655914],[22.915299,40.6561],[22.915479,40.656292],[22.915641,40.656458]]},"properties":{"name":"Γεωργίου Κυρίμη"}},{"type":"Feature","geometry":{"type":"LineString","coordinates":[[22.916009,40.656545],[22.915893,40.656504],[22.915786,40.656483],[22.915641,40.656458],[22.915668,40.656505],[22.915702,40.656559],[22.915798,40.656671]]},"properties":{"name":"Γεωργίου Κυρίμη"}},{"type":"Feature","geometry":{"type":"LineString","coordinates":[[22.922594,40.652589],[22.922646,40.65245],[22.922692,40.652338],[22.922659,40.652053],[22.922645,40.651925],[22.922629,40.65167],[22.922626,40.651575],[22.922621,40.651357],[22.92262,40.65135],[22.922602,40.651139],[22.922581,40.650897],[22.922552,40.65048],[22.922573,40.650198],[22.922601,40.649894],[22.922605,40.64977],[22.92261,40.649306],[22.92261,40.649232],[22.922606,40.649218],[22.922601,40.649206],[22.92254,40.649145]]},"properties":{"name":"Γιάννη Χαλκίδη"}},{"type":"Feature","geometry":{"type":"LineString","coordinates":[[22.922601,40.649894],[22.922882,40.649756],[22.92301,40.649692],[22.923202,40.649586],[22.92334,40.649509],[22.923531,40.649403],[22.923774,40.649267],[22.924146,40.649068],[22.924195,40.649042],[22.92426,40.649008],[22.924314,40.648979],[22.924387,40.648939],[22.924469,40.648894],[22.924715,40.648759],[22.92525,40.648466],[22.925444,40.648359],[22.925664,40.648239],[22.925999,40.648055],[22.926338,40.647869],[22.92663,40.647709],[22.927178,40.647408]]},"properties":{"name":"Αγάθωνος"}},{"type":"Feature","geometry":{"type":"LineString","coordinates":[[22.933864,40.644484],[22.933748,40.644597],[22.933441,40.644897],[22.933187,40.645145],[22.932437,40.645878],[22.932232,40.646082],[22.93214,40.646171],[22.931824,40.646472],[22.931768,40.646535],[22.931636,40.646683],[22.931499,40.646866],[22.931373,40.647095],[22.931308,40.64725],[22.931268,40.647347],[22.931257,40.647377],[22.931251,40.647399],[22.931241,40.647444],[22.931232,40.647488],[22.931204,40.647634],[22.931179,40.64786],[22.931161,40.648063],[22.931164,40.648342],[22.931164,40.648431],[22.93116,40.64847],[22.931162,40.648544],[22.931171,40.648696],[22.931181,40.648857],[22.931205,40.649234],[22.931232,40.649799],[22.931248,40.65008],[22.931244,40.650102],[22.931237,40.650116],[22.931229,40.650121]]},"properties":{"name":"Γρηγορίου Κολωνιάρη"}},{"type":"Feature","geometry":{"type":"LineString","coordinates":[[22.933994,40.644518],[22.933865,40.644644],[22.933843,40.644665],[22.933331,40.645164],[22.933293,40.645201],[22.932538,40.645937],[22.932324,40.646138],[22.93223,40.646226],[22.931916,40.646521],[22.931863,40.646575],[22.931762,40.64668],[22.931637,40.646834],[22.931535,40.646997],[22.931457,40.64715],[22.931399,40.647273],[22.931359,40.647368],[22.931345,40.647409],[22.931335,40.647448],[22.931322,40.647503],[22.931301,40.647641],[22.931267,40.647868],[22.931255,40.648338],[22.931252,40.648422],[22.931255,40.648486],[22.931253,40.648541],[22.931288,40.649196],[22.931307,40.649588],[22.931332,40.65007],[22.93133,40.65009],[22.931328,40.650105],[22.931325,40.650116],[22.93132,40.65013],[22.931312,40.650141],[22.931304,40.65015],[22.931295,40.650159],[22.931288,40.650165],[22.931388,40.650232],[22.931422,40.650319],[22.931465,40.650441],[22.931552,40.650702]]},"properties":{"name":"Γρηγορίου Κολωνιάρη"}},{"type":"Feature","geometry":{"type":"LineString","coordinates":[[22.933994,40.644518],[22.933864,40.644484],[22.933747,40.644454],[22.933224,40.644317],[22.932986,40.64425],[22.932794,40.644195],[22.932715,40.644166],[22.932645,40.644138],[22.932591,40.64411],[22.932546,40.644078],[22.932494,40.644033],[22.932363,40.643906]]},"properties":{"name":"Στυλιανού Δραγουμάνου"}},{"type":"Feature","geometry":{"type":"LineString","coordinates":[[22.935173,40.644739],[22.935094,40.644756],[22.935027,40.644761],[22.93496,40.644758],[22.934899,40.644751],[22.93447,40.644638],[22.934211,40.644573],[22.933994,40.644518]]},"properties":{"name":"Στέλλιου Δραγουμάνου"}},{"type":"Feature","geometry":{"type":"LineString","coordinates":[[22.928061,40.647932],[22.927886,40.648064],[22.927557,40.648305],[22.927417,40.648404],[22.927191,40.648602],[22.927143,40.648681],[22.926623,40.649309],[22.926523,40.649432],[22.926479,40.649489],[22.926433,40.649548],[22.926324,40.64968],[22.926258,40.649752],[22.925982,40.65002],[22.925625,40.650257],[22.925371,40.650419],[22.924988,40.650688],[22.924799,40.650805]]},"properties":{"name":"Αμπελώνων"}},{"type":"Feature","geometry":{"type":"LineString","coordinates":[[23.025377,40.427864],[23.025814,40.428203],[23.026595,40.428817],[23.02657,40.428889],[23.026587,40.428981],[23.026647,40.429079],[23.026796,40.429253],[23.026853,40.429321],[23.027231,40.429765],[23.027754,40.430379],[23.027952,40.430666],[23.028012,40.430771],[23.028355,40.431241],[23.028767,40.431803],[23.028836,40.431842],[23.02894,40.431865]]},"properties":{"name":"Αμπελώνων"}},{"type":"Feature","geometry":{"type":"LineString","coordinates":[[22.924799,40.650805],[22.924581,40.650397]]},"properties":{"name":"Χρήστου Ράπτη"}},{"type":"Feature","geometry":{"type":"LineString","coordinates":[[22.924581,40.650397],[22.924282,40.650501],[22.92407,40.65055],[22.923919,40.650574],[22.923739,40.65058],[22.923565,40.650578],[22.923392,40.650571],[22.923231,40.650561],[22.923041,40.650544],[22.922853,40.650527],[22.922664,40.650501],[22.922552,40.65048]]},"properties":{"name":"Κανάκη"}},{"type":"Feature","geometry":{"type":"LineString","coordinates":[[22.92254,40.649145],[22.922461,40.649192],[22.922351,40.649256],[22.922154,40.649381],[22.921429,40.649835],[22.920942,40.650132],[22.920281,40.650525],[22.920054,40.650666],[22.919723,40.650865],[22.91964,40.650912],[22.919589,40.650937],[22.919455,40.650997],[22.919068,40.651153],[22.918832,40.651249],[22.91876,40.65128],[22.918696,40.651313],[22.918624,40.651359],[22.918543,40.651416],[22.918483,40.651464],[22.918422,40.651521],[22.91837,40.651572],[22.918319,40.651632],[22.918284,40.651676],[22.918219,40.651764],[22.918168,40.651833],[22.918106,40.651937],[22.918089,40.651976],[22.918078,40.652008],[22.91806,40.65207],[22.918034,40.652182],[22.918026,40.652217],[22.918005,40.652281],[22.917982,40.652336],[22.917957,40.652385],[22.917916,40.652459],[22.917875,40.652536],[22.917843,40.652589],[22.917686,40.652825],[22.91744,40.653228],[22.917159,40.653656],[22.916961,40.653944],[22.916775,40.654224],[22.916601,40.654524]]},"properties":{"name":"Γεωργίου Γεννηματά"}},{"type":"Feature","geometry":{"type":"LineString","coordinates":[[22.798356,40.663859],[22.799392,40.66261],[22.799467,40.662544],[22.799536,40.662509],[22.799781,40.662391],[22.800016,40.662303],[22.800063,40.662284],[22.800078,40.662278],[22.800208,40.662224],[22.800794,40.661978],[22.801848,40.661548],[22.8026,40.661233],[22.802729,40.661177]]},"properties":{"name":"Γεωργίου Γεννηματά"}},{"type":"Feature","geometry":{"type":"LineString","coordinates":[[22.798284,40.663825],[22.799333,40.662567],[22.79939,40.662512],[22.799475,40.662465],[22.799753,40.662341],[22.799919,40.662277],[22.79998,40.662253],[22.800173,40.662174],[22.800755,40.661914],[22.8018,40.661485],[22.802404,40.661231],[22.802552,40.661169]]},"properties":{"name":"Γεωργίου Γεννηματά"}},{"type":"Feature","geometry":{"type":"LineString","coordinates":[[22.99412,40.681226],[22.99427,40.68116],[22.994503,40.681064],[22.994717,40.680977],[22.995069,40.680826],[22.996015,40.680427],[22.996281,40.680317],[22.996611,40.680182],[22.996861,40.680079],[22.996935,40.680053],[22.997049,40.680013],[22.997235,40.67996],[22.99742,40.679911],[22.997609,40.679866],[22.997766,40.679835],[22.99787,40.67982],[22.997937,40.679814],[22.997999,40.679812],[22.998053,40.679815],[22.998119,40.679823],[22.998218,40.679842],[22.998365,40.679875],[22.99854,40.679916],[22.998679,40.679952],[22.999377,40.680133],[23.000017,40.680288],[23.001131,40.680557],[23.001364,40.680616],[23.001391,40.680623],[23.001423,40.68063],[23.001466,40.680638],[23.001495,40.680642],[23.001527,40.680645],[23.00155,40.680645],[23.001573,40.680643],[23.001592,40.680638],[23.001617,40.68063],[23.001648,40.680614],[23.001693,40.680586],[23.002729,40.679933],[23.002887,40.679839],[23.003035,40.679755],[23.003115,40.679707],[23.003176,40.679666],[23.003232,40.679625],[23.00327,40.679595],[23.003305,40.679562],[23.003332,40.679529],[23.003366,40.679486],[23.003408,40.679425],[23.003471,40.67933],[23.003537,40.679234],[23.003608,40.679147],[23.003682,40.679072],[23.003783,40.678977],[23.003929,40.678849],[23.003998,40.678786],[23.004022,40.678759],[23.004048,40.678716],[23.004072,40.678671],[23.004083,40.678635],[23.004101,40.678561],[23.00414,40.678429],[23.004163,40.678368],[23.00419,40.678305],[23.004221,40.678243],[23.004258,40.678178],[23.004295,40.678124],[23.004338,40.678072],[23.004398,40.678014],[23.004469,40.677951],[23.004546,40.67789],[23.004798,40.677713],[23.004897,40.677644],[23.005121,40.677484],[23.00521,40.677417],[23.005302,40.677348],[23.005347,40.677303],[23.005374,40.677265],[23.005477,40.677103]]},"properties":{"name":"Γεωργίου Γεννηματά"}},{"type":"Feature","geometry":{"type":"LineString","coordinates":[[22.908452,40.673378],[22.908463,40.673832],[22.908461,40.674058],[22.90846,40.674503],[22.908458,40.674639],[22.908454,40.675161],[22.908452,40.67525],[22.908433,40.676088],[22.908433,40.676137],[22.908415,40.676986],[22.908416,40.677208],[22.908416,40.677323],[22.908463,40.677508]]},"properties":{"name":"Νυμφαίου"}},{"type":"Feature","geometry":{"type":"LineString","coordinates":[[22.906116,40.676065],[22.906194,40.676064],[22.907361,40.676082],[22.907913,40.676085],[22.908433,40.676088]]},"properties":{"name":"Ευφροσύνης"}},{"type":"Feature","geometry":{"type":"LineString","coordinates":[[22.910849,40.677385],[22.9108,40.677389],[22.910725,40.677397],[22.9107,40.6774],[22.910611,40.677412],[22.91043,40.67744],[22.910351,40.677449],[22.910252,40.677462],[22.910178,40.677471],[22.910076,40.677475],[22.909945,40.67748],[22.909644,40.677492],[22.909532,40.677496],[22.909428,40.677499],[22.909327,40.6775],[22.909222,40.677501],[22.909104,40.677505],[22.908804,40.677515],[22.908703,40.677513],[22.908628,40.677509],[22.908567,40.677505],[22.908463,40.677508]]},"properties":{"name":"Αντώνη Τρίτση"}},{"type":"Feature","geometry":{"type":"LineString","coordinates":[[22.92335,40.67699],[22.923276,40.676996],[22.923191,40.677],[22.922766,40.677023],[22.922207,40.677041],[22.922102,40.677045],[22.92195,40.677053],[22.92176,40.677063],[22.921244,40.677095],[22.920378,40.677138],[22.919539,40.677171],[22.918732,40.677197],[22.918076,40.677218],[22.917962,40.677222],[22.916517,40.677275],[22.915683,40.677302]]},"properties":{"name":"Αντώνη Τρίτση"}},{"type":"Feature","geometry":{"type":"LineString","coordinates":[[22.944731,40.637665],[22.94476,40.637649],[22.945078,40.637477],[22.945273,40.637371],[22.945518,40.637239],[22.946045,40.636954],[22.946131,40.636907],[22.946219,40.63686],[22.946369,40.636779],[22.946626,40.63664]]},"properties":{"name":"Φιλίππου"}},{"type":"Feature","geometry":{"type":"LineString","coordinates":[[22.577162,40.78688],[22.577218,40.786404],[22.577272,40.785958],[22.577338,40.785278]]},"properties":{"name":"Φιλίππου"}},{"type":"Feature","geometry":{"type":"LineString","coordinates":[[23.095157,40.474481],[23.094924,40.474472],[23.094395,40.474447],[23.093816,40.474427],[23.093737,40.474427],[23.093387,40.474408],[23.093098,40.474387],[23.092887,40.474366],[23.092766,40.474348],[23.092654,40.474312],[23.092469,40.47423]]},"properties":{"name":"Φιλίππου"}},{"type":"Feature","geometry":{"type":"LineString","coordinates":[[22.946626,40.63664],[22.946566,40.636577],[22.946006,40.635994],[22.945947,40.635929],[22.945458,40.635395],[22.945432,40.635367],[22.94535,40.635273]]},"properties":{"name":"Μητροπολίτου Γενναδίου"}},{"type":"Feature","geometry":{"type":"LineString","coordinates":[[22.955629,40.634691],[22.955695,40.634732],[22.955725,40.634755],[22.955758,40.634788],[22.955832,40.634868],[22.955961,40.635008],[22.956055,40.635117],[22.956086,40.635152],[22.957439,40.636709],[22.957462,40.636746],[22.95748,40.636785],[22.957482,40.636808],[22.957475,40.636831],[22.957454,40.636854],[22.957414,40.636882],[22.95728,40.63696],[22.957235,40.636991],[22.95722,40.637002],[22.95721,40.637012],[22.957194,40.637028],[22.957187,40.63704],[22.957182,40.637051],[22.95718,40.637061],[22.957177,40.637074],[22.957175,40.637094],[22.957176,40.637112],[22.957177,40.637126],[22.95718,40.63714],[22.957186,40.637159],[22.957193,40.637175],[22.957206,40.637193],[22.957215,40.637205],[22.957227,40.637221],[22.957239,40.637234],[22.957259,40.637255],[22.957279,40.637273],[22.957349,40.637342],[22.95745,40.637447],[22.957545,40.637551],[22.957859,40.637893],[22.958176,40.638231],[22.95849,40.638574],[22.958619,40.638713],[22.958954,40.639084],[22.958983,40.639114],[22.959009,40.63914],[22.959034,40.639162],[22.959057,40.63918],[22.959076,40.639193],[22.959098,40.639208],[22.959124,40.639222],[22.959145,40.639234],[22.959166,40.639244],[22.959201,40.639258],[22.959246,40.639275],[22.959288,40.63929],[22.959344,40.639307],[22.95937,40.639314],[22.959384,40.639317],[22.959429,40.639327],[22.959467,40.639332],[22.959504,40.639336],[22.959544,40.639337],[22.959596,40.639337],[22.959646,40.639334],[22.959681,40.63933],[22.959722,40.639325],[22.959774,40.639318],[22.959847,40.639308],[22.959961,40.639293],[22.960058,40.639282],[22.960202,40.639259],[22.960374,40.639234],[22.960438,40.639223],[22.960521,40.639209],[22.960646,40.639181],[22.960752,40.639153],[22.960786,40.639145],[22.960913,40.639107]]},"properties":{"name":"Ελένης Ζωγράφου"}},{"type":"Feature","geometry":{"type":"LineString","coordinates":[[22.946246,40.641987],[22.946274,40.642046],[22.946302,40.642066],[22.946335,40.642075],[22.946436,40.642095],[22.946678,40.642085],[22.946877,40.642073],[22.946959,40.642064]]},"properties":{"name":"Παϊσίου Μοναχού"}},{"type":"Feature","geometry":{"type":"LineString","coordinates":[[22.946959,40.642064],[22.947013,40.642095],[22.947259,40.642219],[22.947369,40.642267],[22.947398,40.642273],[22.94747,40.642279],[22.947587,40.642289],[22.947599,40.64229],[22.947612,40.642299],[22.947663,40.642359],[22.947788,40.642482],[22.947871,40.642539],[22.948077,40.64264],[22.948255,40.642717],[22.948398,40.642768],[22.94871,40.642867],[22.948929,40.642931],[22.949023,40.642958],[22.949283,40.643047],[22.949331,40.643062],[22.94938,40.643078],[22.949419,40.64309],[22.949453,40.643099],[22.949486,40.643107],[22.949519,40.643112],[22.949541,40.643113],[22.949559,40.643113],[22.949584,40.643111],[22.949609,40.643108],[22.949628,40.643102],[22.949643,40.643096],[22.94966,40.643089],[22.949676,40.643082],[22.949711,40.643064],[22.949855,40.642989],[22.94991,40.642962],[22.949941,40.642949],[22.949964,40.64294],[22.949978,40.642936],[22.950045,40.642911],[22.950141,40.642875],[22.950256,40.642832],[22.950432,40.642771],[22.950465,40.642761],[22.950519,40.642751],[22.950689,40.642726],[22.950745,40.64272],[22.950827,40.642712],[22.95087,40.642712],[22.950916,40.642714],[22.950956,40.642715],[22.951001,40.642713],[22.951032,40.642712],[22.951124,40.642697],[22.951159,40.642687],[22.951219,40.642668],[22.951267,40.642649],[22.951317,40.642626],[22.951354,40.642608],[22.951395,40.64259],[22.951424,40.642578],[22.951458,40.642567],[22.951493,40.642559],[22.951529,40.642551],[22.951559,40.642547],[22.951592,40.642543],[22.95163,40.642541],[22.951681,40.642539],[22.951821,40.642531],[22.95204,40.642514],[22.95206,40.642512],[22.952098,40.642507],[22.952148,40.642496],[22.952216,40.64248],[22.952291,40.64246],[22.952349,40.642443],[22.952396,40.642429],[22.952441,40.642413],[22.952477,40.6424],[22.952509,40.642386],[22.952534,40.642373],[22.952566,40.642355],[22.952612,40.642327],[22.952744,40.642246],[22.952874,40.642165],[22.952943,40.642129],[22.952976,40.642112],[22.95301,40.642097],[22.953024,40.642092],[22.953041,40.642087],[22.953059,40.642083],[22.95308,40.642079],[22.953103,40.642076],[22.953132,40.642073],[22.953145,40.642073],[22.953156,40.642072],[22.953173,40.642073],[22.953195,40.642073],[22.953227,40.642075]]},"properties":{"name":"Δημητρίου Πολιορκητού"}},{"type":"Feature","geometry":{"type":"LineString","coordinates":[[22.953227,40.642075],[22.953368,40.642266]]},"properties":{"name":"Σθένωνος"}},{"type":"Feature","geometry":{"type":"LineString","coordinates":[[22.953368,40.642266],[22.953319,40.642308],[22.95329,40.642332],[22.953258,40.642359],[22.953231,40.642379],[22.953205,40.642397],[22.953167,40.642423],[22.953116,40.642456],[22.953093,40.642469],[22.95305,40.642492],[22.953011,40.642509],[22.952975,40.642524],[22.95283,40.642577],[22.952558,40.642686]]},"properties":{"name":"Συρακουσών"}},{"type":"Feature","geometry":{"type":"LineString","coordinates":[[22.952756,40.642834],[22.952558,40.642686],[22.952216,40.64248]]},"properties":{"name":"Δωδώνης"}},{"type":"Feature","geometry":{"type":"LineString","coordinates":[[22.952756,40.642834],[22.952773,40.642828],[22.953014,40.642742],[22.953067,40.642725],[22.95312,40.642711],[22.953159,40.642703],[22.953202,40.642695],[22.953258,40.642685],[22.953581,40.642633],[22.953648,40.642738]]},"properties":{"name":"Αργοναυτών"}},{"type":"Feature","geometry":{"type":"LineString","coordinates":[[22.951354,40.642608],[22.951392,40.642834],[22.951413,40.642916],[22.951447,40.643054],[22.951478,40.643179],[22.951506,40.643277],[22.951585,40.64342],[22.951646,40.643528],[22.951706,40.64359],[22.95177,40.643646],[22.951934,40.643729],[22.952217,40.643811]]},"properties":{"name":"Παλαμίδου"}},{"type":"Feature","geometry":{"type":"LineString","coordinates":[[22.949023,40.642958],[22.949458,40.642704],[22.949986,40.642396],[22.950103,40.642328],[22.950256,40.642238]]},"properties":{"name":"Πηλέως"}},{"type":"Feature","geometry":{"type":"LineString","coordinates":[[22.950256,40.642238],[22.950232,40.642204],[22.950124,40.642047],[22.950045,40.641935]]},"properties":{"name":"Πλατεία Τερψιθέας"}},{"type":"Feature","geometry":{"type":"LineString","coordinates":[[22.950045,40.641935],[22.950021,40.641896],[22.95001,40.641874],[22.950002,40.641849],[22.949988,40.641803],[22.949976,40.641757],[22.949959,40.641678],[22.950027,40.641654],[22.950067,40.641634],[22.950096,40.641613],[22.950124,40.641583],[22.950141,40.641554],[22.950153,40.641514],[22.950156,40.64143],[22.950131,40.641079]]},"properties":{"name":"Ελευσίνος"}},{"type":"Feature","geometry":{"type":"LineString","coordinates":[[22.954581,40.650857],[22.954609,40.65093]]},"properties":{"name":"Ελευσίνος"}},{"type":"Feature","geometry":{"type":"LineString","coordinates":[[22.950131,40.641079],[22.950563,40.64101],[22.950657,40.640979],[22.950793,40.640925],[22.95092,40.640874],[22.951012,40.640833],[22.951083,40.640798],[22.951259,40.640714],[22.951367,40.640666],[22.951438,40.640635],[22.951507,40.640602],[22.951602,40.640554],[22.95176,40.640472],[22.951965,40.640367],[22.952157,40.640263],[22.952186,40.64025],[22.952235,40.640231]]},"properties":{"name":"Θεόφιλου"}},{"type":"Feature","geometry":{"type":"LineString","coordinates":[[22.952235,40.640231],[22.952046,40.640046],[22.952001,40.640001],[22.951667,40.639672],[22.951638,40.639644],[22.95127,40.639248],[22.951049,40.639012],[22.950899,40.638851],[22.95064,40.638573],[22.950446,40.638365],[22.950408,40.638324]]},"properties":{"name":"Αγίας Σοφίας"}},{"type":"Feature","geometry":{"type":"LineString","coordinates":[[22.946212,40.633478],[22.946221,40.633515],[22.946235,40.633559],[22.946261,40.633609],[22.946424,40.633777],[22.946747,40.634118],[22.94689,40.634282],[22.946905,40.634301],[22.946927,40.634334],[22.946987,40.634404]]},"properties":{"name":"Αγίας Σοφίας"}},{"type":"Feature","geometry":{"type":"LineString","coordinates":[[22.945392,40.642249],[22.945361,40.642215],[22.945338,40.642173],[22.94528,40.642066],[22.945241,40.642017],[22.945202,40.641971],[22.945162,40.641927],[22.945123,40.641887],[22.945065,40.641836],[22.94503,40.641806],[22.944979,40.641766],[22.944861,40.641679],[22.944652,40.641521],[22.944546,40.641439],[22.944493,40.641399],[22.944435,40.641353]]},"properties":{"name":"Ρακτιβάν"}},{"type":"Feature","geometry":{"type":"LineString","coordinates":[[22.948918,40.637846],[22.948797,40.637709],[22.948775,40.637684],[22.94876,40.637674],[22.948737,40.637665],[22.948716,40.637659],[22.947438,40.63758]]},"properties":{"name":"Πελοποννήσου"}},{"type":"Feature","geometry":{"type":"LineString","coordinates":[[22.945554,40.63858],[22.945463,40.638481],[22.945094,40.638078],[22.944731,40.637665]]},"properties":{"name":"Μακεδονικής Αμύνης"}},{"type":"Feature","geometry":{"type":"LineString","coordinates":[[22.952014,40.636388],[22.952058,40.636437],[22.952396,40.636815],[22.952628,40.637072],[22.952662,40.637111],[22.952696,40.63715],[22.952733,40.637192],[22.953035,40.637534],[22.953076,40.637592],[22.953104,40.637634],[22.953135,40.637681],[22.953163,40.637727],[22.953196,40.637779],[22.953258,40.637873],[22.953286,40.637915]]},"properties":{"name":"Ιουλιανού"}},{"type":"Feature","geometry":{"type":"LineString","coordinates":[[22.955,40.640146],[22.95494,40.640131],[22.954922,40.640127],[22.954894,40.640122],[22.954869,40.640118],[22.954844,40.640117],[22.954821,40.640117],[22.954741,40.64012],[22.954661,40.640124],[22.954593,40.640128],[22.954461,40.640136],[22.954376,40.640141],[22.954298,40.640143],[22.95422,40.640143],[22.954155,40.640141],[22.954083,40.640134],[22.954023,40.640126],[22.953989,40.640119],[22.953948,40.640107],[22.953911,40.640091],[22.953886,40.640078],[22.953833,40.64005],[22.953786,40.640023],[22.9537,40.639971],[22.953455,40.639822],[22.953205,40.639665],[22.952979,40.639531],[22.952932,40.639504],[22.952884,40.63948],[22.952842,40.639458],[22.952799,40.639438],[22.952751,40.639416],[22.95269,40.639387],[22.952639,40.639365],[22.952586,40.63934],[22.952469,40.639288],[22.95237,40.639244],[22.952324,40.639225],[22.952276,40.639204],[22.952236,40.639188],[22.95219,40.639171]]},"properties":{"name":"Θεοτοκοπούλου"}},{"type":"Feature","geometry":{"type":"LineString","coordinates":[[22.955,40.640146],[22.95501,40.640142],[22.955037,40.640129],[22.955076,40.64011],[22.95511,40.640092],[22.955144,40.640072],[22.955194,40.640044],[22.955219,40.640029],[22.955237,40.640017],[22.955248,40.64001],[22.955261,40.639998],[22.955271,40.640018],[22.95528,40.640035],[22.955294,40.640056],[22.955305,40.640073],[22.955314,40.640086],[22.955323,40.640098],[22.955332,40.64011],[22.95534,40.640123],[22.955347,40.640135],[22.955354,40.640148],[22.955357,40.640156],[22.955358,40.640167],[22.955358,40.640176],[22.955343,40.640237]]},"properties":{"name":"Μωρέας"}},{"type":"Feature","geometry":{"type":"LineString","coordinates":[[22.952235,40.640231],[22.952283,40.640219],[22.952364,40.640202],[22.952483,40.640181],[22.952577,40.640166],[22.952658,40.640156],[22.952745,40.640149],[22.952806,40.640148],[22.952883,40.640147],[22.952945,40.640149],[22.953003,40.640154],[22.953062,40.640163],[22.953136,40.640175],[22.953201,40.640191],[22.953244,40.640204],[22.953282,40.640219],[22.95333,40.640237],[22.953402,40.640266],[22.953493,40.6403],[22.953561,40.640315],[22.95361,40.640314],[22.953683,40.640294],[22.953765,40.640278],[22.954426,40.640209],[22.954903,40.640166],[22.954946,40.640161],[22.954987,40.640152],[22.955,40.640146],[22.955343,40.640237],[22.95559,40.640279],[22.955695,40.640289],[22.95581,40.640296],[22.956038,40.640311],[22.956078,40.640314],[22.956124,40.640318],[22.956182,40.640325],[22.956235,40.640332],[22.956299,40.640342],[22.95638,40.640354],[22.956594,40.640382],[22.956671,40.640393],[22.956723,40.6404],[22.956747,40.640402],[22.956776,40.640403],[22.956803,40.640403],[22.956828,40.640402],[22.956854,40.640398],[22.956883,40.640393],[22.956911,40.640384],[22.956936,40.640376],[22.956966,40.640363],[22.956988,40.640351],[22.957015,40.640335],[22.957044,40.640317],[22.957055,40.64031],[22.957195,40.640245],[22.957238,40.640229],[22.957267,40.640218],[22.957311,40.640205],[22.95734,40.640197],[22.957362,40.640192],[22.957438,40.640174],[22.957621,40.640129],[22.957744,40.640098],[22.957878,40.640068],[22.958144,40.639999],[22.958337,40.639945],[22.958455,40.639914],[22.958509,40.639902],[22.958551,40.639894],[22.958589,40.639889],[22.958627,40.639885],[22.958664,40.639884],[22.958701,40.639885],[22.958729,40.639888],[22.958759,40.639892],[22.958782,40.639896],[22.95881,40.639904],[22.958831,40.639912],[22.958847,40.639919],[22.95886,40.639926],[22.95888,40.639936],[22.958892,40.639945],[22.958904,40.639955],[22.958914,40.639964],[22.958931,40.639983],[22.958939,40.639995],[22.958945,40.64001],[22.958951,40.640027],[22.958954,40.640044],[22.958955,40.64006],[22.958953,40.640077],[22.958946,40.640093],[22.958938,40.640107],[22.958925,40.640124],[22.958911,40.640138],[22.958894,40.640152],[22.958881,40.640161],[22.958865,40.64017],[22.958838,40.640183],[22.958746,40.640223],[22.958574,40.640295],[22.958397,40.640376],[22.958151,40.640483],[22.957997,40.640553],[22.95783,40.640632],[22.957374,40.640881],[22.95707,40.641047],[22.95673,40.641232],[22.956527,40.641337],[22.956456,40.641374],[22.95629,40.641459],[22.956131,40.641545],[22.955865,40.641687],[22.955807,40.64172],[22.955775,40.641738],[22.955731,40.641765],[22.95563,40.641824],[22.955609,40.641837],[22.955602,40.641842],[22.955598,40.641845],[22.955592,40.641851],[22.955584,40.64186],[22.955577,40.641869],[22.955572,40.641878],[22.955567,40.641887],[22.955563,40.6419],[22.95556,40.641912],[22.955557,40.641923],[22.955555,40.641936],[22.955552,40.641958],[22.95555,40.641982],[22.955548,40.642009],[22.955547,40.642054],[22.955551,40.642206],[22.955557,40.642297],[22.955573,40.642343],[22.955575,40.642349],[22.955606,40.642434],[22.955668,40.642593],[22.955681,40.642625],[22.955691,40.642645],[22.955702,40.642665],[22.955715,40.642687],[22.955732,40.642713],[22.955753,40.642743],[22.955875,40.642908],[22.955952,40.643005]]},"properties":{"name":"Ακροπόλεως"}},{"type":"Feature","geometry":{"type":"LineString","coordinates":[[23.003137,40.658852],[23.003132,40.658884],[23.00313,40.658913],[23.003129,40.658954],[23.003129,40.658997],[23.00313,40.659038],[23.003134,40.659103],[23.003135,40.659127],[23.003141,40.659151],[23.00315,40.659174],[23.003158,40.659186],[23.003168,40.6592],[23.003181,40.659213],[23.003195,40.659224],[23.003215,40.659239],[23.003235,40.65925],[23.00326,40.659261],[23.003294,40.659273],[23.003317,40.659279],[23.003342,40.659285],[23.003381,40.659293],[23.003447,40.659306],[23.003518,40.659319],[23.003583,40.659332],[23.003635,40.659345],[23.003671,40.659356],[23.003718,40.659374],[23.003773,40.659398],[23.003857,40.659437],[23.003938,40.659473],[23.004007,40.659498],[23.004062,40.659517],[23.004124,40.659534],[23.004177,40.659547],[23.004225,40.659557],[23.004321,40.659571],[23.004391,40.659585],[23.00445,40.659604],[23.004503,40.659627],[23.004625,40.659691],[23.004729,40.659752],[23.00481,40.659804],[23.004876,40.659851],[23.005012,40.659951],[23.005101,40.660013],[23.00523,40.660099],[23.005403,40.660208],[23.00552,40.66028],[23.005601,40.660338],[23.005692,40.660411],[23.005794,40.6605],[23.005913,40.66061],[23.006015,40.660706],[23.006061,40.660751],[23.006093,40.660784],[23.006112,40.660807],[23.006126,40.660827],[23.006143,40.660857],[23.006176,40.660919],[23.0062,40.66097],[23.006214,40.661003],[23.00623,40.66105],[23.006239,40.661083],[23.006246,40.661118],[23.006251,40.661147],[23.006255,40.661196],[23.006253,40.66123],[23.006249,40.66127],[23.006236,40.661313],[23.006221,40.661346],[23.006183,40.661409],[23.00616,40.661439],[23.006139,40.661462],[23.00608,40.661512],[23.006004,40.661564],[23.005937,40.661604],[23.005798,40.661676],[23.005596,40.661773]]},"properties":{"name":"Ακροπόλεως"}},{"type":"Feature","geometry":{"type":"LineString","coordinates":[[22.577272,40.785958],[22.576392,40.785907],[22.575845,40.785873],[22.575499,40.78585],[22.574692,40.785808],[22.574311,40.785779],[22.574222,40.785757],[22.574137,40.785706],[22.574064,40.785639],[22.573526,40.785098],[22.573119,40.784713],[22.57239,40.784041],[22.571685,40.783354],[22.571634,40.783304]]},"properties":{"name":"Ακροπόλεως"}},{"type":"Feature","geometry":{"type":"LineString","coordinates":[[22.958967,40.641286],[22.958976,40.641287],[22.958985,40.641289],[22.958999,40.641294],[22.959011,40.641299],[22.959023,40.641305],[22.959035,40.641315],[22.959052,40.641329],[22.959065,40.641342],[22.95908,40.641359],[22.959103,40.641386],[22.959157,40.64145],[22.959178,40.641489],[22.959193,40.641523],[22.9592,40.641554],[22.959203,40.641578],[22.959204,40.641626],[22.959203,40.641636],[22.959198,40.64168],[22.959186,40.641733],[22.959176,40.641773],[22.959161,40.641825],[22.959142,40.641897],[22.959132,40.641936],[22.95912,40.641974],[22.959105,40.642005],[22.959087,40.642034],[22.959068,40.642057],[22.959045,40.642079],[22.959029,40.642092],[22.959009,40.642104],[22.95899,40.642113],[22.958972,40.64212],[22.958943,40.642131],[22.958912,40.642141],[22.95887,40.642151],[22.958792,40.642165],[22.958562,40.642203],[22.958445,40.642224],[22.958341,40.642243],[22.958077,40.6423],[22.957969,40.642326],[22.957767,40.642379],[22.957624,40.642422],[22.957513,40.642459],[22.957338,40.642523],[22.957155,40.642594],[22.957065,40.64263],[22.956866,40.642713],[22.956757,40.642758],[22.95667,40.642793],[22.956595,40.642821],[22.956481,40.642861],[22.956366,40.642896],[22.956201,40.642942],[22.955952,40.643005]]},"properties":{"name":"Κλαυθμώνος"}},{"type":"Feature","geometry":{"type":"LineString","coordinates":[[22.958922,40.652884],[22.958706,40.652961],[22.958441,40.653049],[22.95832,40.653092],[22.95829,40.653105],[22.958269,40.653113],[22.958256,40.653121],[22.958248,40.653126],[22.958241,40.653132],[22.958236,40.653139],[22.958226,40.65315],[22.958218,40.653163],[22.95821,40.653177],[22.958204,40.653191],[22.958199,40.653208],[22.958196,40.653231],[22.958196,40.653246],[22.958196,40.653261],[22.958197,40.653275],[22.958201,40.653292],[22.958209,40.653312],[22.958224,40.653346],[22.958248,40.653385]]},"properties":{"name":"Δημητσάνας"}},{"type":"Feature","geometry":{"type":"LineString","coordinates":[[22.960512,40.653186],[22.96063,40.653033],[22.960875,40.652715],[22.960925,40.652651]]},"properties":{"name":"Ανδρόνικου"}},{"type":"Feature","geometry":{"type":"LineString","coordinates":[[22.9583,40.651776],[22.958234,40.651805],[22.95801,40.651906],[22.957669,40.652076]]},"properties":{"name":"Μανδηλαρά"}},{"type":"Feature","geometry":{"type":"LineString","coordinates":[[22.957155,40.651485],[22.957202,40.651542],[22.957502,40.651882],[22.957542,40.651931],[22.95765,40.652056],[22.957669,40.652076]]},"properties":{"name":"Αργυρόκαστρου"}},{"type":"Feature","geometry":{"type":"LineString","coordinates":[[22.943654,40.640483],[22.943647,40.640452],[22.943625,40.64032],[22.94362,40.6403],[22.943612,40.640271],[22.943602,40.640245],[22.943594,40.640225],[22.943584,40.640208],[22.943575,40.640195],[22.94338,40.639973],[22.94336,40.639957],[22.943336,40.639937],[22.943317,40.639924],[22.943287,40.639906],[22.943263,40.639895],[22.943247,40.639888],[22.943225,40.639879],[22.943106,40.639841]]},"properties":{"name":"Στρατηγού Δουμπιώτου"}},{"type":"Feature","geometry":{"type":"LineString","coordinates":[[22.943217,40.640905],[22.943016,40.641144],[22.94235,40.641935],[22.941809,40.642578],[22.941806,40.642582],[22.941707,40.642711],[22.941867,40.642932]]},"properties":{"name":"Στρατηγού Δουμπιώτου"}},{"type":"Feature","geometry":{"type":"LineString","coordinates":[[22.960913,40.639107],[22.961096,40.639036],[22.961181,40.639002],[22.961248,40.638967],[22.961293,40.638944],[22.961332,40.638921],[22.961357,40.638905],[22.961386,40.638883],[22.96142,40.638856],[22.961455,40.638823],[22.961492,40.638786],[22.961519,40.638757],[22.961537,40.638735],[22.961546,40.638722],[22.961565,40.638691],[22.961583,40.638656],[22.961596,40.638628],[22.961609,40.63859],[22.961625,40.638546],[22.961641,40.638507],[22.961654,40.638473],[22.961667,40.638446],[22.961684,40.638418],[22.961705,40.638387],[22.961733,40.638348],[22.961815,40.638238],[22.961875,40.638169],[22.961916,40.63812],[22.961933,40.638102],[22.961951,40.638085],[22.961964,40.638074],[22.961985,40.638059],[22.962003,40.638046],[22.962023,40.638034],[22.962046,40.638022],[22.96207,40.638013],[22.962095,40.638005],[22.96212,40.637998],[22.962155,40.63799],[22.962179,40.637986],[22.96221,40.637981],[22.962241,40.637979],[22.962275,40.637978],[22.962307,40.637978],[22.962344,40.63798],[22.96238,40.637981],[22.962413,40.637984],[22.962449,40.637987],[22.962663,40.638018],[22.962826,40.63804],[22.962899,40.638049],[22.962953,40.638054],[22.963003,40.638058],[22.963059,40.638059],[22.963157,40.638061],[22.963315,40.638056],[22.963383,40.63805],[22.963434,40.638041],[22.963488,40.63803],[22.963505,40.638026],[22.963523,40.638022],[22.963546,40.638015],[22.963573,40.638006],[22.963598,40.637995],[22.963624,40.637984],[22.963648,40.63797],[22.963676,40.637954],[22.963701,40.637935],[22.963726,40.637914],[22.963739,40.6379],[22.963751,40.637884],[22.963762,40.637868],[22.963796,40.637814],[22.963871,40.637685],[22.963892,40.63765],[22.963917,40.637612],[22.963942,40.637578],[22.963966,40.637551],[22.96399,40.637528],[22.964014,40.637509],[22.964041,40.637491],[22.964066,40.637479],[22.9641,40.637466],[22.964155,40.637448],[22.964226,40.637427],[22.964276,40.637412],[22.964338,40.637393],[22.964386,40.637378],[22.964433,40.63736],[22.964466,40.637347],[22.964533,40.637319],[22.964582,40.637295],[22.964644,40.637261],[22.964707,40.637226],[22.964744,40.637199],[22.964784,40.637166],[22.964828,40.637121],[22.964858,40.637085],[22.964884,40.637044],[22.964904,40.637003],[22.964923,40.636956],[22.964937,40.636902],[22.964941,40.636857],[22.964941,40.636811],[22.964937,40.636767],[22.964933,40.636727],[22.964926,40.636696],[22.964915,40.636658],[22.964877,40.636544],[22.964863,40.636498],[22.964853,40.636454],[22.964846,40.63639],[22.964843,40.636346],[22.964844,40.636296],[22.964849,40.636257],[22.964855,40.636218],[22.96486,40.636183],[22.964869,40.63615],[22.964879,40.636122],[22.9649,40.636069],[22.964923,40.636024],[22.964947,40.635981],[22.964973,40.635937],[22.965004,40.635895],[22.965033,40.635861],[22.965077,40.635813],[22.965115,40.635776],[22.965168,40.635732],[22.965213,40.6357],[22.965271,40.635664],[22.965315,40.635642],[22.965376,40.635614],[22.96546,40.635579],[22.965564,40.635542],[22.965648,40.635511],[22.965698,40.63549],[22.965741,40.635469],[22.96579,40.635443],[22.96584,40.635413],[22.965871,40.635391],[22.965916,40.635355],[22.965946,40.635322],[22.965985,40.635275],[22.966025,40.63523],[22.966085,40.635178],[22.966118,40.635155],[22.966159,40.635133],[22.966227,40.635105],[22.966311,40.635077],[22.966447,40.635037],[22.966565,40.635004],[22.966664,40.634979],[22.966766,40.634958],[22.966829,40.634947],[22.966899,40.634942],[22.966962,40.634942],[22.967033,40.634947],[22.9671,40.634956],[22.967162,40.634968],[22.967233,40.634983],[22.967293,40.635],[22.96738,40.635038],[22.967432,40.635065],[22.967475,40.63509],[22.967522,40.635121],[22.967562,40.635148],[22.967603,40.635182],[22.967636,40.635213],[22.967674,40.635249],[22.967704,40.635284],[22.967734,40.635323],[22.967758,40.63536],[22.96778,40.635398],[22.967796,40.635431],[22.967812,40.635472],[22.967879,40.63566],[22.967914,40.635763],[22.967927,40.635801],[22.967935,40.635822],[22.96794,40.635833],[22.967946,40.635844],[22.967952,40.635851],[22.967961,40.635862],[22.96797,40.63587]]},"properties":{"name":"Όχι"}},{"type":"Feature","geometry":{"type":"LineString","coordinates":[[22.958914,40.639964],[22.958989,40.639937],[22.959046,40.639912],[22.959101,40.639887],[22.959138,40.639867],[22.959277,40.639791],[22.959388,40.639731],[22.959431,40.639709],[22.959488,40.639683],[22.959567,40.639648],[22.95963,40.639621],[22.959807,40.639549],[22.959854,40.639531],[22.959897,40.639515],[22.95996,40.639495],[22.960022,40.63948],[22.960083,40.63947],[22.960109,40.639459],[22.960196,40.639445],[22.960324,40.639436],[22.960464,40.639431],[22.960512,40.639428],[22.960549,40.639425],[22.960579,40.639421],[22.960608,40.639413],[22.960633,40.639399],[22.960658,40.639385],[22.96067,40.639377],[22.960685,40.639361],[22.960693,40.639345]]},"properties":{"name":"Όχι"}},{"type":"Feature","geometry":{"type":"LineString","coordinates":[[22.805964,40.665857],[22.805981,40.66579],[22.806,40.665691],[22.806012,40.665612],[22.805976,40.665564],[22.805926,40.6655],[22.805783,40.665327],[22.805596,40.665071]]},"properties":{"name":"Όχι"}},{"type":"Feature","geometry":{"type":"LineString","coordinates":[[23.026054,40.425172],[23.026355,40.425172],[23.026939,40.425159],[23.027182,40.425158],[23.027309,40.425159],[23.027414,40.425171],[23.027568,40.425197],[23.027731,40.425243],[23.02786,40.425295],[23.028023,40.42538],[23.028161,40.425465],[23.028312,40.425583],[23.028467,40.425714],[23.028836,40.426054],[23.028879,40.426099],[23.028939,40.426152],[23.029053,40.426299],[23.029173,40.426436],[23.029276,40.426586],[23.02937,40.426776],[23.029423,40.42686],[23.02956,40.426987],[23.029671,40.427079],[23.029748,40.427164],[23.029813,40.427283],[23.029826,40.427327],[23.029816,40.427442],[23.02975,40.427697],[23.02972,40.42787]]},"properties":{"name":"Όχι"}},{"type":"Feature","geometry":{"type":"LineString","coordinates":[[22.948743,40.639168],[22.948713,40.639131],[22.948501,40.638877],[22.948131,40.638432],[22.948006,40.638282]]},"properties":{"name":"Αγίου Νικολάου"}},{"type":"Feature","geometry":{"type":"LineString","coordinates":[[22.945383,40.704211],[22.945422,40.704298],[22.945425,40.704373],[22.945428,40.704465],[22.945396,40.704747],[22.945373,40.705342],[22.945405,40.705499],[22.945575,40.705933],[22.945611,40.705992],[22.945646,40.70605],[22.945703,40.706103],[22.945758,40.706144],[22.9459,40.706178],[22.946078,40.706267],[22.946148,40.706316],[22.946264,40.706432],[22.946332,40.706532],[22.946414,40.706668],[22.946445,40.706724],[22.946471,40.706788],[22.946494,40.706869],[22.94652,40.706921],[22.946552,40.706966],[22.946615,40.707026],[22.946687,40.707066],[22.946843,40.707112],[22.947076,40.70717],[22.947207,40.707203],[22.947283,40.707233],[22.947346,40.707268],[22.947418,40.707318],[22.947527,40.707458],[22.947596,40.707623],[22.947663,40.707797],[22.947665,40.707861],[22.947643,40.707927],[22.947609,40.707997]]},"properties":{"name":"Αγίου Νικολάου"}},{"type":"Feature","geometry":{"type":"LineString","coordinates":[[22.908114,40.718853],[22.908119,40.718771]]},"properties":{"name":"Αγίου Νικολάου"}},{"type":"Feature","geometry":{"type":"LineString","coordinates":[[23.019844,40.547461],[23.019728,40.547437],[23.019447,40.5473],[23.019009,40.547084],[23.018888,40.547025],[23.01816,40.546666],[23.017867,40.546522]]},"properties":{"name":"Αγίου Νικολάου"}},{"type":"Feature","geometry":{"type":"LineString","coordinates":[[22.862796,40.459194],[22.862639,40.459399],[22.862303,40.459756],[22.862018,40.460034],[22.861462,40.460805],[22.860876,40.46166],[22.860345,40.46242]]},"properties":{"name":"Αγίου Νικολάου"}},{"type":"Feature","geometry":{"type":"LineString","coordinates":[[22.964562,40.657231],[22.964619,40.657285],[22.964654,40.657323],[22.964722,40.657424],[22.964896,40.657672],[22.964972,40.657782]]},"properties":{"name":"Καρπενησίου"}},{"type":"Feature","geometry":{"type":"LineString","coordinates":[[22.965102,40.65754],[22.965055,40.657589]]},"properties":{"name":"Καρπενησίου"}},{"type":"Feature","geometry":{"type":"LineString","coordinates":[[22.939099,40.653603],[22.938441,40.653552],[22.938046,40.653519],[22.937339,40.653462],[22.936578,40.653401],[22.935821,40.653341],[22.935202,40.653292],[22.935113,40.653285],[22.93503,40.653276]]},"properties":{"name":"Αγίου Γεωργίου"}},{"type":"Feature","geometry":{"type":"LineString","coordinates":[[22.711202,40.663144],[22.71099,40.66318],[22.710913,40.663172],[22.710837,40.663153],[22.710686,40.663107],[22.710621,40.663034],[22.710561,40.66294],[22.710467,40.662756],[22.710335,40.662517],[22.710073,40.66216],[22.709817,40.661822],[22.709785,40.66178],[22.709695,40.661662],[22.709651,40.661603],[22.709294,40.66117],[22.708969,40.660694],[22.708909,40.660588]]},"properties":{"name":"Αγίου Γεωργίου"}},{"type":"Feature","geometry":{"type":"LineString","coordinates":[[22.858059,40.686636],[22.858488,40.687135],[22.858508,40.687223],[22.858527,40.687306],[22.85863,40.68771],[22.85873,40.688081],[22.858783,40.688281],[22.858855,40.688535],[22.858879,40.688609],[22.858898,40.688671],[22.859022,40.689038],[22.859204,40.68958]]},"properties":{"name":"Αγίου Γεωργίου"}},{"type":"Feature","geometry":{"type":"LineString","coordinates":[[22.997758,40.65722],[22.998176,40.656856],[22.998426,40.656641],[22.998667,40.656409],[22.998728,40.656348],[22.998784,40.656287],[22.998865,40.656187],[22.998959,40.656066],[22.999118,40.655857],[22.999191,40.655756],[22.999263,40.655662],[22.999348,40.65555],[22.999459,40.655388],[22.9995,40.655332],[22.999543,40.655272],[22.999588,40.655211],[22.999622,40.655172],[22.999667,40.655127],[22.999735,40.655073],[22.999829,40.655007],[22.999877,40.654972],[23.000035,40.654851]]},"properties":{"name":"Αγίου Γεωργίου"}},{"type":"Feature","geometry":{"type":"LineString","coordinates":[[22.577264,40.777064],[22.578154,40.777098],[22.579027,40.77712],[22.579888,40.777161],[22.580694,40.777242],[22.581564,40.777264]]},"properties":{"name":"Αγίου Γεωργίου"}},{"type":"Feature","geometry":{"type":"LineString","coordinates":[[22.941561,40.651892],[22.941661,40.651947]]},"properties":{"name":"Υδροφόρου Παπαγεωργίου"}},{"type":"Feature","geometry":{"type":"LineString","coordinates":[[22.941768,40.64724],[22.941767,40.647128],[22.941768,40.647119],[22.941771,40.64711],[22.941779,40.647097],[22.941787,40.647087],[22.941803,40.647074],[22.942838,40.646556]]},"properties":{"name":"Ναυαρίνου"}},{"type":"Feature","geometry":{"type":"LineString","coordinates":[[22.942838,40.646556],[22.94287,40.646571],[22.942894,40.646588],[22.942912,40.646606],[22.943071,40.646801],[22.943079,40.646818],[22.943082,40.646837],[22.94308,40.647166],[22.94308,40.647172],[22.943083,40.647179],[22.943087,40.647186],[22.943095,40.647195],[22.943123,40.64723]]},"properties":{"name":"Αριστάρχου"}},{"type":"Feature","geometry":{"type":"LineString","coordinates":[[22.948831,40.647238],[22.948292,40.647236],[22.947295,40.64723],[22.947163,40.64723],[22.946913,40.64723],[22.946114,40.64723],[22.946013,40.647229],[22.945945,40.64723],[22.945777,40.64723],[22.945036,40.64723],[22.944568,40.647229],[22.943757,40.647228],[22.943425,40.647229],[22.943267,40.64723],[22.943123,40.64723],[22.942106,40.647236],[22.941768,40.64724]]},"properties":{"name":"Παπαναστασίου Αλεξάνδρου"}},{"type":"Feature","geometry":{"type":"LineString","coordinates":[[22.948997,40.64682],[22.948848,40.647195],[22.948831,40.647238]]},"properties":{"name":"Νικολάου Παρασκευά"}},{"type":"Feature","geometry":{"type":"LineString","coordinates":[[22.94579,40.649992],[22.945931,40.649884]]},"properties":{"name":"Νικολάου Παρασκευά"}},{"type":"Feature","geometry":{"type":"LineString","coordinates":[[22.950915,40.647222],[22.950871,40.647211],[22.950831,40.647199],[22.950777,40.647181],[22.950724,40.647161],[22.95064,40.647131],[22.950461,40.647063],[22.950053,40.646896],[22.949851,40.646812],[22.949832,40.646805],[22.949812,40.646798],[22.949793,40.646792],[22.949769,40.646786],[22.949756,40.646784],[22.949729,40.646779],[22.94971,40.646777],[22.949696,40.646776],[22.94968,40.646775],[22.949658,40.646774],[22.949636,40.646775],[22.949593,40.646776],[22.949334,40.646797],[22.948997,40.64682]]},"properties":{"name":"Μιχάλη Καραολή"}},{"type":"Feature","geometry":{"type":"LineString","coordinates":[[22.950638,40.648083],[22.95081,40.648171],[22.951073,40.648311],[22.951109,40.648334],[22.951146,40.64836],[22.951172,40.648384],[22.951198,40.648411],[22.951218,40.648434],[22.951227,40.648447],[22.951237,40.648462],[22.951249,40.648484],[22.951436,40.64886],[22.951631,40.649276],[22.951651,40.649313],[22.951662,40.649329],[22.951679,40.649348],[22.951702,40.649368],[22.951834,40.649473],[22.952076,40.649646],[22.952304,40.649794],[22.952633,40.650007],[22.953181,40.650368],[22.953511,40.65058],[22.953527,40.650589],[22.953542,40.650597],[22.953564,40.650607],[22.953589,40.650618],[22.953606,40.650624],[22.953626,40.65063],[22.953641,40.650633],[22.953658,40.650636],[22.953701,40.650641],[22.953816,40.650654],[22.954192,40.650697],[22.95436,40.650716],[22.954495,40.650735],[22.954534,40.65074],[22.954561,40.650802],[22.954581,40.650857]]},"properties":{"name":"Ανδρέου Δημητρίου"}},{"type":"Feature","geometry":{"type":"LineString","coordinates":[[22.951675,40.650822],[22.951473,40.650678],[22.951384,40.650618],[22.951126,40.650441],[22.950791,40.650211],[22.950666,40.650114],[22.950601,40.650058],[22.950558,40.65002],[22.950499,40.649961],[22.95047,40.64993],[22.950433,40.649889],[22.95042,40.649872],[22.950404,40.649851],[22.950383,40.649819],[22.950261,40.649625],[22.950253,40.64961],[22.950245,40.649592],[22.95024,40.649577]]},"properties":{"name":"Ιπποκράτους"}},{"type":"Feature","geometry":{"type":"LineString","coordinates":[[22.95024,40.649577],[22.949771,40.64964],[22.949524,40.649674],[22.949472,40.649681],[22.948932,40.649754],[22.947954,40.649879],[22.947605,40.64992],[22.947419,40.649936],[22.947318,40.649943],[22.947206,40.649948],[22.947085,40.64995],[22.946935,40.649948],[22.946744,40.649934],[22.946148,40.649893],[22.946091,40.649891],[22.945931,40.649884]]},"properties":{"name":"Γεννηματά Γιώργου"}},{"type":"Feature","geometry":{"type":"LineString","coordinates":[[22.938094,40.648935],[22.938057,40.648925],[22.937999,40.64891],[22.93795,40.648892],[22.937929,40.648879],[22.937756,40.648754],[22.936752,40.648001]]},"properties":{"name":"Καρπενησιώτη"}},{"type":"Feature","geometry":{"type":"LineString","coordinates":[[22.936752,40.648001],[22.937027,40.647541],[22.937276,40.647125],[22.937921,40.646046],[22.938084,40.645773],[22.938608,40.644897]]},"properties":{"name":"Ικονίου Προκοπίου"}},{"type":"Feature","geometry":{"type":"LineString","coordinates":[[22.937633,40.644614],[22.937685,40.644651],[22.937718,40.644674],[22.937768,40.644707],[22.937821,40.644736],[22.937871,40.64476],[22.937937,40.644787],[22.937993,40.644807],[22.938043,40.644824],[22.938106,40.644842],[22.938166,40.644854],[22.938239,40.644864],[22.938608,40.644897],[22.939106,40.64495],[22.939139,40.644953],[22.939205,40.644958],[22.939286,40.64496],[22.939336,40.644961],[22.939374,40.644961],[22.939391,40.64496],[22.939409,40.644957],[22.939431,40.644953],[22.93945,40.644948],[22.939469,40.644941],[22.939489,40.644932],[22.940085,40.644655],[22.940249,40.644579],[22.940405,40.644501],[22.941181,40.644112],[22.941398,40.644003],[22.94159,40.643907],[22.94161,40.643897],[22.941627,40.643888],[22.941658,40.643875],[22.941693,40.64386],[22.941951,40.643754],[22.941965,40.64375],[22.941986,40.643748],[22.94201,40.643746],[22.942036,40.643748],[22.942056,40.64375],[22.94217,40.643764],[22.942233,40.643773],[22.94227,40.643779],[22.942325,40.643789],[22.942376,40.643799],[22.942445,40.643813],[22.9425,40.643826],[22.942582,40.643845],[22.942615,40.643854],[22.942657,40.643865],[22.942685,40.643873],[22.942706,40.64388],[22.942718,40.643886],[22.942732,40.643892],[22.942748,40.643901]]},"properties":{"name":"Κλαυδιανού"}},{"type":"Feature","geometry":{"type":"LineString","coordinates":[[22.941627,40.643888],[22.941613,40.64385],[22.941476,40.643352],[22.941441,40.643225],[22.941396,40.643162]]},"properties":{"name":"Αυρηλιανής"}},{"type":"Feature","geometry":{"type":"LineString","coordinates":[[22.941396,40.643162],[22.941302,40.643063],[22.941271,40.64303],[22.941243,40.642999],[22.941202,40.642957],[22.941105,40.64296],[22.941073,40.642962],[22.941038,40.642963],[22.941001,40.642963],[22.940973,40.642963],[22.940948,40.642962],[22.940908,40.642961],[22.940887,40.642959],[22.940838,40.642955],[22.940788,40.642949],[22.939774,40.6428],[22.939667,40.642785],[22.939418,40.642754],[22.939378,40.64275],[22.939354,40.642749],[22.939327,40.642748],[22.939317,40.642747],[22.939298,40.642747],[22.939134,40.642751]]},"properties":{"name":"Ηφαιστίωνος"}},{"type":"Feature","geometry":{"type":"LineString","coordinates":[[22.939667,40.642785],[22.939628,40.642744],[22.939613,40.642726],[22.939596,40.642702],[22.939586,40.642682],[22.939577,40.642655],[22.939574,40.64264],[22.939573,40.64263],[22.939571,40.642599],[22.939573,40.642568],[22.939587,40.642524],[22.93996,40.641411],[22.940293,40.640569]]},"properties":{"name":"Παπαζώλη"}},{"type":"Feature","geometry":{"type":"LineString","coordinates":[[22.937125,40.643763],[22.937193,40.643902],[22.937303,40.644093],[22.9374,40.644246],[22.93745,40.644324],[22.9375,40.644404],[22.937633,40.644614]]},"properties":{"name":"Αρκαδιουπόλεως"}},{"type":"Feature","geometry":{"type":"LineString","coordinates":[[22.939431,40.644953],[22.939422,40.644972],[22.939412,40.64499],[22.939397,40.645009],[22.939372,40.645035],[22.939351,40.645056],[22.939292,40.64512],[22.938766,40.645993],[22.938596,40.646288],[22.938525,40.64641],[22.938483,40.646476],[22.938371,40.646649],[22.93816,40.64699],[22.937966,40.647333],[22.937963,40.647343],[22.937961,40.647352],[22.93796,40.647362],[22.93796,40.647376],[22.937961,40.647389],[22.937977,40.647548],[22.938036,40.648033],[22.938094,40.648935]]},"properties":{"name":"Παναγίας Φανερωμένης"}},{"type":"Feature","geometry":{"type":"LineString","coordinates":[[22.948932,40.649754],[22.949082,40.649904],[22.9496,40.650452],[22.950217,40.651015]]},"properties":{"name":"Τρανού Αντωνίου"}},{"type":"Feature","geometry":{"type":"LineString","coordinates":[[22.953213,40.651246],[22.953214,40.65122],[22.953213,40.651186],[22.953213,40.651139],[22.95321,40.651062],[22.953207,40.65104],[22.953204,40.651021],[22.953199,40.651006],[22.953195,40.650998],[22.953188,40.650987],[22.953183,40.65098]]},"properties":{"name":"Καλπακίου"}},{"type":"Feature","geometry":{"type":"LineString","coordinates":[[22.939702,40.681632],[22.93958,40.681761],[22.939558,40.682065],[22.939468,40.682679],[22.939443,40.682832],[22.939425,40.682938],[22.939397,40.683056],[22.939381,40.683124],[22.939366,40.68318],[22.939349,40.683248],[22.93931,40.683366],[22.939271,40.683477],[22.939164,40.683789],[22.939136,40.683872],[22.939035,40.68413],[22.938897,40.684448],[22.938832,40.684579],[22.938803,40.68464],[22.93871,40.684853],[22.938571,40.685162],[22.938456,40.685405],[22.938365,40.68559],[22.93821,40.685905],[22.938101,40.686107],[22.938016,40.686266],[22.937956,40.68637],[22.937881,40.686484],[22.937825,40.686562],[22.937737,40.686675],[22.937612,40.686835],[22.937499,40.686979],[22.937471,40.687018],[22.937393,40.687126],[22.937283,40.68727],[22.937127,40.687478],[22.937036,40.687599],[22.936951,40.687714],[22.936897,40.687795],[22.936842,40.687886],[22.936795,40.687966],[22.936748,40.688056],[22.936715,40.688127],[22.936687,40.688202],[22.936649,40.688316],[22.936606,40.688457],[22.936548,40.68867],[22.936508,40.688795],[22.936478,40.688885],[22.936452,40.688954],[22.936415,40.689055],[22.936367,40.689178],[22.936307,40.689326],[22.936243,40.689482],[22.936223,40.689532],[22.936205,40.689578],[22.936191,40.689612],[22.936173,40.689658],[22.936158,40.689697],[22.936144,40.689731],[22.936094,40.689856],[22.936084,40.689882],[22.936069,40.689918],[22.936053,40.689949],[22.936021,40.690004],[22.935974,40.690074],[22.935886,40.690196],[22.935783,40.690336],[22.935649,40.690501],[22.935494,40.690694],[22.935264,40.69097],[22.935172,40.691095],[22.935119,40.691172],[22.935045,40.691288],[22.934998,40.691376],[22.934965,40.691436],[22.934944,40.691479],[22.934865,40.691655],[22.934657,40.692113],[22.934616,40.692205],[22.934496,40.692473],[22.93433,40.692862],[22.934227,40.693071],[22.934191,40.693143],[22.934143,40.69324],[22.934055,40.693417],[22.933993,40.693526],[22.933952,40.693586],[22.933917,40.693637],[22.933829,40.693767],[22.933711,40.693936],[22.933595,40.694108],[22.933548,40.69418]]},"properties":{"name":"Θερμαϊκού"}},{"type":"Feature","geometry":{"type":"LineString","coordinates":[[22.932265,40.696076],[22.932377,40.69599],[22.932503,40.695838],[22.93254,40.69579],[22.932741,40.695532],[22.932815,40.695416],[22.933057,40.695036],[22.933145,40.694891],[22.933252,40.694718],[22.933398,40.694479],[22.933489,40.69433],[22.933548,40.69418],[22.933416,40.694314],[22.93302,40.694898],[22.932941,40.695015],[22.932597,40.695532],[22.932498,40.695684],[22.932399,40.695837],[22.932265,40.696076],[22.932159,40.696242],[22.931792,40.696821],[22.931702,40.696965],[22.931637,40.697082],[22.931551,40.697239],[22.931496,40.697356],[22.93148,40.697407],[22.931461,40.69748],[22.931404,40.697774],[22.931334,40.698116],[22.93129,40.698319],[22.931221,40.698615],[22.931183,40.698777],[22.931136,40.698992],[22.931093,40.69916],[22.930972,40.699536],[22.930947,40.699609],[22.930873,40.699787],[22.930807,40.699967],[22.93078,40.700037],[22.930731,40.700192],[22.930697,40.700296],[22.930637,40.700478],[22.930593,40.70063],[22.930542,40.700812],[22.930479,40.701001],[22.930399,40.701211],[22.930241,40.701544],[22.93019,40.701654],[22.930089,40.701867],[22.929979,40.702073],[22.929891,40.702184]]},"properties":{"name":"Θερμαϊκού"}},{"type":"Feature","geometry":{"type":"LineString","coordinates":[[22.939702,40.681632],[22.939633,40.681468],[22.939559,40.68131],[22.939323,40.680818],[22.939103,40.680348],[22.939044,40.680212],[22.939012,40.680118],[22.938987,40.680031]]},"properties":{"name":"Παράπλευρη Οδός"}},{"type":"Feature","geometry":{"type":"LineString","coordinates":[[23.008474,40.534566],[23.009049,40.534619],[23.009842,40.534681],[23.010216,40.534708],[23.010395,40.534729],[23.010521,40.534736],[23.010622,40.534723],[23.0107,40.534702],[23.010816,40.53466],[23.010954,40.534602],[23.011071,40.534552],[23.011177,40.534491],[23.01127,40.534418],[23.011346,40.534338],[23.011437,40.534199],[23.011668,40.533863],[23.011825,40.533613],[23.01187,40.533508],[23.011928,40.533389],[23.011973,40.533261],[23.012003,40.533118],[23.012169,40.532617],[23.012311,40.532113],[23.012348,40.531952],[23.012488,40.531337],[23.012576,40.530921],[23.012628,40.530675],[23.012642,40.530595],[23.012656,40.530514]]},"properties":{"name":"Παράπλευρη Οδός"}},{"type":"Feature","geometry":{"type":"LineString","coordinates":[[23.022688,40.414029],[23.022662,40.414305],[23.022651,40.414536],[23.022669,40.41485],[23.022712,40.415359],[23.022744,40.415994],[23.022792,40.416576],[23.022827,40.417178],[23.022859,40.417646],[23.022883,40.418019],[23.022902,40.41853],[23.022897,40.419128],[23.022862,40.419508],[23.022816,40.419839],[23.022768,40.420127],[23.022712,40.420392],[23.022578,40.420831],[23.022494,40.421076],[23.022352,40.421434],[23.022183,40.421807],[23.021867,40.422426],[23.021427,40.423141],[23.021,40.423847],[23.020823,40.424139],[23.020579,40.424515],[23.020298,40.424978],[23.020142,40.425191],[23.019973,40.425344],[23.019799,40.425493],[23.019614,40.425632],[23.019488,40.42573],[23.019407,40.42583],[23.019329,40.425963],[23.019276,40.426079],[23.019141,40.426403],[23.018968,40.426361],[23.01889,40.426347],[23.01881,40.426334],[23.018691,40.426324],[23.018576,40.426328],[23.018425,40.426351],[23.018318,40.426386],[23.018236,40.426422],[23.018124,40.426494],[23.018038,40.426586],[23.017987,40.42669],[23.017961,40.426782],[23.017953,40.426893],[23.017978,40.426997],[23.018021,40.427082],[23.01809,40.427174],[23.018193,40.427272],[23.018614,40.427657],[23.018691,40.427736],[23.018768,40.427827],[23.018828,40.427932],[23.01888,40.428062],[23.018905,40.428173],[23.018897,40.428271],[23.018888,40.428396],[23.018854,40.428546],[23.018802,40.428729],[23.018745,40.428904],[23.018682,40.429095],[23.018476,40.429657],[23.018416,40.429826],[23.018311,40.430101],[23.018214,40.430325],[23.018116,40.430527],[23.017992,40.430752],[23.01788,40.43096],[23.017601,40.431456],[23.01757,40.431505],[23.017453,40.431709],[23.017059,40.432393],[23.0166,40.433204],[23.01615,40.433993],[23.015664,40.434831],[23.015081,40.435862],[23.014243,40.437351],[23.01373,40.438264],[23.013292,40.439041],[23.01316,40.439272],[23.012727,40.440033],[23.012542,40.440377],[23.012485,40.440484],[23.012319,40.440792],[23.011972,40.441447],[23.011849,40.44168],[23.011693,40.442041],[23.01141,40.44278],[23.011387,40.442863],[23.011277,40.44316],[23.011163,40.443558],[23.011095,40.443826],[23.011028,40.444165],[23.010951,40.444641],[23.010878,40.445102],[23.010782,40.445708],[23.01071,40.446157],[23.010657,40.446475],[23.010616,40.446786],[23.01047,40.447586],[23.010384,40.447898],[23.01028,40.448284],[23.01018,40.448535],[23.010017,40.448947],[23.009903,40.449201],[23.009732,40.449581],[23.009522,40.449994],[23.009373,40.450291],[23.00919,40.450583],[23.008977,40.450913],[23.008761,40.451227],[23.008415,40.451681],[23.008266,40.451874],[23.008096,40.452093],[23.007876,40.452364],[23.007696,40.452585],[23.007562,40.452736],[23.007403,40.452876],[23.007204,40.453061],[23.006951,40.453307],[23.006731,40.453472],[23.006471,40.453668],[23.006078,40.453965],[23.005865,40.454134],[23.005671,40.454276],[23.005459,40.454438],[23.005158,40.454649],[23.004912,40.454831],[23.004704,40.454988],[23.004517,40.455153],[23.004334,40.455317],[23.004037,40.45559],[23.003501,40.45611],[23.003329,40.456295],[23.003146,40.456453],[23.002964,40.456596],[23.002808,40.456706],[23.002403,40.456965],[23.002058,40.457187],[23.001884,40.457308],[23.001713,40.457403],[23.001528,40.457506],[23.001373,40.457568],[23.001222,40.457618],[23.001076,40.457663],[23.000923,40.4577],[23.000694,40.457733],[23.000452,40.457768],[22.999791,40.457855],[22.999541,40.457879],[22.99938,40.457892],[22.999231,40.457917],[22.999099,40.457949],[22.999043,40.45797],[22.998969,40.457999],[22.998839,40.458064],[22.998705,40.458177],[22.998632,40.458271],[22.998571,40.458362],[22.998509,40.458462],[22.998428,40.458617]]},"properties":{"name":"Παράπλευρη Οδός"}},{"type":"Feature","geometry":{"type":"LineString","coordinates":[[23.021258,40.413818],[23.021329,40.413646],[23.02136,40.413574],[23.021564,40.4131],[23.021695,40.412795],[23.021756,40.412653],[23.021894,40.412334],[23.021999,40.412078],[23.022048,40.411975],[23.02243,40.41105],[23.022588,40.410647],[23.022677,40.410437],[23.022732,40.410348],[23.022796,40.41026],[23.022853,40.410189],[23.022917,40.41013],[23.02301,40.410055],[23.023103,40.409985],[23.023697,40.409626],[23.024017,40.409416],[23.024224,40.409291],[23.024287,40.409241],[23.024328,40.409186],[23.024359,40.409127],[23.02441,40.408929],[23.024447,40.408609],[23.024507,40.408192],[23.024552,40.407819],[23.024607,40.407592],[23.02469,40.407391],[23.024861,40.407069],[23.025018,40.406832],[23.025167,40.40665],[23.02543,40.406393],[23.025679,40.406178],[23.025879,40.406005],[23.025979,40.405952],[23.026114,40.405902],[23.026486,40.405825],[23.027069,40.405741],[23.027368,40.405694],[23.027613,40.405648],[23.027816,40.40559],[23.027979,40.405531],[23.02814,40.405425],[23.028319,40.405279],[23.028517,40.405065],[23.028835,40.404712],[23.029543,40.403954],[23.029824,40.403611],[23.029986,40.403444],[23.030053,40.40322],[23.030151,40.402905],[23.030218,40.40267],[23.030367,40.402154],[23.030528,40.401592],[23.030752,40.400804],[23.030906,40.40025],[23.031112,40.399655],[23.031226,40.3993],[23.03172,40.398203],[23.031879,40.397858],[23.031952,40.397683],[23.031981,40.397559],[23.031963,40.397437],[23.031889,40.39732],[23.031736,40.397206],[23.031587,40.397114],[23.030992,40.396838],[23.030683,40.396702],[23.030466,40.396566],[23.030296,40.396391],[23.030206,40.396204],[23.030154,40.396045],[23.030139,40.395878],[23.030167,40.395707],[23.030276,40.395458],[23.030351,40.395305]]},"properties":{"name":"Παράπλευρη Οδός"}},{"type":"Feature","geometry":{"type":"LineString","coordinates":[[23.03589,40.394422],[23.035732,40.394382],[23.035554,40.394342],[23.035086,40.394262],[23.034868,40.394233],[23.034755,40.394198],[23.03462,40.394135],[23.034516,40.394053],[23.034437,40.393938],[23.0344,40.393856]]},"properties":{"name":"Παράπλευρη Οδός"}},{"type":"Feature","geometry":{"type":"LineString","coordinates":[[22.943573,40.688129],[22.943551,40.688146],[22.943527,40.688162],[22.943497,40.688178],[22.943467,40.688192],[22.943433,40.688206]]},"properties":{"name":"14ων Ηρώων"}},{"type":"Feature","geometry":{"type":"LineString","coordinates":[[22.941726,40.689773],[22.941723,40.68971]]},"properties":{"name":"14ων Ηρώων"}},{"type":"Feature","geometry":{"type":"LineString","coordinates":[[22.943433,40.688206],[22.94269,40.688456],[22.94249,40.688527],[22.942359,40.688572],[22.94228,40.688601],[22.94223,40.688621],[22.94218,40.688644],[22.94214,40.688664],[22.942101,40.688687],[22.942071,40.688708],[22.942025,40.688747],[22.941998,40.688772],[22.941967,40.688808],[22.941936,40.688844],[22.941913,40.68888],[22.941895,40.688917],[22.941881,40.688959],[22.94187,40.689003],[22.941863,40.689038],[22.941862,40.689091],[22.941861,40.689182],[22.941854,40.689224],[22.941844,40.68928],[22.941846,40.689348],[22.941848,40.68941],[22.941859,40.689706],[22.941862,40.689772],[22.941864,40.689914],[22.941858,40.690044],[22.941855,40.690149],[22.941847,40.690232],[22.941832,40.690363],[22.941808,40.690516],[22.941771,40.690759],[22.941742,40.690948],[22.94171,40.69116],[22.941688,40.691311],[22.941665,40.691445],[22.941651,40.691528],[22.941624,40.691698],[22.941607,40.691824],[22.941586,40.691952],[22.941571,40.692036],[22.941545,40.692161],[22.941513,40.692362],[22.941466,40.69257],[22.941431,40.692761],[22.941326,40.693232],[22.941262,40.693573],[22.941234,40.693699],[22.941152,40.694124],[22.941103,40.694388],[22.94097,40.695013],[22.940953,40.695103],[22.940941,40.695172],[22.94084,40.695608],[22.940757,40.69598],[22.940746,40.696036],[22.94059,40.696803],[22.940531,40.69706],[22.940395,40.697703],[22.940382,40.69776],[22.940301,40.698117],[22.940225,40.698468],[22.940091,40.699011],[22.939894,40.699658],[22.939699,40.7003],[22.939666,40.700399]]},"properties":{"name":"14ων Ηρώων Ευκαρπίας"}},{"type":"Feature","geometry":{"type":"LineString","coordinates":[[22.939568,40.700394],[22.939653,40.700121],[22.939737,40.699854],[22.939808,40.699624],[22.939904,40.699284],[22.939964,40.699056],[22.940022,40.698836],[22.940118,40.698479],[22.940195,40.69816],[22.940268,40.697849],[22.940327,40.697585],[22.9404,40.697248],[22.94044,40.697073],[22.940473,40.696909],[22.940509,40.696711],[22.940533,40.696596],[22.940576,40.696384],[22.940626,40.696088],[22.940645,40.696011],[22.940729,40.695589],[22.9408,40.695265],[22.940824,40.695164],[22.940838,40.695097],[22.94091,40.694731],[22.940997,40.694308],[22.941097,40.693849],[22.941158,40.693525],[22.941222,40.693217],[22.941323,40.692682],[22.941362,40.692488],[22.941409,40.69227],[22.941442,40.692102],[22.941488,40.69184],[22.941532,40.69154],[22.941551,40.691433],[22.941568,40.691333],[22.941584,40.691235],[22.94161,40.691047],[22.941636,40.690859],[22.941696,40.690415],[22.941711,40.690302],[22.941719,40.690213],[22.941721,40.69018],[22.941723,40.690144],[22.941725,40.690056],[22.941727,40.689952],[22.941729,40.689864],[22.941726,40.689773]]},"properties":{"name":"14ων Ηρώων Ευκαρπίας"}},{"type":"Feature","geometry":{"type":"LineString","coordinates":[[22.941723,40.68971],[22.941712,40.689591],[22.941711,40.689518],[22.941745,40.688318]]},"properties":{"name":"14ων Ηρώων Ευκαρπίας"}},{"type":"Feature","geometry":{"type":"LineString","coordinates":[[22.940838,40.695097],[22.940953,40.695103]]},"properties":{"name":"Παράπλευρη οδός"}},{"type":"Feature","geometry":{"type":"LineString","coordinates":[[22.940645,40.696011],[22.940692,40.696023],[22.940721,40.69603],[22.940746,40.696036]]},"properties":{"name":"Παράπλευρη οδός"}},{"type":"Feature","geometry":{"type":"LineString","coordinates":[[22.940838,40.695097],[22.940684,40.695085],[22.940663,40.695084],[22.940532,40.695077],[22.940384,40.695067],[22.940192,40.695049],[22.940073,40.695036],[22.939932,40.695018],[22.939379,40.694935],[22.939269,40.694921],[22.939154,40.694911],[22.939,40.694898],[22.938834,40.694887],[22.938667,40.694878],[22.938502,40.694871],[22.938166,40.694862],[22.937784,40.694858],[22.937452,40.694852],[22.937214,40.694849],[22.936977,40.694846],[22.936719,40.694842],[22.936313,40.694834],[22.935657,40.694828],[22.935413,40.694827],[22.93518,40.69483],[22.934794,40.694839],[22.934421,40.694849],[22.933647,40.694871],[22.933384,40.694879],[22.933335,40.69488],[22.933145,40.694891],[22.933083,40.694894],[22.93302,40.694898]]},"properties":{"name":"Νότια παράπλευρη Εγνατίας"}},{"type":"Feature","geometry":{"type":"LineString","coordinates":[[22.913324,40.695374],[22.912284,40.695432],[22.911836,40.695448],[22.911351,40.69547],[22.910374,40.695531],[22.909962,40.695549],[22.909417,40.695546],[22.908906,40.695547]]},"properties":{"name":"Νότια παράπλευρη Εγνατίας"}},{"type":"Feature","geometry":{"type":"LineString","coordinates":[[22.907094,40.695608],[22.908747,40.695565],[22.908906,40.695547],[22.908575,40.695519],[22.908024,40.695529],[22.907083,40.695541]]},"properties":{"name":"Νότια παράπλευρη Εγνατίας"}},{"type":"Feature","geometry":{"type":"LineString","coordinates":[[22.955086,40.680093],[22.955002,40.680104],[22.954923,40.680116],[22.954848,40.680123],[22.954797,40.680123],[22.95475,40.680125],[22.954692,40.68013],[22.95463,40.680137],[22.954586,40.68014],[22.954529,40.680143],[22.954486,40.680144]]},"properties":{"name":"Θησέως"}},{"type":"Feature","geometry":{"type":"LineString","coordinates":[[22.952674,40.680385],[22.952887,40.680372],[22.952942,40.680369],[22.953283,40.680329],[22.953535,40.680296],[22.953679,40.680273],[22.953734,40.680263],[22.953795,40.680253],[22.953864,40.68024],[22.95392,40.680225],[22.953981,40.680207],[22.954073,40.680197],[22.954174,40.680183],[22.954266,40.680172],[22.954486,40.680144],[22.954529,40.680132],[22.954568,40.680122],[22.9546,40.680115],[22.954648,40.680103],[22.954696,40.680093],[22.954736,40.680087],[22.954802,40.680077],[22.954861,40.680066],[22.954891,40.680061],[22.954979,40.680046],[22.955003,40.680043],[22.955082,40.680036]]},"properties":{"name":"Θησέως"}},{"type":"Feature","geometry":{"type":"LineString","coordinates":[[22.951969,40.68047],[22.952643,40.680389],[22.952674,40.680385],[22.952735,40.680373],[22.952821,40.680355],[22.952876,40.680344],[22.952929,40.680332],[22.95297,40.68032],[22.953272,40.680277],[22.953639,40.680226],[22.953691,40.680222],[22.953753,40.680214],[22.953806,40.680208],[22.953873,40.680204],[22.95393,40.680201],[22.953981,40.680207]]},"properties":{"name":"Θησέως"}},{"type":"Feature","geometry":{"type":"LineString","coordinates":[[22.95352,40.682244],[22.953516,40.682163],[22.953495,40.681668],[22.953487,40.681473],[22.953475,40.681204],[22.953471,40.681156],[22.953466,40.681122],[22.95341,40.680892],[22.953374,40.680736],[22.953349,40.68063]]},"properties":{"name":"Άνοιξης"}},{"type":"Feature","geometry":{"type":"LineString","coordinates":[[22.955194,40.682204],[22.955105,40.682206],[22.954712,40.682215],[22.954486,40.68222],[22.953986,40.682233],[22.953895,40.682235],[22.95352,40.682244],[22.953413,40.682247],[22.953239,40.682252],[22.953124,40.682254],[22.952907,40.68226],[22.952666,40.682266],[22.952211,40.682277],[22.952192,40.682278],[22.952145,40.68228]]},"properties":{"name":"Ρόδων"}},{"type":"Feature","geometry":{"type":"LineString","coordinates":[[22.990673,40.659036],[22.990668,40.659413],[22.990665,40.65948],[22.990663,40.659503],[22.99066,40.65952],[22.990655,40.659541],[22.990637,40.659608],[22.990616,40.659693],[22.99061,40.659729],[22.990604,40.66],[22.990595,40.66042],[22.990584,40.660797],[22.99058,40.660868],[22.990578,40.660896],[22.990573,40.660926],[22.990567,40.660957],[22.990559,40.660983],[22.990551,40.661006],[22.990541,40.66103],[22.990531,40.661052],[22.990518,40.661074],[22.990506,40.661092],[22.990491,40.661113],[22.99046,40.661153],[22.990433,40.661187],[22.990287,40.661359],[22.990165,40.661502],[22.990105,40.66157],[22.990052,40.661635],[22.990008,40.661695],[22.989941,40.661787],[22.989907,40.661834],[22.989878,40.661871],[22.989863,40.661889],[22.989826,40.661929],[22.989809,40.661947],[22.989766,40.66199],[22.989752,40.662003],[22.989737,40.662016],[22.989726,40.662025],[22.989716,40.662033],[22.989694,40.662048],[22.989675,40.66206],[22.989635,40.662085],[22.989587,40.662111],[22.98953,40.662137],[22.989494,40.662153],[22.989463,40.662165],[22.989432,40.662176],[22.989396,40.662186],[22.98937,40.66219],[22.989344,40.662195],[22.989308,40.6622],[22.98928,40.662204],[22.989242,40.662207],[22.989173,40.662208],[22.989124,40.662207],[22.989088,40.662204],[22.989031,40.662196],[22.988911,40.662179],[22.988752,40.662154],[22.988619,40.662132],[22.988483,40.662107],[22.988346,40.662083],[22.988214,40.662059],[22.988118,40.662043],[22.987997,40.66202],[22.987929,40.662005],[22.987894,40.661997],[22.987865,40.66199],[22.98783,40.66198],[22.987794,40.661968],[22.987714,40.66194],[22.987558,40.661885],[22.98751,40.661868],[22.987476,40.661857],[22.987444,40.661848],[22.987419,40.661842],[22.987398,40.661838],[22.98738,40.661835],[22.987337,40.661832],[22.987296,40.661833],[22.987248,40.661836],[22.987193,40.661841],[22.986766,40.661883],[22.986638,40.661898],[22.986441,40.66192],[22.986208,40.661948],[22.985975,40.661982],[22.985935,40.661989],[22.985889,40.661998],[22.985844,40.66201],[22.985806,40.66202],[22.98573,40.662046],[22.985665,40.662073],[22.985553,40.662121],[22.985454,40.662162],[22.985377,40.662195],[22.985313,40.662226],[22.985249,40.662261],[22.985213,40.662284],[22.985182,40.662306],[22.985144,40.662335],[22.985102,40.66237],[22.98506,40.662409],[22.985022,40.662447],[22.984984,40.662488],[22.984933,40.662549],[22.984898,40.662593],[22.984813,40.662708],[22.984725,40.662832],[22.984674,40.6629],[22.984588,40.663013],[22.984525,40.663093],[22.984438,40.663195],[22.983998,40.663688],[22.983767,40.663936],[22.98362,40.664086]]},"properties":{"name":"Ρόδων"}},{"type":"Feature","geometry":{"type":"LineString","coordinates":[[22.960673,40.673039],[22.960783,40.672691],[22.960816,40.672589],[22.961239,40.671242],[22.962228,40.668096],[22.962334,40.667793],[22.962459,40.667491],[22.962604,40.667194],[22.962772,40.666901],[22.962951,40.666615],[22.96315,40.666329],[22.963217,40.666243],[22.963426,40.666014],[22.963625,40.66579],[22.963874,40.66553],[22.96414,40.665281],[22.964403,40.66506],[22.964699,40.664831],[22.964992,40.664608],[22.966224,40.663754],[22.966516,40.663549],[22.966811,40.663329],[22.966998,40.663171],[22.967135,40.663033],[22.967304,40.662868],[22.967472,40.662667],[22.967607,40.662481],[22.967788,40.662225],[22.967994,40.66183],[22.968116,40.661511],[22.96817,40.661249],[22.968191,40.661162],[22.968203,40.661101]]},"properties":{"name":"Περιφερειακή Οδός Θεσσαλονίκης"}},{"type":"Feature","geometry":{"type":"LineString","coordinates":[[22.968424,40.660795],[22.968413,40.660935],[22.968396,40.661062],[22.968367,40.661212],[22.968342,40.661322],[22.968315,40.661427],[22.968272,40.661561],[22.968145,40.661892],[22.967935,40.662296],[22.967789,40.66251],[22.967679,40.662675],[22.967508,40.662846],[22.967383,40.662983],[22.967192,40.663204],[22.966929,40.663437],[22.966632,40.663666],[22.966334,40.663872],[22.966057,40.664058],[22.965106,40.664728],[22.964816,40.664937],[22.964521,40.665163],[22.964257,40.665392],[22.963997,40.665635],[22.963758,40.665881],[22.963563,40.666103],[22.963361,40.666314],[22.963297,40.666401],[22.963102,40.666673],[22.96293,40.666948],[22.962764,40.667238],[22.962623,40.667532],[22.962499,40.667827],[22.962396,40.668124],[22.96211,40.669033],[22.961782,40.67008]]},"properties":{"name":"Περιφερειακή Οδός Θεσσαλονίκης"}},{"type":"Feature","geometry":{"type":"LineString","coordinates":[[22.954429,40.647217],[22.954633,40.646798],[22.954664,40.646735],[22.954696,40.646681],[22.954732,40.64662],[22.954787,40.646529],[22.954857,40.646412],[22.954907,40.646324],[22.954933,40.646271],[22.954948,40.646234],[22.954972,40.646161],[22.954993,40.646083],[22.955001,40.646032],[22.955007,40.64598],[22.955011,40.645832],[22.95501,40.645761],[22.955005,40.645677],[22.954997,40.645586],[22.954977,40.645462],[22.954956,40.645339],[22.954935,40.645212],[22.954918,40.645113],[22.954909,40.645071],[22.9549,40.645037],[22.954889,40.645003]]},"properties":{"name":"Μελίνας Μερκούρη"}},{"type":"Feature","geometry":{"type":"LineString","coordinates":[[22.565969,40.779794],[22.566185,40.779857],[22.567163,40.780097],[22.567718,40.78023],[22.568358,40.78039],[22.569424,40.780598],[22.57041,40.780797],[22.570607,40.780837],[22.571706,40.780992],[22.571814,40.781009]]},"properties":{"name":"Μελίνας Μερκούρη"}},{"type":"Feature","geometry":{"type":"LineString","coordinates":[[22.948712,40.644459],[22.94866,40.644445],[22.948619,40.644436],[22.948579,40.644426],[22.948552,40.644421],[22.948528,40.644417],[22.948507,40.644414],[22.948482,40.644413],[22.948444,40.644412],[22.948397,40.644414],[22.948351,40.644419],[22.948326,40.644422],[22.948296,40.644429],[22.948259,40.644439],[22.947815,40.644619],[22.947777,40.644632],[22.947745,40.644643],[22.947706,40.644655],[22.947671,40.644664],[22.947612,40.644678]]},"properties":{"name":"Παναγιώτη Αφαλή"}},{"type":"Feature","geometry":{"type":"LineString","coordinates":[[22.947612,40.644678],[22.947559,40.644698],[22.947504,40.644721],[22.947446,40.644744]]},"properties":{"name":"Παναγιώτη Αφαλή"}},{"type":"Feature","geometry":{"type":"LineString","coordinates":[[22.947446,40.644744],[22.947113,40.644913],[22.946658,40.645104],[22.945513,40.645587],[22.945377,40.645642],[22.945345,40.645654],[22.945322,40.645661],[22.945293,40.64567],[22.94525,40.645682],[22.945215,40.64569],[22.945182,40.645696],[22.945146,40.645702],[22.94511,40.645706],[22.945082,40.645709],[22.945048,40.64571],[22.944981,40.64571],[22.944712,40.645706],[22.944659,40.645704],[22.944603,40.6457],[22.944558,40.645695],[22.944517,40.645689],[22.944475,40.645683],[22.944437,40.645676],[22.944358,40.645658],[22.944342,40.645651],[22.944308,40.645639],[22.944251,40.645616],[22.944211,40.645597],[22.9442,40.64559],[22.94417,40.645573],[22.94414,40.645552],[22.944114,40.64553],[22.944089,40.645504],[22.944055,40.645457],[22.944072,40.645461],[22.9441,40.64547],[22.944129,40.64548],[22.944194,40.645509],[22.94423,40.645524],[22.944277,40.645542],[22.944321,40.645558],[22.944358,40.645569],[22.944382,40.645575],[22.944401,40.64558],[22.944442,40.645589],[22.944465,40.645593],[22.944524,40.645605],[22.944586,40.645615],[22.944633,40.645621],[22.944707,40.64563],[22.944788,40.645637],[22.944861,40.645642],[22.944935,40.645644],[22.944964,40.645644],[22.945031,40.645644],[22.945076,40.645642],[22.945118,40.645639],[22.945152,40.645635],[22.945184,40.64563],[22.94522,40.645622],[22.94526,40.645612],[22.945296,40.645601],[22.945325,40.645591],[22.94535,40.645582],[22.945379,40.645571],[22.946721,40.645004],[22.946742,40.644995],[22.947072,40.644856],[22.947446,40.644744]]},"properties":{"name":"Παναγιώτη Αφαλή"}},{"type":"Feature","geometry":{"type":"LineString","coordinates":[[22.947612,40.644678],[22.947649,40.644643],[22.947678,40.644622],[22.947712,40.644601],[22.947743,40.644584],[22.947782,40.644566],[22.94815,40.644421],[22.948192,40.644405],[22.948221,40.644394],[22.948253,40.644385],[22.948276,40.64438],[22.948307,40.644375],[22.948339,40.644371],[22.948371,40.644367],[22.948426,40.644364],[22.948456,40.644363],[22.948474,40.644363],[22.948491,40.644364],[22.948512,40.644365],[22.94853,40.644367],[22.948548,40.64437],[22.948562,40.644372],[22.948573,40.644374],[22.948586,40.644378],[22.94861,40.644385],[22.948637,40.644395],[22.948652,40.644401],[22.948662,40.644406],[22.948672,40.644411],[22.948683,40.64442],[22.948691,40.644427],[22.948695,40.644431],[22.948701,40.644438],[22.948706,40.644446],[22.948712,40.644459]]},"properties":{"name":"Παναγιώτη Αφαλή"}},{"type":"Feature","geometry":{"type":"LineString","coordinates":[[22.943892,40.645303],[22.943935,40.645344],[22.943998,40.645404],[22.944055,40.645457]]},"properties":{"name":"Ελπίδος"}},{"type":"Feature","geometry":{"type":"LineString","coordinates":[[22.942735,40.658578],[22.942812,40.658561],[22.942989,40.658517],[22.943032,40.658506],[22.94319,40.658461],[22.943244,40.658446],[22.943264,40.658442],[22.943289,40.658439],[22.943322,40.65844],[22.943357,40.658448],[22.9439,40.658583],[22.944302,40.65868],[22.9445,40.658729],[22.944718,40.658784],[22.944761,40.658796],[22.944837,40.658818],[22.94505,40.658874],[22.945757,40.659053],[22.946158,40.659157],[22.946333,40.659205],[22.946467,40.65924],[22.946538,40.659257],[22.946594,40.659268],[22.946638,40.659273],[22.946691,40.659278],[22.946743,40.659279],[22.946805,40.659277],[22.946861,40.659274],[22.946903,40.65927],[22.946955,40.659263],[22.947006,40.659254],[22.947074,40.65924],[22.947138,40.659222],[22.947189,40.659205],[22.947244,40.659182],[22.947286,40.65916],[22.947337,40.659129],[22.94739,40.659092],[22.947547,40.658975],[22.947636,40.658915],[22.94767,40.658893],[22.947741,40.658851],[22.947811,40.658812],[22.94788,40.658775],[22.947948,40.658738],[22.948004,40.65871],[22.94808,40.658674],[22.948175,40.658631],[22.94843,40.658528],[22.94872,40.658413],[22.949327,40.658181],[22.949773,40.658],[22.950073,40.657852],[22.950446,40.657592],[22.950935,40.657221],[22.951295,40.657036],[22.951579,40.656898],[22.952033,40.656684],[22.952078,40.65666],[22.952113,40.656639],[22.952143,40.656621],[22.952177,40.656599],[22.952222,40.656568],[22.952257,40.656543],[22.952292,40.656517],[22.952313,40.656499],[22.952327,40.656487],[22.952334,40.656481],[22.952344,40.656471],[22.952371,40.65644],[22.952386,40.656422],[22.9524,40.656403],[22.952411,40.656386],[22.952422,40.656366],[22.952427,40.656357],[22.952431,40.656347],[22.952435,40.656336],[22.952437,40.656329],[22.952438,40.656322],[22.952439,40.656316],[22.952442,40.656297],[22.952446,40.656264],[22.952462,40.656047],[22.952471,40.655896],[22.952481,40.655722],[22.95248,40.655671],[22.952455,40.655256],[22.952454,40.65524],[22.952447,40.655197],[22.95244,40.655161],[22.952431,40.655122],[22.952421,40.655092],[22.952411,40.655065],[22.9524,40.655039],[22.952389,40.655017],[22.952374,40.654994],[22.952285,40.654879],[22.95222,40.65479],[22.952107,40.654637],[22.951976,40.654474]]},"properties":{"name":"Ελπίδος"}},{"type":"Feature","geometry":{"type":"LineString","coordinates":[[22.943892,40.645303],[22.943817,40.645318],[22.943787,40.645316],[22.943707,40.645302],[22.943125,40.64519],[22.942623,40.6451],[22.942498,40.645076],[22.942374,40.645053],[22.941615,40.644909],[22.94088,40.644776],[22.940478,40.6447],[22.940447,40.644692],[22.940383,40.644676],[22.940313,40.644655]]},"properties":{"name":"Πρόνοιας"}},{"type":"Feature","geometry":{"type":"LineString","coordinates":[[22.940313,40.644655],[22.940249,40.644579]]},"properties":{"name":"Θερισσού"}},{"type":"Feature","geometry":{"type":"LineString","coordinates":[[22.942748,40.643901],[22.942761,40.64391],[22.942775,40.64392],[22.942792,40.643934],[22.942806,40.643948],[22.942818,40.643961],[22.942845,40.643994],[22.942896,40.64406],[22.943051,40.644257],[22.943283,40.644557],[22.943304,40.644584],[22.943489,40.644811],[22.943575,40.644916],[22.943768,40.645149],[22.943867,40.645272],[22.943892,40.645303]]},"properties":{"name":"Μετέωρων"}},{"type":"Feature","geometry":{"type":"LineString","coordinates":[[22.946161,40.661379],[22.946578,40.661312],[22.946686,40.661298],[22.946786,40.661287],[22.946919,40.661278],[22.947005,40.661274],[22.947094,40.661274],[22.947149,40.661278],[22.947696,40.661317],[22.948237,40.661363]]},"properties":{"name":"Αγίου Παντελεήμονα"}},{"type":"Feature","geometry":{"type":"LineString","coordinates":[[22.962864,40.582693],[22.962926,40.582831]]},"properties":{"name":"Αγίου Παντελεήμονα"}},{"type":"Feature","geometry":{"type":"LineString","coordinates":[[22.948237,40.661363],[22.948228,40.661431],[22.948113,40.66241],[22.948108,40.662446],[22.948102,40.662477],[22.948093,40.662508],[22.948083,40.66253],[22.947924,40.662843],[22.947747,40.663166],[22.947726,40.663202],[22.947614,40.663403],[22.947219,40.664106],[22.947132,40.664257],[22.94711,40.664301],[22.947097,40.664331],[22.947087,40.664358],[22.947077,40.664387],[22.947072,40.664409],[22.947065,40.664451],[22.94706,40.664517],[22.94706,40.664579],[22.947062,40.664739],[22.94707,40.66489],[22.947075,40.665029],[22.947076,40.665091],[22.947074,40.665156],[22.947067,40.665228],[22.947058,40.665312],[22.947045,40.665416],[22.947033,40.665482],[22.947022,40.665548],[22.947007,40.66561],[22.947,40.665637],[22.946989,40.665677],[22.946977,40.665712],[22.946955,40.665761],[22.946924,40.665828],[22.946864,40.665941],[22.946702,40.666217],[22.946571,40.666428],[22.946564,40.666439],[22.946474,40.66659],[22.946338,40.666841],[22.946297,40.66693],[22.946253,40.667028],[22.94617,40.667231],[22.946126,40.667341],[22.945967,40.667764],[22.945882,40.667978],[22.945861,40.668055],[22.945847,40.668119],[22.945842,40.668186],[22.945836,40.668355],[22.945836,40.668386],[22.945834,40.668482],[22.945834,40.668596],[22.94584,40.668824],[22.94584,40.668864],[22.945854,40.669163],[22.945863,40.669395],[22.945865,40.669484],[22.945864,40.669525],[22.94586,40.669572],[22.945853,40.669643],[22.945847,40.669678],[22.945841,40.669712],[22.945823,40.669793],[22.945808,40.669858],[22.945787,40.669939],[22.945761,40.670036],[22.945706,40.670234],[22.945684,40.670308],[22.945664,40.670363],[22.945649,40.670396],[22.945509,40.670707],[22.945418,40.670919],[22.945343,40.671082],[22.945319,40.671136],[22.94529,40.671192],[22.945255,40.671261],[22.945204,40.671347],[22.94518,40.671382],[22.945155,40.67142],[22.945133,40.671451],[22.945113,40.671479]]},"properties":{"name":"Μαυρομιχάλη"}},{"type":"Feature","geometry":{"type":"LineString","coordinates":[[22.928402,40.670675],[22.92791,40.670638]]},"properties":{"name":"Μαυρομιχάλη"}},{"type":"Feature","geometry":{"type":"LineString","coordinates":[[22.946019,40.67149],[22.946048,40.67149],[22.946395,40.671496],[22.946752,40.671497],[22.947192,40.671499]]},"properties":{"name":"Κλεοπάτρας"}},{"type":"Feature","geometry":{"type":"LineString","coordinates":[[22.947192,40.671499],[22.947188,40.671711],[22.947179,40.672064],[22.947172,40.672192],[22.947155,40.67242],[22.947154,40.672432],[22.947152,40.672441],[22.94715,40.672451],[22.947147,40.672461],[22.947145,40.672469],[22.947141,40.672477],[22.947137,40.672484]]},"properties":{"name":"Γονατά Στυλιανού"}},{"type":"Feature","geometry":{"type":"LineString","coordinates":[[22.947137,40.672484],[22.947133,40.67249],[22.947127,40.672496],[22.947122,40.672501],[22.947115,40.672505],[22.947106,40.672509],[22.947096,40.672512],[22.947081,40.672516],[22.947066,40.672518],[22.947054,40.672519],[22.947039,40.672519],[22.946977,40.672518],[22.946386,40.672503],[22.946146,40.672501],[22.946055,40.672499],[22.945763,40.672498],[22.945694,40.672498],[22.945441,40.672496],[22.945401,40.672496],[22.94539,40.672495],[22.945385,40.672495],[22.945381,40.672494],[22.945375,40.672493],[22.945368,40.672491],[22.945362,40.672489],[22.945355,40.672485],[22.945349,40.672482],[22.945344,40.672479]]},"properties":{"name":"Αρχελάου"}},{"type":"Feature","geometry":{"type":"LineString","coordinates":[[22.945344,40.672479],[22.945335,40.672472],[22.945328,40.672466],[22.945323,40.67246],[22.945319,40.672453],[22.945316,40.672445],[22.945314,40.672434],[22.945313,40.672421],[22.945318,40.672108],[22.945333,40.671837],[22.945333,40.671783],[22.945333,40.671754],[22.945335,40.671721]]},"properties":{"name":"Ευκλείας"}},{"type":"Feature","geometry":{"type":"LineString","coordinates":[[22.974695,40.623493],[22.975222,40.623403]]},"properties":{"name":"Νέστορος"}},{"type":"Feature","geometry":{"type":"LineString","coordinates":[[22.970707,40.619364],[22.970617,40.619325],[22.970521,40.619287],[22.97042,40.619246],[22.970265,40.619186],[22.970041,40.619096],[22.969915,40.619049],[22.969758,40.618987],[22.969621,40.618931],[22.96945,40.618848],[22.969347,40.618797],[22.9692,40.618724]]},"properties":{"name":"Αμμουλιανής"}},{"type":"Feature","geometry":{"type":"LineString","coordinates":[[22.986059,40.611428],[22.986008,40.61137],[22.985729,40.611062],[22.985308,40.610612],[22.984891,40.610147],[22.984517,40.60975],[22.984475,40.609706],[22.983949,40.609204],[22.983516,40.608826],[22.983454,40.608772],[22.983388,40.608718],[22.98317,40.60855],[22.983156,40.608517],[22.983139,40.608498],[22.9831,40.608464],[22.983034,40.608406],[22.983018,40.608392],[22.982997,40.608378],[22.982967,40.608359],[22.982921,40.608348]]},"properties":{"name":"Χριστοφόρου Περραιβού"}},{"type":"Feature","geometry":{"type":"LineString","coordinates":[[22.982699,40.608331],[22.982643,40.608439],[22.98263,40.608461],[22.982606,40.608502],[22.982583,40.608536],[22.982571,40.608555],[22.982539,40.608596],[22.982524,40.608616],[22.982477,40.608676],[22.982441,40.608721],[22.982385,40.608783],[22.982288,40.608871],[22.981468,40.609593],[22.980615,40.610346],[22.98004,40.610866],[22.979882,40.611007],[22.979853,40.611035],[22.979644,40.611214]]},"properties":{"name":"Δήμου Τσέλιου"}},{"type":"Feature","geometry":{"type":"LineString","coordinates":[[22.955147,40.593413],[22.955078,40.593763]]},"properties":{"name":"Χαιρώνειας"}},{"type":"Feature","geometry":{"type":"LineString","coordinates":[[22.955078,40.593763],[22.955555,40.594106]]},"properties":{"name":"Βλασίου Γαβριηλίδου"}},{"type":"Feature","geometry":{"type":"LineString","coordinates":[[22.955619,40.594152],[22.955937,40.594381],[22.956015,40.594437],[22.956162,40.594542]]},"properties":{"name":"Βλασίου Γαβριηλίδου"}},{"type":"Feature","geometry":{"type":"LineString","coordinates":[[22.963836,40.596328],[22.963614,40.596793]]},"properties":{"name":"Στρωμνίτσης"}},{"type":"Feature","geometry":{"type":"LineString","coordinates":[[22.931288,40.650165],[22.931278,40.650171],[22.93127,40.650175],[22.931255,40.650181],[22.931238,40.650186],[22.931223,40.65019],[22.931202,40.650193],[22.93117,40.650198],[22.931143,40.6502],[22.930941,40.650204],[22.930766,40.650205],[22.930555,40.6502],[22.930356,40.650194],[22.930198,40.650188],[22.930068,40.650185],[22.929973,40.65018],[22.929721,40.650166],[22.929524,40.650149],[22.929468,40.650144],[22.929399,40.650136]]},"properties":{"name":"Καλλιθέας"}},{"type":"Feature","geometry":{"type":"LineString","coordinates":[[22.931388,40.650232],[22.932451,40.650114],[22.932544,40.650103]]},"properties":{"name":"Καλλιθέας"}},{"type":"Feature","geometry":{"type":"LineString","coordinates":[[22.924387,40.648939],[22.924452,40.648955],[22.925025,40.649089],[22.92562,40.649228],[22.926396,40.649403],[22.926523,40.649432]]},"properties":{"name":"Καλλιθέας"}},{"type":"Feature","geometry":{"type":"LineString","coordinates":[[22.576455,40.785215],[22.577338,40.785278]]},"properties":{"name":"Καλλιθέας"}},{"type":"Feature","geometry":{"type":"LineString","coordinates":[[22.917962,40.677222],[22.917945,40.676368],[22.917951,40.675987],[22.91795,40.675577]]},"properties":{"name":"Εθνικής Αντίστασης"}},{"type":"Feature","geometry":{"type":"LineString","coordinates":[[22.923276,40.676996],[22.923311,40.676861],[22.923347,40.676674],[22.923359,40.676573],[22.923348,40.676446],[22.923321,40.676339],[22.923281,40.676189],[22.923214,40.675947],[22.923124,40.675686],[22.923117,40.675656],[22.92311,40.675289],[22.923117,40.675224],[22.92324,40.674408]]},"properties":{"name":"Ιθάκης"}},{"type":"Feature","geometry":{"type":"LineString","coordinates":[[22.92457,40.668631],[22.924546,40.668979],[22.924534,40.669248],[22.924525,40.669353],[22.924518,40.66946],[22.92449,40.66983],[22.924415,40.670386],[22.924375,40.670589],[22.924337,40.670684],[22.924221,40.670936],[22.924118,40.671133],[22.92398,40.671211],[22.923966,40.671254],[22.923961,40.671281],[22.923962,40.671291],[22.923965,40.671311],[22.923992,40.671347],[22.923994,40.671445],[22.923991,40.671469],[22.923976,40.671497],[22.923957,40.671532],[22.923975,40.671645],[22.92393,40.671872],[22.923864,40.672217],[22.923848,40.672275],[22.923748,40.672666],[22.923594,40.67336],[22.923457,40.673953],[22.923367,40.674315],[22.92334,40.674407],[22.923198,40.675208],[22.923195,40.675278],[22.923212,40.675656],[22.923216,40.675672],[22.923304,40.675948],[22.923415,40.676315],[22.923452,40.676571],[22.923439,40.676677],[22.923397,40.676867],[22.92335,40.67699]]},"properties":{"name":"Ιθάκης"}},{"type":"Feature","geometry":{"type":"LineString","coordinates":[[22.923373,40.677547],[22.923357,40.677561],[22.923327,40.677578],[22.923304,40.677587],[22.923281,40.677593],[22.923252,40.677598],[22.923218,40.677599],[22.923181,40.677596],[22.923151,40.677589],[22.923121,40.677579],[22.923098,40.677569],[22.923074,40.677557]]},"properties":{"name":"Ιθάκης"}},{"type":"Feature","geometry":{"type":"LineString","coordinates":[[22.923085,40.677284],[22.923108,40.677274],[22.923126,40.677269],[22.923151,40.677264],[22.923179,40.67726],[22.923224,40.677258],[22.923253,40.67726],[22.923279,40.677264],[22.923305,40.677273],[22.923335,40.677287],[22.923354,40.677298],[22.923372,40.677311],[22.923381,40.677321],[22.923394,40.677339],[22.923408,40.677361],[22.923421,40.677395]]},"properties":{"name":"Ιθάκης"}},{"type":"Feature","geometry":{"type":"LineString","coordinates":[[22.921141,40.674417],[22.922236,40.674424],[22.92324,40.674408]]},"properties":{"name":"Γρηγόρη Λαμπράκη"}},{"type":"Feature","geometry":{"type":"LineString","coordinates":[[22.92114,40.673966],[22.92114,40.674309],[22.921141,40.674417]]},"properties":{"name":"Γληνού Δημ."}},{"type":"Feature","geometry":{"type":"LineString","coordinates":[[22.92114,40.673966],[22.920529,40.673963],[22.92036,40.673962]]},"properties":{"name":"Αποστόλου Ηλέκτρας"}},{"type":"Feature","geometry":{"type":"LineString","coordinates":[[22.925947,40.666346],[22.925859,40.666836],[22.925833,40.667089],[22.925767,40.667737],[22.925749,40.667974],[22.925667,40.668647]]},"properties":{"name":"Ακρίτα"}},{"type":"Feature","geometry":{"type":"LineString","coordinates":[[22.925667,40.668647],[22.925275,40.668635],[22.924881,40.668629],[22.92457,40.668631]]},"properties":{"name":"Άρεως"}},{"type":"Feature","geometry":{"type":"LineString","coordinates":[[22.97221,40.579085],[22.972165,40.579146],[22.972026,40.579336],[22.971908,40.579515],[22.97181,40.579678],[22.971621,40.580026],[22.971581,40.580113],[22.971497,40.580318],[22.97148,40.580378],[22.971435,40.580536],[22.971398,40.580733],[22.971374,40.580879],[22.971357,40.580983],[22.971181,40.581844],[22.97115,40.582048],[22.971097,40.582407],[22.971106,40.582911],[22.971123,40.58327],[22.971112,40.583567],[22.971111,40.583594],[22.971113,40.583931],[22.971113,40.583981]]},"properties":{"name":"Ποσειδώνος"}},{"type":"Feature","geometry":{"type":"LineString","coordinates":[[22.972893,40.577926],[22.972873,40.57801],[22.972855,40.578061],[22.972834,40.5781],[22.972714,40.578277],[22.972503,40.578578],[22.972423,40.578688],[22.972286,40.578904],[22.97221,40.579085],[22.972372,40.578936],[22.972515,40.578731],[22.972568,40.578651],[22.97284,40.578275],[22.972919,40.578168],[22.97296,40.578123],[22.973009,40.578069],[22.973086,40.57801]]},"properties":{"name":"Ποσειδώνος"}},{"type":"Feature","geometry":{"type":"LineString","coordinates":[[22.971113,40.583981],[22.970762,40.583908],[22.970678,40.583887],[22.970267,40.583771],[22.969936,40.583668],[22.969164,40.58341],[22.968627,40.583225],[22.96839,40.583142],[22.968214,40.583074],[22.967953,40.582973],[22.967699,40.582871],[22.967314,40.582706],[22.966859,40.582509],[22.966546,40.582379],[22.966273,40.582266],[22.965891,40.582107],[22.965726,40.582043]]},"properties":{"name":"Ερυθρού Σταυρού"}},{"type":"Feature","geometry":{"type":"LineString","coordinates":[[22.966301,40.584926],[22.966299,40.584847],[22.96628,40.584233],[22.966278,40.584186],[22.966279,40.583979],[22.966279,40.583908],[22.966282,40.583076],[22.966281,40.583037],[22.966274,40.582386],[22.966273,40.582266]]},"properties":{"name":"Ζηργάνου"}},{"type":"Feature","geometry":{"type":"LineString","coordinates":[[22.960301,40.582478],[22.960138,40.582448],[22.960015,40.582424],[22.959417,40.58229],[22.959046,40.582203],[22.958185,40.582003],[22.958101,40.581984],[22.958026,40.581966],[22.957117,40.581756],[22.9561,40.58151],[22.955965,40.581474],[22.955836,40.581437],[22.955604,40.58137],[22.955094,40.581206],[22.954516,40.581022],[22.954398,40.580965],[22.954025,40.580777],[22.953521,40.580503],[22.953333,40.580391]]},"properties":{"name":"Καυκάσου"}},{"type":"Feature","geometry":{"type":"LineString","coordinates":[[22.953041,40.584452],[22.953118,40.584467],[22.953244,40.584536],[22.953309,40.584567],[22.953395,40.584609],[22.953422,40.584621],[22.953459,40.584639],[22.95349,40.584659],[22.953528,40.584683],[22.953557,40.584709],[22.953582,40.584736],[22.953644,40.584813],[22.954691,40.585577],[22.955172,40.585928],[22.955513,40.586177],[22.955584,40.586207],[22.955649,40.586242],[22.955772,40.586322],[22.955888,40.586417],[22.955903,40.586436],[22.955925,40.586471],[22.956274,40.586728],[22.956446,40.586854],[22.95672,40.587055],[22.957177,40.58739],[22.957304,40.587482],[22.957892,40.587908],[22.9584,40.588276],[22.958622,40.588437],[22.958965,40.588679],[22.959785,40.589257],[22.959959,40.589379],[22.960131,40.589501],[22.960843,40.590004],[22.961319,40.590339],[22.96133,40.590348],[22.961703,40.590611],[22.962001,40.590822],[22.962404,40.591106],[22.962614,40.591255],[22.962644,40.591275],[22.963683,40.591991]]},"properties":{"name":"Αιγαίου"}},{"type":"Feature","geometry":{"type":"LineString","coordinates":[[22.955925,40.586471],[22.955873,40.586458],[22.955849,40.58645],[22.955716,40.586367]]},"properties":{"name":"Αιγαίου"}},{"type":"Feature","geometry":{"type":"LineString","coordinates":[[22.953644,40.584813],[22.953548,40.58477],[22.953473,40.584727]]},"properties":{"name":"Αιγαίου"}},{"type":"Feature","geometry":{"type":"LineString","coordinates":[[22.962644,40.591275],[22.962353,40.591481],[22.962013,40.591721],[22.961974,40.591746],[22.961913,40.591784],[22.96184,40.59184],[22.961766,40.591895],[22.96169,40.591949],[22.961529,40.592061],[22.960993,40.592434],[22.96031,40.59291],[22.959516,40.593463],[22.959478,40.59349],[22.959367,40.593567],[22.959263,40.593647]]},"properties":{"name":"Κηφισιάς"}},{"type":"Feature","geometry":{"type":"LineString","coordinates":[[22.959558,40.662567],[22.959561,40.662609],[22.959572,40.662645],[22.959586,40.662671],[22.959607,40.662691],[22.959632,40.662707],[22.959672,40.662723],[22.959705,40.662731],[22.959739,40.662734],[22.959772,40.662732],[22.959795,40.662727],[22.95982,40.662715],[22.959848,40.662695],[22.959929,40.662619],[22.959979,40.662571],[22.960226,40.662326],[22.960442,40.662119],[22.960574,40.661979],[22.960667,40.66185],[22.960813,40.661643],[22.960846,40.661601],[22.960881,40.661558],[22.960911,40.661524],[22.960933,40.661502],[22.960954,40.661483],[22.960976,40.661466],[22.961019,40.661437],[22.961051,40.661418],[22.961079,40.661402],[22.961113,40.661386],[22.96117,40.661362],[22.961325,40.661304],[22.96152,40.661238],[22.961655,40.66119],[22.961766,40.661148],[22.961939,40.661079],[22.962076,40.66102],[22.962368,40.660889],[22.962891,40.660658],[22.963032,40.660595],[22.963134,40.660552],[22.963233,40.660511],[22.963338,40.660468],[22.963461,40.660419],[22.963559,40.660381],[22.963633,40.660353],[22.963697,40.660327],[22.963736,40.66031],[22.963771,40.660294],[22.963803,40.660278]]},"properties":{"name":"Κηφισιάς"}},{"type":"Feature","geometry":{"type":"LineString","coordinates":[[22.953473,40.584727],[22.953528,40.584683]]},"properties":{"name":"Λευκωσίας"}},{"type":"Feature","geometry":{"type":"LineString","coordinates":[[22.953843,40.579544],[22.954367,40.579841],[22.954858,40.580093],[22.954917,40.580121],[22.956177,40.580417],[22.95758,40.580721],[22.958526,40.580939]]},"properties":{"name":"Θήχης"}},{"type":"Feature","geometry":{"type":"LineString","coordinates":[[22.958607,40.580783],[22.958568,40.58085],[22.958556,40.580874],[22.958535,40.580922],[22.958526,40.580939]]},"properties":{"name":"Απόστολου Παύλου"}},{"type":"Feature","geometry":{"type":"LineString","coordinates":[[22.958607,40.580783],[22.958771,40.580849],[22.959138,40.581017],[22.959832,40.58134],[22.960496,40.581652],[22.960833,40.581815],[22.961509,40.582115],[22.962118,40.582373],[22.962416,40.582504],[22.962864,40.582693]]},"properties":{"name":"Παπαφλέσσα"}},{"type":"Feature","geometry":{"type":"LineString","coordinates":[[22.963803,40.660278],[22.963694,40.660136],[22.963628,40.660054],[22.963607,40.660031],[22.963577,40.660001],[22.963553,40.659983],[22.963532,40.659968],[22.963506,40.659955],[22.963473,40.659943],[22.963437,40.659935]]},"properties":{"name":"Παπαφλέσσα"}},{"type":"Feature","geometry":{"type":"LineString","coordinates":[[22.992439,40.470931],[22.992382,40.470906],[22.992352,40.470886],[22.992329,40.470866],[22.992305,40.47083],[22.99229,40.470793],[22.99229,40.470746],[22.992444,40.469623],[22.992596,40.469016],[22.992628,40.468834],[22.992667,40.468502],[22.992724,40.468157],[22.992769,40.467891],[22.992792,40.467778],[22.992814,40.467635],[22.992897,40.46736],[22.992901,40.467306],[22.992873,40.467261],[22.992835,40.46724],[22.99278,40.467225],[22.99271,40.467225],[22.992619,40.467241],[22.992534,40.467264],[22.992129,40.467393],[22.991657,40.467545],[22.991542,40.46757],[22.991433,40.467583],[22.991348,40.46758],[22.991292,40.467558],[22.990747,40.467181]]},"properties":{"name":"Παπαφλέσσα"}},{"type":"Feature","geometry":{"type":"LineString","coordinates":[[22.581564,40.777264],[22.581486,40.778078],[22.581472,40.778152],[22.581351,40.779117]]},"properties":{"name":"Παπαφλέσσα"}},{"type":"Feature","geometry":{"type":"LineString","coordinates":[[22.979381,40.578436],[22.979318,40.578369],[22.979245,40.578298],[22.978937,40.578032],[22.978853,40.577945],[22.978834,40.577937],[22.978603,40.577726],[22.978468,40.577613],[22.978321,40.577487],[22.977972,40.577178],[22.977716,40.576942],[22.977653,40.576885]]},"properties":{"name":"Τομπάζη"}},{"type":"Feature","geometry":{"type":"LineString","coordinates":[[22.931374,40.685109],[22.931366,40.685105],[22.931331,40.685083],[22.93097,40.684865],[22.930877,40.684813],[22.930609,40.68466],[22.930581,40.68465],[22.930541,40.684644],[22.929908,40.684648]]},"properties":{"name":"Σινώπης"}},{"type":"Feature","geometry":{"type":"LineString","coordinates":[[22.930501,40.685843],[22.930533,40.685816],[22.930643,40.685729],[22.930789,40.685612],[22.930867,40.68555],[22.930952,40.685481],[22.931053,40.68539],[22.931065,40.68538],[22.931171,40.685287],[22.931259,40.685209],[22.931374,40.685109],[22.931468,40.685033],[22.931916,40.684674],[22.932011,40.684597],[22.932174,40.684468],[22.932506,40.6842],[22.932562,40.684155],[22.932834,40.683936],[22.933113,40.683712]]},"properties":{"name":"Άρη Βελουχιώτη"}},{"type":"Feature","geometry":{"type":"LineString","coordinates":[[22.927417,40.690003],[22.927411,40.69002],[22.927405,40.690042],[22.927401,40.690063],[22.927398,40.690092],[22.927397,40.690115],[22.927392,40.690197],[22.927391,40.690254],[22.927393,40.690298],[22.927399,40.69034],[22.927408,40.690375],[22.92742,40.690414],[22.927433,40.69045],[22.927447,40.690482],[22.927471,40.690533],[22.92754,40.690671],[22.927575,40.690753],[22.927612,40.690827],[22.927643,40.690884],[22.927645,40.690889],[22.927662,40.690921],[22.927679,40.690944],[22.927688,40.690955],[22.927706,40.690974],[22.927723,40.690984],[22.92774,40.690994],[22.927757,40.691002],[22.927781,40.691009],[22.927808,40.691015],[22.927818,40.691017],[22.928254,40.691084],[22.928807,40.691172],[22.929048,40.69121],[22.929146,40.691226],[22.929213,40.691236],[22.930577,40.691451],[22.931651,40.691623],[22.932015,40.691682],[22.932271,40.691724],[22.932313,40.691731],[22.932517,40.691764],[22.934225,40.692042],[22.934567,40.692098],[22.934591,40.692102],[22.934657,40.692113]]},"properties":{"name":"Πατριάρχη Αθηναγόρα"}},{"type":"Feature","geometry":{"type":"LineString","coordinates":[[22.927417,40.690003],[22.927505,40.689781],[22.927512,40.689761],[22.927628,40.689441],[22.927743,40.689119],[22.927758,40.689072],[22.927836,40.68882],[22.92792,40.688569],[22.927964,40.688446],[22.92798,40.688405],[22.928033,40.688277],[22.928169,40.688002],[22.928207,40.687925],[22.928256,40.687826],[22.928381,40.687581],[22.928482,40.687385],[22.928636,40.687117],[22.928707,40.687001],[22.928785,40.686889],[22.928962,40.686636],[22.929037,40.686542],[22.929044,40.686533],[22.929057,40.686519],[22.929079,40.686497],[22.929103,40.686477],[22.929139,40.686452],[22.929157,40.68644],[22.929188,40.686422],[22.929222,40.686402],[22.929259,40.686383],[22.929291,40.686367],[22.929317,40.686355],[22.929336,40.686346],[22.929353,40.686339],[22.929369,40.686333],[22.929605,40.686254],[22.929665,40.686234],[22.9299,40.686156]]},"properties":{"name":"Ιασωνίδου"}},{"type":"Feature","geometry":{"type":"LineString","coordinates":[[22.9299,40.686156],[22.929901,40.686124],[22.929905,40.685909],[22.929909,40.685716],[22.929914,40.685311],[22.929915,40.685298],[22.92991,40.685003],[22.929908,40.684648]]},"properties":{"name":"Γεννηματά Γ."}},{"type":"Feature","geometry":{"type":"LineString","coordinates":[[22.933113,40.683712],[22.933099,40.683704],[22.933066,40.683685],[22.932607,40.683422],[22.932604,40.683421],[22.932495,40.683359],[22.932295,40.683246],[22.931956,40.683057],[22.931923,40.683039],[22.931414,40.682742],[22.931356,40.682709],[22.931291,40.682673],[22.930982,40.682495],[22.93096,40.682483],[22.930898,40.682449],[22.930872,40.682436],[22.930745,40.682366],[22.930675,40.682329],[22.930588,40.682304]]},"properties":{"name":"Λέσβου"}},{"type":"Feature","geometry":{"type":"LineString","coordinates":[[22.933271,40.678811],[22.933267,40.678919],[22.933302,40.679084],[22.933302,40.67917],[22.933296,40.67922],[22.933285,40.679292],[22.933267,40.67937],[22.93325,40.679461],[22.933233,40.67954],[22.933208,40.67961],[22.93317,40.679684],[22.933147,40.679831],[22.93314,40.679983],[22.933154,40.68034],[22.933147,40.68037],[22.933134,40.680413],[22.933125,40.680439],[22.933111,40.680469],[22.932953,40.680779],[22.932911,40.680863],[22.932833,40.680993],[22.932613,40.681359],[22.932583,40.681418],[22.932568,40.681452],[22.932542,40.681497],[22.932494,40.681572],[22.932465,40.681625],[22.93243,40.681677],[22.932403,40.681717],[22.932342,40.681788],[22.932291,40.681834],[22.932218,40.681893],[22.932129,40.681971],[22.932112,40.681986],[22.932092,40.681996],[22.932063,40.681999],[22.932045,40.682003],[22.932019,40.682021],[22.931959,40.682089],[22.931845,40.682215],[22.931356,40.682709],[22.930823,40.68332],[22.930616,40.683537],[22.930589,40.68358],[22.930583,40.683636],[22.930582,40.683707],[22.930583,40.684085],[22.930583,40.684145],[22.930584,40.684192],[22.930589,40.684389],[22.930591,40.684442],[22.930592,40.684499],[22.930593,40.684545],[22.930595,40.684587],[22.930593,40.684611],[22.930592,40.684624],[22.930587,40.684637],[22.930581,40.68465]]},"properties":{"name":"Κωνσταντίνου Παλαιολόγου"}},{"type":"Feature","geometry":{"type":"LineString","coordinates":[[23.020173,40.580455],[23.020147,40.580522],[23.020126,40.580597],[23.020105,40.580676],[23.020072,40.580773],[23.020041,40.580848],[23.020013,40.580906],[23.019987,40.580954],[23.019968,40.580981],[23.019948,40.581006],[23.019924,40.581032],[23.019883,40.58107],[23.019817,40.581124],[23.019775,40.581156],[23.019747,40.581177],[23.019713,40.581198],[23.019693,40.581208],[23.019662,40.581222],[23.019627,40.581233],[23.019578,40.581247],[23.019449,40.581268],[23.019279,40.581305],[23.018777,40.581424],[23.018475,40.58147],[23.01823,40.581501],[23.017744,40.581524],[23.017263,40.581543],[23.016943,40.581587],[23.016886,40.581595],[23.016448,40.581674],[23.015776,40.581773],[23.015701,40.581784]]},"properties":{"name":"Κωνσταντίνου Παλαιολόγου"}},{"type":"Feature","geometry":{"type":"LineString","coordinates":[[22.937052,40.677923],[22.936831,40.677492],[22.936789,40.677408],[22.936763,40.677354],[22.936743,40.677314],[22.936709,40.677249],[22.936581,40.677018],[22.936553,40.67697],[22.936525,40.676922],[22.936441,40.676777],[22.936409,40.67672],[22.936211,40.676369],[22.936123,40.676211],[22.936057,40.6761],[22.935935,40.675891],[22.935874,40.675794],[22.935696,40.675529],[22.935646,40.675444],[22.935588,40.675346],[22.935539,40.675264],[22.93549,40.67519],[22.935412,40.675072],[22.935287,40.67489],[22.935148,40.674695],[22.935073,40.674591],[22.934971,40.67445],[22.934935,40.674405],[22.934695,40.674102],[22.934545,40.673905],[22.934474,40.673807],[22.934327,40.673621],[22.934269,40.67354],[22.934229,40.67348]]},"properties":{"name":"Ωραιοκάστρου"}},{"type":"Feature","geometry":{"type":"LineString","coordinates":[[22.928077,40.666226],[22.928205,40.666222],[22.928551,40.666214],[22.928601,40.666214],[22.928929,40.666215],[22.929036,40.666215],[22.929505,40.66621],[22.929557,40.66621],[22.929717,40.66621],[22.929981,40.666216],[22.930363,40.666236],[22.930384,40.666238],[22.930444,40.666241],[22.930509,40.666245],[22.930563,40.666251],[22.930636,40.666263],[22.930671,40.66627],[22.930793,40.666293],[22.931163,40.666363],[22.9312,40.66637],[22.931794,40.666477],[22.931975,40.666512],[22.932091,40.666534],[22.932131,40.666543],[22.932168,40.666554],[22.932192,40.666564],[22.932212,40.666574],[22.932234,40.666588],[22.932248,40.6666],[22.932265,40.666618],[22.932276,40.666631],[22.932296,40.666659],[22.932303,40.666675],[22.932309,40.666693],[22.932321,40.666727],[22.932337,40.666792],[22.932354,40.666856],[22.932364,40.666891],[22.932451,40.667207],[22.932505,40.667402],[22.932558,40.667593],[22.932657,40.667924],[22.932677,40.667987],[22.932759,40.668251],[22.932853,40.66856],[22.932866,40.668606],[22.932907,40.66874],[22.932935,40.668832],[22.933011,40.669102],[22.933038,40.669198],[22.933056,40.669265],[22.933143,40.669588],[22.93324,40.66995],[22.933311,40.670217],[22.933403,40.670541],[22.933417,40.670594],[22.933518,40.670965],[22.933605,40.671264],[22.933637,40.671377],[22.933701,40.67161],[22.933769,40.671862],[22.933782,40.671906],[22.933856,40.672182],[22.933878,40.67226],[22.933961,40.672543],[22.934004,40.672726],[22.934004,40.672729],[22.934014,40.672772],[22.934025,40.672828],[22.934031,40.672861],[22.934037,40.672894]]},"properties":{"name":"Ωραιοκάστρου"}},{"type":"Feature","geometry":{"type":"LineString","coordinates":[[22.934005,40.673023],[22.934031,40.673174],[22.934046,40.673217],[22.934064,40.673277],[22.934149,40.673414],[22.93418,40.673449],[22.934229,40.67348],[22.934111,40.673205],[22.934103,40.67317],[22.93408,40.673063],[22.934071,40.673016],[22.934037,40.672894],[22.934005,40.673023]]},"properties":{"name":"Ωραιοκάστρου"}},{"type":"Feature","geometry":{"type":"LineString","coordinates":[[22.931203,40.673256],[22.931786,40.673139],[22.932029,40.673092],[22.932054,40.673089],[22.932155,40.673079],[22.932248,40.673074],[22.932328,40.673074],[22.932501,40.673079],[22.932627,40.673078],[22.932773,40.673077],[22.932966,40.673072],[22.933499,40.673049],[22.933888,40.673032],[22.933947,40.673027],[22.934005,40.673023],[22.934071,40.673016]]},"properties":{"name":"Θερμοπυλών"}},{"type":"Feature","geometry":{"type":"LineString","coordinates":[[22.929847,40.675437],[22.929241,40.675709],[22.929144,40.675755],[22.929101,40.675775],[22.929032,40.675808],[22.928746,40.675943]]},"properties":{"name":"Γράμμου"}},{"type":"Feature","geometry":{"type":"LineString","coordinates":[[22.927909,40.67684],[22.928141,40.676596],[22.928438,40.676273],[22.928746,40.675943],[22.928951,40.675739],[22.92901,40.675681],[22.929083,40.675599],[22.929638,40.675027],[22.930506,40.67412],[22.930753,40.673867],[22.93124,40.673352],[22.931203,40.673256]]},"properties":{"name":"Αμαράντου"}},{"type":"Feature","geometry":{"type":"LineString","coordinates":[[22.927909,40.67684],[22.927591,40.676689],[22.927503,40.676646],[22.927354,40.676576],[22.927104,40.676449],[22.926823,40.676314],[22.926704,40.676257],[22.926641,40.676228],[22.926354,40.676084],[22.926285,40.676049]]},"properties":{"name":"Σαμψούντος"}},{"type":"Feature","geometry":{"type":"LineString","coordinates":[[22.930133,40.672006],[22.9299,40.67225],[22.929847,40.672306],[22.929674,40.672488],[22.929542,40.672626],[22.929261,40.67292],[22.928977,40.673219],[22.928946,40.673251],[22.92871,40.673498],[22.928692,40.673517],[22.928614,40.673599],[22.928547,40.673669],[22.928408,40.673815],[22.92839,40.673834],[22.9281,40.674138],[22.928071,40.674168],[22.92779,40.674463],[22.927715,40.674542],[22.927441,40.674829],[22.926877,40.675421],[22.926841,40.675459],[22.926475,40.67585],[22.926355,40.675975],[22.926285,40.676049],[22.926139,40.676201],[22.925773,40.676565],[22.925745,40.676594],[22.925687,40.676651],[22.925618,40.67673],[22.925457,40.676915],[22.925419,40.676951],[22.925388,40.67698]]},"properties":{"name":"Μακρυγιάννη"}},{"type":"Feature","geometry":{"type":"LineString","coordinates":[[22.925297,40.677186],[22.925299,40.677148],[22.925339,40.677069],[22.925388,40.67698],[22.925221,40.677078],[22.925046,40.677139]]},"properties":{"name":"Μακρυγιάννη"}},{"type":"Feature","geometry":{"type":"LineString","coordinates":[[22.930133,40.672006],[22.930045,40.671957],[22.929179,40.671478],[22.928726,40.671219],[22.928682,40.671194],[22.928546,40.671116],[22.928465,40.671066],[22.92842,40.671017],[22.928399,40.670961],[22.928375,40.67082]]},"properties":{"name":"Νικομηδείας"}},{"type":"Feature","geometry":{"type":"LineString","coordinates":[[22.928402,40.670675],[22.928375,40.67082]]},"properties":{"name":"Συνταγματάρχου Δαβάκη"}},{"type":"Feature","geometry":{"type":"LineString","coordinates":[[22.853213,40.687154],[22.853224,40.687097],[22.853224,40.687048],[22.853191,40.686944],[22.853104,40.686838],[22.853065,40.686799],[22.852973,40.686708],[22.852933,40.686668],[22.852897,40.686632],[22.852836,40.686581],[22.852791,40.686547],[22.852717,40.686524],[22.852526,40.686498],[22.851462,40.686465]]},"properties":{"name":"Συνταγματάρχου Δαβάκη"}},{"type":"Feature","geometry":{"type":"LineString","coordinates":[[22.931735,40.659927],[22.930583,40.659747],[22.930372,40.659713],[22.930193,40.659683],[22.92973,40.659607],[22.92903,40.659492],[22.928506,40.659405],[22.928276,40.659368],[22.92747,40.659235],[22.92685,40.659133],[22.92665,40.659121]]},"properties":{"name":"Αμπελοκήπων"}},{"type":"Feature","geometry":{"type":"LineString","coordinates":[[22.927329,40.501696],[22.927298,40.501892],[22.927136,40.502927],[22.926854,40.504724],[22.926592,40.506396],[22.92658,40.506475],[22.926269,40.508441]]},"properties":{"name":"Αμπελοκήπων"}},{"type":"Feature","geometry":{"type":"LineString","coordinates":[[22.928077,40.666226],[22.928063,40.666322],[22.927999,40.666965],[22.927882,40.667878],[22.927781,40.66879],[22.927685,40.66969],[22.927449,40.670608],[22.92741,40.670734],[22.927373,40.670848],[22.927284,40.6711],[22.927131,40.671523]]},"properties":{"name":"Κώστα Κωνσταντινίδη"}},{"type":"Feature","geometry":{"type":"LineString","coordinates":[[22.926877,40.675421],[22.926972,40.675475],[22.927286,40.675654],[22.927664,40.675864],[22.92805,40.676071],[22.928438,40.676273]]},"properties":{"name":"Φειδίου"}},{"type":"Feature","geometry":{"type":"LineString","coordinates":[[22.95735,40.657499],[22.957332,40.657517],[22.957317,40.657533],[22.957287,40.657565],[22.957265,40.657589],[22.957245,40.657609],[22.957224,40.657628],[22.957176,40.657668],[22.956989,40.657805],[22.956945,40.657833],[22.956917,40.657849],[22.956894,40.65786],[22.956871,40.657869],[22.956843,40.657877],[22.956794,40.65789],[22.956755,40.657898],[22.956699,40.65791],[22.956618,40.657928],[22.956583,40.657937],[22.956546,40.657946],[22.956422,40.657981],[22.956301,40.658016],[22.956255,40.65803],[22.956215,40.658044],[22.95619,40.658054],[22.956152,40.658068],[22.956122,40.658081],[22.956076,40.658102],[22.955928,40.65818],[22.955767,40.658266],[22.955706,40.658299],[22.955682,40.658313],[22.955516,40.658414],[22.955285,40.658555],[22.955202,40.658605],[22.954913,40.658774],[22.954817,40.658831]]},"properties":{"name":"Μεσσήνης"}},{"type":"Feature","geometry":{"type":"LineString","coordinates":[[22.956699,40.65791],[22.956733,40.657991],[22.956751,40.658025],[22.95677,40.658051],[22.956781,40.658063],[22.956952,40.658226],[22.95706,40.65834],[22.957204,40.658493],[22.95735,40.658637],[22.957595,40.658875],[22.957695,40.658965],[22.957748,40.659019],[22.957792,40.659072],[22.95782,40.65911],[22.957844,40.659151],[22.95787,40.659199],[22.95789,40.65924],[22.95791,40.659287],[22.957923,40.659325],[22.957947,40.659425],[22.957966,40.659525],[22.957978,40.659579],[22.957992,40.659622],[22.958023,40.659689],[22.958064,40.65976],[22.95818,40.659938],[22.958351,40.660151],[22.958365,40.660167],[22.958383,40.660183],[22.958395,40.660192],[22.958435,40.660217],[22.958492,40.660238],[22.958579,40.660273],[22.958661,40.660306],[22.958756,40.660353],[22.958843,40.660406],[22.958895,40.660441],[22.958938,40.660468],[22.958972,40.660488],[22.959008,40.660508],[22.959024,40.660516],[22.959043,40.660525],[22.959072,40.660538],[22.959088,40.660547],[22.959102,40.660554],[22.959113,40.660561],[22.959124,40.660568],[22.959133,40.660574],[22.959143,40.660581],[22.959153,40.66059],[22.959164,40.6606],[22.95917,40.660607]]},"properties":{"name":"40 Εκκλησιών"}},{"type":"Feature","geometry":{"type":"LineString","coordinates":[[22.95917,40.660607],[22.959178,40.66062],[22.959182,40.660636],[22.959183,40.660651],[22.959182,40.660669],[22.959181,40.66069],[22.959177,40.660712],[22.959173,40.660738],[22.959165,40.660775],[22.95915,40.66083],[22.959134,40.660883],[22.959114,40.660937],[22.959107,40.660962],[22.9591,40.660994],[22.959096,40.661021],[22.959093,40.661045],[22.959089,40.661069],[22.959088,40.661086],[22.959088,40.6611],[22.95909,40.661116],[22.959091,40.661133],[22.959098,40.661163],[22.959108,40.661201],[22.95912,40.661241],[22.95914,40.661291]]},"properties":{"name":"Θεσσαλίας"}},{"type":"Feature","geometry":{"type":"LineString","coordinates":[[22.959241,40.661263],[22.959196,40.661276],[22.95914,40.661291],[22.959032,40.661324],[22.958925,40.661357],[22.958641,40.661447],[22.958565,40.66147],[22.958506,40.661487],[22.958466,40.661499],[22.958405,40.661514],[22.958343,40.661529],[22.958288,40.661541],[22.958238,40.66155],[22.958192,40.661556],[22.958159,40.661559],[22.958109,40.661562],[22.958022,40.661563],[22.957876,40.66156],[22.957567,40.661551]]},"properties":{"name":"Δασυλλίου"}},{"type":"Feature","geometry":{"type":"LineString","coordinates":[[22.963437,40.659935],[22.963415,40.659932],[22.963396,40.659933],[22.963364,40.659936],[22.963328,40.659942],[22.963287,40.659956],[22.96301,40.660076],[22.962576,40.660256],[22.96252,40.660279],[22.96248,40.660293],[22.962399,40.660324],[22.962296,40.660366],[22.962153,40.660427],[22.961973,40.660502],[22.961767,40.6606],[22.96164,40.66066],[22.961522,40.660715],[22.961428,40.660759]]},"properties":{"name":"Αγίου Αντωνίου"}},{"type":"Feature","geometry":{"type":"LineString","coordinates":[[22.961428,40.660759],[22.961463,40.660797],[22.961766,40.661148]]},"properties":{"name":"Αγ. Νεκταρίου"}},{"type":"Feature","geometry":{"type":"LineString","coordinates":[[22.957567,40.661551],[22.957576,40.661453],[22.957573,40.661424],[22.957559,40.661393],[22.957542,40.661373],[22.957379,40.661218],[22.956969,40.660824],[22.956737,40.660608],[22.956687,40.660561],[22.95663,40.660509],[22.956188,40.660096],[22.956134,40.660046],[22.955978,40.659901],[22.954817,40.658831]]},"properties":{"name":"Βουλγαροκτόνου"}},{"type":"Feature","geometry":{"type":"LineString","coordinates":[[22.991404,40.550377],[22.991231,40.552059]]},"properties":{"name":"Αγίας Αναστασίας"}},{"type":"Feature","geometry":{"type":"LineString","coordinates":[[22.99088,40.538881],[22.991051,40.538943],[22.991286,40.539029],[22.991386,40.539052],[22.991474,40.53906],[22.991586,40.539064],[22.991818,40.539088]]},"properties":{"name":"Θεσσαλονίκης - Πολυγύρου"}},{"type":"Feature","geometry":{"type":"LineString","coordinates":[[23.013163,40.538849],[23.013037,40.53883],[23.012941,40.538809],[23.011292,40.538872],[23.010785,40.538882],[23.01049,40.538896],[23.010271,40.538908],[23.010107,40.53892],[23.009818,40.53897],[23.009626,40.539017],[23.00938,40.539078],[23.009225,40.539128],[23.009046,40.539178],[23.008533,40.539321],[23.008382,40.539365],[23.008355,40.539373],[23.00822,40.53941],[23.008068,40.539445],[23.007899,40.539488],[23.007638,40.539536],[23.007515,40.539553],[23.007383,40.539564],[23.007206,40.539565],[23.007043,40.539566],[23.006977,40.539565],[23.006906,40.539564],[23.006789,40.539556],[23.006779,40.539555],[23.006486,40.539519],[23.006332,40.53949],[23.006157,40.539451],[23.00602,40.539411],[23.005874,40.539357],[23.005717,40.539304],[23.005551,40.539245],[23.005401,40.539188],[23.005237,40.539131],[23.005061,40.539069],[23.004984,40.539036],[23.004883,40.538985]]},"properties":{"name":"Θεσσαλονίκης - Πολυγύρου"}},{"type":"Feature","geometry":{"type":"LineString","coordinates":[[22.991525,40.539109],[22.991818,40.539088],[22.992294,40.539078],[22.993004,40.539065],[22.994117,40.539046],[22.994602,40.539038],[22.995131,40.539028],[22.996471,40.539028],[22.997513,40.539014],[22.999058,40.538994],[22.999564,40.538984],[23.000735,40.538962],[23.000873,40.53896],[23.001744,40.538945],[23.001916,40.538942],[23.003165,40.538922],[23.003859,40.538921],[23.004224,40.538923],[23.004457,40.538931],[23.004691,40.53895],[23.004883,40.538985],[23.005024,40.538994],[23.0051,40.539013],[23.005268,40.539057],[23.005442,40.539114],[23.005631,40.539181],[23.00582,40.539249],[23.006008,40.539317],[23.006166,40.539367],[23.006343,40.539417],[23.006424,40.539432],[23.006515,40.53945],[23.006648,40.53947],[23.006796,40.539484],[23.006917,40.539489],[23.00705,40.539492],[23.007185,40.539498],[23.007369,40.539499],[23.007537,40.539486],[23.007689,40.539465],[23.0079,40.539426],[23.008149,40.539361],[23.008502,40.539263],[23.009259,40.539038],[23.009421,40.538989],[23.00952,40.538964],[23.009716,40.538915],[23.009978,40.538854],[23.010112,40.538838],[23.010484,40.53881],[23.01162,40.538774],[23.012932,40.538732],[23.013041,40.538729],[23.013151,40.538725]]},"properties":{"name":"Θεσσαλονίκης - Πολυγύρου"}},{"type":"Feature","geometry":{"type":"LineString","coordinates":[[23.013474,40.538715],[23.013673,40.538733],[23.014062,40.538751],[23.01419,40.538779]]},"properties":{"name":"Θεσσαλονίκης - Πολυγύρου"}},{"type":"Feature","geometry":{"type":"LineString","coordinates":[[23.016679,40.538549],[23.016657,40.53861],[23.016608,40.538664],[23.01653,40.538702],[23.016384,40.538766]]},"properties":{"name":"Θεσσαλονίκης - Πολυγύρου"}},{"type":"Feature","geometry":{"type":"LineString","coordinates":[[23.017128,40.538463],[23.017256,40.538562],[23.017346,40.538617],[23.017445,40.538668],[23.017738,40.538793]]},"properties":{"name":"Θεσσαλονίκης - Πολυγύρου"}},{"type":"Feature","geometry":{"type":"LineString","coordinates":[[23.016989,40.538741],[23.017218,40.538718],[23.017341,40.538722],[23.017432,40.538727],[23.017511,40.538741],[23.017738,40.538793],[23.017827,40.53884],[23.018008,40.538935],[23.018464,40.539125],[23.019212,40.539436],[23.019516,40.539566],[23.019638,40.539614],[23.019898,40.539715],[23.019977,40.539751],[23.020299,40.539895],[23.020892,40.54014],[23.021403,40.540351],[23.022374,40.540755],[23.022509,40.540803],[23.02261,40.540832],[23.022717,40.540857],[23.022725,40.540858],[23.022831,40.540878],[23.022996,40.540899],[23.023155,40.540915],[23.023301,40.540926],[23.023441,40.54093],[23.024581,40.540922],[23.024936,40.540922],[23.026142,40.540922],[23.027208,40.540931],[23.027434,40.540922],[23.027628,40.540898],[23.027779,40.540866],[23.027954,40.540823],[23.028039,40.540796],[23.028133,40.540768],[23.028555,40.540632],[23.028831,40.54053],[23.029122,40.54043],[23.029334,40.540354],[23.029628,40.540255],[23.030229,40.540051],[23.030259,40.54004],[23.031076,40.539755],[23.031757,40.539518],[23.032966,40.539111],[23.032995,40.539101],[23.033916,40.538782],[23.034115,40.538709],[23.034238,40.538646],[23.034372,40.538571],[23.034513,40.538488],[23.034648,40.538396],[23.034765,40.538321],[23.034889,40.538183],[23.035009,40.538045],[23.035161,40.537832],[23.035846,40.536908],[23.036484,40.536024],[23.037194,40.535048]]},"properties":{"name":"Θεσσαλονίκης - Πολυγύρου"}},{"type":"Feature","geometry":{"type":"LineString","coordinates":[[23.016874,40.538745],[23.016384,40.538766],[23.015893,40.538772],[23.01419,40.538779],[23.014065,40.538807],[23.013668,40.538831],[23.013535,40.53884],[23.013472,40.538844]]},"properties":{"name":"Θεσσαλονίκης - Πολυγύρου"}},{"type":"Feature","geometry":{"type":"LineString","coordinates":[[23.137949,40.486649],[23.137858,40.486676],[23.136784,40.486963],[23.135606,40.487281],[23.135299,40.487362],[23.135118,40.487404],[23.134997,40.48743],[23.134872,40.487447],[23.134716,40.487464],[23.134534,40.487479],[23.134289,40.487497],[23.133819,40.487529],[23.132998,40.487581],[23.131886,40.487643],[23.131618,40.487657],[23.13124,40.487683],[23.131072,40.487683],[23.130925,40.48768],[23.130763,40.487661],[23.130588,40.487637],[23.13031,40.487588],[23.129942,40.487528],[23.129574,40.487465],[23.129227,40.487402],[23.128451,40.487251],[23.127472,40.487058]]},"properties":{"name":"Θεσσαλονίκης - Πολυγύρου"}},{"type":"Feature","geometry":{"type":"LineString","coordinates":[[23.037194,40.535048],[23.037408,40.534709],[23.037566,40.534493],[23.037732,40.534284],[23.037932,40.534065],[23.038088,40.533904],[23.038251,40.533759],[23.038463,40.533579],[23.038696,40.533396],[23.039112,40.53308],[23.039185,40.533023],[23.039943,40.532418],[23.040717,40.531802],[23.041354,40.531319]]},"properties":{"name":"Θεσσαλονίκης - Πολυγύρου"}},{"type":"Feature","geometry":{"type":"LineString","coordinates":[[23.087818,40.507399],[23.088143,40.507186],[23.088302,40.507087],[23.088433,40.507003],[23.088503,40.506956],[23.088557,40.506919],[23.088881,40.506678],[23.08935,40.506322],[23.089366,40.50631],[23.089395,40.506288],[23.089604,40.506137],[23.08993,40.50591],[23.090171,40.505765]]},"properties":{"name":"Θεσσαλονίκης - Πολυγύρου"}},{"type":"Feature","geometry":{"type":"LineString","coordinates":[[23.041354,40.531319],[23.041479,40.531215],[23.041539,40.531167],[23.041665,40.531065],[23.042005,40.53081],[23.042724,40.530257],[23.044653,40.528703],[23.044922,40.528523],[23.045968,40.527672],[23.04751,40.526457],[23.047642,40.52637],[23.047862,40.526183],[23.048161,40.525945],[23.048416,40.525745],[23.048941,40.525301],[23.049,40.525255],[23.049775,40.524688],[23.049811,40.52466],[23.049902,40.524585],[23.050398,40.524188],[23.050884,40.52388],[23.052098,40.523329],[23.052363,40.523221],[23.052451,40.523189],[23.053555,40.52272],[23.05459,40.522276],[23.054743,40.52221],[23.055257,40.52199],[23.055707,40.521797],[23.056592,40.521432],[23.05674,40.521369],[23.058571,40.520599],[23.058809,40.520499],[23.059859,40.520038],[23.062903,40.518702],[23.063177,40.518585],[23.064333,40.518093],[23.064613,40.517975],[23.064816,40.517888],[23.06522,40.517715],[23.065549,40.517575],[23.066082,40.517344],[23.067107,40.516909],[23.067869,40.516586],[23.068757,40.516209],[23.069204,40.516017],[23.06998,40.515698],[23.070081,40.515655],[23.071327,40.51512],[23.071446,40.515069],[23.073167,40.514342],[23.074132,40.513934],[23.076106,40.513086],[23.076508,40.512909],[23.076865,40.512741],[23.077512,40.512425],[23.078129,40.512124],[23.078428,40.511976],[23.079053,40.511668],[23.079542,40.511427],[23.080607,40.510909],[23.081027,40.510719],[23.082437,40.510038],[23.083576,40.509487],[23.085944,40.50834],[23.086764,40.507941],[23.087818,40.507399],[23.088198,40.507242],[23.088338,40.507167],[23.08847,40.507087],[23.088595,40.507004],[23.088711,40.506922],[23.088998,40.506702],[23.089425,40.506378],[23.089496,40.506326],[23.089785,40.506105],[23.089884,40.506028],[23.089976,40.505954],[23.090171,40.505765],[23.09052,40.50551],[23.091343,40.504923],[23.091368,40.504904],[23.091676,40.504676],[23.091949,40.504474],[23.09207,40.504382],[23.093026,40.50367],[23.093218,40.503543],[23.093269,40.503512],[23.093372,40.50345],[23.093511,40.503377],[23.093653,40.503298],[23.094931,40.502586],[23.09533,40.502381],[23.095649,40.502218]]},"properties":{"name":"Θεσσαλονίκης - Πολυγύρου"}},{"type":"Feature","geometry":{"type":"LineString","coordinates":[[23.041354,40.531319],[23.040774,40.531851],[23.040477,40.532104],[23.040074,40.532433],[23.039618,40.532791],[23.039266,40.533074],[23.039193,40.533134],[23.038572,40.533606],[23.038446,40.533707],[23.038303,40.533831],[23.038135,40.533984],[23.037963,40.534157],[23.03781,40.534328],[23.037635,40.53453],[23.037466,40.534735],[23.037194,40.535048]]},"properties":{"name":"Θεσσαλονίκης - Πολυγύρου"}},{"type":"Feature","geometry":{"type":"LineString","coordinates":[[23.095649,40.502218],[23.096146,40.501999],[23.096399,40.501898],[23.096655,40.501804],[23.09739,40.501541],[23.097852,40.501378],[23.097904,40.50136],[23.09904,40.500951],[23.099221,40.500887],[23.099389,40.500831],[23.10009,40.50063]]},"properties":{"name":"Θεσσαλονίκης - Πολυγύρου"}},{"type":"Feature","geometry":{"type":"LineString","coordinates":[[23.110909,40.494756],[23.111441,40.49444],[23.111786,40.494248],[23.111905,40.494183],[23.112409,40.493916],[23.112588,40.493823],[23.112764,40.493741],[23.112956,40.493662],[23.113163,40.493592],[23.113333,40.493541],[23.113604,40.493465],[23.114128,40.493328],[23.114829,40.493168]]},"properties":{"name":"Θεσσαλονίκης - Πολυγύρου"}},{"type":"Feature","geometry":{"type":"LineString","coordinates":[[23.10009,40.50063],[23.10031,40.500547],[23.10057,40.500442],[23.100796,40.500343],[23.101002,40.500246],[23.101295,40.500098],[23.102014,40.499735],[23.10331,40.499064],[23.103628,40.498901],[23.104059,40.498679],[23.104526,40.498439],[23.105394,40.497989],[23.106601,40.497381],[23.1075,40.496912],[23.107743,40.496766],[23.108053,40.496551],[23.108209,40.496437],[23.108441,40.496268],[23.108841,40.495976],[23.108892,40.495939],[23.10906,40.49582],[23.109321,40.495632],[23.109377,40.495595],[23.109575,40.495467],[23.109884,40.495295],[23.110659,40.494887],[23.110909,40.494756],[23.111491,40.494499],[23.112682,40.493872],[23.112799,40.493816],[23.112954,40.49375],[23.113024,40.493724],[23.113199,40.493666],[23.113445,40.493594],[23.113636,40.493541],[23.113802,40.493496],[23.114161,40.493399],[23.114829,40.493168],[23.114888,40.49315],[23.115006,40.493113],[23.115105,40.493079],[23.115232,40.493026],[23.115274,40.493007],[23.116015,40.492673],[23.116379,40.492505],[23.116547,40.492428],[23.11691,40.49226],[23.117824,40.491826],[23.118906,40.491076],[23.11972,40.490497],[23.121724,40.489094],[23.121961,40.488897],[23.122153,40.488669],[23.122349,40.488421],[23.122514,40.488163],[23.122664,40.487926],[23.122846,40.487687],[23.123023,40.487455],[23.123152,40.487294],[23.123261,40.487175],[23.123378,40.487067]]},"properties":{"name":"Θεσσαλονίκης - Πολυγύρου"}},{"type":"Feature","geometry":{"type":"LineString","coordinates":[[23.123378,40.487067],[23.123474,40.486982],[23.12358,40.486902],[23.123669,40.486849],[23.12369,40.486837],[23.123817,40.486782],[23.124066,40.486708],[23.124274,40.486655],[23.124401,40.486626],[23.124535,40.486603],[23.124681,40.486583],[23.124765,40.486577],[23.124909,40.486576],[23.125059,40.486583],[23.125218,40.486598],[23.125465,40.486636],[23.125731,40.486683],[23.126182,40.486769],[23.126859,40.486905],[23.127092,40.486952],[23.127472,40.487058],[23.127078,40.487006],[23.126646,40.486935],[23.126223,40.486857],[23.125945,40.486799],[23.125694,40.486748],[23.125492,40.486715],[23.12533,40.486689],[23.125207,40.486673],[23.125063,40.486661],[23.124924,40.486656],[23.124777,40.48666],[23.124691,40.486665],[23.124534,40.486686],[23.124382,40.486712],[23.124238,40.486742],[23.124113,40.486773],[23.123984,40.486807],[23.123853,40.486845],[23.123733,40.486884],[23.123611,40.486934],[23.123495,40.486994],[23.123378,40.487067]]},"properties":{"name":"Θεσσαλονίκης - Πολυγύρου"}},{"type":"Feature","geometry":{"type":"LineString","coordinates":[[23.10009,40.50063],[23.099434,40.500896],[23.099047,40.501033],[23.09791,40.501446],[23.097441,40.501616],[23.0967,40.501874],[23.095649,40.502218]]},"properties":{"name":"Θεσσαλονίκης - Πολυγύρου"}},{"type":"Feature","geometry":{"type":"LineString","coordinates":[[22.991499,40.562922],[22.991768,40.563041],[22.991952,40.563124],[22.992051,40.563168],[22.992435,40.56336]]},"properties":{"name":"Αγίας Ζώνης"}},{"type":"Feature","geometry":{"type":"LineString","coordinates":[[22.992845,40.563674],[22.992906,40.563973],[22.992913,40.56401],[22.993077,40.564149],[22.993224,40.564288],[22.99397,40.565106],[22.994467,40.565596],[22.994998,40.566137],[22.995801,40.566901],[22.99607,40.567169]]},"properties":{"name":"Αγίας Ζώνης"}},{"type":"Feature","geometry":{"type":"LineString","coordinates":[[22.992972,40.563412],[22.993062,40.563193],[22.993177,40.562973],[22.993315,40.562732],[22.993649,40.562046],[22.993773,40.561793],[22.994057,40.561212]]},"properties":{"name":"Περικλέους"}},{"type":"Feature","geometry":{"type":"LineString","coordinates":[[22.966033,40.468716],[22.966107,40.468704],[22.966164,40.468694],[22.966227,40.468685],[22.966304,40.468677],[22.966461,40.468662],[22.966702,40.468635],[22.966713,40.468633],[22.966848,40.468613],[22.967046,40.468584],[22.96722,40.468547],[22.967355,40.468503],[22.967421,40.468475],[22.967537,40.468422],[22.967572,40.468408],[22.967662,40.46837],[22.967769,40.468336],[22.967908,40.468296],[22.968019,40.468266],[22.968122,40.468242],[22.96824,40.468218],[22.968471,40.468175],[22.968598,40.468153],[22.968692,40.468135],[22.968797,40.468107],[22.968846,40.468091],[22.969067,40.468007],[22.969185,40.46796]]},"properties":{"name":"Περικλέους"}},{"type":"Feature","geometry":{"type":"LineString","coordinates":[[22.991214,40.560104],[22.991351,40.560162],[22.993906,40.561154],[22.994057,40.561212]]},"properties":{"name":"Λαέρτου"}},{"type":"Feature","geometry":{"type":"LineString","coordinates":[[22.996942,40.576794],[22.996635,40.576479],[22.996294,40.57613],[22.996013,40.575833],[22.995763,40.57562],[22.995482,40.57542],[22.995234,40.575262],[22.994879,40.575086],[22.994701,40.57501],[22.994452,40.574912],[22.993178,40.574511],[22.993039,40.574462],[22.991011,40.573813],[22.990775,40.573744],[22.990677,40.573716]]},"properties":{"name":"Γιάννου Κρανιδιώτη"}},{"type":"Feature","geometry":{"type":"LineString","coordinates":[[22.996844,40.576851],[22.995855,40.575867],[22.995699,40.575726],[22.995471,40.575554],[22.995179,40.575371],[22.994896,40.575211],[22.994609,40.575092],[22.994315,40.574981],[22.993529,40.57472],[22.993057,40.574573],[22.99292,40.574528],[22.992655,40.574438],[22.991536,40.574098],[22.990774,40.573851],[22.990603,40.573795]]},"properties":{"name":"Γιάννου Κρανιδιώτη"}},{"type":"Feature","geometry":{"type":"LineString","coordinates":[[22.996942,40.576794],[22.997073,40.576718],[22.997172,40.576655],[22.997575,40.576378],[22.99795,40.576079],[22.998413,40.57573]]},"properties":{"name":"Ευρώπης"}},{"type":"Feature","geometry":{"type":"LineString","coordinates":[[22.973179,40.616237],[22.97324,40.616338],[22.973461,40.616704],[22.973665,40.617019],[22.973805,40.617235],[22.97405,40.617614],[22.974309,40.618015],[22.974498,40.618308],[22.97455,40.618387],[22.974672,40.618577],[22.97474,40.618681],[22.974914,40.61895],[22.975125,40.619276],[22.975337,40.619604],[22.97536,40.61964],[22.975385,40.619679]]},"properties":{"name":"Αγίας Μαρίνας"}},{"type":"Feature","geometry":{"type":"LineString","coordinates":[[22.975385,40.619679],[22.97549,40.61964],[22.975862,40.619504],[22.976306,40.619341],[22.97669,40.6192],[22.976747,40.619179],[22.976801,40.619159],[22.977193,40.619016],[22.977623,40.618858],[22.978098,40.618682],[22.978505,40.618533],[22.978574,40.618508]]},"properties":{"name":"Ολύνθου"}},{"type":"Feature","geometry":{"type":"LineString","coordinates":[[22.978574,40.618508],[22.978547,40.618466],[22.978312,40.6181],[22.978106,40.617777],[22.977894,40.617445],[22.977694,40.617132],[22.977486,40.616805],[22.977317,40.616542],[22.977211,40.616376],[22.977064,40.616146],[22.977004,40.616052],[22.976858,40.615823],[22.976739,40.615637],[22.976656,40.615504],[22.976455,40.615193],[22.976432,40.615156],[22.976409,40.615118]]},"properties":{"name":"Διαγόρα"}},{"type":"Feature","geometry":{"type":"LineString","coordinates":[[22.949022,40.682716],[22.949862,40.682259],[22.949884,40.682248],[22.95001,40.682188],[22.950087,40.682151],[22.950146,40.682123]]},"properties":{"name":"Ηφαίστου"}},{"type":"Feature","geometry":{"type":"LineString","coordinates":[[22.950146,40.682123],[22.950111,40.682094],[22.95002,40.682002],[22.949794,40.681785],[22.949639,40.681647],[22.94959,40.681601],[22.949554,40.681553],[22.949501,40.681465],[22.949487,40.681421],[22.949474,40.681381],[22.949387,40.681022],[22.949322,40.680737],[22.949271,40.680514],[22.949269,40.680483],[22.949281,40.680436]]},"properties":{"name":"Παπαναστασίου"}},{"type":"Feature","geometry":{"type":"LineString","coordinates":[[22.951841,40.680103],[22.951854,40.680109],[22.951863,40.680118],[22.95187,40.680127],[22.951879,40.680145],[22.951885,40.680161],[22.951969,40.68047]]},"properties":{"name":"Χαλκιδικής"}},{"type":"Feature","geometry":{"type":"LineString","coordinates":[[23.138523,40.433706],[23.138079,40.433647],[23.137744,40.433595],[23.1374,40.433537],[23.1372,40.433493],[23.136944,40.433404],[23.136659,40.433284],[23.136469,40.433157],[23.136319,40.433039],[23.136171,40.432876],[23.136004,40.432718],[23.135885,40.432631],[23.135753,40.43255],[23.13548,40.432424],[23.135157,40.432301],[23.134774,40.432177],[23.134561,40.432112],[23.134355,40.432048],[23.134057,40.431981],[23.133261,40.431862],[23.133027,40.43185],[23.132812,40.431857],[23.132666,40.431876],[23.132409,40.431968],[23.13198,40.432164],[23.131722,40.432304],[23.131463,40.432433],[23.131283,40.432523],[23.13114,40.432609],[23.130977,40.432713],[23.130835,40.432814],[23.130587,40.433031],[23.130371,40.433255],[23.130028,40.433562],[23.129811,40.433772],[23.129656,40.433899]]},"properties":{"name":"Χαλκιδικής"}},{"type":"Feature","geometry":{"type":"LineString","coordinates":[[22.93474,40.640426],[22.935248,40.640181],[22.935916,40.639843],[22.935983,40.639811]]},"properties":{"name":"Πλατεία Δημοκρατίας"}},{"type":"Feature","geometry":{"type":"LineString","coordinates":[[22.965393,40.591998],[22.965532,40.59181],[22.965686,40.591593],[22.96587,40.591389],[22.965875,40.591383],[22.96592,40.591332],[22.966519,40.590644],[22.966737,40.590402],[22.966947,40.59019],[22.96774,40.589491],[22.968248,40.589057],[22.969356,40.588133],[22.969716,40.587844],[22.970129,40.587515],[22.970211,40.587443],[22.970275,40.587362],[22.970331,40.587271],[22.97045,40.587005],[22.970514,40.586853],[22.970578,40.586712],[22.970603,40.586688],[22.970656,40.586662]]},"properties":{"name":"Ι. Τσαλουχίδη"}},{"type":"Feature","geometry":{"type":"LineString","coordinates":[[22.89067,40.651415],[22.891235,40.651555],[22.893437,40.652096],[22.895128,40.652515],[22.895523,40.652612],[22.895643,40.652638],[22.895826,40.652672],[22.89588,40.65268],[22.895953,40.65269],[22.896011,40.652695],[22.896136,40.652704],[22.896228,40.652705],[22.89633,40.652702],[22.896386,40.652697],[22.896452,40.652691],[22.89651,40.652682],[22.89657,40.652667],[22.896733,40.652616],[22.898205,40.652141],[22.898263,40.652127],[22.898333,40.652109],[22.898405,40.652093],[22.898486,40.652077],[22.898569,40.652065],[22.898643,40.65206],[22.898719,40.652058],[22.898891,40.652066],[22.899127,40.652077],[22.899461,40.6521],[22.899603,40.65211],[22.899912,40.652131],[22.899974,40.652139],[22.900024,40.652149],[22.900084,40.652165],[22.900228,40.652203]]},"properties":{"name":"Θεσσαλονίκης - Καλοχωρίου"}},{"type":"Feature","geometry":{"type":"LineString","coordinates":[[22.890425,40.651352],[22.890016,40.651236],[22.889875,40.651208],[22.889667,40.651156],[22.88893,40.650984],[22.888855,40.650967],[22.888696,40.650929],[22.888539,40.650892],[22.888238,40.650847],[22.887476,40.650801],[22.887271,40.650789],[22.887139,40.650781],[22.886835,40.650763],[22.884765,40.65064],[22.883798,40.650582],[22.883537,40.65058],[22.883477,40.650579],[22.883156,40.65057],[22.883113,40.650569],[22.88279,40.650554],[22.881888,40.650522],[22.881808,40.650514],[22.881742,40.65051],[22.881537,40.650496],[22.881292,40.65047],[22.880886,40.650438],[22.880466,40.650386],[22.880188,40.650352],[22.879827,40.650296]]},"properties":{"name":"Θεσσαλονίκης - Καλοχωρίου"}},{"type":"Feature","geometry":{"type":"LineString","coordinates":[[22.879505,40.650224],[22.879635,40.650224],[22.879875,40.650238],[22.880903,40.650349],[22.881212,40.650382],[22.881531,40.650409],[22.881665,40.650422],[22.881748,40.650428],[22.881891,40.650439],[22.881992,40.650446],[22.882912,40.650486],[22.883221,40.650504],[22.883313,40.650508],[22.883798,40.650582]]},"properties":{"name":"Θεσσαλονίκης - Καλοχωρίου"}},{"type":"Feature","geometry":{"type":"LineString","coordinates":[[22.890425,40.651352],[22.89067,40.651415]]},"properties":{"name":"Θεσσαλονίκη - Καλοχώρι"}},{"type":"Feature","geometry":{"type":"LineString","coordinates":[[22.879827,40.650296],[22.879505,40.650224]]},"properties":{"name":"Θεσσαλονίκη - Καλοχώρι"}},{"type":"Feature","geometry":{"type":"LineString","coordinates":[[22.871827,40.649588],[22.871721,40.649511],[22.871456,40.649333],[22.870836,40.648925],[22.87058,40.648756],[22.87009,40.648403],[22.869664,40.648083],[22.869136,40.647682],[22.868315,40.64692],[22.867865,40.646483],[22.867559,40.646193],[22.867203,40.645865],[22.866954,40.645636],[22.866138,40.644883],[22.865868,40.644623],[22.865254,40.644059],[22.865177,40.643983],[22.865098,40.643908],[22.864186,40.6431],[22.863922,40.64287],[22.863036,40.642093]]},"properties":{"name":"Θεσσαλονίκης"}},{"type":"Feature","geometry":{"type":"LineString","coordinates":[[22.718958,40.65928],[22.717472,40.659269],[22.71707,40.65927],[22.716832,40.659275],[22.715889,40.659326],[22.715693,40.659334],[22.715492,40.659329],[22.715397,40.659315],[22.715177,40.659291],[22.714755,40.659231],[22.713888,40.659126],[22.713781,40.65958],[22.713733,40.659786],[22.713671,40.65999],[22.713522,40.660356],[22.713355,40.660708],[22.713046,40.661352],[22.712909,40.661538],[22.712755,40.661717],[22.712509,40.662254],[22.712296,40.662751]]},"properties":{"name":"Θεσσαλονίκης"}},{"type":"Feature","geometry":{"type":"LineString","coordinates":[[22.939666,40.700399],[22.939641,40.700475],[22.939589,40.700679],[22.939389,40.701378],[22.939192,40.702074],[22.939059,40.702538],[22.93891,40.702949],[22.938712,40.703432],[22.938653,40.703564],[22.93852,40.703807],[22.938402,40.704001],[22.93825,40.704217],[22.938023,40.704508],[22.937749,40.704802],[22.937542,40.705005],[22.937237,40.705276],[22.937016,40.705457],[22.936677,40.705706],[22.936564,40.70578],[22.936178,40.706024],[22.935919,40.70617],[22.935665,40.70629],[22.935428,40.70639],[22.934989,40.706558],[22.93494,40.706576],[22.934863,40.706604],[22.934769,40.706637],[22.934688,40.706667],[22.934323,40.706789],[22.933833,40.706946],[22.933613,40.707016],[22.933054,40.707199],[22.932929,40.707243],[22.932628,40.70736],[22.932313,40.707486],[22.932261,40.70751],[22.932083,40.707592],[22.931914,40.707678],[22.93185,40.70771],[22.931699,40.707812],[22.931357,40.708066],[22.931042,40.708371],[22.930969,40.708447],[22.930915,40.708514],[22.93083,40.708609],[22.930642,40.708856],[22.930456,40.709134],[22.930425,40.709192],[22.930271,40.709428],[22.930042,40.709768],[22.929933,40.709936],[22.929842,40.710079],[22.929742,40.710301],[22.929664,40.710548],[22.929531,40.711112],[22.929393,40.711659],[22.929346,40.711808],[22.929195,40.712186],[22.929139,40.712368],[22.929129,40.712428],[22.929118,40.712555],[22.929095,40.712687],[22.929101,40.712855],[22.929138,40.713061],[22.929212,40.713527],[22.929321,40.714458],[22.929327,40.714503],[22.929394,40.714954],[22.929402,40.71502],[22.929459,40.715336],[22.92949,40.71549],[22.92952,40.715664],[22.929602,40.715932],[22.929633,40.716085],[22.929649,40.716225],[22.929659,40.716502],[22.929634,40.716634],[22.929591,40.716755],[22.929534,40.716865],[22.929434,40.716979],[22.929326,40.717171],[22.929276,40.717222],[22.929204,40.717289],[22.929121,40.717361],[22.928824,40.717562],[22.928621,40.717693],[22.928203,40.717968],[22.927773,40.71822],[22.927366,40.718459],[22.927116,40.718605],[22.926817,40.718824],[22.926596,40.718999],[22.926411,40.719187],[22.926174,40.719467],[22.925972,40.719742],[22.925887,40.719898],[22.925791,40.72007],[22.925689,40.720319],[22.925621,40.720498],[22.925431,40.721088],[22.925239,40.721682],[22.925173,40.721959],[22.925138,40.722086],[22.925088,40.722226],[22.924979,40.72253],[22.924737,40.723162],[22.924666,40.723373],[22.924503,40.723813],[22.924368,40.724101],[22.924295,40.724252],[22.924253,40.724356],[22.924151,40.724573],[22.924078,40.72471],[22.924016,40.724805],[22.923938,40.7249],[22.923906,40.724934],[22.923818,40.725026],[22.923682,40.725156],[22.923546,40.725286],[22.923489,40.725337],[22.923432,40.725388],[22.923385,40.725431]]},"properties":{"name":"Θεσσαλονίκης"}},{"type":"Feature","geometry":{"type":"LineString","coordinates":[[22.923352,40.725503],[22.923334,40.725546],[22.92331,40.725608],[22.923284,40.725684],[22.923258,40.725788],[22.923246,40.72585],[22.923242,40.725902],[22.92324,40.725948],[22.923235,40.726117],[22.92323,40.72695],[22.923228,40.727766],[22.923227,40.727956],[22.923225,40.728408],[22.923224,40.728496],[22.923223,40.728582],[22.923211,40.729477],[22.923176,40.730285],[22.923171,40.730347],[22.923167,40.730379],[22.923162,40.730409],[22.923155,40.73044],[22.923128,40.730546],[22.922938,40.730583]]},"properties":{"name":"Θεσσαλονίκης"}},{"type":"Feature","geometry":{"type":"LineString","coordinates":[[22.921359,40.733393],[22.921755,40.732501],[22.922211,40.731704],[22.922697,40.731009],[22.922916,40.730621],[22.922938,40.730583],[22.922988,40.730478],[22.923008,40.730418],[22.923039,40.730294],[22.923048,40.730234],[22.923052,40.730179],[22.923081,40.729561],[22.923101,40.729075],[22.923112,40.728581],[22.923115,40.728495],[22.923117,40.728409],[22.923138,40.727717],[22.923143,40.727476],[22.923135,40.727121],[22.92315,40.726329],[22.923148,40.726106],[22.923154,40.72587],[22.923196,40.725668],[22.923204,40.725631],[22.923214,40.725581],[22.923217,40.725568],[22.923226,40.725515]]},"properties":{"name":"Θεσσαλονίκης"}},{"type":"Feature","geometry":{"type":"LineString","coordinates":[[22.923311,40.725365],[22.923408,40.725282],[22.923435,40.725258],[22.923598,40.725105],[22.923784,40.724932],[22.923856,40.724857],[22.92392,40.724776],[22.923979,40.724688],[22.924094,40.724473],[22.924195,40.724231],[22.924241,40.724122],[22.92438,40.723818],[22.924575,40.723323],[22.924724,40.72295],[22.924823,40.722656],[22.924971,40.722218],[22.925014,40.722079],[22.925036,40.722005],[22.925053,40.721947],[22.925127,40.721647],[22.925204,40.721364],[22.925286,40.721138],[22.925392,40.720795],[22.925474,40.720552],[22.9255,40.720495],[22.925573,40.720296],[22.925676,40.720064],[22.925771,40.719872],[22.925852,40.719723],[22.92603,40.719466],[22.926253,40.719205],[22.926475,40.718969],[22.926719,40.718774],[22.926951,40.718601],[22.927264,40.718403],[22.927702,40.718154],[22.928071,40.717923],[22.928487,40.717663],[22.928739,40.71751],[22.929021,40.717287],[22.929223,40.717138],[22.929434,40.716979]]},"properties":{"name":"Θεσσαλονίκης"}},{"type":"Feature","geometry":{"type":"LineString","coordinates":[[22.930042,40.709768],[22.93018,40.709406],[22.930334,40.709111],[22.930535,40.708817],[22.930774,40.7085],[22.930856,40.70839],[22.930975,40.708257],[22.931199,40.708043],[22.931344,40.707929],[22.931567,40.707771],[22.931844,40.707604],[22.931987,40.707528],[22.932316,40.707364],[22.932434,40.707318],[22.932959,40.707124],[22.933218,40.707036],[22.933518,40.706942],[22.933811,40.706856],[22.93436,40.706674],[22.934575,40.706605],[22.934659,40.706577],[22.934714,40.706559],[22.934804,40.706528],[22.934834,40.706518],[22.934908,40.706493],[22.934954,40.706476],[22.93501,40.706453],[22.935155,40.706398],[22.935357,40.706321],[22.935569,40.706235],[22.935679,40.706188],[22.935767,40.706148],[22.935841,40.706108],[22.935927,40.706061],[22.936131,40.70594],[22.936245,40.705867],[22.936626,40.70562],[22.936736,40.705545],[22.936843,40.705467],[22.93698,40.705365],[22.937074,40.705289],[22.93718,40.705203],[22.937272,40.705125],[22.937438,40.704972],[22.937545,40.704868],[22.937618,40.704791],[22.937705,40.7047],[22.937778,40.704622],[22.937866,40.704523],[22.937926,40.704452],[22.938007,40.704351],[22.938089,40.704248],[22.938111,40.704219],[22.938197,40.704108],[22.938278,40.703998],[22.938328,40.703926],[22.938383,40.703836],[22.938423,40.703764],[22.938563,40.703524],[22.93862,40.703408],[22.938679,40.703283],[22.938738,40.703148],[22.938801,40.702989],[22.938856,40.702837],[22.938881,40.702758],[22.938905,40.702688],[22.938954,40.70254],[22.939049,40.702233],[22.939108,40.702034],[22.939133,40.701939],[22.939186,40.70176],[22.939216,40.701588],[22.939243,40.701493],[22.939305,40.701265],[22.939393,40.700996],[22.9395,40.700685],[22.93952,40.700599],[22.93955,40.700471],[22.939568,40.700394]]},"properties":{"name":"Θεσσαλονίκης"}},{"type":"Feature","geometry":{"type":"LineString","coordinates":[[22.936624,40.501508],[22.936321,40.501573],[22.936155,40.501609],[22.936068,40.501628],[22.93554,40.501741],[22.934947,40.501869],[22.934048,40.502036],[22.933833,40.50207],[22.93368,40.502088],[22.933471,40.502105],[22.933303,40.502109],[22.933141,40.502114],[22.932955,40.502103],[22.932399,40.502015],[22.931621,40.501905],[22.931034,40.501821],[22.929016,40.501498],[22.928698,40.501448],[22.928425,40.501404],[22.928251,40.501376],[22.927813,40.501306],[22.927394,40.501239],[22.926609,40.501114],[22.926004,40.501041],[22.925768,40.501007],[22.925622,40.500994],[22.92545,40.500978],[22.925191,40.500967],[22.92496,40.500967],[22.924691,40.50098],[22.924476,40.500998],[22.924145,40.501041],[22.923398,40.501131],[22.922562,40.501221],[22.921052,40.501387],[22.920349,40.501469],[22.919317,40.501575],[22.918975,40.501609],[22.918333,40.501674],[22.918034,40.501705],[22.917514,40.501762],[22.917102,40.501807],[22.916734,40.501847],[22.91632,40.501893],[22.914995,40.502032],[22.914377,40.502092],[22.91413,40.50211],[22.913856,40.502131],[22.913567,40.502143],[22.913452,40.502147],[22.91302,40.502152],[22.912876,40.502149],[22.912662,40.502134],[22.912508,40.502117],[22.912382,40.502089],[22.912223,40.502047],[22.911949,40.501946],[22.911789,40.501879],[22.911623,40.501811],[22.911454,40.501745],[22.911369,40.50171],[22.911177,40.501628],[22.91105,40.501567],[22.910813,40.501446],[22.910485,40.501249],[22.910205,40.501068],[22.909616,40.500662],[22.9094,40.500512],[22.909323,40.500463],[22.909169,40.500365],[22.909053,40.500296],[22.908917,40.500218],[22.908801,40.500176],[22.908693,40.500143],[22.908603,40.500122],[22.908524,40.500104],[22.908428,40.500086],[22.908365,40.500081],[22.908295,40.500081],[22.908196,40.500085],[22.907825,40.500129],[22.907563,40.500151],[22.907406,40.500152],[22.907299,40.50015],[22.90706,40.500137],[22.906838,40.500114],[22.906811,40.500112],[22.905886,40.499943],[22.904943,40.499754],[22.904913,40.499748],[22.904677,40.499708],[22.904401,40.499668],[22.904121,40.499632],[22.903958,40.499612],[22.903517,40.499562],[22.903084,40.499516],[22.902931,40.499498],[22.902176,40.499406],[22.901136,40.499287],[22.900068,40.499179],[22.899851,40.499164],[22.899664,40.499155],[22.899544,40.499151],[22.899356,40.499152],[22.899122,40.499162],[22.898808,40.499186],[22.898176,40.499222]]},"properties":{"name":"Θεσσαλονίκης"}},{"type":"Feature","geometry":{"type":"LineString","coordinates":[[22.687331,40.61208],[22.686604,40.610654],[22.686537,40.610476],[22.6865,40.610263],[22.686474,40.60998]]},"properties":{"name":"Θεσσαλονίκης"}},{"type":"Feature","geometry":{"type":"LineString","coordinates":[[23.023224,40.814915],[23.023309,40.814926],[23.023384,40.814942],[23.023458,40.814968]]},"properties":{"name":"Θεσσαλονίκης"}},{"type":"Feature","geometry":{"type":"LineString","coordinates":[[23.031353,40.821026],[23.031299,40.820975],[23.031271,40.820951],[23.031231,40.820916],[23.031135,40.820845],[23.031069,40.820806],[23.030965,40.820752],[23.030843,40.820698],[23.03067,40.82062],[23.030474,40.820431],[23.030281,40.82027],[23.02983,40.819925],[23.029624,40.819723],[23.028282,40.818945],[23.027853,40.818699],[23.027228,40.818299],[23.027089,40.818202],[23.026873,40.818035],[23.026672,40.817896],[23.026546,40.817803],[23.026316,40.817622],[23.025769,40.817193],[23.025245,40.816781],[23.024882,40.816431],[23.024349,40.815771],[23.024023,40.81537],[23.023907,40.815234],[23.023756,40.815098],[23.023671,40.815053],[23.023577,40.815003],[23.023458,40.814968],[23.023349,40.814973],[23.023241,40.814982],[23.023044,40.815011],[23.022835,40.815029]]},"properties":{"name":"Θεσσαλονίκης"}},{"type":"Feature","geometry":{"type":"LineString","coordinates":[[23.135005,40.434704],[23.135109,40.434682],[23.135361,40.434626],[23.135853,40.434526],[23.136625,40.434397],[23.136852,40.434373]]},"properties":{"name":"Θεσσαλονίκης"}},{"type":"Feature","geometry":{"type":"LineString","coordinates":[[22.994029,40.469738],[22.994052,40.469705],[22.994088,40.469654],[22.994115,40.469611],[22.994167,40.469554],[22.994289,40.469451],[22.994528,40.469246],[22.994554,40.469224],[22.994728,40.469072],[22.994791,40.469018],[22.994971,40.468857],[22.995031,40.468811],[22.995605,40.468471],[22.995945,40.468277],[22.995993,40.468245],[22.99613,40.468103],[22.996242,40.467944],[22.996281,40.467864],[22.996393,40.46764],[22.996467,40.467482],[22.996588,40.467174],[22.996876,40.466477],[22.997097,40.465861],[22.99713,40.465726],[22.997186,40.465513],[22.99728,40.46507],[22.997376,40.464648],[22.99741,40.464497],[22.997422,40.464421],[22.997434,40.464369],[22.99743,40.46434],[22.997407,40.464327]]},"properties":{"name":"Θεσσαλονίκης"}},{"type":"Feature","geometry":{"type":"LineString","coordinates":[[22.603583,40.674156],[22.60322,40.673975],[22.603059,40.673853],[22.602989,40.673787],[22.602847,40.673651],[22.602682,40.673412],[22.602418,40.673052],[22.602135,40.672596],[22.601689,40.67223],[22.601682,40.67223]]},"properties":{"name":"Θεσσαλονίκης"}},{"type":"Feature","geometry":{"type":"LineString","coordinates":[[22.850502,40.641708],[22.850559,40.640864],[22.850706,40.639954],[22.850851,40.639185],[22.851061,40.638096]]},"properties":{"name":"Μιλτιάδου"}},{"type":"Feature","geometry":{"type":"LineString","coordinates":[[22.881891,40.650439],[22.881888,40.650522],[22.88188,40.650737],[22.881896,40.651326],[22.881908,40.652055]]},"properties":{"name":"Εσωτερική Περιφερειακή Οδός Θεσσαλονίκης"}},{"type":"Feature","geometry":{"type":"LineString","coordinates":[[22.918761,40.677577],[22.909945,40.677822]]},"properties":{"name":"Εσωτερική Περιφερειακή Οδός Θεσσαλονίκης"}},{"type":"Feature","geometry":{"type":"LineString","coordinates":[[22.909944,40.677752],[22.913619,40.677648],[22.918722,40.677501]]},"properties":{"name":"Εσωτερική Περιφερειακή Οδός Θεσσαλονίκης"}},{"type":"Feature","geometry":{"type":"LineString","coordinates":[[22.881908,40.652055],[22.882016,40.652049],[22.882113,40.652063],[22.882171,40.652097],[22.882219,40.652149],[22.882252,40.652213],[22.882261,40.652302],[22.882245,40.652665],[22.882288,40.654157],[22.882295,40.654235],[22.882314,40.6543],[22.882391,40.654389],[22.88242,40.654409],[22.882465,40.654441],[22.882565,40.654472],[22.882683,40.654491],[22.882822,40.654491],[22.883554,40.65448],[22.883777,40.654449],[22.88395,40.654407],[22.884057,40.654392],[22.884157,40.654389],[22.884239,40.654396],[22.884322,40.654424],[22.884412,40.654464],[22.884463,40.654515],[22.884499,40.654574],[22.884515,40.654647],[22.884623,40.655002],[22.884699,40.655198],[22.885369,40.655216],[22.885849,40.655218],[22.88599,40.655219],[22.887491,40.655197],[22.888503,40.65519],[22.888703,40.655125],[22.889105,40.654999],[22.890511,40.654557],[22.890833,40.654443],[22.891177,40.654337],[22.891321,40.654295],[22.891902,40.654115],[22.89203,40.654077],[22.894762,40.653244],[22.895932,40.652886],[22.896066,40.652839],[22.89623,40.65278],[22.896442,40.652709],[22.89651,40.652682]]},"properties":{"name":"Δημοσθένους"}},{"type":"Feature","geometry":{"type":"LineString","coordinates":[[22.906157,40.678099],[22.906113,40.678136],[22.906059,40.678206],[22.906053,40.678166],[22.906047,40.678131],[22.906032,40.678104],[22.906003,40.678076]]},"properties":{"name":"Προέκταση Μαιάνδρου"}},{"type":"Feature","geometry":{"type":"LineString","coordinates":[[22.908023,40.693913],[22.907969,40.693874]]},"properties":{"name":"Προέκταση Μαιάνδρου"}},{"type":"Feature","geometry":{"type":"LineString","coordinates":[[22.906092,40.680414],[22.905226,40.68042],[22.904296,40.680415],[22.903641,40.680411],[22.902526,40.680401]]},"properties":{"name":"Καλλικράτη"}},{"type":"Feature","geometry":{"type":"LineString","coordinates":[[22.902526,40.680401],[22.902512,40.680529],[22.902502,40.680616],[22.902491,40.680798],[22.902496,40.680928],[22.902541,40.681362],[22.902532,40.681652],[22.902531,40.682087],[22.902522,40.682739],[22.902515,40.683225],[22.902498,40.683921],[22.902497,40.683968],[22.902503,40.684375],[22.902502,40.684593],[22.902515,40.684834],[22.902503,40.685743],[22.902514,40.68725],[22.902517,40.687547],[22.902515,40.688366],[22.902518,40.688541],[22.902522,40.689299]]},"properties":{"name":"Αναπαύσεως"}},{"type":"Feature","geometry":{"type":"LineString","coordinates":[[22.934742,40.426722],[22.934547,40.427104],[22.934349,40.427547],[22.934247,40.427776],[22.934113,40.42801],[22.933981,40.428133],[22.933839,40.428275],[22.933628,40.428443],[22.933342,40.428685],[22.933129,40.428895],[22.93287,40.429124],[22.932562,40.429389],[22.932451,40.429474],[22.932356,40.429506],[22.932262,40.429526],[22.93213,40.429543],[22.931963,40.429558],[22.931745,40.429563],[22.931569,40.429591],[22.931376,40.429635],[22.931219,40.42969],[22.931032,40.42975],[22.930833,40.429834],[22.930659,40.429913],[22.930561,40.42996],[22.93053,40.429975],[22.930482,40.42998],[22.930422,40.429974],[22.93035,40.429944],[22.930215,40.429859],[22.930068,40.429792],[22.929935,40.429745]]},"properties":{"name":"Αναπαύσεως"}},{"type":"Feature","geometry":{"type":"LineString","coordinates":[[22.900171,40.654573],[22.900078,40.654498],[22.900027,40.654449],[22.899982,40.654399],[22.89993,40.654335],[22.899897,40.654289],[22.899835,40.654186],[22.89967,40.653969],[22.899659,40.653954],[22.899643,40.653936],[22.899628,40.653921],[22.899615,40.653908],[22.899599,40.653894],[22.899581,40.653882],[22.899563,40.653872],[22.899545,40.653866],[22.899526,40.653863],[22.899506,40.653862],[22.899483,40.653861],[22.899462,40.653862],[22.899435,40.653864],[22.899415,40.653868],[22.899278,40.653901],[22.899156,40.653932],[22.898942,40.653994],[22.898744,40.654052],[22.898429,40.654134],[22.898049,40.654232],[22.897897,40.654271],[22.897649,40.654326],[22.897415,40.654377],[22.897064,40.654445],[22.896675,40.654501],[22.895379,40.654701],[22.894794,40.654816]]},"properties":{"name":"Αναγνωστάκη Μανόλη"}},{"type":"Feature","geometry":{"type":"LineString","coordinates":[[22.898942,40.653994],[22.899301,40.654901],[22.89939,40.655123],[22.899424,40.655227],[22.899445,40.655298],[22.899458,40.655348],[22.899466,40.655394],[22.899473,40.655435],[22.899482,40.655501],[22.899488,40.655567],[22.899495,40.655784],[22.899505,40.656029],[22.899512,40.656184],[22.899527,40.656413],[22.899538,40.656618],[22.899551,40.65692],[22.899575,40.657482],[22.899583,40.657776],[22.899585,40.657927],[22.899601,40.65835],[22.899613,40.658533],[22.899617,40.658589],[22.89964,40.658881],[22.899653,40.659095],[22.899665,40.659235],[22.899668,40.659278],[22.899674,40.659305],[22.899682,40.659327],[22.899699,40.659355],[22.89973,40.659388],[22.899757,40.659412]]},"properties":{"name":"Αγίου Νεκταρίου"}},{"type":"Feature","geometry":{"type":"LineString","coordinates":[[22.920364,40.677701],[22.920358,40.678347],[22.920353,40.678898],[22.920353,40.678979],[22.92035,40.679296],[22.920348,40.679435],[22.920345,40.679821],[22.920342,40.680192],[22.920336,40.680767],[22.920331,40.681327],[22.920321,40.682534]]},"properties":{"name":"Παπάγου"}},{"type":"Feature","geometry":{"type":"LineString","coordinates":[[22.915589,40.677889],[22.915681,40.67789],[22.915698,40.677891],[22.916015,40.677899],[22.916258,40.6779],[22.916568,40.677885],[22.91679,40.677868],[22.917754,40.677779],[22.917963,40.677767],[22.918218,40.677753],[22.919081,40.677731],[22.919952,40.677711],[22.920364,40.677701]]},"properties":{"name":"Ακαδήμου"}},{"type":"Feature","geometry":{"type":"LineString","coordinates":[[22.915561,40.681283],[22.916357,40.681293],[22.916646,40.681296],[22.916805,40.681299],[22.917975,40.681311],[22.919022,40.681315],[22.919075,40.681315],[22.919213,40.681316],[22.919684,40.681318],[22.920331,40.681327]]},"properties":{"name":"Ωκεανού"}},{"type":"Feature","geometry":{"type":"LineString","coordinates":[[22.800805,40.664108],[22.800765,40.66419],[22.800743,40.664221],[22.80067,40.664375]]},"properties":{"name":"Γοργοποτάμου"}},{"type":"Feature","geometry":{"type":"LineString","coordinates":[[22.801709,40.668275],[22.801662,40.668217],[22.801473,40.667981],[22.801027,40.66742],[22.800697,40.667027],[22.800457,40.666721],[22.800434,40.66664],[22.800426,40.666084],[22.800441,40.665447],[22.800669,40.664476],[22.80067,40.664375],[22.800574,40.66445],[22.800337,40.66545]]},"properties":{"name":"Γοργοποτάμου"}},{"type":"Feature","geometry":{"type":"LineString","coordinates":[[22.803233,40.676616],[22.803197,40.676485]]},"properties":{"name":"Γοργοποτάμου"}},{"type":"Feature","geometry":{"type":"LineString","coordinates":[[22.804678,40.681673],[22.804613,40.68145],[22.80376,40.678496]]},"properties":{"name":"Γοργοποτάμου"}},{"type":"Feature","geometry":{"type":"LineString","coordinates":[[22.80645,40.687691],[22.805098,40.683082],[22.804705,40.681771]]},"properties":{"name":"Γοργοποτάμου"}},{"type":"Feature","geometry":{"type":"LineString","coordinates":[[22.801684,40.668338],[22.800923,40.667431],[22.80063,40.667034],[22.80032,40.666717],[22.800319,40.666676],[22.800326,40.666288],[22.800317,40.666083]]},"properties":{"name":"Γοργοποτάμου"}},{"type":"Feature","geometry":{"type":"LineString","coordinates":[[22.801843,40.668408],[22.802282,40.669001],[22.802593,40.669378],[22.80263,40.66945],[22.802703,40.670077],[22.80268,40.670176]]},"properties":{"name":"Χρυσοστόμου Σμύρνης"}},{"type":"Feature","geometry":{"type":"LineString","coordinates":[[22.802703,40.6745],[22.80268,40.674453],[22.802672,40.674415],[22.80267,40.674323]]},"properties":{"name":"Χρυσοστόμου Σμύρνης"}},{"type":"Feature","geometry":{"type":"LineString","coordinates":[[22.802576,40.674444],[22.802625,40.674396],[22.80267,40.674323],[22.802729,40.674203],[22.802605,40.673706],[22.802382,40.673069],[22.802216,40.672431],[22.802211,40.672387],[22.802215,40.672338],[22.802247,40.672247],[22.802488,40.671828],[22.802739,40.671316],[22.802811,40.671148],[22.802786,40.670871],[22.802765,40.670277],[22.802735,40.670233],[22.80268,40.670176],[22.802639,40.670134],[22.802615,40.67008],[22.802551,40.669463],[22.802512,40.669385],[22.802223,40.669029],[22.801777,40.668466],[22.801715,40.668388]]},"properties":{"name":"Χρυσοστόμου Σμύρνης"}},{"type":"Feature","geometry":{"type":"LineString","coordinates":[[22.800317,40.666083],[22.800337,40.66545]]},"properties":{"name":"Χρυσοστόμου Σμύρνης"}},{"type":"Feature","geometry":{"type":"LineString","coordinates":[[22.803042,40.675947],[22.803083,40.676074],[22.803197,40.676485]]},"properties":{"name":"Κιλκίς"}},{"type":"Feature","geometry":{"type":"LineString","coordinates":[[22.803233,40.676616],[22.803295,40.676843],[22.803317,40.676919],[22.803328,40.67696],[22.803369,40.677108],[22.803448,40.677394],[22.803494,40.677563],[22.803556,40.677786],[22.803572,40.677845],[22.803716,40.678363],[22.80376,40.678496]]},"properties":{"name":"Κιλκίς"}},{"type":"Feature","geometry":{"type":"LineString","coordinates":[[22.930723,40.767623],[22.930953,40.767964],[22.931098,40.768118],[22.93123,40.768193],[22.931508,40.768341],[22.931736,40.768458],[22.931814,40.768511],[22.931933,40.768593],[22.932246,40.76885],[22.932626,40.769132],[22.93308,40.769447],[22.933391,40.769663],[22.933679,40.769874],[22.933821,40.76998],[22.934219,40.770336],[22.934533,40.77063],[22.934849,40.770929],[22.935059,40.771113]]},"properties":{"name":"Κιλκίς"}},{"type":"Feature","geometry":{"type":"LineString","coordinates":[[22.804705,40.681771],[22.804678,40.681673]]},"properties":{"name":"Διακλάδωση Σίνδου"}},{"type":"Feature","geometry":{"type":"LineString","coordinates":[[22.80645,40.687691],[22.806776,40.688768],[22.806814,40.688895],[22.807004,40.689487],[22.807251,40.690358],[22.807576,40.691459],[22.8076,40.691549],[22.807635,40.691633],[22.807707,40.691779],[22.807759,40.69187],[22.807823,40.691949],[22.807916,40.692064],[22.809641,40.693879],[22.809876,40.694126],[22.810102,40.694365],[22.810216,40.694486],[22.810254,40.694523],[22.81028,40.69455],[22.810515,40.694799],[22.810627,40.694912],[22.810778,40.695065],[22.810869,40.695167],[22.811082,40.695387],[22.811277,40.6956],[22.811429,40.695758],[22.811531,40.69585],[22.811639,40.695913],[22.811713,40.69595],[22.811803,40.695975],[22.811879,40.695999],[22.81572,40.696642],[22.815836,40.696673],[22.815949,40.696713],[22.816046,40.696752],[22.816151,40.696805],[22.81631,40.696904],[22.817195,40.697515],[22.817513,40.697733],[22.818692,40.698547],[22.81899,40.698736]]},"properties":{"name":"Διακλάδωση Σίνδου"}},{"type":"Feature","geometry":{"type":"LineString","coordinates":[[22.822986,40.700716],[22.822966,40.700708],[22.822949,40.7007],[22.822924,40.700685],[22.822899,40.700664],[22.822855,40.700625],[22.822788,40.700549],[22.821648,40.699088],[22.821526,40.69896],[22.821424,40.698876],[22.821306,40.698792],[22.821215,40.698737],[22.821085,40.698677],[22.820952,40.698627],[22.820818,40.698586],[22.820613,40.69854],[22.820399,40.698514],[22.820159,40.698514],[22.819939,40.698524],[22.819681,40.698547],[22.819344,40.698607],[22.819152,40.698659],[22.81899,40.698736]]},"properties":{"name":"Δραγούμη Ίωνος ΟΔΟΣ 13"}},{"type":"Feature","geometry":{"type":"LineString","coordinates":[[22.822986,40.700716],[22.82301,40.700721],[22.823029,40.700724],[22.823052,40.700725],[22.823081,40.700724],[22.823115,40.700721],[22.823145,40.700718],[22.823172,40.700713],[22.823201,40.700707],[22.82323,40.7007],[22.823255,40.700693],[22.823278,40.700686],[22.823315,40.700672],[22.823413,40.700628],[22.824015,40.70035],[22.82435,40.700199],[22.824573,40.700102],[22.82477,40.700023],[22.825141,40.69988],[22.825346,40.699808],[22.825574,40.69974],[22.825694,40.699706],[22.825805,40.699677],[22.82608,40.699616],[22.826805,40.699468],[22.829469,40.69891],[22.829704,40.69886],[22.829897,40.698811],[22.8301,40.698748],[22.830339,40.698661],[22.830488,40.698603],[22.830635,40.69854],[22.830926,40.698408],[22.831013,40.698369],[22.832929,40.697543],[22.833522,40.697288],[22.833626,40.697245],[22.834384,40.696947]]},"properties":{"name":"Δραγούμη Ίωνος"}},{"type":"Feature","geometry":{"type":"LineString","coordinates":[[22.834813,40.696774],[22.836353,40.696164],[22.83654,40.696086],[22.83679,40.695981],[22.83781,40.695568],[22.838301,40.695367],[22.838467,40.695293],[22.838553,40.695254],[22.838708,40.695181],[22.83881,40.69513],[22.839777,40.694588],[22.839867,40.694543],[22.839938,40.694511],[22.840012,40.694483],[22.840056,40.694468],[22.840082,40.694462],[22.840127,40.694452],[22.840173,40.694445],[22.840231,40.694436],[22.840351,40.694421],[22.840588,40.69439],[22.840679,40.694376],[22.840749,40.694361],[22.840819,40.694342],[22.840875,40.69432],[22.840973,40.694274],[22.841073,40.694215],[22.841171,40.694145],[22.84128,40.694057],[22.841763,40.693642],[22.842104,40.69334],[22.842475,40.693017],[22.842644,40.692874],[22.842763,40.692786],[22.842944,40.692665],[22.843109,40.69256],[22.843257,40.692474],[22.84349,40.692352],[22.843989,40.692101],[22.844774,40.691697],[22.845546,40.69129],[22.846787,40.690641]]},"properties":{"name":"Δραγούμη Ίωνος"}},{"type":"Feature","geometry":{"type":"LineString","coordinates":[[22.848206,40.69031],[22.848049,40.690284],[22.847818,40.690244],[22.847767,40.690234],[22.847711,40.690227],[22.847644,40.690223],[22.847588,40.690227],[22.847537,40.690234],[22.847488,40.690242],[22.847432,40.690258],[22.847379,40.690279],[22.847307,40.690314],[22.847002,40.69048],[22.846894,40.690545],[22.84683,40.690593],[22.846787,40.690641],[22.846859,40.690619],[22.846922,40.690598],[22.847104,40.690522],[22.84739,40.690385],[22.847471,40.690355],[22.847543,40.69034],[22.847638,40.690335],[22.84771,40.690339],[22.847834,40.690345],[22.848152,40.690402]]},"properties":{"name":"Δραγούμη Ίωνος"}},{"type":"Feature","geometry":{"type":"LineString","coordinates":[[22.834384,40.696947],[22.834813,40.696774]]},"properties":{"name":"Διαβατών - Σίνδου"}},{"type":"Feature","geometry":{"type":"LineString","coordinates":[[22.84832,40.690439],[22.848152,40.690402]]},"properties":{"name":"Διαβατών - Σίνδου"}},{"type":"Feature","geometry":{"type":"LineString","coordinates":[[22.868455,40.679126],[22.868512,40.679096],[22.86865,40.67902],[22.868766,40.67896],[22.868932,40.678874],[22.869905,40.678373],[22.870409,40.678118],[22.870958,40.677851],[22.871134,40.677766],[22.871167,40.67775],[22.87127,40.6777],[22.872836,40.67694],[22.874649,40.676077],[22.874966,40.675926],[22.876131,40.67537],[22.876355,40.675261],[22.877167,40.674861],[22.87746,40.674716],[22.87791,40.674494],[22.878917,40.673992],[22.879495,40.673704],[22.879673,40.673616],[22.879986,40.67346],[22.880092,40.673407],[22.880568,40.673172],[22.881125,40.672896],[22.881458,40.672731],[22.881583,40.672669],[22.881695,40.672614],[22.881725,40.672599],[22.882112,40.672406],[22.882311,40.672307],[22.882544,40.672191],[22.882768,40.67208],[22.883236,40.671846],[22.883487,40.671721],[22.883653,40.671638],[22.883812,40.671559],[22.884021,40.671454],[22.884182,40.671375],[22.884302,40.671316],[22.884416,40.671257],[22.884494,40.671216],[22.884538,40.671193],[22.884649,40.671132],[22.884802,40.671045],[22.884909,40.670983],[22.885005,40.670924],[22.885121,40.670851],[22.88518,40.670812],[22.885294,40.67073],[22.885382,40.670667],[22.885413,40.67064],[22.88548,40.670583],[22.885762,40.670353],[22.88617,40.670019],[22.886604,40.669663],[22.8867,40.669584],[22.886867,40.669446],[22.887,40.669342],[22.887154,40.669223],[22.887321,40.669107],[22.887487,40.668998],[22.887594,40.668934],[22.889389,40.667918],[22.890508,40.667285]]},"properties":{"name":"Νέα Μοναστηρίου"}},{"type":"Feature","geometry":{"type":"LineString","coordinates":[[22.891137,40.666931],[22.891936,40.666481],[22.893679,40.665498],[22.894105,40.665257]]},"properties":{"name":"Νέα Μοναστηρίου"}},{"type":"Feature","geometry":{"type":"LineString","coordinates":[[22.89454,40.66513],[22.894168,40.665337],[22.892882,40.666063],[22.892723,40.666153],[22.892318,40.666381],[22.891449,40.666872],[22.891203,40.66701]]},"properties":{"name":"Νέα Μοναστηρίου"}},{"type":"Feature","geometry":{"type":"LineString","coordinates":[[22.890583,40.667369],[22.890348,40.667501],[22.889479,40.667989],[22.888995,40.668261],[22.888721,40.668414],[22.888315,40.668643],[22.887796,40.668934],[22.887694,40.668991],[22.887637,40.669026],[22.887527,40.669092],[22.887447,40.669147],[22.887186,40.669324],[22.88694,40.669515],[22.886727,40.669687],[22.88554,40.670664],[22.885245,40.670877],[22.884927,40.671073],[22.884742,40.671186],[22.884553,40.671287],[22.882937,40.672091],[22.882478,40.672322],[22.882368,40.672375],[22.882135,40.672487],[22.881745,40.672679],[22.881376,40.672861],[22.880784,40.673152],[22.880053,40.673525],[22.879997,40.673555],[22.87973,40.673686],[22.879626,40.673733],[22.879143,40.673972],[22.878934,40.674075],[22.878804,40.674139],[22.878633,40.674225],[22.878511,40.674285],[22.878036,40.674522],[22.876402,40.675339],[22.87509,40.67598],[22.87387,40.676569],[22.871979,40.677469],[22.871439,40.677737],[22.871336,40.677787],[22.871228,40.67784],[22.871144,40.67788],[22.870995,40.677953],[22.870735,40.678079],[22.870551,40.678169],[22.870276,40.678309],[22.869948,40.678475],[22.869506,40.678712],[22.869145,40.6789],[22.869064,40.678941],[22.868717,40.679122],[22.868588,40.679183],[22.868529,40.679214],[22.86824,40.679365]]},"properties":{"name":"Νέα Μοναστηρίου"}},{"type":"Feature","geometry":{"type":"LineString","coordinates":[[22.81068,40.671126],[22.810479,40.670591],[22.810259,40.67009],[22.810106,40.669842],[22.809897,40.669206],[22.809813,40.669111],[22.809551,40.668474],[22.809387,40.667758],[22.809402,40.667416],[22.809403,40.667069],[22.809351,40.666416],[22.809358,40.666341]]},"properties":{"name":"Βασιλέως Γεωργίου Α'"}},{"type":"Feature","geometry":{"type":"LineString","coordinates":[[22.805964,40.665857],[22.807538,40.666063],[22.808025,40.666132],[22.809243,40.666323],[22.809298,40.666337],[22.809358,40.666341]]},"properties":{"name":"Κωστή Παλαμά"}},{"type":"Feature","geometry":{"type":"LineString","coordinates":[[23.001948,40.692276],[23.002219,40.692161],[23.002533,40.69203],[23.002944,40.691838]]},"properties":{"name":"Κωστή Παλαμά"}},{"type":"Feature","geometry":{"type":"LineString","coordinates":[[22.80457,40.664935],[22.803078,40.664738],[22.802704,40.664683],[22.80193,40.664566],[22.80067,40.664375],[22.799197,40.664162],[22.798966,40.664116],[22.798843,40.664083],[22.798701,40.664025],[22.798356,40.663859],[22.798284,40.663825]]},"properties":{"name":"Μακεδονομάχων"}},{"type":"Feature","geometry":{"type":"LineString","coordinates":[[22.908211,40.721496],[22.908471,40.721596],[22.90899,40.721729],[22.909479,40.721849],[22.90962,40.721878],[22.909786,40.721897],[22.909928,40.721891],[22.910177,40.72187],[22.910456,40.721854],[22.910707,40.72185]]},"properties":{"name":"Μακεδονομάχων"}},{"type":"Feature","geometry":{"type":"LineString","coordinates":[[23.026533,40.64049],[23.026536,40.640513],[23.026534,40.640532],[23.02653,40.640553],[23.026519,40.640577],[23.026501,40.640606],[23.02648,40.640631],[23.026457,40.640651],[23.026375,40.640691],[23.026347,40.640702],[23.026328,40.640707],[23.026316,40.64071],[23.026284,40.640712],[23.026254,40.640712],[23.026215,40.64071],[23.026162,40.640703],[23.026106,40.640691],[23.025972,40.640662],[23.025927,40.640655],[23.025879,40.64065],[23.025843,40.640649],[23.025808,40.64065],[23.025768,40.640653],[23.02572,40.640662],[23.025666,40.640676],[23.025627,40.640693],[23.025597,40.640713],[23.025572,40.640735],[23.025463,40.640839],[23.025337,40.640939],[23.025202,40.641029],[23.024802,40.641217],[23.024739,40.641246],[23.024693,40.641269],[23.024648,40.641292],[23.024551,40.641345],[23.024463,40.641393],[23.024371,40.641441],[23.02428,40.64149],[23.024182,40.641539],[23.024096,40.641579],[23.024014,40.641616],[23.023846,40.641686],[23.023761,40.641718],[23.02373,40.641726],[23.023693,40.641731],[23.023659,40.641734],[23.023631,40.641734],[23.023593,40.641735],[23.023561,40.641733],[23.023392,40.641729],[23.023355,40.641728],[23.023329,40.641729],[23.0233,40.641734],[23.023261,40.641741],[23.023209,40.641753],[23.023136,40.641773],[23.023082,40.64179],[23.022947,40.641836],[23.022841,40.641873],[23.022699,40.641922],[23.022579,40.641963],[23.02231,40.642068],[23.022065,40.642175],[23.021903,40.642246],[23.021826,40.642272],[23.021758,40.64229],[23.021696,40.642304],[23.021672,40.642309],[23.021647,40.642313],[23.021614,40.642317],[23.021582,40.64232],[23.021552,40.64232],[23.021502,40.642318],[23.021441,40.642315],[23.021379,40.642309],[23.021347,40.642304],[23.021317,40.642299],[23.021289,40.642293],[23.021265,40.642287],[23.021235,40.642277]]},"properties":{"name":"Μακεδονομάχων"}},{"type":"Feature","geometry":{"type":"LineString","coordinates":[[23.010812,40.579666],[23.010787,40.579591],[23.010771,40.579524],[23.010762,40.579449],[23.010757,40.579378]]},"properties":{"name":"Μακεδονομάχων"}},{"type":"Feature","geometry":{"type":"LineString","coordinates":[[23.0059,40.572278],[23.005962,40.572426],[23.006058,40.572657],[23.006174,40.572921],[23.00628,40.573164],[23.006369,40.573363],[23.00643,40.573491],[23.006468,40.573574],[23.006521,40.573674],[23.006561,40.573732],[23.006631,40.573838],[23.006738,40.573982],[23.006973,40.574335],[23.007184,40.574696],[23.007465,40.575043],[23.00751,40.575112],[23.007581,40.575218],[23.007698,40.575368],[23.007836,40.575547],[23.007971,40.575712],[23.008055,40.575815],[23.008174,40.575922],[23.008261,40.575998],[23.008428,40.576144],[23.008596,40.576269],[23.008792,40.576386],[23.009239,40.576604],[23.009562,40.576813],[23.00986,40.577007],[23.01012,40.577197],[23.010264,40.577315],[23.010319,40.577369],[23.010486,40.577537],[23.010509,40.57763],[23.010526,40.57773],[23.010531,40.577807],[23.010531,40.577912],[23.010361,40.578331],[23.010356,40.578424],[23.010377,40.578493],[23.01044,40.578587],[23.010495,40.578673],[23.010568,40.578781],[23.010615,40.578901],[23.010683,40.579131],[23.010738,40.579305],[23.010757,40.579378],[23.0108,40.579441],[23.010847,40.579503],[23.010893,40.579556],[23.010943,40.579607]]},"properties":{"name":"Μακεδονομάχων"}},{"type":"Feature","geometry":{"type":"LineString","coordinates":[[23.005151,40.668805],[23.005293,40.668759],[23.006092,40.668566],[23.007054,40.668348],[23.008839,40.667941],[23.009535,40.667772],[23.010084,40.667648],[23.011636,40.667294],[23.012162,40.667181],[23.012202,40.667174],[23.012227,40.667171],[23.012246,40.667169],[23.012253,40.667168],[23.012263,40.667168],[23.012281,40.667168],[23.012297,40.66717],[23.012314,40.667172],[23.012338,40.667179],[23.012362,40.667189],[23.012381,40.667201],[23.012398,40.667215],[23.012423,40.667241],[23.012441,40.667263],[23.012456,40.667287],[23.012466,40.667306],[23.012481,40.667339],[23.012495,40.667377],[23.012567,40.667604],[23.012606,40.667711],[23.012642,40.667806],[23.012686,40.667909],[23.012721,40.667974],[23.012766,40.668052],[23.012803,40.668105],[23.01284,40.668155],[23.012904,40.668228],[23.012962,40.668284],[23.013018,40.66833],[23.013069,40.668371],[23.013112,40.668405],[23.013149,40.668433],[23.013181,40.668455],[23.013218,40.668477],[23.013253,40.668491],[23.013289,40.668505]]},"properties":{"name":"Μακεδονομάχων"}},{"type":"Feature","geometry":{"type":"LineString","coordinates":[[22.802765,40.670277],[22.802648,40.670238],[22.802557,40.670225],[22.801984,40.670197],[22.80117,40.670175],[22.800318,40.67015],[22.799291,40.670106],[22.798658,40.670061],[22.798231,40.67004],[22.798042,40.670034],[22.797934,40.670041],[22.797846,40.670067],[22.797748,40.670115]]},"properties":{"name":"Καπετάν Άγρα"}},{"type":"Feature","geometry":{"type":"LineString","coordinates":[[22.607887,40.726683],[22.607897,40.726892],[22.607899,40.727076],[22.60793,40.72721],[22.607942,40.727312],[22.607942,40.727425],[22.607932,40.727554],[22.607896,40.727807],[22.607878,40.728003],[22.607856,40.728725],[22.607855,40.72875],[22.60785,40.728849],[22.607827,40.729076],[22.607806,40.729167],[22.607773,40.729273],[22.607651,40.729609],[22.607627,40.729719],[22.60759,40.729886],[22.607381,40.731108],[22.607343,40.731297],[22.607287,40.731898],[22.607296,40.731984],[22.607308,40.732063],[22.607294,40.732146],[22.607297,40.732227],[22.607317,40.732328],[22.607343,40.732377],[22.60738,40.732433]]},"properties":{"name":"Καπετάν Άγρα"}},{"type":"Feature","geometry":{"type":"LineString","coordinates":[[22.607467,40.732437],[22.607465,40.732547]]},"properties":{"name":"Καπετάν Άγρα"}},{"type":"Feature","geometry":{"type":"LineString","coordinates":[[22.792493,40.667724],[22.793625,40.668197],[22.7942,40.66845],[22.794724,40.668677],[22.794994,40.668792],[22.796205,40.669316],[22.796275,40.669346],[22.796579,40.669478],[22.796742,40.669549],[22.797186,40.669742],[22.797332,40.669822],[22.797391,40.669856],[22.797487,40.669912],[22.797627,40.670023],[22.797702,40.67008],[22.797748,40.670115],[22.798214,40.670703],[22.798716,40.671316],[22.798933,40.671656],[22.799187,40.672045],[22.799417,40.672574],[22.79978,40.673447],[22.79988,40.673655],[22.800215,40.674094],[22.8005,40.674466],[22.800532,40.6745],[22.800568,40.674531],[22.800604,40.674556],[22.800654,40.674578],[22.800711,40.674592],[22.800768,40.674599],[22.800836,40.674601]]},"properties":{"name":"Κομνηνών"}},{"type":"Feature","geometry":{"type":"LineString","coordinates":[[22.920004,40.734713],[22.919956,40.734636],[22.918905,40.733341],[22.918638,40.73301],[22.918482,40.73281],[22.918009,40.732008],[22.917398,40.731104],[22.917361,40.731021],[22.916845,40.73025],[22.916292,40.729393],[22.915869,40.728739],[22.915729,40.72852],[22.915222,40.727731],[22.914963,40.727343],[22.914848,40.727148],[22.914793,40.727053],[22.914566,40.726703],[22.914506,40.72662],[22.914224,40.726178],[22.914189,40.726122],[22.91356,40.725126],[22.913513,40.724991],[22.913514,40.724899]]},"properties":{"name":"Κομνηνών"}},{"type":"Feature","geometry":{"type":"LineString","coordinates":[[22.910458,40.724345],[22.910583,40.72435],[22.910674,40.72436],[22.91078,40.724351],[22.912348,40.724161],[22.912562,40.724113],[22.912658,40.724077],[22.912759,40.724043],[22.91283,40.724032],[22.912889,40.724019],[22.912963,40.724001],[22.913063,40.723983],[22.913113,40.72398],[22.913201,40.723977],[22.913259,40.723992],[22.913338,40.724022],[22.913429,40.724071],[22.913512,40.724135],[22.913448,40.724058],[22.913378,40.723995],[22.913286,40.723948],[22.91319,40.723923],[22.913014,40.723933],[22.912887,40.72396],[22.912775,40.723997],[22.91273,40.724016],[22.912538,40.724094],[22.912348,40.724161]]},"properties":{"name":"Κομνηνών"}},{"type":"Feature","geometry":{"type":"LineString","coordinates":[[23.043327,40.592101],[23.043229,40.592131],[23.043128,40.592179],[23.04304,40.592231],[23.042959,40.592296],[23.042872,40.592365],[23.042829,40.5924],[23.042784,40.592429],[23.042733,40.592454],[23.042689,40.592475],[23.04264,40.592494],[23.042595,40.592506],[23.042542,40.592514],[23.042498,40.592515],[23.042448,40.592514],[23.04239,40.592506],[23.042334,40.592492],[23.042281,40.592476],[23.042202,40.592436],[23.041925,40.592291],[23.041105,40.591888],[23.040665,40.591686],[23.040351,40.59155],[23.040204,40.591488],[23.039384,40.591169],[23.039075,40.591079],[23.038827,40.591016],[23.038488,40.590961],[23.038393,40.590953],[23.038194,40.590947],[23.038087,40.590955],[23.037792,40.590988],[23.037579,40.591025],[23.03724,40.59107],[23.036982,40.591093],[23.03669,40.591103],[23.036534,40.591109],[23.036386,40.591113],[23.036279,40.591118],[23.036086,40.59112],[23.035818,40.591128],[23.03549,40.591153],[23.035416,40.591158],[23.034659,40.59127],[23.034223,40.591327],[23.033795,40.591377],[23.033554,40.591404],[23.033295,40.591464],[23.033036,40.59154],[23.032401,40.591744],[23.032149,40.591845],[23.031949,40.591947],[23.031465,40.592262],[23.031348,40.592325],[23.031216,40.592373],[23.03106,40.592405],[23.030901,40.592409],[23.030761,40.592401],[23.030556,40.592357],[23.030346,40.592292],[23.029725,40.592111],[23.029368,40.592015],[23.028889,40.591878],[23.028683,40.591845]]},"properties":{"name":"Κομνηνών"}},{"type":"Feature","geometry":{"type":"LineString","coordinates":[[22.791205,40.667113],[22.791796,40.66736],[22.792493,40.667724],[22.791704,40.667432],[22.791196,40.667198],[22.790847,40.667049],[22.790721,40.666993],[22.790487,40.666888],[22.790289,40.666799],[22.790115,40.666715],[22.789987,40.666635],[22.789712,40.66652],[22.78958,40.666463],[22.788565,40.666023],[22.787046,40.665364],[22.784922,40.664436],[22.784806,40.664386],[22.782838,40.663524],[22.782738,40.663479],[22.782642,40.663436],[22.78077,40.662642],[22.780692,40.662606],[22.780346,40.66246],[22.779439,40.662037],[22.778915,40.6618],[22.778452,40.66159],[22.778009,40.661447],[22.776272,40.660688],[22.775837,40.660498],[22.775582,40.660388],[22.774595,40.659958],[22.774023,40.659717],[22.773561,40.659516],[22.773111,40.659323],[22.772263,40.658959],[22.771925,40.658809],[22.770249,40.658091],[22.769716,40.657898],[22.769215,40.657735],[22.769038,40.657679],[22.768739,40.657579],[22.768466,40.657497],[22.768186,40.657407],[22.767489,40.657171],[22.767296,40.657108],[22.767003,40.657014],[22.766175,40.656747],[22.766037,40.656705],[22.765461,40.656522],[22.765247,40.656455],[22.76491,40.656345],[22.764601,40.656246],[22.764355,40.656168],[22.764156,40.6561],[22.764065,40.656062],[22.763987,40.656023],[22.763924,40.655979],[22.763864,40.65593],[22.76381,40.655874],[22.763763,40.655812],[22.763719,40.655726],[22.763638,40.655561],[22.7634,40.654972],[22.763231,40.654541],[22.763083,40.654152],[22.762866,40.653598],[22.76256,40.652814],[22.762413,40.652439],[22.762219,40.651942],[22.761036,40.648919],[22.759553,40.645126],[22.759535,40.64508],[22.759483,40.64494],[22.759327,40.644528],[22.758749,40.643021],[22.758483,40.64237],[22.758,40.641112],[22.757985,40.641061],[22.75793,40.640928],[22.757674,40.640336],[22.757613,40.640196],[22.757543,40.640074],[22.757501,40.640015],[22.75742,40.639909],[22.757325,40.639808],[22.75722,40.639713],[22.757086,40.639604],[22.756728,40.639376],[22.756257,40.639062],[22.755848,40.638794],[22.755241,40.638409],[22.754937,40.638212],[22.754319,40.637808],[22.75395,40.637571],[22.753523,40.637294],[22.753135,40.637039],[22.752864,40.636866],[22.752417,40.636592],[22.751202,40.635798],[22.750105,40.635101],[22.750015,40.635044],[22.749863,40.63495],[22.748817,40.63434],[22.748526,40.63417],[22.748299,40.634036],[22.748027,40.633877],[22.74765,40.633656],[22.747443,40.633548],[22.74722,40.633432],[22.747014,40.633341],[22.746788,40.633247],[22.746434,40.633107],[22.746062,40.632972],[22.745704,40.632838],[22.745381,40.632717],[22.744485,40.63235],[22.744255,40.632267],[22.74419,40.632244],[22.744051,40.632209],[22.743995,40.632191],[22.743158,40.631946],[22.743039,40.631909],[22.742499,40.631761],[22.74231,40.631708],[22.741794,40.631565],[22.741695,40.631538]]},"properties":{"name":"Σίνδου - Χαλάστρας"}},{"type":"Feature","geometry":{"type":"LineString","coordinates":[[22.80376,40.678496],[22.803726,40.678503],[22.8009,40.679095],[22.797031,40.679914],[22.794603,40.680433],[22.794447,40.680467],[22.789887,40.681431],[22.787606,40.681915],[22.783186,40.68285],[22.782611,40.682972],[22.782567,40.682982],[22.782377,40.683022]]},"properties":{"name":"ΔΑ13"}},{"type":"Feature","geometry":{"type":"LineString","coordinates":[[22.789786,40.681329],[22.789902,40.681302],[22.794373,40.680353],[22.794477,40.680332],[22.795884,40.680031],[22.796986,40.679789],[22.801522,40.678829],[22.803627,40.678384],[22.803716,40.678363]]},"properties":{"name":"ΔΑ13"}},{"type":"Feature","geometry":{"type":"LineString","coordinates":[[22.782377,40.683022],[22.78238,40.68328],[22.782383,40.68357],[22.782401,40.685194],[22.782438,40.686582],[22.782461,40.688001],[22.782538,40.691672],[22.782543,40.692612],[22.782546,40.693186],[22.782578,40.694708],[22.782621,40.696646],[22.782647,40.698774]]},"properties":{"name":"ΝΒ 1Α"}},{"type":"Feature","geometry":{"type":"LineString","coordinates":[[22.782647,40.698774],[22.790321,40.697783]]},"properties":{"name":"ΔΑ7"}},{"type":"Feature","geometry":{"type":"LineString","coordinates":[[22.810869,40.695167],[22.810813,40.695162],[22.803199,40.696153],[22.800579,40.6965]]},"properties":{"name":"ΔΑ7"}},{"type":"Feature","geometry":{"type":"LineString","coordinates":[[22.790321,40.697783],[22.790305,40.697695],[22.7903,40.697641],[22.790298,40.697576],[22.790267,40.696565],[22.790249,40.695783],[22.790231,40.69488],[22.790226,40.694619],[22.79022,40.693993],[22.790211,40.693118],[22.790171,40.691587],[22.790157,40.689402],[22.790109,40.687903],[22.790094,40.687329],[22.790071,40.686504],[22.790053,40.685093],[22.790009,40.683212],[22.789999,40.682424],[22.78999,40.681677],[22.789982,40.681615],[22.789959,40.681553],[22.789887,40.681431],[22.789786,40.681329]]},"properties":{"name":"ΝΒ 4"}},{"type":"Feature","geometry":{"type":"LineString","coordinates":[[22.80457,40.664935],[22.804829,40.664026]]},"properties":{"name":"Πατριάρχου Γρηγορίου Ε'"}},{"type":"Feature","geometry":{"type":"LineString","coordinates":[[22.818787,40.651101],[22.819473,40.651209],[22.820137,40.651308],[22.821119,40.651441],[22.821832,40.651501],[22.822423,40.651551],[22.822815,40.651579],[22.827745,40.652006],[22.830735,40.652242],[22.830935,40.652258],[22.834311,40.652524],[22.836144,40.652669],[22.83786,40.652804]]},"properties":{"name":"Εγνατία Οδός"}},{"type":"Feature","geometry":{"type":"LineString","coordinates":[[22.839406,40.653125],[22.835381,40.652805],[22.834284,40.652714],[22.83091,40.652434],[22.830711,40.65242],[22.82771,40.652178],[22.822768,40.651774],[22.821224,40.65165],[22.820408,40.651577],[22.819732,40.651505],[22.81873,40.651372],[22.817887,40.651233],[22.816393,40.650925],[22.81496,40.650565]]},"properties":{"name":"Εγνατία Οδός"}},{"type":"Feature","geometry":{"type":"LineString","coordinates":[[23.011345,40.738993],[23.01111,40.738953],[23.011016,40.738939],[23.010489,40.738849],[23.010034,40.738785],[23.009709,40.738714],[23.009258,40.738608],[23.008851,40.738514],[23.008385,40.7384],[23.008025,40.738306],[23.007647,40.738202],[23.00728,40.738094],[23.006919,40.737975],[23.006513,40.73784],[23.006157,40.737717],[23.005884,40.737623],[23.005516,40.737489],[23.005159,40.737355],[23.00486,40.737238],[23.00447,40.737085],[23.004196,40.736971],[23.003691,40.736733],[23.003177,40.736482],[23.002662,40.736223],[23.001898,40.735827],[23.001145,40.735401],[23.000749,40.735173],[23.000496,40.735024],[23.00029,40.734898],[23.000173,40.734827],[22.999113,40.734148],[22.99851,40.733765],[22.998302,40.733634],[22.995203,40.731623],[22.994979,40.731487],[22.994496,40.7312],[22.994112,40.730973],[22.993503,40.730631],[22.992988,40.730346],[22.992345,40.73001],[22.991837,40.729771],[22.991288,40.729522],[22.990804,40.729315],[22.990379,40.729138],[22.989909,40.728958],[22.989489,40.7288],[22.989127,40.728677],[22.988742,40.728551],[22.988441,40.728455],[22.988125,40.728359],[22.987771,40.728263],[22.987078,40.728076],[22.985194,40.72758],[22.984744,40.727459],[22.984288,40.727329],[22.983789,40.727161],[22.983337,40.727006],[22.982894,40.726822],[22.982453,40.726629],[22.982063,40.726429],[22.981696,40.726226],[22.981325,40.726005],[22.980992,40.72578],[22.980685,40.725561],[22.980448,40.725377],[22.980157,40.725152],[22.979734,40.724817],[22.979317,40.724499],[22.979041,40.7243],[22.978767,40.724119],[22.978447,40.723922],[22.978116,40.723719],[22.977836,40.723562],[22.977447,40.723367],[22.976599,40.722931],[22.974435,40.721825],[22.97414,40.721674],[22.973911,40.721544],[22.973662,40.721397],[22.973452,40.72126],[22.973292,40.721156],[22.972691,40.720745],[22.972422,40.720568],[22.972197,40.720439],[22.971917,40.720284],[22.971585,40.720122],[22.971379,40.720023],[22.965203,40.71701],[22.96477,40.7168],[22.96443,40.716604],[22.964023,40.716361],[22.961695,40.714886],[22.960849,40.71435],[22.960561,40.714155],[22.960315,40.713977],[22.96007,40.713781],[22.959845,40.71358],[22.959668,40.713409],[22.959501,40.713236],[22.959283,40.713017],[22.959007,40.712727],[22.958915,40.712629],[22.957779,40.711431],[22.957522,40.71116],[22.957184,40.710804],[22.95657,40.710156],[22.954683,40.708132],[22.954376,40.707808],[22.953186,40.706553],[22.953,40.706317],[22.952831,40.7061],[22.952665,40.705863],[22.952533,40.705651],[22.952349,40.705319],[22.950531,40.701471],[22.950355,40.701101],[22.949942,40.700308],[22.949004,40.698376]]},"properties":{"name":"Εγνατία Οδός"}},{"type":"Feature","geometry":{"type":"LineString","coordinates":[[22.9503,40.700586],[22.950899,40.701849],[22.951897,40.703879],[22.952413,40.705087],[22.952618,40.705465],[22.952735,40.705688],[22.952972,40.70603],[22.953137,40.706245],[22.953403,40.706544],[22.953773,40.706965],[22.954511,40.707727],[22.955094,40.708344],[22.95644,40.7097],[22.957714,40.711046],[22.957984,40.711332],[22.95985,40.713284],[22.960036,40.713466],[22.96025,40.713655],[22.960494,40.713851],[22.960724,40.714019],[22.961014,40.714214],[22.961859,40.71475],[22.962389,40.715085],[22.964172,40.716214],[22.964594,40.716468],[22.964919,40.716654],[22.965319,40.716846],[22.971514,40.71987],[22.971717,40.719967],[22.97205,40.720129],[22.972348,40.720293],[22.972601,40.720442],[22.972856,40.720608],[22.973449,40.721014],[22.973613,40.721121],[22.973831,40.721264],[22.974052,40.721392],[22.974271,40.721518],[22.974585,40.721678],[22.974786,40.721777],[22.976787,40.722811],[22.977578,40.72321],[22.977986,40.723416],[22.97826,40.72357],[22.978596,40.723775],[22.978932,40.723983],[22.979206,40.724164],[22.979508,40.724385],[22.979914,40.724691],[22.980329,40.72502],[22.980613,40.725241],[22.980864,40.725435],[22.981156,40.725644],[22.981473,40.72586],[22.981845,40.72608],[22.982196,40.726274],[22.982585,40.726474],[22.983008,40.726662],[22.983452,40.726843],[22.983893,40.726994],[22.984367,40.727154],[22.984801,40.727278],[22.985272,40.727404],[22.987155,40.727897],[22.98785,40.728088]]},"properties":{"name":"Εγνατία Οδός"}},{"type":"Feature","geometry":{"type":"LineString","coordinates":[[22.83786,40.652804],[22.838863,40.652883],[22.841504,40.653093],[22.848331,40.653684],[22.853051,40.654033],[22.855537,40.654237],[22.860943,40.654681],[22.866403,40.655121],[22.868706,40.655311],[22.869403,40.655345],[22.869895,40.655367],[22.870387,40.655384],[22.871056,40.655396],[22.871633,40.655395],[22.87318,40.655393],[22.874421,40.655405],[22.878101,40.655403],[22.885043,40.655389],[22.889537,40.655375],[22.889868,40.655366],[22.890199,40.655349],[22.890754,40.655299],[22.89098,40.65527],[22.891461,40.655208],[22.892079,40.655099],[22.892348,40.655043],[22.893594,40.654781]]},"properties":{"name":"Δυτική Είσοδος Θεσσαλονίκης"}},{"type":"Feature","geometry":{"type":"LineString","coordinates":[[22.895617,40.654325],[22.89756,40.65388],[22.898339,40.653688],[22.898905,40.653554],[22.899277,40.653446],[22.899641,40.653321],[22.899993,40.653179],[22.900333,40.653021]]},"properties":{"name":"Δυτική Είσοδος Θεσσαλονίκης"}},{"type":"Feature","geometry":{"type":"LineString","coordinates":[[22.839406,40.653125],[22.84474,40.653559],[22.847763,40.653797],[22.852271,40.65419],[22.85456,40.654339],[22.866378,40.655319],[22.868646,40.655502],[22.868974,40.655528],[22.869867,40.655559],[22.870803,40.655588],[22.87194,40.655606],[22.872732,40.65561],[22.873676,40.655613],[22.874148,40.655611],[22.876395,40.655602],[22.877267,40.655599],[22.88562,40.655595],[22.88776,40.655557],[22.889948,40.655555],[22.890418,40.65554],[22.890776,40.655508],[22.891355,40.655447],[22.892167,40.655325],[22.892883,40.655171],[22.893268,40.655084],[22.895191,40.65462],[22.896889,40.654224],[22.898203,40.653927],[22.898919,40.65375],[22.899297,40.653647],[22.899666,40.653528],[22.900025,40.653393],[22.900375,40.653243],[22.900511,40.653184],[22.901317,40.6528],[22.901678,40.652653]]},"properties":{"name":"Δυτική Είσοδος Θεσσαλονίκης"}},{"type":"Feature","geometry":{"type":"LineString","coordinates":[[22.804678,40.681673],[22.804752,40.681658],[22.805019,40.681616],[22.80515,40.681629],[22.807463,40.681144],[22.808265,40.680976],[22.810462,40.680514],[22.810903,40.680427],[22.812744,40.680036],[22.814906,40.679594],[22.81535,40.679503],[22.815436,40.679485],[22.815574,40.679455],[22.816178,40.679329],[22.816275,40.679214]]},"properties":{"name":"Α8"}},{"type":"Feature","geometry":{"type":"LineString","coordinates":[[22.815277,40.687051],[22.814978,40.686208],[22.814883,40.685933],[22.814665,40.685324],[22.814436,40.684717],[22.814041,40.683604],[22.813586,40.682371],[22.812744,40.680036],[22.811909,40.677698],[22.811496,40.676503],[22.811461,40.676412],[22.811432,40.676328]]},"properties":{"name":"ΟΔΟΣ 2"}},{"type":"Feature","geometry":{"type":"LineString","coordinates":[[22.816115,40.689405],[22.816449,40.690296],[22.816497,40.690429],[22.816532,40.690529],[22.816556,40.690598],[22.816576,40.690651],[22.817443,40.692703]]},"properties":{"name":"ΟΔΟΣ 2"}},{"type":"Feature","geometry":{"type":"LineString","coordinates":[[22.815277,40.687051],[22.815874,40.686929],[22.816011,40.686901],[22.816462,40.686808],[22.817379,40.68662],[22.817508,40.686594],[22.817959,40.686501],[22.818118,40.686469],[22.818719,40.686346],[22.818858,40.686318]]},"properties":{"name":"Α4"}},{"type":"Feature","geometry":{"type":"LineString","coordinates":[[22.807157,40.688821],[22.806888,40.688879],[22.806814,40.688895]]},"properties":{"name":"Α4"}},{"type":"Feature","geometry":{"type":"LineString","coordinates":[[22.818858,40.686318],[22.81971,40.688664]]},"properties":{"name":"ΟΔΟΣ 1"}},{"type":"Feature","geometry":{"type":"LineString","coordinates":[[22.815009,40.675674],[22.815445,40.676934],[22.816107,40.678722],[22.816275,40.679214]]},"properties":{"name":"ΟΔΟΣ 1"}},{"type":"Feature","geometry":{"type":"LineString","coordinates":[[22.820776,40.692035],[22.820027,40.689948],[22.819979,40.689818],[22.819944,40.689736],[22.819558,40.688694]]},"properties":{"name":"ΟΔΟΣ 1"}},{"type":"Feature","geometry":{"type":"LineString","coordinates":[[22.81971,40.688664],[22.819558,40.688694],[22.819139,40.688776],[22.818698,40.68886],[22.817769,40.689056],[22.817297,40.689154],[22.816732,40.689275],[22.816115,40.689405],[22.814289,40.689777],[22.809406,40.690815],[22.808942,40.690913],[22.808447,40.691018],[22.807975,40.691119],[22.807845,40.691146]]},"properties":{"name":"Α3"}},{"type":"Feature","geometry":{"type":"LineString","coordinates":[[22.807845,40.691146],[22.807157,40.688821]]},"properties":{"name":"ΟΔΟΣ 4"}},{"type":"Feature","geometry":{"type":"LineString","coordinates":[[22.800579,40.6965],[22.80047,40.696413],[22.79911,40.692769],[22.798031,40.689923],[22.797266,40.687892],[22.796725,40.686466],[22.79573,40.683888],[22.79506,40.682128],[22.794447,40.680467],[22.794477,40.680332]]},"properties":{"name":"ΝΒ 6"}},{"type":"Feature","geometry":{"type":"LineString","coordinates":[[22.811432,40.676328],[22.814899,40.675591]]},"properties":{"name":"Α10"}},{"type":"Feature","geometry":{"type":"LineString","coordinates":[[22.820776,40.692035],[22.817443,40.692703]]},"properties":{"name":"Α1"}},{"type":"Feature","geometry":{"type":"LineString","coordinates":[[22.863119,40.684904],[22.862715,40.684442],[22.862632,40.684343],[22.862197,40.683835],[22.861726,40.683262],[22.861553,40.683049],[22.861498,40.682989],[22.861452,40.682935],[22.861382,40.682852]]},"properties":{"name":"Θεόδωρου Κολοκοτρώνη"}},{"type":"Feature","geometry":{"type":"LineString","coordinates":[[22.862632,40.684343],[22.86213,40.684594],[22.861644,40.684844],[22.861147,40.685082],[22.86058,40.685359],[22.860085,40.685609],[22.85961,40.685845],[22.859101,40.686093],[22.858584,40.686372],[22.858059,40.686636]]},"properties":{"name":"Βασιλέως Κωνσταντίνου"}},{"type":"Feature","geometry":{"type":"LineString","coordinates":[[22.927761,40.431046],[22.927741,40.430956],[22.927704,40.43082],[22.927696,40.430787],[22.927695,40.430776],[22.927681,40.430573],[22.927693,40.430103],[22.927699,40.429955],[22.927686,40.429857],[22.927672,40.429764],[22.927602,40.429654],[22.927523,40.429508],[22.927365,40.42928],[22.927331,40.42923],[22.927298,40.429181],[22.927218,40.429082],[22.927145,40.428985],[22.927094,40.428911],[22.927052,40.428829],[22.927018,40.428768]]},"properties":{"name":"Βασιλέως Κωνσταντίνου"}},{"type":"Feature","geometry":{"type":"LineString","coordinates":[[22.854624,40.689043],[22.854597,40.689021],[22.854575,40.688995],[22.854343,40.688675],[22.85413,40.688437],[22.854068,40.68838],[22.854013,40.688331],[22.853935,40.688242],[22.853891,40.68819],[22.853637,40.687885],[22.853441,40.687618],[22.853242,40.687368],[22.85322,40.68734],[22.853208,40.687321],[22.853198,40.687293],[22.853192,40.687272],[22.85319,40.687244],[22.853193,40.687216],[22.853213,40.687154]]},"properties":{"name":"Λεωνίδα Ιασονίδου"}},{"type":"Feature","geometry":{"type":"LineString","coordinates":[[22.834605,40.69282],[22.834713,40.692817],[22.834866,40.692843],[22.83532,40.692911],[22.835568,40.692947],[22.835731,40.692954],[22.835877,40.692995],[22.836001,40.693064],[22.836126,40.693137],[22.83625,40.69319],[22.836352,40.693201],[22.836456,40.693197],[22.836643,40.693183],[22.836938,40.693118],[22.837117,40.693097],[22.837259,40.693114],[22.837438,40.693173],[22.838196,40.693532],[22.838559,40.693739],[22.83922,40.694134]]},"properties":{"name":"Διονυσίου Σολωμού"}},{"type":"Feature","geometry":{"type":"LineString","coordinates":[[22.836254,40.687942],[22.837166,40.688285],[22.837568,40.688499],[22.837797,40.688636],[22.837936,40.688731],[22.838059,40.688784],[22.838277,40.68881],[22.838551,40.688828],[22.839262,40.688859],[22.839461,40.688868],[22.83987,40.688887],[22.840003,40.688792],[22.841667,40.688927]]},"properties":{"name":"Αγίου Αθανασίου"}},{"type":"Feature","geometry":{"type":"LineString","coordinates":[[22.836254,40.687942],[22.836733,40.687586],[22.836987,40.687393],[22.837121,40.687301],[22.837181,40.68726],[22.83756,40.686975],[22.837942,40.686701],[22.837978,40.686675],[22.838144,40.686538],[22.83821,40.68647]]},"properties":{"name":"Τρικούπη"}},{"type":"Feature","geometry":{"type":"LineString","coordinates":[[22.838267,40.686412],[22.838287,40.686384]]},"properties":{"name":"Τρικούπη"}},{"type":"Feature","geometry":{"type":"LineString","coordinates":[[22.851124,40.687506],[22.851289,40.686961],[22.851462,40.686465]]},"properties":{"name":"Καραϊσκάκη"}},{"type":"Feature","geometry":{"type":"LineString","coordinates":[[23.022305,40.489057],[23.023485,40.489082]]},"properties":{"name":"Καραϊσκάκη"}},{"type":"Feature","geometry":{"type":"LineString","coordinates":[[22.85796,40.689515],[22.857858,40.689871],[22.857703,40.690284],[22.857539,40.690716]]},"properties":{"name":"Θεμιστοκλέους"}},{"type":"Feature","geometry":{"type":"LineString","coordinates":[[22.571814,40.781009],[22.571715,40.78195],[22.571616,40.78296],[22.571603,40.783185],[22.571614,40.783253],[22.571634,40.783304]]},"properties":{"name":"Θεμιστοκλέους"}},{"type":"Feature","geometry":{"type":"LineString","coordinates":[[22.939666,40.700399],[22.939568,40.700394],[22.93946,40.700394],[22.939419,40.700397],[22.939374,40.700403],[22.939317,40.700418],[22.939189,40.700463],[22.938835,40.700534],[22.938554,40.700618],[22.938357,40.700675],[22.938279,40.700704],[22.93796,40.700821],[22.937805,40.700868],[22.937754,40.700882],[22.937655,40.700907],[22.937274,40.700998],[22.937246,40.701004],[22.936779,40.701102],[22.936608,40.701138],[22.936061,40.701254],[22.93593,40.701281],[22.935677,40.701343],[22.935479,40.701401],[22.93517,40.701504],[22.935052,40.701547],[22.934943,40.701567],[22.934312,40.701626],[22.934202,40.701636],[22.933914,40.701667],[22.933448,40.701727],[22.932811,40.701834],[22.932357,40.701902],[22.931874,40.701966],[22.931413,40.702016],[22.930905,40.702073],[22.930755,40.70209],[22.930529,40.702116],[22.93044,40.702127],[22.930115,40.702164],[22.929999,40.702177],[22.929891,40.702184],[22.929768,40.702189],[22.929648,40.702185],[22.929494,40.702165],[22.929273,40.702145],[22.928892,40.702099],[22.928732,40.70208],[22.928649,40.702076],[22.928534,40.702076],[22.92836,40.702083],[22.928177,40.702092],[22.928085,40.7021],[22.927743,40.70213],[22.92697,40.702227],[22.926818,40.702242],[22.926356,40.702299],[22.926186,40.702311],[22.925885,40.702318],[22.925016,40.702301],[22.924923,40.702296],[22.924537,40.702288],[22.924429,40.702285],[22.923813,40.702278],[22.923592,40.702274],[22.923427,40.702288],[22.923133,40.702351],[22.922946,40.702389],[22.922885,40.702393],[22.92283,40.702389],[22.922722,40.702371],[22.922508,40.702317],[22.922434,40.702298],[22.922183,40.70225],[22.92199,40.702223],[22.921796,40.702206],[22.921517,40.702192],[22.921379,40.702186],[22.921076,40.70219],[22.920241,40.702201],[22.919485,40.702226],[22.919106,40.702235],[22.918974,40.702238],[22.918668,40.702247],[22.918207,40.702261],[22.917959,40.702267],[22.917182,40.702296],[22.916763,40.702322],[22.916247,40.702352],[22.915806,40.702373],[22.915695,40.702379],[22.915534,40.702388],[22.915355,40.702398],[22.915022,40.702411],[22.91475,40.702409],[22.914534,40.702408],[22.91437,40.702404],[22.91397,40.702394],[22.913351,40.70238],[22.912894,40.702366],[22.912255,40.702351],[22.91165,40.702334],[22.910153,40.702297],[22.909264,40.702289],[22.908595,40.702318],[22.907971,40.702347],[22.90763,40.702362],[22.906954,40.702402],[22.906737,40.702416],[22.906471,40.702434],[22.906205,40.702457],[22.905947,40.702476],[22.905488,40.70253],[22.904801,40.702612],[22.903889,40.702732],[22.903209,40.702832],[22.903092,40.70285],[22.902926,40.702872],[22.902737,40.702905],[22.902401,40.702948],[22.902147,40.702969],[22.901981,40.702974],[22.901543,40.702985],[22.90058,40.702982],[22.89963,40.702999],[22.897788,40.703004],[22.897161,40.703017],[22.896655,40.703029],[22.896454,40.703035],[22.896259,40.703041],[22.895834,40.703055],[22.895138,40.703086],[22.894036,40.703137],[22.893939,40.70314],[22.893787,40.703139],[22.893679,40.703134],[22.893589,40.703127],[22.893465,40.703112],[22.89335,40.703096],[22.893231,40.703077],[22.89313,40.703059],[22.893054,40.703043],[22.892983,40.703024],[22.892923,40.703004],[22.892876,40.702986],[22.89284,40.702969],[22.892775,40.702931],[22.892699,40.702888],[22.892576,40.702816],[22.892516,40.702784],[22.892474,40.702763],[22.892432,40.702746],[22.89239,40.702729],[22.892259,40.702704],[22.892157,40.702688],[22.892073,40.702681],[22.892001,40.702679],[22.891907,40.702679],[22.891814,40.702686],[22.891487,40.702725],[22.891437,40.702734],[22.891267,40.702766],[22.891257,40.702769],[22.890829,40.702873],[22.890809,40.702877],[22.890489,40.70293],[22.890347,40.702944],[22.89022,40.702948],[22.889955,40.702948],[22.889315,40.702921],[22.888968,40.702909],[22.887889,40.702864],[22.887267,40.702842],[22.886941,40.702841],[22.886436,40.702842],[22.886195,40.70284],[22.885966,40.702843],[22.885535,40.702837],[22.885026,40.702828],[22.884541,40.702823],[22.883191,40.702811],[22.881686,40.702802],[22.881445,40.702819],[22.881324,40.702803],[22.88095,40.702737],[22.880369,40.702623],[22.880039,40.70256],[22.879927,40.702538],[22.8798,40.70251],[22.879459,40.702422],[22.879198,40.702344],[22.87872,40.702179],[22.878467,40.702094],[22.878325,40.702052],[22.878205,40.70202],[22.878082,40.701993],[22.877605,40.70189],[22.877441,40.701855],[22.877031,40.701779],[22.876659,40.701693],[22.876314,40.701605],[22.876249,40.701588],[22.876126,40.701555],[22.876029,40.701522],[22.875752,40.70143],[22.875556,40.701362],[22.87535,40.701291],[22.875146,40.701232],[22.874965,40.701191],[22.874772,40.701176],[22.874454,40.701165],[22.874061,40.701174],[22.873515,40.701161],[22.873034,40.701139],[22.872315,40.701092],[22.871151,40.701029],[22.870624,40.70102],[22.870544,40.701021],[22.870261,40.701025],[22.869256,40.70105],[22.869169,40.701053],[22.868461,40.701069],[22.867948,40.701079],[22.867384,40.701073],[22.866725,40.701068],[22.865792,40.701048],[22.865469,40.701036],[22.864851,40.701008],[22.863642,40.700946],[22.863504,40.700938],[22.862746,40.700901],[22.862604,40.700883],[22.862413,40.700847],[22.862201,40.700786],[22.862045,40.700733],[22.861764,40.700632],[22.861332,40.700468],[22.860921,40.700321],[22.860468,40.700147],[22.85971,40.699868],[22.859556,40.699813],[22.859362,40.699743],[22.858851,40.699559],[22.858772,40.69953],[22.858509,40.699427],[22.858247,40.699325],[22.858004,40.69926],[22.857974,40.699255],[22.857877,40.699232],[22.857685,40.699205],[22.857279,40.699177],[22.856646,40.699157],[22.855886,40.699125],[22.855071,40.699108],[22.854821,40.699108],[22.854778,40.699107],[22.854665,40.699105],[22.854591,40.699103]]},"properties":{"name":"Συμμαχική"}},{"type":"Feature","geometry":{"type":"LineString","coordinates":[[22.929664,40.710548],[22.929555,40.710541],[22.92946,40.710543],[22.929399,40.710549],[22.92932,40.710561],[22.92906,40.710604],[22.92888,40.710644],[22.928676,40.710713],[22.928553,40.710759],[22.928231,40.71088],[22.927976,40.710996],[22.927842,40.711066],[22.927732,40.711142],[22.927448,40.711402],[22.927039,40.711821],[22.926973,40.711887],[22.926786,40.712091],[22.92668,40.712205],[22.926591,40.712307],[22.926495,40.712414],[22.926334,40.712524],[22.926262,40.712551],[22.926179,40.712563],[22.926088,40.712572],[22.925987,40.712566],[22.925893,40.712544],[22.925704,40.712476],[22.925656,40.712405],[22.925586,40.712311],[22.925487,40.712193],[22.925401,40.71211],[22.92536,40.712071],[22.925305,40.712037],[22.925192,40.711994],[22.925101,40.711983],[22.925024,40.711989],[22.924603,40.712237],[22.924458,40.712337],[22.924335,40.712452],[22.924283,40.712522],[22.92425,40.712608],[22.924246,40.712668],[22.92425,40.71271],[22.924264,40.712757],[22.924302,40.712828],[22.924431,40.712985],[22.924498,40.713045],[22.924604,40.71312],[22.924807,40.71323],[22.925068,40.713352],[22.925479,40.713535],[22.925976,40.713769],[22.92618,40.713881],[22.926388,40.713993],[22.926532,40.714147],[22.92673,40.714354],[22.926794,40.714399],[22.927218,40.71434],[22.927344,40.714108],[22.927433,40.713751],[22.927506,40.713427],[22.927596,40.713169],[22.927671,40.712969],[22.927749,40.71283],[22.927853,40.712714],[22.927964,40.712612],[22.928031,40.712582],[22.928705,40.712309],[22.928835,40.71225],[22.928938,40.712216],[22.929195,40.712186]]},"properties":{"name":"Άλσους"}},{"type":"Feature","geometry":{"type":"LineString","coordinates":[[22.921359,40.733393],[22.921222,40.733493],[22.920817,40.73388],[22.92009,40.734626],[22.920004,40.734713],[22.919906,40.734831],[22.919828,40.734922],[22.919746,40.735019],[22.919696,40.735066],[22.919639,40.735118],[22.919543,40.735186],[22.91945,40.735238],[22.919378,40.735277],[22.919262,40.735325],[22.918708,40.735601],[22.9186,40.735658]]},"properties":{"name":"Μελισσοχωρίου"}},{"type":"Feature","geometry":{"type":"LineString","coordinates":[[22.918482,40.73281],[22.917915,40.732862],[22.917572,40.732888],[22.917183,40.732912]]},"properties":{"name":"Διγενή Ακρίτα"}},{"type":"Feature","geometry":{"type":"LineString","coordinates":[[22.913126,40.725268],[22.913245,40.725096]]},"properties":{"name":"Αθανασίου Διάκου"}},{"type":"Feature","geometry":{"type":"LineString","coordinates":[[23.001948,40.692276],[23.00199,40.692312],[23.002039,40.69236],[23.002082,40.692411],[23.00217,40.692533],[23.002181,40.692553],[23.002185,40.692589],[23.002172,40.69264],[23.002153,40.692681],[23.002048,40.692862],[23.001958,40.692973],[23.001757,40.693186],[23.001666,40.6933],[23.001579,40.693393],[23.001469,40.69351],[23.001318,40.693665],[23.001193,40.693823],[23.000987,40.694091],[23.000911,40.694197],[23.000859,40.694278],[23.000822,40.694341],[23.00079,40.694395],[23.00072,40.694525],[23.000656,40.694655],[23.000578,40.6948],[23.000523,40.69492]]},"properties":{"name":"Αθανασίου Διάκου"}},{"type":"Feature","geometry":{"type":"LineString","coordinates":[[22.936301,40.419304],[22.936017,40.419591],[22.935669,40.41993],[22.935469,40.420151],[22.935293,40.420327],[22.935061,40.42055],[22.934761,40.420787],[22.934521,40.420972],[22.934361,40.421094],[22.934221,40.421212],[22.933892,40.421546],[22.933713,40.421716],[22.933162,40.422205],[22.932734,40.422557]]},"properties":{"name":"Αθανασίου Διάκου"}},{"type":"Feature","geometry":{"type":"LineString","coordinates":[[22.688352,40.607494],[22.688338,40.607556],[22.688296,40.607683],[22.688256,40.607781],[22.688169,40.607936],[22.68806,40.608138],[22.687984,40.608278],[22.687794,40.608619],[22.687633,40.608863],[22.687588,40.60892],[22.687556,40.608963],[22.687488,40.609036],[22.687385,40.60913],[22.68712,40.609362],[22.686474,40.60998]]},"properties":{"name":"Αθανασίου Διάκου"}},{"type":"Feature","geometry":{"type":"LineString","coordinates":[[23.092039,40.472462],[23.092048,40.472526],[23.092034,40.472767],[23.092048,40.473017],[23.092062,40.473165],[23.092078,40.473244],[23.092108,40.473341],[23.092301,40.473786],[23.092451,40.474145],[23.092469,40.47423]]},"properties":{"name":"Αθανασίου Διάκου"}},{"type":"Feature","geometry":{"type":"LineString","coordinates":[[22.913245,40.725096],[22.913388,40.725019],[22.913474,40.724958],[22.913514,40.724899],[22.913548,40.72483],[22.913592,40.724703],[22.913613,40.724616],[22.913624,40.72456],[22.913629,40.724478],[22.913634,40.724411],[22.913635,40.724354],[22.913628,40.724321],[22.913593,40.724237],[22.913558,40.724179],[22.913512,40.724135]]},"properties":{"name":"Μπουμπουλίνας"}},{"type":"Feature","geometry":{"type":"LineString","coordinates":[[22.910458,40.724345],[22.910463,40.724303],[22.910473,40.72427],[22.910488,40.724245],[22.910531,40.724204],[22.910581,40.724164],[22.91106,40.723809],[22.911132,40.723756],[22.91173,40.723323],[22.911776,40.723256],[22.911793,40.723193],[22.911783,40.723158],[22.911754,40.723132],[22.911715,40.723103],[22.911643,40.723082],[22.911575,40.72306],[22.91147,40.723024],[22.91135,40.722974],[22.911254,40.722917],[22.91116,40.722839],[22.911105,40.722719],[22.910842,40.722244],[22.910641,40.721901]]},"properties":{"name":"Ηρώων"}},{"type":"Feature","geometry":{"type":"LineString","coordinates":[[22.911105,40.722719],[22.910522,40.722646],[22.909899,40.722567]]},"properties":{"name":"Πάροδος Ηρώων"}},{"type":"Feature","geometry":{"type":"LineString","coordinates":[[22.905449,40.721439],[22.905606,40.721413],[22.905622,40.721412],[22.905649,40.721411],[22.905928,40.721405],[22.90598,40.721402],[22.906023,40.721391],[22.906066,40.721378],[22.906093,40.721364],[22.90612,40.721347],[22.906142,40.721329],[22.906163,40.721307],[22.906193,40.721266],[22.906286,40.721133],[22.906384,40.720987],[22.906501,40.720817],[22.906542,40.720764],[22.906562,40.720746],[22.906585,40.720733],[22.906604,40.720725],[22.906629,40.72072],[22.906629,40.720667],[22.906637,40.720622],[22.906765,40.720123],[22.906772,40.720103],[22.90678,40.720088],[22.906789,40.720074],[22.906801,40.720061],[22.906818,40.720045],[22.906844,40.720025],[22.90686,40.720014],[22.906876,40.720005],[22.906898,40.719996],[22.906923,40.719987],[22.906946,40.719977],[22.906967,40.719964],[22.906988,40.719948],[22.907463,40.719511],[22.908066,40.718957],[22.908096,40.718916],[22.908102,40.718906],[22.908105,40.718898],[22.908108,40.71889],[22.90811,40.718881],[22.908112,40.718868],[22.908114,40.718853]]},"properties":{"name":"Φλωρίνης"}},{"type":"Feature","geometry":{"type":"LineString","coordinates":[[22.90617,40.722385],[22.906151,40.722354],[22.906036,40.722194],[22.905977,40.722116],[22.905816,40.721906],[22.905449,40.721439]]},"properties":{"name":"Νεοχωρούδας"}},{"type":"Feature","geometry":{"type":"LineString","coordinates":[[22.904267,40.721068],[22.904259,40.721181],[22.905233,40.72147],[22.905252,40.721472],[22.905273,40.721474],[22.905449,40.721439],[22.905402,40.721371],[22.905206,40.721109]]},"properties":{"name":"Νεοχωρούδας"}},{"type":"Feature","geometry":{"type":"LineString","coordinates":[[22.90617,40.722385],[22.906224,40.722485],[22.906245,40.722561],[22.906261,40.722633],[22.906278,40.722712],[22.906287,40.722775],[22.906296,40.722855],[22.906304,40.722971],[22.906309,40.723089],[22.906314,40.723194],[22.906316,40.723264]]},"properties":{"name":"Κανάρη"}},{"type":"Feature","geometry":{"type":"LineString","coordinates":[[22.904112,40.724293],[22.904211,40.724263],[22.905748,40.72378]]},"properties":{"name":"Τζαβέλλα"}},{"type":"Feature","geometry":{"type":"LineString","coordinates":[[22.906316,40.723264],[22.906333,40.723269],[22.906372,40.723284],[22.906391,40.723295],[22.906407,40.723305],[22.90643,40.723323],[22.906447,40.72334],[22.906466,40.723365],[22.906483,40.72339],[22.906499,40.723416],[22.906522,40.723455],[22.90656,40.723522],[22.905748,40.72378],[22.905725,40.723731],[22.905713,40.723692],[22.905704,40.72363],[22.905699,40.723567],[22.905704,40.723519],[22.905717,40.723478],[22.905737,40.723436],[22.905763,40.723399],[22.905789,40.723372],[22.905821,40.723348],[22.905861,40.723324],[22.905917,40.723298],[22.905975,40.723279],[22.906046,40.723266],[22.906112,40.723258],[22.906178,40.723252],[22.906223,40.723253],[22.906269,40.723257],[22.906316,40.723264]]},"properties":{"name":"Τζαβέλλα"}},{"type":"Feature","geometry":{"type":"LineString","coordinates":[[22.904112,40.724293],[22.904093,40.724223],[22.904084,40.724166],[22.904082,40.72413],[22.904082,40.724054],[22.904093,40.723785],[22.9041,40.723605],[22.904112,40.723397],[22.904134,40.723021],[22.904205,40.722017],[22.904259,40.721181]]},"properties":{"name":"Πραξιτέλους"}},{"type":"Feature","geometry":{"type":"LineString","coordinates":[[22.905206,40.721109],[22.905177,40.721118],[22.905146,40.721122],[22.905102,40.721127],[22.905048,40.721128],[22.904986,40.721126],[22.904267,40.721068],[22.904172,40.721058],[22.903795,40.721035],[22.90373,40.721032],[22.903211,40.721007],[22.902809,40.721008],[22.90276,40.721007],[22.902206,40.721012],[22.901296,40.721016],[22.900755,40.721016]]},"properties":{"name":"Μακεδονομάχου Αριστείδη Τίκα"}},{"type":"Feature","geometry":{"type":"LineString","coordinates":[[22.910856,40.721803],[22.910777,40.721568],[22.910717,40.721369],[22.910628,40.721098],[22.910498,40.720752],[22.910473,40.72068],[22.910459,40.720631],[22.910449,40.720578],[22.910437,40.720508],[22.910391,40.720112],[22.910385,40.720065],[22.910378,40.720002],[22.910375,40.719968],[22.910368,40.719525],[22.910365,40.71945],[22.910366,40.719109],[22.910364,40.718948],[22.91039,40.718874]]},"properties":{"name":"Μακεδονικού Αγώνα"}},{"type":"Feature","geometry":{"type":"LineString","coordinates":[[22.912894,40.702366],[22.912891,40.702425],[22.912892,40.702506],[22.91289,40.70302],[22.912943,40.703452],[22.912962,40.703798],[22.912962,40.703931],[22.912935,40.704428],[22.912893,40.704979],[22.912828,40.705456],[22.912768,40.705684],[22.912687,40.705896],[22.912589,40.706167],[22.912506,40.706368],[22.912362,40.706771],[22.912186,40.707238],[22.912098,40.707471],[22.912018,40.707622],[22.911761,40.708081],[22.911082,40.709325],[22.910527,40.710349],[22.910198,40.710873],[22.910052,40.711153],[22.909983,40.711363],[22.909923,40.711562],[22.909885,40.711761],[22.90987,40.711947],[22.909887,40.712127],[22.909964,40.712654],[22.910121,40.713792],[22.91018,40.714301],[22.910188,40.714587],[22.910198,40.714793],[22.91025,40.715319],[22.910284,40.715578],[22.91035,40.716034],[22.910385,40.716252],[22.910426,40.716511],[22.910525,40.717131],[22.910526,40.71721],[22.910459,40.718557]]},"properties":{"name":"Μακεδονικού Αγώνα"}},{"type":"Feature","geometry":{"type":"LineString","coordinates":[[22.91052,40.718755],[22.910494,40.71871],[22.910459,40.718557],[22.910403,40.718747]]},"properties":{"name":"Μακεδονικού Αγώνα"}},{"type":"Feature","geometry":{"type":"LineString","coordinates":[[22.910533,40.718765],[22.910696,40.718769],[22.911087,40.718767],[22.911523,40.718772],[22.91265,40.718773],[22.912785,40.718777],[22.91301,40.718794],[22.913147,40.718823],[22.913781,40.718952],[22.914539,40.719121],[22.914877,40.719197],[22.915125,40.71925],[22.915736,40.719363],[22.916347,40.719481],[22.916735,40.719562],[22.917063,40.719635],[22.917158,40.719663],[22.917261,40.7197],[22.917362,40.719745],[22.917443,40.719785],[22.917505,40.719821],[22.917573,40.719862],[22.917632,40.719906],[22.917688,40.719951],[22.917722,40.719985],[22.917771,40.720035],[22.917824,40.7201],[22.918162,40.720523],[22.918209,40.72058],[22.918263,40.720641],[22.918406,40.720856],[22.918441,40.720949]]},"properties":{"name":"Χρυσάνθης Κονταξοπούλου"}},{"type":"Feature","geometry":{"type":"LineString","coordinates":[[22.910372,40.718859],[22.910256,40.718859],[22.910223,40.718859],[22.908997,40.718856],[22.908159,40.718854],[22.908133,40.718854],[22.908114,40.718853]]},"properties":{"name":"Χρυσάνθης Κονταξοπούλου"}},{"type":"Feature","geometry":{"type":"LineString","coordinates":[[22.908119,40.718771],[22.908147,40.718774],[22.908183,40.718775],[22.909151,40.718778],[22.910218,40.718776],[22.910332,40.718775],[22.910366,40.718775]]},"properties":{"name":"Χρυσάνθης Κονταξοπούλου"}},{"type":"Feature","geometry":{"type":"LineString","coordinates":[[22.868455,40.679126],[22.868529,40.679214],[22.868544,40.679274],[22.868544,40.679329],[22.86852,40.679451],[22.868488,40.679614],[22.868466,40.679829],[22.868463,40.679952]]},"properties":{"name":"Παλιά Εθνική Θεσσαλονίκης - Κιλκίς"}},{"type":"Feature","geometry":{"type":"LineString","coordinates":[[22.868672,40.679419],[22.868616,40.679591],[22.868576,40.679709],[22.868551,40.679772],[22.868526,40.679831],[22.868463,40.679952],[22.868456,40.680042],[22.868454,40.680108],[22.868455,40.680177],[22.868461,40.680242],[22.868475,40.680339],[22.868498,40.680479],[22.868521,40.680606],[22.86858,40.680846],[22.868624,40.681025],[22.868653,40.68117],[22.868668,40.681265],[22.868674,40.681329],[22.868674,40.681387],[22.868673,40.681429],[22.868657,40.68152],[22.868639,40.681587],[22.868354,40.682415],[22.868274,40.682642],[22.868137,40.683039],[22.867988,40.683441],[22.867977,40.683464],[22.867938,40.683535],[22.867898,40.683597],[22.86787,40.683638],[22.867817,40.683706],[22.867761,40.683773],[22.867349,40.684209],[22.866715,40.684854],[22.866033,40.685583],[22.865937,40.685685],[22.865634,40.686006],[22.865425,40.686229],[22.865346,40.686314],[22.865286,40.686372],[22.865231,40.686422],[22.865169,40.686472],[22.865114,40.686516],[22.865081,40.68654],[22.86503,40.686574],[22.864966,40.686618],[22.86488,40.686669],[22.864776,40.686729],[22.864456,40.686909],[22.864295,40.687005],[22.863806,40.687287],[22.863676,40.687365],[22.863598,40.687416],[22.863467,40.687506],[22.863196,40.687704],[22.862353,40.688325],[22.86161,40.68897],[22.861416,40.689136],[22.860212,40.69017],[22.860103,40.690265],[22.860005,40.690359],[22.859766,40.690602],[22.859119,40.691223],[22.858604,40.691725],[22.858531,40.691799],[22.85849,40.691846],[22.858431,40.691923],[22.858399,40.69197],[22.858358,40.692031],[22.858331,40.692075],[22.857904,40.692829],[22.857715,40.693182],[22.857452,40.693695],[22.85719,40.694146],[22.857055,40.694397],[22.856875,40.694722],[22.856816,40.694835],[22.856702,40.695052]]},"properties":{"name":"Παλιά Εθνική Θεσσαλονίκης - Κιλκίς"}},{"type":"Feature","geometry":{"type":"LineString","coordinates":[[22.846597,40.788966],[22.84644,40.788694],[22.846281,40.788433],[22.846158,40.788221],[22.846101,40.788115],[22.846056,40.788027],[22.846028,40.787954],[22.846,40.787861],[22.845977,40.787755],[22.845968,40.787673],[22.845968,40.787594],[22.846027,40.786604],[22.846151,40.785846],[22.846174,40.785692],[22.846181,40.785608],[22.846182,40.785527],[22.846178,40.785451],[22.846168,40.785386],[22.846135,40.785226],[22.846083,40.784985],[22.846029,40.784772],[22.845985,40.784635],[22.845951,40.784535],[22.845907,40.784433],[22.845865,40.784359],[22.845805,40.784277],[22.84574,40.784191],[22.845374,40.783776],[22.84506,40.783485],[22.844965,40.783422],[22.844862,40.783366],[22.844703,40.78331],[22.844551,40.783286],[22.844389,40.783279],[22.843856,40.783323],[22.843656,40.783341],[22.843521,40.783344],[22.843414,40.783336],[22.841833,40.783041],[22.840934,40.782909],[22.839777,40.782804],[22.839541,40.782763],[22.83933,40.782699],[22.839057,40.782576],[22.838862,40.782464],[22.8387,40.782367],[22.838525,40.7823],[22.838363,40.782296],[22.838152,40.78236],[22.837902,40.78244],[22.837696,40.782485],[22.837537,40.782489],[22.837313,40.782478],[22.836901,40.782451],[22.836266,40.782395],[22.835459,40.782339],[22.835019,40.782303],[22.834663,40.78225],[22.834281,40.782148],[22.833876,40.782001],[22.833407,40.781803],[22.832601,40.781364],[22.831862,40.780965],[22.83038,40.780176],[22.828969,40.779443],[22.828656,40.779236],[22.828432,40.779057],[22.827943,40.778481],[22.8276,40.778022],[22.827402,40.777768],[22.827257,40.777471],[22.827124,40.777135],[22.827093,40.776769],[22.82707,40.776366],[22.827064,40.776049],[22.827572,40.775301],[22.827703,40.775048],[22.827754,40.774844],[22.827819,40.774446],[22.827897,40.773774],[22.827936,40.773276],[22.827978,40.772866],[22.828063,40.772341],[22.828149,40.771934],[22.828189,40.771833],[22.828246,40.771686],[22.828311,40.771506],[22.828482,40.771307],[22.828714,40.770973],[22.828897,40.770672],[22.82912,40.770334],[22.829274,40.770041],[22.829334,40.769814],[22.829317,40.769567],[22.829218,40.769312],[22.829124,40.76901],[22.829033,40.768653],[22.828982,40.768241],[22.828897,40.767955],[22.828802,40.767662],[22.828742,40.767318],[22.828725,40.767116],[22.828751,40.766895],[22.828845,40.766538],[22.828956,40.766261],[22.829188,40.766005],[22.829446,40.765771],[22.82966,40.765543],[22.829772,40.765355],[22.829815,40.765095],[22.829789,40.764821],[22.829738,40.764516],[22.829635,40.764178],[22.829592,40.763807],[22.829557,40.763443],[22.829583,40.763183],[22.829669,40.762839],[22.829775,40.762194],[22.829901,40.761506],[22.829892,40.761226],[22.829901,40.760908],[22.829935,40.760622],[22.830021,40.760258],[22.83009,40.759952],[22.830124,40.759653],[22.830141,40.759302],[22.83009,40.758951],[22.830072,40.758522],[22.830107,40.758184],[22.830184,40.75793],[22.830321,40.757599],[22.830453,40.757342],[22.830564,40.756945],[22.83057,40.756786],[22.830545,40.756565],[22.830399,40.756071],[22.830373,40.755798],[22.830476,40.755492],[22.830649,40.755285],[22.830688,40.755265],[22.830738,40.755249],[22.830781,40.755239],[22.830845,40.755228],[22.830906,40.755223],[22.830995,40.755221],[22.831138,40.755219],[22.83125,40.755217],[22.831304,40.755213],[22.831352,40.755209],[22.831403,40.755203],[22.831462,40.755192],[22.831507,40.755181],[22.831559,40.755165],[22.831607,40.755146],[22.831657,40.755124],[22.831698,40.755102],[22.831743,40.755075],[22.831783,40.755043],[22.831815,40.755016],[22.83185,40.754979],[22.83188,40.754942],[22.831904,40.754906],[22.831922,40.754872],[22.831938,40.754839],[22.831959,40.754787],[22.831973,40.754747],[22.831981,40.754705],[22.831988,40.754663],[22.831991,40.754622],[22.831992,40.754574],[22.831991,40.754531],[22.831987,40.754492],[22.831982,40.754459],[22.831973,40.75442],[22.831963,40.754385],[22.831946,40.754346],[22.831928,40.754308],[22.831902,40.754261],[22.831848,40.754174],[22.831816,40.754118],[22.831801,40.754087],[22.831789,40.75406],[22.831778,40.754024],[22.831767,40.753981],[22.831763,40.753948],[22.831761,40.753905],[22.831761,40.753858],[22.831764,40.753813],[22.831773,40.753762],[22.831783,40.753726],[22.831798,40.753684],[22.831825,40.753615],[22.831861,40.753546],[22.831916,40.753443],[22.832019,40.753269],[22.832113,40.7531],[22.832205,40.752945],[22.832261,40.752837],[22.83231,40.752726],[22.83236,40.752609],[22.832391,40.752522],[22.832414,40.752425],[22.832432,40.752315],[22.832438,40.752251],[22.832443,40.752167],[22.832445,40.752093],[22.832442,40.752045],[22.832431,40.751955],[22.832426,40.751881],[22.832425,40.75182],[22.832429,40.75176],[22.832437,40.751706],[22.832449,40.751657],[22.832468,40.75159],[22.83249,40.751539],[22.832542,40.75145],[22.832586,40.751378],[22.832634,40.751303],[22.832687,40.751222],[22.832748,40.75112],[22.832786,40.751055],[22.832821,40.750993],[22.83285,40.750937],[22.832882,40.750871],[22.832909,40.750809],[22.832926,40.750758],[22.832938,40.75071],[22.832951,40.750658],[22.832961,40.750581],[22.832964,40.750538],[22.832965,40.750488],[22.832963,40.750454],[22.832957,40.750424],[22.832947,40.750394],[22.832937,40.750364],[22.83293,40.750345],[22.832925,40.750332],[22.832906,40.750289],[22.832888,40.750248],[22.832852,40.750182],[22.832783,40.750069],[22.8327,40.749943],[22.832634,40.74984],[22.832574,40.749745],[22.832558,40.749711],[22.832542,40.749676],[22.832528,40.74964],[22.832514,40.749596],[22.832498,40.749545],[22.832481,40.749474],[22.832464,40.749404],[22.83245,40.749322],[22.83244,40.749261],[22.832431,40.749193],[22.832424,40.749148],[22.832418,40.749092],[22.832414,40.749044],[22.832411,40.74898],[22.832414,40.748911],[22.832426,40.748754],[22.832441,40.748663],[22.832467,40.748552],[22.832501,40.748414],[22.832534,40.748275],[22.83269,40.747657],[22.832781,40.747298],[22.832818,40.747151],[22.83298,40.746461],[22.833098,40.746026],[22.833217,40.745589],[22.833294,40.745298],[22.83336,40.745051],[22.833453,40.744737],[22.833566,40.744372],[22.833629,40.744171],[22.833694,40.743982],[22.833728,40.743878],[22.833762,40.743796],[22.833813,40.74371],[22.833861,40.743639],[22.833917,40.743565],[22.833956,40.743517],[22.834033,40.743421],[22.834107,40.743338],[22.834172,40.743264],[22.834241,40.743183],[22.834301,40.74311],[22.834347,40.743046],[22.8344,40.742967],[22.834448,40.742864],[22.834482,40.742793],[22.834505,40.742734],[22.83453,40.74266],[22.834544,40.742594],[22.83455,40.742523],[22.834554,40.742376],[22.834559,40.742056],[22.834543,40.741498],[22.834535,40.74102],[22.83454,40.740635],[22.834543,40.740394],[22.834545,40.740151],[22.834548,40.740011],[22.834547,40.739924],[22.834537,40.739844],[22.834515,40.739733],[22.834448,40.739434],[22.834426,40.739359],[22.834393,40.739256],[22.834372,40.739182],[22.83436,40.739106],[22.834353,40.739028],[22.834347,40.738941],[22.834347,40.738861],[22.834359,40.738767],[22.834382,40.738632],[22.834419,40.738467],[22.834456,40.738314],[22.834528,40.738021],[22.834571,40.737848],[22.834606,40.73768],[22.834639,40.737532],[22.834684,40.737337],[22.834723,40.737173],[22.834753,40.737064],[22.83479,40.736949],[22.834857,40.736765],[22.834907,40.736617],[22.834947,40.736489],[22.834991,40.73633],[22.835025,40.736202],[22.835047,40.736114],[22.835069,40.736024],[22.835095,40.735903],[22.835113,40.735815],[22.835125,40.735731],[22.835134,40.735656],[22.835147,40.735513],[22.835165,40.735369],[22.83518,40.735261],[22.835204,40.735143],[22.835237,40.735012],[22.835275,40.7349],[22.835325,40.734792],[22.835382,40.734683],[22.835441,40.734576],[22.835487,40.734478],[22.835533,40.734364],[22.835558,40.734294],[22.835583,40.734198],[22.835598,40.734122],[22.835607,40.734063],[22.835611,40.734014],[22.835612,40.733955],[22.835607,40.733904],[22.835601,40.733831],[22.835548,40.733499],[22.835531,40.733224],[22.835531,40.733056],[22.835564,40.732894],[22.835625,40.732668],[22.835728,40.732358],[22.835833,40.732007],[22.835845,40.731883],[22.835841,40.731777],[22.835823,40.731698],[22.83579,40.731632],[22.835698,40.731462],[22.835664,40.731363],[22.835659,40.731262],[22.835665,40.731162],[22.83569,40.73106],[22.835747,40.730852],[22.836149,40.729651],[22.836446,40.728723],[22.836575,40.728278],[22.836706,40.727829],[22.836766,40.727639],[22.836786,40.727588],[22.836822,40.727522],[22.836907,40.727406],[22.837472,40.726607],[22.837637,40.726366],[22.837868,40.726031],[22.83804,40.725781],[22.83817,40.725613],[22.838462,40.725271],[22.838771,40.724927],[22.84016,40.723463],[22.840277,40.723332],[22.840463,40.723135],[22.840517,40.723079],[22.840603,40.722994],[22.840775,40.722817],[22.841237,40.722295],[22.841456,40.722024],[22.841567,40.721852],[22.841642,40.721683],[22.841765,40.72126],[22.842003,40.720665],[22.842402,40.719529],[22.842559,40.719086],[22.842608,40.718944],[22.842752,40.718493],[22.84294,40.718005],[22.843176,40.717426],[22.843331,40.717092],[22.843424,40.716893],[22.843447,40.716843],[22.843526,40.716674],[22.843591,40.716545],[22.843629,40.716468],[22.843733,40.716262],[22.843867,40.715976],[22.844071,40.715544],[22.844346,40.71499],[22.844454,40.714712],[22.844684,40.714229],[22.845455,40.712629],[22.845818,40.711868],[22.846125,40.711188],[22.846243,40.710948],[22.846539,40.710374],[22.846621,40.71024],[22.846765,40.710014],[22.847099,40.709551],[22.847295,40.709291],[22.847348,40.709214],[22.848052,40.708339],[22.848062,40.708325],[22.84852,40.707762],[22.848543,40.707733],[22.848791,40.707425],[22.849096,40.707066],[22.849453,40.706618],[22.849585,40.706444],[22.850066,40.705843],[22.850738,40.705005],[22.850938,40.704755],[22.851197,40.704433],[22.851254,40.704362],[22.85146,40.704105],[22.851819,40.703667],[22.851966,40.703486],[22.85236,40.703001],[22.852556,40.70276],[22.85272,40.702569],[22.852928,40.70226],[22.85315,40.701819],[22.85336,40.701422],[22.853451,40.701246],[22.853784,40.700624],[22.853839,40.700521],[22.854591,40.699103],[22.8547,40.698885],[22.854799,40.698686]]},"properties":{"name":"Παλιά Εθνική Θεσσαλονίκης - Κιλκίς"}},{"type":"Feature","geometry":{"type":"LineString","coordinates":[[22.846916,40.789294],[22.84703,40.789361],[22.847169,40.78943],[22.848838,40.790146],[22.849037,40.790234],[22.849396,40.79043],[22.849797,40.790677],[22.849988,40.790838],[22.85015,40.790987],[22.853332,40.794207],[22.853373,40.794243]]},"properties":{"name":"Παλιά Εθνική Θεσσαλονίκης - Κιλκίς"}},{"type":"Feature","geometry":{"type":"LineString","coordinates":[[22.855602,40.796815],[22.855628,40.796841],[22.855649,40.79686],[22.855825,40.797005],[22.85612,40.797198],[22.85797,40.798301],[22.858066,40.798379],[22.858119,40.798443],[22.858145,40.798524],[22.858156,40.798635],[22.858122,40.798799],[22.857555,40.800327],[22.857346,40.800982],[22.857323,40.801059],[22.857299,40.801166],[22.857283,40.801249],[22.857277,40.801315],[22.857272,40.80137],[22.857276,40.801439],[22.857286,40.801504],[22.857307,40.801584],[22.857348,40.801679],[22.857387,40.801757],[22.857447,40.801854],[22.857548,40.802001],[22.857646,40.802134],[22.85772,40.802233],[22.857779,40.802306],[22.857854,40.802393],[22.857968,40.802517],[22.85834,40.802905],[22.858445,40.80308],[22.858504,40.803303],[22.858845,40.805553],[22.858862,40.805633],[22.858894,40.805726],[22.858932,40.805793],[22.858987,40.805863],[22.859064,40.805952],[22.859144,40.806027],[22.859236,40.8061],[22.859386,40.806217],[22.859522,40.806329],[22.859619,40.806421],[22.859773,40.806567],[22.859901,40.806685],[22.860014,40.806792],[22.860179,40.806929],[22.860389,40.807082],[22.860467,40.807143],[22.860523,40.807201],[22.860581,40.807269],[22.860621,40.807329],[22.860649,40.807382],[22.860667,40.807429],[22.860685,40.807497],[22.8607,40.807581],[22.860709,40.807737],[22.860711,40.80779],[22.860723,40.807864],[22.860752,40.80795],[22.860782,40.808025],[22.860834,40.808112],[22.860919,40.80824],[22.8613,40.808808],[22.86141,40.808978],[22.861528,40.809181],[22.861589,40.809294],[22.861653,40.809419],[22.861731,40.809597],[22.861762,40.809671],[22.861776,40.809774],[22.861779,40.80985],[22.861762,40.809921],[22.861736,40.809987],[22.861618,40.81022],[22.861496,40.81046],[22.861455,40.81056],[22.861425,40.810665],[22.861407,40.810779],[22.861406,40.810923],[22.861434,40.811423],[22.861504,40.811679],[22.86162,40.811901],[22.861834,40.81216],[22.862027,40.81238],[22.862262,40.812554],[22.862683,40.812804],[22.863207,40.813133],[22.863492,40.813304],[22.86376,40.813386],[22.86402,40.813396],[22.864318,40.813393],[22.864514,40.813429],[22.864892,40.813601],[22.866092,40.814331],[22.86679,40.814715],[22.866907,40.814782],[22.867173,40.814847],[22.867422,40.814875],[22.867651,40.814871],[22.867842,40.814845],[22.867909,40.814819],[22.867982,40.814791],[22.868329,40.814595],[22.868674,40.814385],[22.869008,40.814164],[22.869691,40.813701],[22.86985,40.813591],[22.870119,40.8135],[22.870456,40.813475],[22.871069,40.813466],[22.871582,40.813515],[22.871896,40.813621],[22.872009,40.813661],[22.872104,40.8137],[22.872203,40.81375],[22.872289,40.813811],[22.872374,40.813879],[22.872438,40.813944],[22.8725,40.814019],[22.872586,40.814136],[22.872632,40.81421],[22.872867,40.814656],[22.872961,40.814847],[22.873171,40.815467],[22.873283,40.815655],[22.873537,40.815926],[22.873913,40.81632],[22.874338,40.816701],[22.874612,40.816975],[22.874986,40.817232],[22.875499,40.817519],[22.876666,40.818081],[22.876772,40.818132],[22.877541,40.818534],[22.877821,40.818725],[22.878407,40.819198],[22.878561,40.819294],[22.878707,40.819385],[22.878876,40.819492],[22.879194,40.81966],[22.879246,40.819689],[22.87963,40.819924],[22.879934,40.820058],[22.880599,40.820246],[22.881,40.820325],[22.881255,40.820341],[22.881672,40.820374],[22.88262,40.820389],[22.883212,40.820413],[22.883498,40.820445],[22.88368,40.820482],[22.883821,40.82054]]},"properties":{"name":"Παλιά Εθνική Θεσσαλονίκης - Κιλκίς"}},{"type":"Feature","geometry":{"type":"LineString","coordinates":[[22.854799,40.698686],[22.854869,40.698488],[22.855286,40.697698],[22.855496,40.697302],[22.855861,40.696617],[22.85652,40.695356],[22.856702,40.695052],[22.856602,40.695379],[22.855938,40.696637],[22.855575,40.697327],[22.855359,40.697723],[22.854935,40.698512],[22.854799,40.698686]]},"properties":{"name":"Παλιά Εθνική Θεσσαλονίκης - Κιλκίς"}},{"type":"Feature","geometry":{"type":"LineString","coordinates":[[22.940746,40.696036],[22.940816,40.69605],[22.940892,40.696064],[22.940979,40.69608],[22.94132,40.696131],[22.94146,40.696144],[22.941615,40.696154],[22.941818,40.696158],[22.942025,40.696158],[22.942175,40.696153],[22.942329,40.696142],[22.942468,40.696129],[22.94273,40.696099],[22.943056,40.696062],[22.943305,40.696038],[22.943447,40.696026],[22.943595,40.696015],[22.943662,40.696012],[22.943784,40.696008],[22.943911,40.696006],[22.944046,40.696009],[22.944188,40.696016],[22.944402,40.696033],[22.94465,40.696056],[22.944907,40.696081],[22.945246,40.696117],[22.945484,40.696144],[22.945683,40.696171],[22.945948,40.696214],[22.946099,40.696246],[22.946266,40.696284]]},"properties":{"name":"Βόρεια παράπλευρη οδός Εγνατίας"}},{"type":"Feature","geometry":{"type":"LineString","coordinates":[[22.948035,40.697299],[22.947958,40.697219],[22.947883,40.697147],[22.947804,40.697075],[22.947752,40.697031],[22.947683,40.696973],[22.947605,40.696909],[22.947505,40.696838],[22.94739,40.696762],[22.94724,40.696667],[22.947143,40.69661],[22.947034,40.696555],[22.946867,40.696477],[22.946728,40.696424],[22.946593,40.696377],[22.946431,40.696329],[22.946266,40.696284]]},"properties":{"name":"Δυτική παράπλευρηΕγνατίας"}},{"type":"Feature","geometry":{"type":"LineString","coordinates":[[22.948035,40.697299],[22.948157,40.697438],[22.94826,40.697577],[22.948327,40.69768],[22.9484,40.697807],[22.948502,40.697983],[22.948723,40.698413],[22.948872,40.698707]]},"properties":{"name":"Δυτική παράπλευρη οδός"}},{"type":"Feature","geometry":{"type":"LineString","coordinates":[[22.958219,40.712441],[22.957715,40.712361],[22.957457,40.712299]]},"properties":{"name":"Δυτική παράπλευρη οδός"}},{"type":"Feature","geometry":{"type":"LineString","coordinates":[[22.948872,40.698707],[22.949053,40.699064],[22.949271,40.699497],[22.949444,40.699855],[22.94965,40.700275],[22.949919,40.700767],[22.950158,40.701199],[22.950428,40.701738],[22.950614,40.702094],[22.950767,40.702377],[22.951089,40.703048],[22.951181,40.703235],[22.951193,40.703259],[22.9513,40.703475],[22.951445,40.7038],[22.951622,40.704184],[22.951877,40.704727],[22.952014,40.705008],[22.952159,40.705317],[22.95233,40.705671],[22.952454,40.705886],[22.952572,40.706071],[22.952662,40.706201],[22.952803,40.706384],[22.952985,40.706608],[22.953157,40.70678],[22.953328,40.706962],[22.953545,40.7072],[22.953701,40.707346],[22.954251,40.707972],[22.954626,40.708326],[22.955313,40.709048],[22.95542,40.709169],[22.955659,40.709424],[22.95599,40.709773],[22.956207,40.70998],[22.956302,40.710093],[22.956376,40.7102],[22.956405,40.710269],[22.956431,40.710335],[22.956451,40.710409],[22.956459,40.710473],[22.956463,40.71055],[22.956458,40.710675],[22.956455,40.710737]]},"properties":{"name":"Δυτική παράπλευρη Εγνατίας"}},{"type":"Feature","geometry":{"type":"LineString","coordinates":[[22.967717,40.7192],[22.967869,40.719243],[22.968044,40.719305],[22.968255,40.719376],[22.968443,40.719468],[22.968629,40.719589],[22.968907,40.719787],[22.969361,40.720124],[22.969724,40.720392],[22.969861,40.720504],[22.970063,40.720656],[22.97024,40.72077],[22.970449,40.720886],[22.970623,40.720965],[22.970832,40.721061],[22.971103,40.721163],[22.971489,40.721311],[22.972139,40.721555],[22.972517,40.721701],[22.972691,40.721805],[22.972868,40.721927],[22.973072,40.722126],[22.973371,40.722371],[22.97345,40.722426]]},"properties":{"name":"Δυτική παράπλευρη Εγνατίας"}},{"type":"Feature","geometry":{"type":"LineString","coordinates":[[22.956668,40.711817],[22.956725,40.711878],[22.956802,40.711962],[22.956915,40.71205],[22.957007,40.712104],[22.957122,40.712153],[22.957269,40.7122],[22.957541,40.712269],[22.957743,40.712312],[22.958219,40.712441]]},"properties":{"name":"Δυτική παράπλευρη Εγνατίας"}},{"type":"Feature","geometry":{"type":"LineString","coordinates":[[22.9565,40.711525],[22.956484,40.711443],[22.956476,40.711381],[22.956475,40.711073],[22.956485,40.710902],[22.956455,40.710737],[22.956417,40.710906],[22.956406,40.711064],[22.956407,40.711372],[22.956416,40.711449],[22.95643,40.711525],[22.956465,40.711643],[22.956509,40.711724],[22.956558,40.711791],[22.956612,40.711849],[22.956668,40.71191],[22.956747,40.711995],[22.956869,40.712089],[22.95693,40.712125],[22.956969,40.712149],[22.957006,40.712164],[22.957094,40.712202],[22.957242,40.712248],[22.957457,40.712299]]},"properties":{"name":"Δυτική παράπλευρη Εγνατίας"}},{"type":"Feature","geometry":{"type":"LineString","coordinates":[[22.892746,40.709407],[22.892909,40.709405],[22.893131,40.709377],[22.89465,40.709266],[22.894858,40.709242],[22.895138,40.709201],[22.895385,40.709148],[22.895547,40.709104],[22.895667,40.709034],[22.895667,40.708891],[22.895611,40.70874],[22.894565,40.706818],[22.893649,40.705085],[22.892906,40.703496],[22.892841,40.703364],[22.892758,40.703203],[22.892727,40.703143],[22.892716,40.703108],[22.892711,40.703069],[22.892712,40.703037],[22.892719,40.703009],[22.89273,40.702985],[22.892745,40.70296],[22.892775,40.702931]]},"properties":{"name":"Γκιόλας"}},{"type":"Feature","geometry":{"type":"LineString","coordinates":[[22.858496,40.697341],[22.859093,40.697348],[22.859257,40.697346],[22.859438,40.697342],[22.860133,40.697314],[22.860637,40.697268],[22.861611,40.697236],[22.861807,40.697227],[22.861906,40.697224],[22.863363,40.697195],[22.86425,40.697188],[22.864797,40.697187],[22.86521,40.69718],[22.865717,40.697166],[22.866051,40.697156],[22.867313,40.697108],[22.867844,40.697081],[22.868262,40.697068],[22.868415,40.697061],[22.869802,40.697027]]},"properties":{"name":"Βόρεια παράπλευρη Εγνατίας"}},{"type":"Feature","geometry":{"type":"LineString","coordinates":[[22.940645,40.696011],[22.940469,40.695964],[22.940429,40.695953],[22.939418,40.695726],[22.9385,40.695545],[22.937924,40.695463],[22.937266,40.695423],[22.937081,40.695421],[22.937022,40.695423],[22.936647,40.695434],[22.936098,40.695452],[22.935736,40.695459],[22.935283,40.695466],[22.934654,40.69548],[22.932911,40.695526],[22.932741,40.695532],[22.932597,40.695532]]},"properties":{"name":"Βόρεια παράπλευρη Εγνατίας"}},{"type":"Feature","geometry":{"type":"LineString","coordinates":[[22.871127,40.697954],[22.871073,40.697897],[22.871041,40.697864],[22.870525,40.697532],[22.869802,40.697027]]},"properties":{"name":"Μακεδονομάχου Παπανικολάου"}},{"type":"Feature","geometry":{"type":"LineString","coordinates":[[22.927417,40.690003],[22.927363,40.690004],[22.927308,40.690005],[22.926948,40.69001],[22.92515,40.690038],[22.924363,40.69005],[22.923835,40.690059],[22.922727,40.690086],[22.92118,40.690123],[22.920731,40.690136],[22.920694,40.690137],[22.920354,40.690146],[22.91825,40.690213],[22.918087,40.690219],[22.916868,40.69026],[22.916862,40.69026],[22.916823,40.690262],[22.916471,40.690281],[22.916081,40.690301],[22.915646,40.690315],[22.914792,40.690328],[22.914123,40.690342],[22.913785,40.690351],[22.913664,40.690355],[22.913568,40.690361],[22.913505,40.690366],[22.913421,40.690377],[22.913341,40.690392]]},"properties":{"name":"Εσπερίδων"}},{"type":"Feature","geometry":{"type":"LineString","coordinates":[[22.913341,40.690392],[22.913333,40.691373],[22.913332,40.691507],[22.913328,40.691884],[22.913329,40.69244],[22.913329,40.692732],[22.913332,40.69452],[22.913324,40.695374]]},"properties":{"name":"Ηλιουπόλεως"}},{"type":"Feature","geometry":{"type":"LineString","coordinates":[[22.908023,40.693913],[22.908086,40.693957],[22.908214,40.694032],[22.90835,40.694097],[22.908907,40.69437],[22.909095,40.694474],[22.90924,40.694578],[22.90935,40.694688],[22.90943,40.694797],[22.909518,40.69493],[22.909576,40.695087],[22.909615,40.695271],[22.909622,40.69541],[22.909638,40.696177],[22.90963,40.69664],[22.909591,40.697142],[22.909571,40.697249],[22.909529,40.697448],[22.9095,40.697602],[22.90945,40.69787],[22.909413,40.69812],[22.909386,40.698364],[22.909349,40.698688],[22.909321,40.699128],[22.909321,40.699242],[22.909305,40.699798],[22.909305,40.699982],[22.909295,40.700282],[22.909287,40.700683],[22.909293,40.701155],[22.909264,40.702244],[22.909264,40.702289]]},"properties":{"name":"Ευόσμου"}},{"type":"Feature","geometry":{"type":"LineString","coordinates":[[22.875179,40.733641],[22.875217,40.733634],[22.875259,40.733619],[22.875297,40.733597],[22.875342,40.73356],[22.8754,40.733513],[22.875744,40.73323],[22.8759,40.733077],[22.876008,40.73295],[22.87611,40.732824],[22.876431,40.732443],[22.876821,40.731993],[22.876945,40.731867],[22.877036,40.731741],[22.877111,40.731614],[22.877148,40.731546],[22.87727,40.731277],[22.877339,40.731123],[22.877428,40.73097],[22.87758,40.730751],[22.877654,40.730652],[22.877746,40.730557],[22.877987,40.730374],[22.878411,40.730067],[22.878438,40.730048],[22.878527,40.729985],[22.878576,40.729951],[22.879194,40.729528],[22.879408,40.729365],[22.879537,40.729216],[22.87964,40.729046],[22.879717,40.728864],[22.879765,40.728606],[22.879782,40.72849],[22.879807,40.728306],[22.879835,40.728079],[22.879886,40.727594],[22.879932,40.72738],[22.879996,40.727169],[22.880116,40.726832],[22.880285,40.726445],[22.880367,40.726275],[22.880545,40.726004],[22.880772,40.725677],[22.881234,40.725101],[22.881482,40.724804],[22.881536,40.724734],[22.881702,40.724612],[22.88186,40.724502],[22.882009,40.724438],[22.882237,40.72438],[22.882336,40.724364],[22.88249,40.724357],[22.882629,40.724353],[22.882873,40.724392],[22.883099,40.724466],[22.88344,40.724629],[22.884096,40.724944],[22.884671,40.72522],[22.885115,40.725426],[22.885359,40.725515],[22.885614,40.72557],[22.885843,40.725571],[22.886121,40.725532],[22.88637,40.725459],[22.886529,40.725407],[22.88663,40.725375],[22.887491,40.725073],[22.889826,40.724252],[22.890441,40.724027],[22.890869,40.72386],[22.891169,40.723719],[22.891638,40.723468],[22.892336,40.723083],[22.892476,40.723006],[22.892678,40.722893],[22.892905,40.722768],[22.893812,40.722249],[22.894304,40.721971],[22.89465,40.72181],[22.895096,40.721635],[22.895489,40.721491],[22.895676,40.721429],[22.895887,40.721364],[22.896012,40.721329],[22.89615,40.721294],[22.896277,40.721266],[22.896412,40.721242],[22.896565,40.721223],[22.896707,40.721207],[22.896865,40.721198],[22.897021,40.721196],[22.897187,40.721199],[22.897372,40.721205],[22.897635,40.72122],[22.897751,40.721225],[22.897872,40.721228],[22.898046,40.721229],[22.898201,40.72123],[22.898405,40.721223],[22.89855,40.721217],[22.898695,40.721204],[22.898793,40.721191],[22.899021,40.721155],[22.899466,40.721084],[22.89961,40.721063],[22.89972,40.721048],[22.899831,40.721039],[22.899933,40.721032],[22.90007,40.721026],[22.900199,40.721023],[22.900357,40.721019],[22.900491,40.721017],[22.900755,40.721016]]},"properties":{"name":"Νεοχωρούδα - Παλαιόκαστρο"}},{"type":"Feature","geometry":{"type":"LineString","coordinates":[[22.925475,40.658293],[22.925447,40.658315],[22.925416,40.658339],[22.925251,40.658448],[22.924485,40.65893],[22.923883,40.659309],[22.923753,40.65939],[22.923598,40.659483],[22.923273,40.659678],[22.923015,40.659833],[22.92268,40.660038],[22.922401,40.660214],[22.922359,40.660237],[22.922298,40.660269],[22.922256,40.660287],[22.922209,40.660305],[22.922171,40.660319],[22.922052,40.660358],[22.921584,40.660516],[22.921078,40.66069],[22.920744,40.660803],[22.920668,40.660827],[22.920315,40.660941],[22.920041,40.661026],[22.919784,40.661107],[22.919563,40.661182]]},"properties":{"name":"28η Οκτωβρίου"}},{"type":"Feature","geometry":{"type":"LineString","coordinates":[[22.919496,40.661077],[22.919763,40.661002],[22.919904,40.660959],[22.920105,40.660897],[22.920394,40.660803],[22.920626,40.660726],[22.92075,40.660682],[22.920955,40.660606],[22.921074,40.660565],[22.921354,40.660471],[22.921622,40.660385],[22.921764,40.660341],[22.921843,40.660315],[22.921954,40.660279],[22.921994,40.660266],[22.922043,40.660248],[22.922134,40.660212],[22.922291,40.660133],[22.922399,40.660077],[22.922513,40.660017],[22.922577,40.659982],[22.922714,40.659899],[22.923118,40.659658],[22.923497,40.659435],[22.923772,40.659257],[22.92439,40.658864],[22.924403,40.658856],[22.924649,40.658705],[22.924896,40.658553],[22.925174,40.658373],[22.925418,40.658216]]},"properties":{"name":"28η Οκτωβρίου"}},{"type":"Feature","geometry":{"type":"LineString","coordinates":[[23.063166,40.624616],[23.063397,40.624828],[23.063539,40.624941],[23.063833,40.625174],[23.063919,40.625238],[23.063966,40.62527],[23.064024,40.625308],[23.064129,40.625368],[23.064188,40.625399],[23.064229,40.62542],[23.064264,40.625433],[23.064381,40.625478],[23.064446,40.625498],[23.064546,40.625525],[23.064711,40.625565],[23.064758,40.625577],[23.064788,40.625586],[23.064806,40.625592],[23.064824,40.6256],[23.064839,40.625611],[23.064861,40.625629]]},"properties":{"name":"Πανοράματος - Χορτιάτη"}},{"type":"Feature","geometry":{"type":"LineString","coordinates":[[23.062958,40.624345],[23.062943,40.624304],[23.062933,40.624271],[23.062922,40.624235],[23.062906,40.624158],[23.062906,40.624099],[23.062909,40.624013],[23.062916,40.623946],[23.06293,40.623884],[23.062951,40.623825],[23.062972,40.623781],[23.063021,40.623693],[23.063069,40.623632],[23.063119,40.623581],[23.063216,40.623493],[23.063314,40.623414],[23.063525,40.623254],[23.063678,40.623129],[23.063778,40.623024],[23.063845,40.622949],[23.06401,40.62277],[23.064339,40.622384],[23.064524,40.622133],[23.064709,40.621887],[23.064816,40.621697],[23.06486,40.621619],[23.064922,40.621506],[23.065031,40.621263],[23.065092,40.62112],[23.065115,40.620921],[23.065122,40.620786],[23.065126,40.620694],[23.06511,40.62059],[23.065093,40.620466],[23.065067,40.620338],[23.065009,40.620167],[23.064963,40.620003],[23.064904,40.61987],[23.064799,40.619714],[23.064663,40.619509],[23.064518,40.61933],[23.06436,40.619125],[23.064019,40.618723],[23.063684,40.618327],[23.063424,40.618026],[23.063262,40.617859],[23.063157,40.617785],[23.063055,40.617711],[23.062974,40.617667],[23.062902,40.617639],[23.062785,40.617605],[23.062668,40.617582],[23.062488,40.617572],[23.062125,40.617548],[23.061732,40.617528],[23.061588,40.617516],[23.06146,40.617504],[23.061356,40.617479],[23.061258,40.617447],[23.061165,40.617395],[23.061039,40.617288],[23.060975,40.617215],[23.060943,40.617169],[23.060898,40.61707],[23.060897,40.617001],[23.060899,40.616927],[23.060926,40.616824],[23.060972,40.616724],[23.061187,40.616336],[23.061246,40.616229],[23.061281,40.616155],[23.061328,40.616052],[23.06135,40.615973],[23.061382,40.615895],[23.061402,40.615828],[23.061409,40.615766],[23.061401,40.6157],[23.061383,40.61563],[23.061363,40.615555],[23.061303,40.615457],[23.061253,40.615416],[23.061155,40.615343],[23.061032,40.61527],[23.060789,40.615187],[23.060536,40.615093],[23.060335,40.615021],[23.060235,40.614964],[23.060215,40.614951],[23.060145,40.614906],[23.060073,40.614835],[23.060018,40.614755],[23.059989,40.61468],[23.059971,40.614614],[23.059962,40.614537],[23.059966,40.614468],[23.05999,40.614401],[23.060062,40.614165],[23.060168,40.613834],[23.060197,40.613738],[23.060221,40.613659],[23.060236,40.61357],[23.06023,40.613434],[23.06017,40.613309],[23.060079,40.613228],[23.059966,40.613154],[23.059824,40.6131],[23.059616,40.613091],[23.059447,40.6131],[23.059133,40.613116],[23.05889,40.613119],[23.058728,40.613114],[23.05862,40.6131],[23.058502,40.613064],[23.058408,40.613023],[23.058345,40.612983],[23.058283,40.612922],[23.058229,40.61284],[23.058198,40.612775],[23.058185,40.612718],[23.058175,40.612386],[23.05817,40.6123],[23.058168,40.612262],[23.058161,40.612147],[23.058146,40.61206],[23.058105,40.611968],[23.058052,40.611892],[23.057989,40.611825],[23.057919,40.611781],[23.057799,40.61173],[23.057584,40.611684],[23.057431,40.611703],[23.057176,40.611738],[23.056925,40.611797],[23.056784,40.611826],[23.056663,40.611839],[23.056578,40.611843],[23.056498,40.611845],[23.056389,40.611843],[23.056279,40.611819],[23.056214,40.611798],[23.056164,40.611776],[23.056102,40.611737],[23.056057,40.61169],[23.05603,40.61165],[23.056001,40.611603],[23.055988,40.611547],[23.055987,40.611498],[23.055992,40.611434],[23.055998,40.611375],[23.056013,40.611279],[23.056066,40.610973],[23.056082,40.610864],[23.056092,40.610766],[23.05609,40.610707],[23.056082,40.610626],[23.056068,40.610577],[23.056045,40.610526],[23.056011,40.610472],[23.055972,40.610422],[23.055935,40.610383],[23.055905,40.610358],[23.055864,40.61033],[23.055809,40.610298],[23.055755,40.610271],[23.055634,40.610221],[23.055407,40.610136],[23.055228,40.610062],[23.055113,40.610011],[23.055036,40.609969],[23.054977,40.609933],[23.054941,40.609904],[23.054892,40.609857],[23.05486,40.60982],[23.054819,40.609758],[23.054784,40.609693],[23.054769,40.609655],[23.054761,40.609631],[23.054757,40.609607],[23.054753,40.609569],[23.054751,40.609517],[23.054751,40.609453],[23.054749,40.609276],[23.054753,40.608999],[23.054753,40.6088],[23.054751,40.608718],[23.054747,40.608668],[23.054742,40.608628],[23.054735,40.608591],[23.054727,40.608561],[23.054717,40.608532],[23.054703,40.608503],[23.054685,40.608472],[23.054668,40.608446],[23.054655,40.608428],[23.054636,40.608402],[23.054616,40.60838],[23.054593,40.608358],[23.054569,40.608339],[23.054539,40.608318],[23.054487,40.608288],[23.05443,40.608262],[23.054374,40.608242],[23.054303,40.608222],[23.054232,40.608207],[23.054162,40.608199],[23.0541,40.608198],[23.053995,40.608201],[23.05387,40.608216],[23.053697,40.608243],[23.053645,40.608251],[23.053474,40.608279],[23.053232,40.608317],[23.053023,40.608349],[23.052886,40.60837],[23.052769,40.608387],[23.052665,40.6084],[23.052594,40.608405],[23.052542,40.608406],[23.052515,40.608406],[23.052486,40.608406],[23.05244,40.608405],[23.052388,40.608401],[23.052332,40.608394],[23.052273,40.608383],[23.052226,40.608373],[23.052185,40.60836],[23.052146,40.608344],[23.052112,40.608329],[23.052082,40.608313],[23.052039,40.60829],[23.052007,40.608264],[23.051978,40.60824],[23.051941,40.608198],[23.051914,40.608167],[23.051885,40.608128],[23.051865,40.608098],[23.051852,40.608064],[23.051825,40.607997],[23.051785,40.607888],[23.051746,40.607709],[23.051661,40.607441],[23.051568,40.607112],[23.051465,40.606705],[23.051441,40.606601],[23.051391,40.606407],[23.051308,40.606132],[23.05128,40.605928],[23.051225,40.605758],[23.051202,40.605678],[23.051169,40.605535],[23.051137,40.605415],[23.051076,40.605271],[23.05103,40.605145],[23.050987,40.605036],[23.050941,40.604935],[23.050887,40.604805],[23.050831,40.604681],[23.050659,40.604339],[23.05052,40.604081],[23.050383,40.603838],[23.050276,40.603661],[23.050215,40.603567],[23.050157,40.603485],[23.050094,40.603405],[23.050026,40.603329],[23.049945,40.603243],[23.049862,40.603163],[23.049782,40.603087],[23.049679,40.602984],[23.049622,40.602922],[23.049581,40.602876],[23.049551,40.60284],[23.049511,40.602792],[23.049462,40.602727],[23.049416,40.602663],[23.049371,40.602592],[23.049326,40.602518],[23.049276,40.602431],[23.049232,40.602342],[23.0492,40.602266],[23.049159,40.602158],[23.049132,40.602069],[23.049103,40.601961],[23.049062,40.60179],[23.049027,40.601637],[23.048971,40.601374],[23.048928,40.601158],[23.048892,40.600992],[23.048862,40.600875],[23.048825,40.600729],[23.048762,40.600495],[23.048696,40.600263],[23.048609,40.599946],[23.048551,40.599747],[23.048494,40.599546],[23.048411,40.599264],[23.048374,40.599136],[23.048327,40.598987],[23.048283,40.598878],[23.048176,40.598644],[23.048091,40.598464],[23.048015,40.598313],[23.047976,40.59823],[23.047931,40.598136],[23.047866,40.597999],[23.047825,40.597904],[23.047788,40.597817],[23.04776,40.597739],[23.047739,40.597672],[23.047719,40.597602],[23.047709,40.597543],[23.047704,40.59747],[23.047707,40.597383],[23.04771,40.597286],[23.047718,40.597188],[23.047728,40.597039],[23.047736,40.596868],[23.047731,40.596728],[23.04772,40.596615],[23.047704,40.596512],[23.047678,40.596405],[23.047652,40.596317],[23.047616,40.596213],[23.047572,40.596108],[23.047524,40.595999],[23.047474,40.595908],[23.047432,40.595839],[23.047377,40.595754],[23.047307,40.595656],[23.047118,40.595414],[23.046846,40.595083],[23.046636,40.594836],[23.046537,40.594722],[23.046452,40.594616],[23.046388,40.59453],[23.046324,40.594435],[23.046272,40.594357],[23.046214,40.594271],[23.046173,40.594209],[23.046128,40.594132],[23.046099,40.59408],[23.046068,40.594022],[23.04599,40.593871],[23.045939,40.593777],[23.045886,40.593674],[23.045808,40.593522],[23.045773,40.593453],[23.045737,40.593388],[23.045701,40.593329],[23.045674,40.593286],[23.045645,40.593247],[23.045619,40.593216],[23.045598,40.59319],[23.045567,40.593161],[23.045543,40.593138],[23.045519,40.59312],[23.045479,40.593091],[23.045422,40.593054],[23.045351,40.593013],[23.04526,40.592967],[23.045184,40.59293],[23.045091,40.592881],[23.045018,40.59284],[23.044926,40.592785],[23.044645,40.592607],[23.044344,40.592407],[23.044224,40.59234],[23.044143,40.592295],[23.044069,40.592259],[23.043979,40.592217],[23.043848,40.592167],[23.043759,40.592136],[23.043703,40.59212],[23.043628,40.592105],[23.043545,40.592092],[23.043477,40.592088],[23.0434,40.592091],[23.043327,40.592101]]},"properties":{"name":"Πανοράματος - Χορτιάτη"}},{"type":"Feature","geometry":{"type":"LineString","coordinates":[[23.063833,40.625174],[23.063882,40.625251],[23.063913,40.625305],[23.063928,40.625338],[23.063947,40.625382],[23.063959,40.625416],[23.063968,40.625446],[23.06398,40.62549],[23.06399,40.625541],[23.063996,40.62557],[23.064001,40.625601],[23.06401,40.625671],[23.064022,40.625756]]},"properties":{"name":"Πανόραμα - Εξοχή"}},{"type":"Feature","geometry":{"type":"LineString","coordinates":[[23.059147,40.62647],[23.059367,40.626436],[23.059728,40.626388],[23.060016,40.626348],[23.060323,40.626304],[23.060953,40.626207],[23.061925,40.626067],[23.062165,40.626032],[23.062478,40.625987],[23.062973,40.625911],[23.063377,40.625854],[23.064022,40.625756],[23.064416,40.625695],[23.064758,40.625643],[23.064861,40.625629],[23.065614,40.625527],[23.066233,40.62544],[23.066642,40.625377],[23.067046,40.625311],[23.067137,40.625296],[23.067211,40.625284],[23.067698,40.625214],[23.068242,40.625123],[23.068363,40.625103],[23.069014,40.624998],[23.06933,40.624949],[23.069635,40.624897],[23.06993,40.624841],[23.0702,40.624786],[23.070299,40.624763],[23.070387,40.62474],[23.070563,40.624686],[23.070867,40.62458],[23.071298,40.624422],[23.072054,40.624147],[23.072629,40.623939],[23.073434,40.623649],[23.073698,40.623554],[23.073884,40.623486],[23.074931,40.623101],[23.075269,40.622974],[23.075928,40.622735],[23.076272,40.62261],[23.076465,40.62254],[23.077763,40.622069],[23.078899,40.621656],[23.082053,40.620513],[23.082922,40.620198],[23.084644,40.619568],[23.085994,40.619076],[23.086453,40.618908],[23.086897,40.618746],[23.087521,40.618519],[23.087613,40.618488],[23.087931,40.618384],[23.08837,40.61824],[23.088592,40.618167],[23.088844,40.618091],[23.089097,40.618015],[23.089347,40.617936],[23.089377,40.617926],[23.089418,40.617913],[23.090054,40.617741],[23.090375,40.617649],[23.090753,40.617547],[23.091025,40.617491],[23.091349,40.61743],[23.091602,40.6174],[23.092026,40.617343],[23.092289,40.617308],[23.092408,40.617291],[23.092866,40.617222],[23.093046,40.617184],[23.093186,40.617154],[23.093401,40.617072],[23.093771,40.616943],[23.094158,40.616762],[23.094447,40.616636],[23.094579,40.616579],[23.095032,40.616394]]},"properties":{"name":"Θεσσαλονίκης - Χορτιάτη"}},{"type":"Feature","geometry":{"type":"LineString","coordinates":[[23.059147,40.62647],[23.058868,40.626511],[23.058629,40.62655],[23.058142,40.626627],[23.057955,40.626657],[23.057622,40.626708],[23.057565,40.626716],[23.057215,40.626764],[23.057031,40.626789],[23.056599,40.626849],[23.055933,40.626943],[23.055715,40.62697],[23.055411,40.627011],[23.055249,40.627028],[23.05501,40.627063],[23.054991,40.627066],[23.054836,40.627092],[23.054747,40.627107],[23.054585,40.627139],[23.054278,40.627205],[23.054031,40.627264],[23.053875,40.627301],[23.053759,40.627328],[23.053383,40.627413],[23.053158,40.627462],[23.052861,40.627532],[23.052738,40.627558],[23.052529,40.627612],[23.051968,40.627742],[23.051937,40.627749],[23.051907,40.627756],[23.050819,40.628007],[23.050625,40.628051],[23.049997,40.628195],[23.049792,40.628243],[23.049668,40.628268],[23.049561,40.628293],[23.048572,40.628531],[23.04806,40.628641],[23.047865,40.628684],[23.047699,40.628728],[23.047574,40.628762],[23.047493,40.628789],[23.047427,40.628813],[23.047214,40.628887],[23.047005,40.628972],[23.046769,40.629077],[23.046541,40.629187],[23.046353,40.629274],[23.046185,40.629327],[23.045849,40.629424],[23.045534,40.629504],[23.04534,40.629553],[23.045025,40.629639],[23.044717,40.629722],[23.044293,40.629815],[23.044249,40.629826],[23.044184,40.629841],[23.043915,40.629908],[23.043832,40.629935],[23.043785,40.629956],[23.04361,40.630026],[23.043099,40.630324],[23.042836,40.630503],[23.042359,40.630824],[23.041972,40.631073],[23.04178,40.631184],[23.041412,40.631353],[23.041112,40.631496],[23.040962,40.631562],[23.040853,40.631609],[23.040653,40.631694],[23.040477,40.631775],[23.040343,40.631817],[23.040254,40.631843],[23.040153,40.63187],[23.040134,40.631873],[23.039923,40.631913],[23.039747,40.631946],[23.039569,40.631973],[23.039441,40.631987],[23.039368,40.63201],[23.039298,40.632034],[23.03917,40.632097],[23.039061,40.632184],[23.038951,40.632301],[23.038823,40.63243],[23.038755,40.632514],[23.038697,40.632599],[23.03866,40.632698],[23.038642,40.632771],[23.038642,40.632889],[23.038645,40.632968],[23.038649,40.633067],[23.038656,40.633114],[23.038653,40.633199],[23.038653,40.633285],[23.038651,40.633355],[23.03865,40.63338],[23.038612,40.633485],[23.038557,40.633629],[23.038484,40.633813],[23.038481,40.633821],[23.038379,40.634056],[23.038309,40.634289],[23.038258,40.634444],[23.038251,40.634482],[23.038184,40.634627],[23.038085,40.634751],[23.037917,40.634939],[23.037615,40.635267],[23.037424,40.635481],[23.037139,40.63582],[23.037021,40.63597]]},"properties":{"name":"Παπανικολάου"}},{"type":"Feature","geometry":{"type":"LineString","coordinates":[[23.007265,40.647094],[23.007091,40.647183],[23.006955,40.647278],[23.006758,40.647452],[23.00656,40.647631],[23.006428,40.647748],[23.006319,40.647845],[23.006227,40.647927],[23.006184,40.647964],[23.006119,40.648013],[23.005991,40.648111],[23.005894,40.648176],[23.005751,40.648262],[23.005614,40.64834],[23.005447,40.648427],[23.004998,40.648654],[23.004579,40.64886],[23.004447,40.648929],[23.004386,40.648958],[23.003936,40.64919],[23.003765,40.649276],[23.002835,40.649733],[23.002734,40.64978],[23.002647,40.649816],[23.002562,40.649849],[23.002454,40.649888],[23.002376,40.649912],[23.002279,40.649937],[23.002127,40.649972],[23.002017,40.649995],[23.001802,40.650035],[23.001451,40.6501],[23.001237,40.650142],[23.001067,40.650179],[23.000833,40.650245],[23.000773,40.650266],[23.000654,40.650313],[23.000499,40.650383],[23.000138,40.650568],[22.999537,40.650872],[22.99921,40.651046],[22.999026,40.651156],[22.998795,40.651312],[22.99858,40.651475],[22.998253,40.651731],[22.998103,40.651846],[22.997937,40.651968],[22.997814,40.652054],[22.997679,40.652143],[22.997569,40.652211],[22.997481,40.65226],[22.997399,40.652302],[22.99733,40.652335],[22.99717,40.652402],[22.996972,40.652475],[22.996299,40.652724],[22.995879,40.652883],[22.995501,40.653031],[22.994818,40.653286],[22.994672,40.653347],[22.994564,40.653392],[22.994476,40.653429],[22.994335,40.653483],[22.994245,40.653521],[22.994018,40.653617],[22.993926,40.653655],[22.993205,40.653953],[22.993099,40.653998],[22.99294,40.654068],[22.992784,40.654155],[22.992672,40.654233],[22.992604,40.654292],[22.992537,40.65436],[22.992487,40.654423],[22.992341,40.654647],[22.992317,40.654685],[22.992252,40.654793],[22.992079,40.65508],[22.991958,40.655291],[22.991816,40.655539],[22.991707,40.65572],[22.991685,40.655759],[22.991653,40.655816],[22.99161,40.65589],[22.991563,40.655967],[22.991499,40.656068],[22.991478,40.6561],[22.991451,40.656138],[22.991419,40.656179],[22.991373,40.656235],[22.991337,40.656275],[22.991303,40.656307],[22.991286,40.656323],[22.991275,40.656332],[22.991264,40.656341],[22.991205,40.656382],[22.991185,40.656394],[22.99116,40.656409],[22.991119,40.656433],[22.991073,40.656457],[22.991026,40.656479],[22.990888,40.656523],[22.990813,40.656542],[22.990665,40.656571],[22.990552,40.656592],[22.99038,40.656622],[22.99022,40.656646],[22.990108,40.656662],[22.989574,40.656749],[22.9893,40.656797],[22.988638,40.656913],[22.988525,40.656931],[22.986951,40.657187],[22.986427,40.657271],[22.985212,40.657469],[22.98495,40.657516],[22.984878,40.657531],[22.98481,40.657544],[22.984749,40.657559],[22.984685,40.657577],[22.984592,40.657608],[22.984535,40.657629],[22.984463,40.657659],[22.984403,40.657688],[22.984278,40.657745],[22.984122,40.657833],[22.983463,40.658266],[22.983364,40.658342],[22.983261,40.658419],[22.983097,40.658583],[22.982946,40.658697],[22.982735,40.658858],[22.982261,40.659232],[22.982018,40.659429],[22.981695,40.659684],[22.981482,40.659855],[22.981431,40.659894],[22.981357,40.65995],[22.981261,40.660023],[22.981179,40.660088],[22.98106,40.660183],[22.980935,40.660285],[22.980896,40.660314],[22.980835,40.66036],[22.980774,40.660402],[22.98072,40.660436],[22.980677,40.66046],[22.980629,40.660482],[22.980585,40.660501],[22.98055,40.660511],[22.980514,40.66052],[22.980477,40.660527],[22.980433,40.660533],[22.980391,40.660536],[22.980369,40.660536],[22.980325,40.660535],[22.980293,40.660533],[22.980256,40.660529],[22.980222,40.660522],[22.980179,40.660513],[22.980113,40.660493],[22.980032,40.660467],[22.979935,40.660433],[22.979814,40.660388],[22.979725,40.660351],[22.979653,40.660315],[22.979595,40.660283],[22.979542,40.660248],[22.979503,40.660218],[22.979464,40.660185],[22.979433,40.660151],[22.979399,40.660109],[22.979373,40.660074],[22.979346,40.660029],[22.979319,40.659971],[22.979288,40.659907],[22.979276,40.659878],[22.979258,40.659837],[22.979226,40.659758],[22.979204,40.659702],[22.979175,40.659623],[22.979138,40.659517],[22.979123,40.659473],[22.979101,40.659416],[22.979082,40.659376],[22.979047,40.65931],[22.979017,40.659263],[22.97899,40.659226],[22.978977,40.659209],[22.97894,40.659167],[22.978915,40.659143],[22.978884,40.659117],[22.978853,40.659093],[22.97882,40.659072],[22.978787,40.659054],[22.978744,40.659035],[22.978714,40.659021],[22.97867,40.659003],[22.97862,40.658984],[22.978552,40.658961],[22.978471,40.658938],[22.978381,40.658914],[22.978297,40.658891],[22.978207,40.658868],[22.978138,40.658851],[22.978056,40.658833],[22.977986,40.658823],[22.977932,40.658818],[22.977869,40.658817],[22.977808,40.658819],[22.977763,40.658822],[22.977713,40.658829],[22.977663,40.658839],[22.977609,40.658853],[22.977538,40.658875],[22.977462,40.658903],[22.977423,40.658919],[22.977365,40.658943],[22.977286,40.658978],[22.977223,40.659009],[22.97716,40.659041],[22.977062,40.659095],[22.976901,40.659179],[22.97682,40.659222],[22.976776,40.659243],[22.976725,40.659269],[22.97666,40.659298],[22.976602,40.659322],[22.976539,40.659345],[22.976455,40.659371],[22.976363,40.659397],[22.976271,40.659417],[22.976169,40.659428],[22.976064,40.659435],[22.975908,40.659435],[22.975778,40.659425],[22.975607,40.65941],[22.975379,40.65939],[22.975348,40.659384]]},"properties":{"name":"Παπανικολάου"}},{"type":"Feature","geometry":{"type":"LineString","coordinates":[[22.969459,40.659524],[22.969491,40.659505],[22.969566,40.659481],[22.971869,40.659417],[22.973296,40.659385],[22.973471,40.65938],[22.973834,40.659372],[22.974006,40.659369],[22.974154,40.659366],[22.974687,40.659367],[22.974954,40.65937],[22.975075,40.659374],[22.975144,40.659378],[22.975348,40.659384],[22.975122,40.659346],[22.975016,40.659329],[22.974925,40.659316],[22.974846,40.659307],[22.97479,40.659302],[22.974734,40.659298],[22.974587,40.659295],[22.97442,40.659294],[22.974155,40.659294],[22.974004,40.659295],[22.973625,40.6593],[22.971868,40.659342],[22.970774,40.659368],[22.970654,40.659374],[22.970509,40.65938],[22.970381,40.659386],[22.970104,40.659398],[22.96963,40.659408],[22.969548,40.659407],[22.969424,40.659406]]},"properties":{"name":"Παπανικολάου"}},{"type":"Feature","geometry":{"type":"LineString","coordinates":[[22.929935,40.429745],[22.92977,40.429988],[22.929658,40.430154],[22.929595,40.430209],[22.929521,40.430231],[22.929396,40.430239],[22.929231,40.430219],[22.929022,40.430223],[22.928821,40.43025],[22.928529,40.430376],[22.928426,40.430418],[22.928285,40.430463],[22.928058,40.430522],[22.92796,40.430554],[22.92792,40.430579],[22.927899,40.430607],[22.927863,40.430647],[22.927775,40.430789],[22.927759,40.430852],[22.927741,40.430956]]},"properties":{"name":"Παπανικολάου"}},{"type":"Feature","geometry":{"type":"LineString","coordinates":[[23.021235,40.642277],[23.021307,40.642273],[23.021349,40.642269],[23.021386,40.642266],[23.021437,40.642259],[23.02153,40.642243],[23.021582,40.64223],[23.021621,40.642214],[23.021643,40.642203],[23.021689,40.642181],[23.021735,40.642156],[23.021779,40.642131],[23.021819,40.642107],[23.02185,40.642085],[23.021897,40.642051],[23.02197,40.64199],[23.022046,40.641929],[23.022134,40.641856],[23.022238,40.641777],[23.022363,40.641689],[23.022455,40.641626],[23.022549,40.641571],[23.022701,40.64148],[23.022864,40.64139],[23.022879,40.641379],[23.023187,40.641199],[23.023399,40.641089],[23.023499,40.641043],[23.023561,40.641018],[23.023635,40.640992],[23.023735,40.640962],[23.023806,40.640945],[23.023881,40.64093],[23.024151,40.640879],[23.024273,40.640854],[23.024348,40.640837],[23.024425,40.640816],[23.024509,40.640787],[23.024576,40.640758],[23.024611,40.64074],[23.024647,40.640716],[23.024682,40.640692],[23.024849,40.640541],[23.024926,40.640478],[23.025,40.640423],[23.025024,40.640405],[23.025047,40.640391],[23.025073,40.640376],[23.025098,40.640363],[23.025123,40.640351],[23.025144,40.640343],[23.02517,40.640334],[23.025198,40.640326],[23.02522,40.64032],[23.025242,40.640315],[23.025294,40.640305],[23.025304,40.640304]]},"properties":{"name":"Δημοκρατίας"}},{"type":"Feature","geometry":{"type":"LineString","coordinates":[[23.025382,40.640296],[23.025424,40.640296],[23.025469,40.6403],[23.025529,40.640307],[23.025639,40.640324],[23.025777,40.640349],[23.02593,40.640378],[23.026159,40.640427],[23.026285,40.640452],[23.026358,40.640465],[23.026421,40.640475],[23.026471,40.640482],[23.026533,40.64049]]},"properties":{"name":"Δημοκρατίας"}},{"type":"Feature","geometry":{"type":"LineString","coordinates":[[23.017301,40.583867],[23.017344,40.583834],[23.017406,40.5838],[23.017691,40.583641],[23.018062,40.583453],[23.018369,40.583289],[23.018577,40.583173],[23.018877,40.58301],[23.019022,40.582958],[23.019152,40.582912],[23.019444,40.582834],[23.019636,40.582778],[23.019741,40.582747],[23.01985,40.582715],[23.01995,40.582689],[23.020034,40.582669],[23.020136,40.582648],[23.020238,40.58263],[23.02033,40.582616],[23.020444,40.5826],[23.020662,40.58257],[23.020842,40.582547],[23.021127,40.582515],[23.021416,40.582483],[23.0216,40.58246],[23.021719,40.582443],[23.021792,40.582431],[23.021837,40.582423],[23.021903,40.58241],[23.021959,40.5824],[23.021991,40.582394],[23.022031,40.582384],[23.022107,40.582364],[23.022303,40.582306],[23.022586,40.582225],[23.022924,40.582135],[23.023448,40.581996],[23.023726,40.581937],[23.023903,40.581931],[23.024157,40.582011],[23.024544,40.582174],[23.024634,40.582229],[23.024732,40.582314]]},"properties":{"name":"Δημοκρατίας"}},{"type":"Feature","geometry":{"type":"LineString","coordinates":[[22.926269,40.508441],[22.925992,40.508366],[22.925517,40.508238],[22.925477,40.508227],[22.925281,40.508174],[22.925199,40.508152],[22.925028,40.508106],[22.924865,40.508062],[22.924111,40.507859],[22.923562,40.507711],[22.92336,40.507656],[22.922657,40.507466],[22.921795,40.507234],[22.921394,40.507125],[22.920886,40.506974],[22.920494,40.506852],[22.920053,40.506716],[22.919337,40.506527],[22.918669,40.506358],[22.918232,40.506242],[22.917143,40.505988],[22.916196,40.505764],[22.916046,40.505722],[22.915392,40.505565],[22.914772,40.505411],[22.913925,40.505208],[22.912968,40.504981],[22.912262,40.504846],[22.912068,40.504834],[22.91178,40.50482],[22.911369,40.504815],[22.911271,40.504813],[22.911125,40.504793],[22.910764,40.504714],[22.910341,40.504627],[22.909817,40.504507],[22.909099,40.504349],[22.908502,40.504217],[22.90848,40.504213],[22.908457,40.504212],[22.908359,40.504188],[22.907519,40.504033]]},"properties":{"name":"Δημοκρατίας"}},{"type":"Feature","geometry":{"type":"LineString","coordinates":[[22.993518,40.469606],[22.993538,40.469581],[22.993551,40.469558],[22.993568,40.469515],[22.993589,40.469424],[22.993673,40.469211],[22.99375,40.46903],[22.993771,40.468988],[22.993822,40.468883],[22.9939,40.468694],[22.993959,40.468586],[22.993984,40.46855],[22.994047,40.468447],[22.994102,40.468354],[22.994278,40.468145],[22.99439,40.467999],[22.994562,40.46788],[22.994679,40.467769],[22.994941,40.467573],[22.995066,40.467501],[22.995106,40.467461],[22.995141,40.46743],[22.995179,40.467386],[22.995435,40.46703],[22.995476,40.466953],[22.995537,40.46682],[22.995699,40.466455],[22.995902,40.466043],[22.996107,40.465586],[22.996186,40.465452],[22.996238,40.465371],[22.996435,40.465156],[22.996663,40.46493],[22.997096,40.464479],[22.997169,40.464414],[22.997217,40.46438],[22.997288,40.464346],[22.997338,40.46433],[22.997373,40.464324],[22.997407,40.464327]]},"properties":{"name":"Δημοκρατίας"}},{"type":"Feature","geometry":{"type":"LineString","coordinates":[[22.605002,40.730588],[22.605039,40.73052],[22.605096,40.730392],[22.605782,40.729133],[22.606467,40.727868],[22.606769,40.727308],[22.606861,40.727139],[22.606943,40.72699],[22.606996,40.726887],[22.607066,40.726803],[22.607144,40.726748],[22.607209,40.726709],[22.607311,40.726659],[22.607405,40.726621],[22.607512,40.726588]]},"properties":{"name":"Δημοκρατίας"}},{"type":"Feature","geometry":{"type":"LineString","coordinates":[[23.009141,40.59369],[23.009039,40.593698],[23.008969,40.593707],[23.008903,40.59372],[23.008823,40.59374],[23.008749,40.593762],[23.008661,40.593791],[23.008601,40.593813],[23.008525,40.593845],[23.008192,40.593998],[23.008081,40.594048],[23.008016,40.594077],[23.007913,40.594113],[23.007866,40.594131],[23.007788,40.594158],[23.007667,40.594199],[23.007467,40.594261],[23.007397,40.594286],[23.007323,40.594314],[23.007234,40.594356],[23.007165,40.594393],[23.007069,40.594449],[23.006958,40.594518],[23.006857,40.594587],[23.006748,40.594659],[23.006566,40.594791],[23.006397,40.594907],[23.00603,40.595134],[23.005799,40.595287],[23.005594,40.595417],[23.005461,40.595497],[23.005293,40.595587],[23.005227,40.595619],[23.005074,40.595689],[23.004872,40.595775],[23.004612,40.595885],[23.004332,40.596],[23.003792,40.596224],[23.003498,40.596345],[23.003347,40.59641],[23.003325,40.59642],[23.003246,40.596453],[23.002832,40.596619],[23.002372,40.596791],[23.001794,40.596999],[23.001609,40.597074],[23.001482,40.597126],[23.001383,40.597169],[23.001263,40.597225],[23.001163,40.597271],[23.001059,40.59732],[23.000931,40.597383],[23.000848,40.597423],[23.00074,40.597472],[23.000555,40.597557],[22.999923,40.597846],[22.999464,40.598043]]},"properties":{"name":"Τζων Κέννεντυ"}},{"type":"Feature","geometry":{"type":"LineString","coordinates":[[22.991653,40.600647],[22.99169,40.60064],[22.991801,40.60062],[22.992611,40.600469],[22.992824,40.60043],[22.993134,40.600372],[22.993281,40.600343],[22.993421,40.600313],[22.993587,40.600276],[22.993707,40.600246],[22.993814,40.600218],[22.993994,40.60017],[22.994239,40.600094]]},"properties":{"name":"Τζων Κέννεντυ"}},{"type":"Feature","geometry":{"type":"LineString","coordinates":[[22.999464,40.598043],[22.999366,40.598105],[22.999298,40.598145],[22.999216,40.598192],[22.999081,40.598267],[22.998825,40.598386],[22.998742,40.598425],[22.998644,40.598469],[22.998406,40.59857],[22.998181,40.598669],[22.997876,40.598802],[22.997538,40.598974],[22.997248,40.59913],[22.997053,40.599235],[22.996896,40.59932],[22.996778,40.599378],[22.996687,40.599421],[22.996539,40.599477],[22.996397,40.599528],[22.996273,40.599571],[22.996154,40.599611],[22.996017,40.599654],[22.995868,40.599696],[22.995699,40.599742],[22.995299,40.599847],[22.995209,40.59987],[22.995104,40.5999],[22.99503,40.59992],[22.994824,40.599978],[22.994702,40.600009],[22.994587,40.600034],[22.994239,40.600094],[22.994394,40.600038],[22.9945,40.599995],[22.994587,40.599963],[22.994689,40.599928],[22.994892,40.59987],[22.995011,40.599835],[22.99504,40.599827],[22.996026,40.599546],[22.996285,40.599463],[22.996507,40.599382],[22.996705,40.5993],[22.996872,40.599216],[22.996989,40.599148],[22.997502,40.598867],[22.997597,40.598819],[22.997703,40.598766],[22.99786,40.598691],[22.99824,40.598518],[22.998444,40.598434],[22.998582,40.598381],[22.998694,40.598339],[22.998829,40.598288],[22.998898,40.598262],[22.999039,40.598203],[22.999124,40.598162],[22.999256,40.59811],[22.999329,40.598085],[22.999464,40.598043]]},"properties":{"name":"Τζων Κέννεντυ"}},{"type":"Feature","geometry":{"type":"LineString","coordinates":[[23.017429,40.552954],[23.017461,40.552988],[23.017504,40.553025],[23.017667,40.553128],[23.017762,40.553193],[23.017813,40.553224],[23.01786,40.55325],[23.01791,40.553276],[23.01794,40.553293],[23.017952,40.5533],[23.01799,40.553322],[23.018027,40.553348],[23.018045,40.553363],[23.018087,40.553405]]},"properties":{"name":"Πανοράματος"}},{"type":"Feature","geometry":{"type":"LineString","coordinates":[[23.017259,40.553062],[23.017339,40.553076],[23.017403,40.553092],[23.017472,40.553114],[23.017544,40.553143],[23.0176,40.55317],[23.017725,40.553236],[23.01787,40.553314],[23.017916,40.553337],[23.017964,40.553359],[23.018014,40.553379],[23.018087,40.553405],[23.01823,40.553485],[23.018303,40.553528],[23.01835,40.553559],[23.018385,40.553586],[23.018412,40.553613],[23.018427,40.55363],[23.018439,40.553647],[23.01845,40.553665],[23.018464,40.553693],[23.018494,40.553765],[23.018552,40.553911],[23.018626,40.554108],[23.018772,40.554491],[23.018922,40.554906],[23.019159,40.555513],[23.019224,40.555689],[23.019306,40.555887],[23.019381,40.55605],[23.019449,40.556194],[23.01954,40.556371],[23.019584,40.556452],[23.019635,40.556537],[23.01968,40.55661],[23.019769,40.556741],[23.019846,40.556854],[23.0201,40.557219],[23.020498,40.557788],[23.020627,40.557965],[23.020888,40.558343],[23.02104,40.55855],[23.021124,40.558671],[23.021523,40.559238],[23.021767,40.559581],[23.022364,40.560446],[23.023702,40.562376],[23.023964,40.56275],[23.024337,40.5633],[23.02442,40.563427],[23.024473,40.563514],[23.02453,40.563618],[23.024573,40.563712],[23.024644,40.563914],[23.024841,40.564595],[23.025002,40.565186],[23.02504,40.565328],[23.025073,40.565447],[23.02509,40.565532],[23.025106,40.565623],[23.025118,40.565747],[23.025123,40.565848],[23.025122,40.565951],[23.025117,40.566068],[23.025103,40.566176],[23.025059,40.566441],[23.02503,40.566579],[23.024957,40.566881],[23.024833,40.567343],[23.02474,40.567719],[23.024647,40.568058],[23.024596,40.568272],[23.024574,40.568366],[23.02456,40.568559],[23.024611,40.568856],[23.024635,40.568974],[23.024653,40.569057],[23.024761,40.569451],[23.024775,40.5695],[23.02491,40.569979],[23.025022,40.570417],[23.025079,40.570667],[23.02511,40.570856],[23.025114,40.571],[23.025091,40.571619],[23.025081,40.571756],[23.025035,40.572564],[23.025017,40.572914],[23.025011,40.573059],[23.02501,40.573135],[23.025014,40.573236],[23.025022,40.573321],[23.025037,40.573412],[23.025058,40.573495],[23.025094,40.573625],[23.025132,40.573731],[23.025163,40.573814],[23.025191,40.573886],[23.025228,40.573973],[23.025271,40.574063],[23.025325,40.574169],[23.025384,40.574283],[23.025532,40.574564],[23.025707,40.574891],[23.025862,40.575183],[23.026181,40.575782],[23.026252,40.575918],[23.026345,40.576098],[23.026391,40.576203],[23.026446,40.576334],[23.026472,40.57641],[23.026493,40.576487],[23.026502,40.57654],[23.02651,40.576595],[23.026512,40.576657],[23.026509,40.576733],[23.026501,40.576792],[23.026489,40.576851],[23.026468,40.576918],[23.026442,40.576986],[23.026365,40.577171],[23.026307,40.577304],[23.026267,40.577394],[23.026246,40.577451],[23.026225,40.577518],[23.026211,40.577584],[23.026201,40.577657],[23.026198,40.577728],[23.026199,40.577799],[23.026208,40.577864],[23.02622,40.577927],[23.026239,40.577999],[23.026257,40.578048],[23.02628,40.578105],[23.026323,40.578193],[23.0264,40.57832],[23.026444,40.578389],[23.026699,40.57878],[23.026899,40.579098],[23.027138,40.579474],[23.027371,40.579792],[23.027513,40.579938],[23.027753,40.580177],[23.028017,40.580402],[23.028232,40.580534],[23.028431,40.580634],[23.028764,40.580817],[23.02901,40.580942],[23.029272,40.581045],[23.029672,40.58122],[23.030034,40.581403],[23.030216,40.581477],[23.030395,40.581547],[23.030636,40.58164],[23.031145,40.581719],[23.03154,40.581811],[23.031692,40.581844],[23.03186,40.58191],[23.032038,40.581983],[23.032134,40.582029],[23.032229,40.582083],[23.032428,40.58221],[23.032591,40.582313],[23.032754,40.582419],[23.032904,40.582554],[23.032939,40.58258],[23.033049,40.582675],[23.033375,40.582985],[23.033803,40.583459],[23.03399,40.583672],[23.034232,40.583982],[23.03444,40.584249],[23.034818,40.584734],[23.034872,40.584811],[23.034954,40.584923],[23.035027,40.585026],[23.035294,40.585414],[23.035303,40.585427],[23.035332,40.585475],[23.035365,40.585534],[23.035402,40.585603]]},"properties":{"name":"Πανοράματος"}},{"type":"Feature","geometry":{"type":"LineString","coordinates":[[23.035402,40.585603],[23.035449,40.585694],[23.035463,40.585725],[23.035478,40.585759],[23.035487,40.58578],[23.035493,40.585797],[23.035499,40.585813],[23.035507,40.585838],[23.035514,40.585863],[23.035521,40.585897],[23.035527,40.585928],[23.035535,40.586],[23.035539,40.586077],[23.035541,40.586173],[23.03554,40.586232],[23.035531,40.586323],[23.035522,40.586395],[23.035511,40.586459],[23.035495,40.586526],[23.035471,40.586621],[23.035447,40.586711],[23.035415,40.586818],[23.035367,40.586977],[23.035338,40.58707],[23.035319,40.587151],[23.035307,40.587226],[23.035293,40.587343],[23.035279,40.587467],[23.035276,40.587526],[23.035274,40.587585],[23.035272,40.587709],[23.035265,40.58795],[23.035265,40.588053],[23.035265,40.588163],[23.035269,40.588244],[23.035275,40.588307],[23.035284,40.588373],[23.035292,40.588423],[23.035299,40.58846],[23.035309,40.588499],[23.035361,40.588678],[23.035392,40.588788],[23.035431,40.588913],[23.035455,40.588969],[23.035477,40.589005],[23.035497,40.589031],[23.035604,40.589118],[23.035676,40.589164],[23.03578,40.58923],[23.035874,40.589285],[23.036006,40.589354],[23.036081,40.589393],[23.036327,40.589452],[23.036509,40.589462],[23.036602,40.589467],[23.036789,40.589481],[23.036979,40.589516]]},"properties":{"name":"Αποστόλου Σαμανίδη"}},{"type":"Feature","geometry":{"type":"LineString","coordinates":[[23.036893,40.589919],[23.03698,40.589593],[23.036983,40.589567],[23.036979,40.589516],[23.036925,40.58956],[23.036912,40.58958],[23.036901,40.589609],[23.036892,40.589644],[23.036826,40.589914]]},"properties":{"name":"Βενιζέλου"}},{"type":"Feature","geometry":{"type":"LineString","coordinates":[[23.036809,40.590152],[23.036563,40.591024],[23.036534,40.591109]]},"properties":{"name":"Βενιζέλου"}},{"type":"Feature","geometry":{"type":"LineString","coordinates":[[23.047898,40.549832],[23.047921,40.549832],[23.047946,40.549833],[23.047966,40.549836],[23.047991,40.549842],[23.048009,40.549849],[23.048029,40.549859]]},"properties":{"name":"Βενιζέλου"}},{"type":"Feature","geometry":{"type":"LineString","coordinates":[[23.018404,40.591503],[23.018389,40.591442],[23.018385,40.591415],[23.018383,40.591387],[23.018383,40.591366],[23.018385,40.591346],[23.01839,40.591323],[23.018424,40.591251],[23.018505,40.591088],[23.018612,40.59095],[23.018692,40.590881],[23.018771,40.590815],[23.018841,40.590771],[23.01895,40.590705],[23.019038,40.590658],[23.019129,40.590614],[23.019236,40.590569],[23.019647,40.590369],[23.019753,40.590325],[23.019896,40.590287]]},"properties":{"name":"Μαντζαρίδη"}},{"type":"Feature","geometry":{"type":"LineString","coordinates":[[23.019954,40.590403],[23.019757,40.590443],[23.019653,40.590468],[23.019557,40.590495],[23.019386,40.59056],[23.019235,40.590623],[23.019079,40.590697],[23.018943,40.590782],[23.018824,40.590869],[23.018769,40.590913],[23.01869,40.590987],[23.018596,40.591101],[23.018553,40.591182],[23.018516,40.591264]]},"properties":{"name":"Μαντζαρίδη"}},{"type":"Feature","geometry":{"type":"LineString","coordinates":[[23.021476,40.586618],[23.02156,40.586496],[23.021598,40.586442],[23.021632,40.586398],[23.021667,40.586358],[23.02168,40.586346],[23.021712,40.586314],[23.021764,40.58627],[23.021798,40.586244],[23.021834,40.586217],[23.021872,40.586191],[23.021987,40.586119],[23.022346,40.585901],[23.022616,40.585731],[23.022802,40.585619],[23.022842,40.585593],[23.022874,40.585571],[23.022888,40.585558],[23.022902,40.585539],[23.022906,40.58553],[23.022909,40.585518],[23.02291,40.585504],[23.022911,40.585489],[23.02291,40.585464],[23.022906,40.585416],[23.022898,40.585358],[23.022877,40.585216],[23.022858,40.584959],[23.022859,40.584748],[23.022867,40.584651],[23.02288,40.584541],[23.022887,40.584474],[23.022898,40.584415],[23.022909,40.584363],[23.022919,40.584313],[23.022926,40.584258],[23.022929,40.58422],[23.022932,40.584134],[23.022933,40.584056],[23.022933,40.583921],[23.022928,40.583786],[23.02292,40.583705],[23.022915,40.58366],[23.022914,40.583645],[23.022898,40.58361],[23.02286,40.583542],[23.022818,40.583447],[23.022513,40.58294],[23.022308,40.582645]]},"properties":{"name":"Σταδίου"}},{"type":"Feature","geometry":{"type":"LineString","coordinates":[[23.017221,40.577898],[23.017246,40.577987],[23.017271,40.578084],[23.017289,40.57815],[23.017304,40.578201],[23.017331,40.578302],[23.017352,40.578369],[23.017367,40.578409],[23.017408,40.578494],[23.01753,40.578741],[23.017702,40.579073],[23.017788,40.579228],[23.017876,40.579379],[23.017931,40.57946],[23.017988,40.579542],[23.018021,40.579588],[23.018123,40.579712],[23.018224,40.579835],[23.018354,40.579984],[23.018591,40.580269],[23.018791,40.58051],[23.018997,40.580763],[23.019057,40.580837],[23.019132,40.58092],[23.019182,40.580969],[23.019234,40.581018],[23.019284,40.581061],[23.01934,40.581104],[23.019415,40.581156],[23.019461,40.581185],[23.019519,40.581217],[23.019556,40.581236],[23.019578,40.581247],[23.019725,40.58132],[23.019897,40.581412],[23.020133,40.581544],[23.020258,40.581609],[23.020366,40.581662],[23.020439,40.581693],[23.020511,40.581718],[23.020631,40.581757],[23.020802,40.581805],[23.020892,40.581833],[23.020947,40.581852],[23.021099,40.581909],[23.021269,40.58198],[23.021503,40.582084],[23.021678,40.582166],[23.021753,40.582201],[23.021783,40.582227],[23.021801,40.582238],[23.021828,40.582257],[23.021881,40.582289]]},"properties":{"name":"Σταδίου"}},{"type":"Feature","geometry":{"type":"LineString","coordinates":[[23.022107,40.582364],[23.022139,40.582387],[23.022159,40.582403],[23.022188,40.582431],[23.022223,40.582469],[23.02225,40.582501],[23.022269,40.582527],[23.022283,40.582548],[23.022294,40.582575],[23.022301,40.582604],[23.022308,40.582645],[23.022255,40.58261],[23.022229,40.58259],[23.022213,40.582575],[23.022196,40.582554],[23.022153,40.582505],[23.022128,40.582476],[23.022097,40.582442],[23.02208,40.582425],[23.022053,40.582401],[23.022031,40.582384],[23.022008,40.582365],[23.021983,40.582348],[23.021948,40.582326],[23.021881,40.582289],[23.021882,40.582298],[23.021884,40.582312],[23.021886,40.582328],[23.021886,40.582338],[23.021885,40.58235],[23.021883,40.582359],[23.02188,40.582369],[23.021877,40.582378],[23.021873,40.582386],[23.021868,40.582394],[23.021861,40.582403],[23.021853,40.582411],[23.021837,40.582423]]},"properties":{"name":"Σταδίου"}},{"type":"Feature","geometry":{"type":"LineString","coordinates":[[23.064688,40.743675],[23.064674,40.743976],[23.064368,40.744961],[23.064214,40.745904],[23.064211,40.746489]]},"properties":{"name":"Σταδίου"}},{"type":"Feature","geometry":{"type":"LineString","coordinates":[[23.026181,40.575782],[23.026024,40.575813],[23.025875,40.575842],[23.025698,40.575876],[23.025554,40.575901],[23.025429,40.575923],[23.025339,40.575943],[23.025256,40.575965],[23.025132,40.576],[23.025006,40.576037],[23.024861,40.576079],[23.024707,40.576125],[23.024553,40.576171],[23.024434,40.576209],[23.024336,40.576242],[23.024265,40.576262],[23.02421,40.576274],[23.024154,40.576283],[23.02408,40.576291],[23.023988,40.576295],[23.02388,40.576298],[23.023767,40.576299],[23.023658,40.576301],[23.023607,40.576398],[23.023563,40.576482],[23.023527,40.576557],[23.023471,40.57668],[23.023441,40.576744],[23.023411,40.576804],[23.023378,40.57687],[23.023361,40.576905],[23.023332,40.576953],[23.023306,40.576992],[23.02328,40.577035],[23.023244,40.57709],[23.023194,40.577163],[23.022995,40.577468],[23.022843,40.577692],[23.022739,40.577841],[23.022689,40.57791],[23.022641,40.577974],[23.022603,40.578017],[23.022563,40.578053],[23.022521,40.578084],[23.022471,40.578111],[23.022431,40.578128],[23.022401,40.578136],[23.022371,40.578141],[23.022336,40.578144],[23.022303,40.578142],[23.022269,40.578137],[23.022234,40.578129],[23.022196,40.578113],[23.022156,40.578091],[23.022101,40.578058],[23.022049,40.578024],[23.021994,40.577987],[23.021909,40.577931],[23.021847,40.577888],[23.021705,40.577799],[23.021648,40.577767],[23.021592,40.57774],[23.021535,40.577721],[23.021486,40.577712],[23.021422,40.577706],[23.021367,40.577704],[23.021318,40.577707],[23.02126,40.577715],[23.0212,40.577726],[23.021131,40.577742],[23.020973,40.577788],[23.020818,40.577836],[23.020709,40.577864],[23.020644,40.57788],[23.020612,40.577885],[23.020564,40.577891],[23.020483,40.577896],[23.020388,40.577897],[23.020227,40.577895],[23.019976,40.577886],[23.019626,40.577859],[23.019349,40.57784],[23.018951,40.577812],[23.018628,40.577814],[23.018459,40.577818],[23.018151,40.577842],[23.017793,40.577864],[23.017456,40.577876],[23.017221,40.577898],[23.017075,40.577899],[23.016935,40.577891],[23.016725,40.577818],[23.016509,40.577723],[23.016299,40.577654],[23.016098,40.577633],[23.015859,40.577666],[23.015577,40.577767],[23.015262,40.577921],[23.014959,40.578064],[23.014771,40.578184],[23.014536,40.57838],[23.014242,40.578615],[23.014182,40.578661],[23.014119,40.578706],[23.014045,40.578761]]},"properties":{"name":"Πυθαγόρα"}},{"type":"Feature","geometry":{"type":"LineString","coordinates":[[22.990888,40.656523],[22.990974,40.656554],[22.991364,40.656683],[22.991558,40.656747],[22.992058,40.656893],[22.992575,40.65704],[22.992897,40.657133],[22.993444,40.657293],[22.994442,40.657595],[22.994942,40.657747],[22.994999,40.657784],[22.995155,40.65783],[22.995315,40.657872],[22.9954,40.657891],[22.995516,40.657915],[22.995593,40.657929],[22.995667,40.65794],[22.996241,40.658009],[22.996389,40.658032],[22.99645,40.658041],[22.996502,40.658049],[22.996592,40.658064],[22.996687,40.658081],[22.996765,40.658097],[22.996848,40.658117],[22.996931,40.658138],[22.997006,40.658159],[22.997082,40.658181],[22.997136,40.658199],[22.997179,40.658213],[22.997235,40.658232],[22.997282,40.65825],[22.997324,40.65827],[22.997368,40.658292],[22.9974,40.658309],[22.997434,40.658331],[22.997464,40.658354],[22.997493,40.65838],[22.997524,40.658409],[22.997547,40.658437],[22.997559,40.658454],[22.99757,40.658473],[22.99758,40.658499],[22.997585,40.658519],[22.997584,40.658541],[22.997581,40.65856],[22.997575,40.658587],[22.99757,40.658597],[22.997561,40.658609],[22.997553,40.65862],[22.997543,40.658631],[22.997535,40.658639],[22.997523,40.658648],[22.997502,40.65866],[22.997443,40.658693],[22.997371,40.658727],[22.997309,40.658755],[22.997244,40.65878],[22.997186,40.6588],[22.997054,40.658836],[22.996915,40.658867],[22.99667,40.658918],[22.996463,40.658966],[22.996349,40.658995],[22.996219,40.659035],[22.996136,40.659063],[22.996051,40.659092],[22.995962,40.659127],[22.995859,40.659172],[22.995763,40.659214],[22.995704,40.659243],[22.995645,40.659272],[22.995557,40.659323],[22.99547,40.659378],[22.995356,40.659451],[22.995216,40.659549],[22.995186,40.65957],[22.995153,40.659595],[22.995125,40.659618],[22.995094,40.659647],[22.995038,40.6597],[22.994994,40.659744],[22.99495,40.659789],[22.994895,40.659852],[22.994856,40.659897],[22.994834,40.659925],[22.994819,40.659945],[22.994808,40.659963],[22.994795,40.659985],[22.994779,40.660015],[22.99476,40.660051],[22.99475,40.660074],[22.994745,40.660088],[22.99474,40.660108],[22.994737,40.660124],[22.994735,40.660146],[22.994733,40.660166],[22.994734,40.660183],[22.994735,40.660197],[22.994737,40.660213],[22.994742,40.660229],[22.994747,40.660241],[22.994754,40.660255],[22.994773,40.660283],[22.994792,40.660304],[22.994813,40.66032],[22.994822,40.660327],[22.994835,40.660333],[22.994846,40.660338],[22.994862,40.660342],[22.994892,40.660349],[22.994918,40.660353],[22.994939,40.660356],[22.994955,40.660356],[22.99498,40.660354],[22.995004,40.660351],[22.995038,40.660345],[22.995055,40.66034],[22.99507,40.660337],[22.995087,40.660331],[22.995103,40.660325],[22.995194,40.66029],[22.995274,40.66026],[22.995322,40.660243],[22.995367,40.66023],[22.995413,40.660217],[22.995494,40.660195],[22.99557,40.660177],[22.995627,40.660164],[22.995674,40.660154],[22.995737,40.660142],[22.995798,40.660133],[22.995868,40.660124],[22.995924,40.660119],[22.995975,40.660117],[22.99602,40.660115],[22.996063,40.660116],[22.996104,40.660116],[22.996171,40.660119],[22.996558,40.660143],[22.996768,40.660154],[22.996913,40.660162],[22.99706,40.660166],[22.997298,40.660166],[22.997547,40.660168],[22.997878,40.660167],[22.998158,40.660166],[22.998301,40.660164],[22.998392,40.660165],[22.998503,40.660167],[22.998596,40.660173],[22.998666,40.660179],[22.998785,40.660194],[22.998879,40.660208],[22.998934,40.660218],[22.998982,40.660227],[22.999039,40.660239],[22.999104,40.660254],[22.999159,40.660269],[22.9992,40.66028],[22.999242,40.660293],[22.999294,40.660313],[22.999359,40.66034],[22.999428,40.660372],[22.999478,40.660397],[22.999554,40.660438],[22.999649,40.660492],[22.999748,40.660552],[22.99992,40.660655],[23.000107,40.660786],[23.000251,40.660894],[23.000347,40.660966],[23.000439,40.661044],[23.000519,40.661116],[23.000556,40.66115],[23.000586,40.661177],[23.000647,40.661234],[23.000743,40.661333],[23.000873,40.661459],[23.001017,40.661641],[23.001126,40.661775],[23.001219,40.661887],[23.001272,40.661944],[23.001386,40.662056],[23.001604,40.66226],[23.00167,40.662321],[23.00174,40.662391],[23.001832,40.662483]]},"properties":{"name":"Ειρήνης"}},{"type":"Feature","geometry":{"type":"LineString","coordinates":[[23.002355,40.661608],[23.003317,40.661605],[23.003655,40.66161],[23.004348,40.66161],[23.004701,40.66162],[23.005056,40.661632],[23.00515,40.661637],[23.005228,40.661643],[23.005288,40.661652],[23.005334,40.66166],[23.005408,40.661682],[23.005468,40.661702],[23.005506,40.661719],[23.005596,40.661773]]},"properties":{"name":"Ειρήνης"}},{"type":"Feature","geometry":{"type":"LineString","coordinates":[[23.002355,40.661608],[23.002296,40.661688],[23.002265,40.661738],[23.002221,40.661814],[23.002162,40.66193],[23.002085,40.662066],[23.002012,40.662198],[23.001953,40.662292],[23.001932,40.662335],[23.001886,40.662404],[23.001832,40.662483]]},"properties":{"name":"Προπύλαιων"}},{"type":"Feature","geometry":{"type":"LineString","coordinates":[[23.003375,40.656399],[23.00339,40.656396],[23.003403,40.656393],[23.003414,40.656388],[23.00343,40.656378],[23.003452,40.656363],[23.003488,40.65633],[23.003568,40.656257],[23.003636,40.656195],[23.003672,40.656165],[23.003702,40.656143],[23.00374,40.65612],[23.003797,40.656091],[23.003829,40.656075],[23.003902,40.656043],[23.003998,40.656004],[23.004098,40.655965],[23.004219,40.655922],[23.004328,40.655885],[23.004413,40.655862],[23.004485,40.655847],[23.004523,40.655842],[23.004563,40.655842],[23.004609,40.655846],[23.004641,40.655851],[23.004682,40.655863],[23.004705,40.655873],[23.004724,40.655883],[23.004736,40.655892],[23.00476,40.655909],[23.004813,40.655956],[23.004853,40.655999],[23.004874,40.656022],[23.004888,40.656042],[23.004899,40.656061],[23.004906,40.656075],[23.004916,40.656097],[23.004923,40.656124],[23.004927,40.65615],[23.004928,40.656183],[23.004926,40.6562],[23.004922,40.656215],[23.004918,40.656232],[23.004912,40.656252],[23.004905,40.656271],[23.004895,40.656293],[23.004883,40.656315],[23.004869,40.65634],[23.004856,40.656361],[23.004833,40.656393],[23.004789,40.656447],[23.004747,40.656499],[23.004718,40.656538],[23.0047,40.656567],[23.004679,40.656606],[23.00466,40.65665],[23.004649,40.656683],[23.004641,40.656711],[23.004634,40.656749],[23.004628,40.656787],[23.004623,40.656835],[23.004621,40.656874],[23.004622,40.656936],[23.004626,40.657013],[23.00464,40.65722],[23.00464,40.657303],[23.004638,40.657373],[23.004631,40.657446],[23.004625,40.657529],[23.004611,40.65762],[23.004598,40.657696],[23.004579,40.65778],[23.004568,40.65782],[23.004556,40.657861],[23.004541,40.657899],[23.004525,40.657937],[23.004507,40.657973],[23.004479,40.658025],[23.004437,40.658093],[23.004395,40.658151],[23.004346,40.658218],[23.004304,40.658268],[23.004269,40.658306],[23.004235,40.65834],[23.004208,40.658365],[23.004167,40.658397],[23.004132,40.658422],[23.004087,40.658447],[23.004031,40.658469],[23.003978,40.658486],[23.003923,40.658503],[23.003862,40.658521],[23.003786,40.658543],[23.00354,40.65861],[23.003452,40.658633],[23.003401,40.658647],[23.00336,40.65866],[23.003326,40.658671],[23.003295,40.658683],[23.003274,40.658691],[23.003248,40.658703],[23.003224,40.658717],[23.003206,40.658729],[23.003191,40.65874],[23.003176,40.658755],[23.003164,40.658773],[23.003155,40.658791],[23.003145,40.65882],[23.00314,40.658841],[23.003137,40.658852]]},"properties":{"name":"Αγίας Τριάδος"}},{"type":"Feature","geometry":{"type":"LineString","coordinates":[[23.000035,40.654851],[22.99998,40.654852],[22.999959,40.654844],[22.999518,40.65459],[22.9995,40.654574],[22.999464,40.654532],[22.999367,40.654484],[22.99927,40.654433],[22.99919,40.654392],[22.999128,40.654361],[22.999074,40.654337],[22.999025,40.654316],[22.998962,40.654294],[22.998884,40.654273],[22.998807,40.654256],[22.998676,40.654236],[22.998499,40.654217],[22.99816,40.654186],[22.997823,40.654162],[22.997162,40.65411],[22.997018,40.654101],[22.99691,40.654094],[22.996821,40.654089],[22.996777,40.654082],[22.996742,40.654075],[22.996675,40.654059],[22.996382,40.653971],[22.996315,40.653972],[22.995043,40.653591],[22.995017,40.653565],[22.994719,40.65348],[22.994661,40.653461],[22.994612,40.653439],[22.994589,40.653423],[22.994564,40.653392]]},"properties":{"name":"Αγίας Τριάδος"}},{"type":"Feature","geometry":{"type":"LineString","coordinates":[[23.003375,40.656399],[23.003413,40.656469],[23.003422,40.656483],[23.003442,40.656504],[23.003503,40.65655],[23.003589,40.656616],[23.003616,40.656639],[23.003644,40.656666],[23.003669,40.656693],[23.003691,40.656721],[23.003709,40.656748],[23.003723,40.656772],[23.003738,40.656802],[23.003744,40.656821],[23.003751,40.656841],[23.003757,40.656868],[23.003763,40.656897],[23.003767,40.656922],[23.003768,40.656947],[23.003769,40.656968],[23.003771,40.656988],[23.00377,40.65702],[23.003768,40.657052],[23.003765,40.657086],[23.003762,40.657103],[23.00376,40.657117],[23.003744,40.657176],[23.003718,40.657267],[23.003709,40.657292],[23.003697,40.657315],[23.003682,40.65734],[23.003654,40.657377],[23.003599,40.657445],[23.003544,40.657506],[23.003489,40.657562],[23.003429,40.657623],[23.003369,40.657679],[23.003308,40.65773],[23.003206,40.657819],[23.00314,40.657871],[23.003054,40.657937]]},"properties":{"name":"Πεντηκοστής"}},{"type":"Feature","geometry":{"type":"LineString","coordinates":[[23.000396,40.657689],[23.000489,40.657721],[23.000511,40.657722],[23.000543,40.657723],[23.000705,40.657714],[23.000834,40.657707],[23.000948,40.657699],[23.001079,40.657691],[23.001232,40.657681],[23.001349,40.657676],[23.001586,40.65767],[23.001746,40.657667],[23.001778,40.657667],[23.002001,40.657664],[23.002244,40.657665],[23.002416,40.657668],[23.00245,40.65767],[23.002481,40.657673],[23.002513,40.657679],[23.002541,40.657686],[23.002578,40.657696],[23.002666,40.657724],[23.002749,40.657754],[23.002794,40.657773],[23.00283,40.657791],[23.002868,40.657813],[23.002892,40.657827],[23.002978,40.657884],[23.003054,40.657937]]},"properties":{"name":"Ζωοδόχου Πηγής"}},{"type":"Feature","geometry":{"type":"LineString","coordinates":[[22.997758,40.65722],[22.99778,40.657308],[22.997795,40.657362],[22.997803,40.657384],[22.997817,40.65741],[22.997835,40.657429],[22.997866,40.657454],[22.997894,40.657471],[22.997915,40.657484],[22.997986,40.65752],[22.998184,40.657619],[22.998426,40.65774],[22.998603,40.657824],[22.998804,40.657917],[22.999055,40.658021],[22.999092,40.658035],[22.999211,40.658062],[22.999812,40.658192]]},"properties":{"name":"Ζωοδόχου Πηγής"}},{"type":"Feature","geometry":{"type":"LineString","coordinates":[[23.000396,40.657689],[23.000223,40.657825],[23.000108,40.657924],[22.999889,40.658119],[22.999843,40.658157],[22.999812,40.658192]]},"properties":{"name":"Αναλήψεως"}},{"type":"Feature","geometry":{"type":"LineString","coordinates":[[22.992994,40.658236],[22.993003,40.65867],[22.993006,40.658725],[22.993012,40.658795],[22.993023,40.658866],[22.993036,40.658938],[22.993053,40.659012],[22.993062,40.659057],[22.993065,40.65908],[22.993065,40.659104],[22.993064,40.659122],[22.99306,40.65914],[22.993055,40.659158],[22.993044,40.659183],[22.993033,40.659202],[22.993023,40.65922],[22.993008,40.659242],[22.992984,40.659273],[22.992791,40.659499],[22.992669,40.659636]]},"properties":{"name":"Σωτήρος"}},{"type":"Feature","geometry":{"type":"LineString","coordinates":[[22.990673,40.659036],[22.990847,40.659038],[22.991076,40.659035],[22.991206,40.659033],[22.991309,40.65903],[22.991464,40.659024],[22.991688,40.659014],[22.99185,40.659009],[22.992015,40.659006],[22.992157,40.659005],[22.992325,40.659009],[22.992884,40.659015],[22.992992,40.659015],[22.993053,40.659012]]},"properties":{"name":"Ακαδημίας"}},{"type":"Feature","geometry":{"type":"LineString","coordinates":[[22.994045,40.661019],[22.994118,40.66112],[22.994165,40.661175],[22.994211,40.661221],[22.994276,40.661283],[22.994319,40.661325],[22.994353,40.661362],[22.994375,40.661387],[22.994391,40.661409],[22.994405,40.66143],[22.994425,40.661461],[22.994437,40.661487],[22.994449,40.661518],[22.994465,40.661564],[22.994483,40.661622],[22.994512,40.661707],[22.994548,40.661813],[22.994582,40.661895],[22.994602,40.661935],[22.994621,40.661967],[22.99468,40.662059],[22.994696,40.662085],[22.994702,40.662097],[22.994706,40.662105],[22.994709,40.662113],[22.994712,40.662124],[22.994713,40.66213],[22.994714,40.662139],[22.994714,40.662148],[22.994713,40.662159],[22.994711,40.662172],[22.994708,40.662181],[22.994705,40.662188],[22.994701,40.662193],[22.994697,40.662198],[22.99469,40.662204],[22.994683,40.662209],[22.994676,40.662212],[22.994666,40.662217],[22.994647,40.662224],[22.994636,40.662228],[22.994619,40.662233],[22.994602,40.662236],[22.994581,40.66224],[22.994549,40.662246],[22.994447,40.662262],[22.994331,40.662279],[22.994249,40.662293],[22.99414,40.662311],[22.994051,40.662328],[22.993962,40.66235],[22.993869,40.662377],[22.993737,40.662428],[22.993602,40.662493],[22.993506,40.662541],[22.993435,40.662582],[22.993345,40.662638],[22.993288,40.66268],[22.993252,40.66271],[22.993189,40.662768],[22.993143,40.662816],[22.993073,40.662899],[22.992998,40.662986],[22.992931,40.663066],[22.992636,40.663407],[22.992615,40.663433],[22.992601,40.663455],[22.992593,40.663469],[22.992585,40.663484],[22.992577,40.663505],[22.992562,40.663548],[22.992545,40.663601],[22.992536,40.663641],[22.992525,40.663708],[22.992514,40.663776],[22.9925,40.663871],[22.992482,40.663962],[22.992456,40.664045],[22.99243,40.664115],[22.992405,40.664177],[22.992369,40.664246],[22.992319,40.664302],[22.992252,40.664353],[22.992192,40.664379],[22.992129,40.664396],[22.99206,40.664407],[22.991946,40.66442],[22.991734,40.664449],[22.99146,40.664491],[22.991335,40.664511],[22.991178,40.664526],[22.990975,40.664541],[22.990732,40.66456],[22.990595,40.664576],[22.990498,40.664593],[22.99044,40.664609],[22.990326,40.664658],[22.990106,40.664755],[22.989793,40.664881],[22.989381,40.665045],[22.989298,40.665075],[22.989208,40.665106],[22.989152,40.665123],[22.989111,40.665134],[22.98907,40.665145],[22.989028,40.665153],[22.988946,40.665169],[22.988865,40.665185],[22.98881,40.665196],[22.988777,40.665203],[22.988752,40.665211],[22.988732,40.665219],[22.988713,40.665227],[22.988695,40.665238],[22.988677,40.66525],[22.988663,40.665263],[22.988647,40.665281],[22.988633,40.665301],[22.988623,40.665318],[22.988613,40.665336],[22.988604,40.665358],[22.988598,40.665379],[22.988594,40.665409],[22.988597,40.665436],[22.988606,40.665464],[22.988625,40.665493],[22.988651,40.665518],[22.988669,40.665543]]},"properties":{"name":"Γαλήνης"}},{"type":"Feature","geometry":{"type":"LineString","coordinates":[[22.99232,40.659598],[22.99254,40.659604],[22.992567,40.659607],[22.992603,40.659615],[22.992636,40.659625],[22.992669,40.659636]]},"properties":{"name":"Ηρακλείτου"}},{"type":"Feature","geometry":{"type":"LineString","coordinates":[[23.028183,40.591761],[23.028168,40.591701],[23.028158,40.591663],[23.028147,40.591632],[23.028134,40.591596],[23.028117,40.591556],[23.028087,40.591496],[23.028055,40.591429],[23.028036,40.591392],[23.028033,40.591386],[23.028008,40.591341],[23.027985,40.591304],[23.027958,40.591269],[23.027913,40.591218],[23.02784,40.591142],[23.027765,40.59107],[23.027661,40.59097],[23.027577,40.590885],[23.027501,40.590814],[23.027401,40.590726],[23.02734,40.590668],[23.027282,40.590612],[23.027195,40.590529],[23.027147,40.590478],[23.027104,40.59043],[23.02706,40.590378],[23.027018,40.590324],[23.026978,40.590273],[23.026938,40.590215],[23.026884,40.590129],[23.026839,40.590061],[23.026801,40.59],[23.026749,40.589912],[23.026485,40.589443],[23.026054,40.588782],[23.025946,40.588602],[23.025882,40.588479]]},"properties":{"name":"Γυμνασίου"}},{"type":"Feature","geometry":{"type":"LineString","coordinates":[[23.01288,40.57872],[23.012821,40.578737],[23.01278,40.57875],[23.012717,40.578773],[23.012644,40.578808],[23.01249,40.5789],[23.012182,40.579093],[23.012097,40.579147],[23.012045,40.579181],[23.011753,40.579344],[23.011676,40.579398],[23.0116,40.579446],[23.011527,40.57949],[23.011479,40.579513],[23.01142,40.579537],[23.011348,40.579562],[23.011261,40.579591]]},"properties":{"name":"Φιλελλήνων"}},{"type":"Feature","geometry":{"type":"LineString","coordinates":[[23.011,40.57972],[23.011116,40.579663],[23.011261,40.579591],[23.011177,40.5796],[23.011076,40.57961],[23.010969,40.579616]]},"properties":{"name":"Φιλελλήνων"}},{"type":"Feature","geometry":{"type":"LineString","coordinates":[[23.010943,40.578062],[23.010886,40.578088],[23.010792,40.578186],[23.010757,40.578303],[23.010757,40.57846],[23.010742,40.578768],[23.010748,40.579025],[23.010744,40.579175],[23.010738,40.579305]]},"properties":{"name":"Νταλίπη"}},{"type":"Feature","geometry":{"type":"LineString","coordinates":[[23.006141,40.577908],[23.006278,40.577883]]},"properties":{"name":"Μακεδονομάχου Καπετάν Δούκα"}},{"type":"Feature","geometry":{"type":"LineString","coordinates":[[23.019626,40.577859],[23.019521,40.578238],[23.019452,40.578571],[23.019383,40.578923],[23.019368,40.579087],[23.019366,40.579412],[23.019418,40.579666],[23.019488,40.579807],[23.019538,40.579907],[23.019684,40.580063],[23.019933,40.580259],[23.020173,40.580455]]},"properties":{"name":"Περικλέους Κάβδα"}},{"type":"Feature","geometry":{"type":"LineString","coordinates":[[23.017301,40.583867],[23.017101,40.583622],[23.016869,40.583358],[23.016716,40.583197],[23.016604,40.583063],[23.016459,40.582905],[23.016238,40.582657],[23.01607,40.582401],[23.01584,40.582062],[23.015785,40.581975],[23.015744,40.581889],[23.015701,40.581784]]},"properties":{"name":"Περδίκα"}},{"type":"Feature","geometry":{"type":"LineString","coordinates":[[23.024732,40.582314],[23.024583,40.582338],[23.024488,40.582343],[23.024007,40.582337],[23.02362,40.582348],[23.023287,40.582391],[23.022961,40.582463],[23.022434,40.582606],[23.022308,40.582645],[23.022175,40.582678],[23.022051,40.5827],[23.021621,40.582752],[23.021154,40.582806],[23.020861,40.582833],[23.020492,40.582872],[23.020149,40.582933],[23.019854,40.582994]]},"properties":{"name":"Πλάτωνος"}},{"type":"Feature","geometry":{"type":"LineString","coordinates":[[23.036327,40.589452],[23.035602,40.589463]]},"properties":{"name":"Χατζηπαναγιωτίδη"}},{"type":"Feature","geometry":{"type":"LineString","coordinates":[[23.035602,40.589463],[23.035589,40.589412],[23.035497,40.589031]]},"properties":{"name":"Οινόης"}},{"type":"Feature","geometry":{"type":"LineString","coordinates":[[23.021119,40.550477],[23.021,40.550591],[23.020918,40.550647],[23.019766,40.551399],[23.018729,40.55208],[23.018531,40.552205],[23.01829,40.552357]]},"properties":{"name":"Καπετάν Χάψα"}},{"type":"Feature","geometry":{"type":"LineString","coordinates":[[23.021312,40.550399],[23.021446,40.550327],[23.02258,40.549714],[23.022634,40.549681],[23.022686,40.549647],[23.022722,40.549621],[23.022797,40.549567],[23.02297,40.549437],[23.023507,40.54904],[23.023681,40.548911],[23.023835,40.548796],[23.023979,40.548696],[23.024074,40.548635],[23.024192,40.548563],[23.024633,40.548294],[23.025056,40.548051],[23.025417,40.547836],[23.025598,40.547733],[23.026208,40.547377],[23.026378,40.547281],[23.026773,40.547066],[23.027039,40.54692],[23.027198,40.546842],[23.027353,40.546761],[23.027477,40.546692],[23.027574,40.546627],[23.02763,40.546586],[23.027677,40.546546],[23.027732,40.546493],[23.027777,40.546448],[23.027811,40.546405],[23.027978,40.546178],[23.02803,40.546112],[23.02806,40.546078],[23.028091,40.546045],[23.028197,40.545954],[23.028308,40.545865],[23.028394,40.545794],[23.028429,40.545763],[23.028441,40.545753],[23.028473,40.545731],[23.028498,40.545715],[23.02852,40.545696],[23.028543,40.545672],[23.028568,40.545639],[23.028589,40.545605],[23.028596,40.545587],[23.028614,40.545539],[23.028621,40.545509],[23.028626,40.545482],[23.02863,40.545455]]},"properties":{"name":"Καπετάν Χάψα"}},{"type":"Feature","geometry":{"type":"LineString","coordinates":[[23.028441,40.545753],[23.028484,40.545688],[23.02851,40.545641],[23.028521,40.54562],[23.028527,40.545601],[23.028532,40.54558],[23.028534,40.545559],[23.028534,40.545533],[23.028528,40.545487],[23.028522,40.545463],[23.028496,40.545381],[23.028488,40.545348],[23.028484,40.545321],[23.028485,40.545302],[23.028491,40.545287],[23.028499,40.545268]]},"properties":{"name":"Καπετάν Χάψα"}},{"type":"Feature","geometry":{"type":"LineString","coordinates":[[23.017867,40.546522],[23.018099,40.546257],[23.018693,40.545555]]},"properties":{"name":"Κυριάκου Κεσίδη"}},{"type":"Feature","geometry":{"type":"LineString","coordinates":[[23.018674,40.542963],[23.018601,40.542896],[23.018524,40.542841],[23.018407,40.542767],[23.017994,40.542525],[23.016782,40.541837],[23.016691,40.541785],[23.016425,40.541636],[23.015612,40.541191],[23.015482,40.541111],[23.015431,40.541075],[23.015391,40.541042],[23.015169,40.540876],[23.014973,40.540702],[23.014571,40.540289],[23.014157,40.539873],[23.014124,40.539839],[23.013787,40.539496],[23.013716,40.539424],[23.013416,40.539132],[23.013291,40.538985],[23.013206,40.538886]]},"properties":{"name":"Βασιλικής Ταβάκη"}},{"type":"Feature","geometry":{"type":"LineString","coordinates":[[23.018867,40.543077],[23.018894,40.543153],[23.018928,40.543244]]},"properties":{"name":"Βασιλικής Ταβάκη"}},{"type":"Feature","geometry":{"type":"LineString","coordinates":[[23.013424,40.538886],[23.01352,40.53907],[23.01388,40.539431],[23.014146,40.539697],[23.014438,40.539989],[23.014498,40.540047],[23.015072,40.540629],[23.015495,40.540977],[23.015609,40.541059],[23.015745,40.541131],[23.016088,40.541251],[23.016589,40.541418],[23.017542,40.541722],[23.017852,40.541824],[23.018444,40.542019],[23.01864,40.542089],[23.01869,40.542114],[23.018717,40.542133],[23.018732,40.542152],[23.01875,40.542187],[23.018752,40.542194],[23.018755,40.542209],[23.018757,40.542249],[23.018756,40.542319],[23.018747,40.542592],[23.018744,40.542702],[23.018745,40.542762],[23.018751,40.542807],[23.01876,40.542856],[23.018779,40.542925]]},"properties":{"name":"Βασιλικής Ταβάκη"}},{"type":"Feature","geometry":{"type":"LineString","coordinates":[[23.019485,40.546492],[23.019434,40.546292],[23.019403,40.545909],[23.019363,40.545583],[23.019358,40.545538],[23.019241,40.544481],[23.01919,40.544093],[23.019179,40.544007],[23.019165,40.543931],[23.019158,40.543897],[23.019139,40.543822],[23.019119,40.543758],[23.019103,40.543704],[23.01908,40.543634],[23.019001,40.543416],[23.018928,40.543244],[23.018884,40.543186],[23.018865,40.543161],[23.018818,40.543138],[23.018792,40.543125],[23.018753,40.543109]]},"properties":{"name":"Βασιλικής Ταβάκη"}},{"type":"Feature","geometry":{"type":"LineString","coordinates":[[23.019485,40.546492],[23.019498,40.546531],[23.01951,40.546553],[23.01953,40.546575],[23.019554,40.546594],[23.019583,40.546609],[23.019739,40.546675],[23.019981,40.546778],[23.020125,40.546845],[23.020147,40.546858],[23.020165,40.546874],[23.020177,40.546888],[23.020187,40.546901],[23.020195,40.546916],[23.020201,40.546935],[23.020204,40.546952],[23.020206,40.546966],[23.020204,40.546983],[23.020199,40.547007],[23.020191,40.547026],[23.020185,40.547039],[23.020176,40.547055],[23.020167,40.547069],[23.020158,40.547083],[23.019924,40.547365],[23.019898,40.547397],[23.019844,40.547461]]},"properties":{"name":"Πλατεία Παραμάνα"}},{"type":"Feature","geometry":{"type":"LineString","coordinates":[[23.01829,40.552357],[23.018261,40.552549],[23.01824,40.552787],[23.018243,40.552879],[23.018249,40.552929],[23.018257,40.552975],[23.018274,40.553058],[23.018289,40.553116],[23.018307,40.553165],[23.018332,40.553221],[23.018364,40.553279],[23.018418,40.553396],[23.018432,40.553437],[23.018436,40.553461],[23.018438,40.553479],[23.018438,40.5535],[23.018431,40.553523],[23.018421,40.553539],[23.018385,40.553586]]},"properties":{"name":"Ταβάκη"}},{"type":"Feature","geometry":{"type":"LineString","coordinates":[[23.10022,40.60833],[23.099997,40.60854],[23.099677,40.608864],[23.099941,40.608942],[23.100082,40.608985],[23.100355,40.609067],[23.10075,40.609175],[23.100905,40.609226],[23.100949,40.609269],[23.100967,40.609317],[23.10097,40.60938],[23.100923,40.609434],[23.100353,40.609862],[23.100088,40.610051],[23.099958,40.610184],[23.099863,40.610348],[23.099806,40.610462],[23.099592,40.611047],[23.099506,40.611281],[23.099386,40.611664],[23.099381,40.61172],[23.099394,40.61207],[23.099425,40.612314],[23.099454,40.61259],[23.099499,40.612884],[23.099518,40.613303],[23.099464,40.613475],[23.099397,40.613521],[23.099234,40.613632],[23.098831,40.61391],[23.098448,40.614201],[23.098345,40.614279],[23.097205,40.615133],[23.09655,40.615594],[23.096329,40.61573],[23.096149,40.615842],[23.095942,40.615972],[23.095814,40.616037],[23.095593,40.616135],[23.09548,40.616187],[23.095032,40.616394]]},"properties":{"name":"Μαρτύρων 2ας Σεπτεμβρίου"}},{"type":"Feature","geometry":{"type":"LineString","coordinates":[[22.986625,40.667213],[22.987096,40.667334],[22.987227,40.66738],[22.987329,40.667425],[22.987426,40.667478],[22.987522,40.667547],[22.987608,40.667628],[22.987667,40.667698],[22.988021,40.668161],[22.988171,40.668342],[22.988196,40.668373],[22.988276,40.668462],[22.988334,40.668519],[22.988467,40.668604],[22.988564,40.668657],[22.988658,40.668685],[22.988766,40.668707],[22.98885,40.668731],[22.988898,40.668748],[22.988968,40.668787],[22.989028,40.668823],[22.989092,40.668872],[22.989178,40.668947],[22.98925,40.66902],[22.989443,40.669217],[22.989592,40.669364],[22.989648,40.669427],[22.989699,40.669503],[22.989731,40.669572],[22.989744,40.669622],[22.989756,40.669693],[22.989758,40.669755],[22.989745,40.669898],[22.98969,40.670161],[22.989659,40.670308],[22.989642,40.670432],[22.989558,40.670872],[22.989521,40.670969],[22.989477,40.671087],[22.989467,40.67113],[22.989402,40.67126],[22.989371,40.671337],[22.989326,40.671425],[22.989267,40.671509],[22.989166,40.67166],[22.988969,40.671935],[22.988496,40.672598],[22.988423,40.672701],[22.988377,40.672774],[22.988351,40.672816],[22.988331,40.672858],[22.988317,40.672891],[22.988311,40.672923],[22.988309,40.67296],[22.98831,40.672987],[22.988314,40.673023],[22.988321,40.673055],[22.988333,40.673093],[22.988352,40.673146],[22.988376,40.6732],[22.9884,40.673247],[22.988426,40.673293],[22.988455,40.673339],[22.988481,40.673377],[22.988512,40.67342],[22.98855,40.673467],[22.988586,40.673506],[22.988626,40.673539],[22.988672,40.673567],[22.988715,40.67359],[22.988756,40.673604],[22.988792,40.673613],[22.98883,40.673622],[22.988855,40.673628],[22.98889,40.673634],[22.988927,40.673639],[22.988965,40.673642],[22.989017,40.673643],[22.989093,40.673641],[22.989177,40.673622],[22.989398,40.673547],[22.989443,40.67354],[22.989687,40.673492],[22.989814,40.673472],[22.989893,40.673467],[22.989976,40.673469],[22.99005,40.673476],[22.990108,40.673487],[22.990168,40.673505],[22.990238,40.673531],[22.990306,40.673564],[22.990376,40.673605],[22.990441,40.673647],[22.990517,40.673703],[22.990741,40.673865],[22.990926,40.674006],[22.9911,40.674144],[22.991165,40.674199],[22.991207,40.674237],[22.991248,40.674279],[22.991292,40.674331],[22.991324,40.674382],[22.991343,40.674421],[22.99136,40.674467],[22.991372,40.674512],[22.99138,40.674562],[22.991383,40.674609],[22.99138,40.674661],[22.99137,40.674727],[22.991355,40.674795],[22.991332,40.674869],[22.991283,40.675012],[22.991225,40.675148],[22.991181,40.675236],[22.99115,40.675332],[22.991109,40.675403],[22.991062,40.675465],[22.991008,40.675531],[22.990925,40.675626],[22.990833,40.67573],[22.990275,40.676344],[22.99019,40.676441],[22.990104,40.676546],[22.990021,40.676658],[22.988937,40.678161],[22.988872,40.678258],[22.988839,40.678317],[22.988817,40.678371],[22.988802,40.678433],[22.988794,40.678496],[22.988792,40.678572],[22.9888,40.678677],[22.98881,40.678758],[22.988828,40.678858],[22.988847,40.67895],[22.988875,40.679036],[22.988899,40.679084],[22.988927,40.679129],[22.988974,40.679174],[22.989047,40.67923],[22.989229,40.679346],[22.989309,40.679392],[22.989391,40.679431],[22.98949,40.679465],[22.989592,40.679493],[22.989696,40.679513],[22.989817,40.679524],[22.989946,40.679527],[22.990088,40.679527],[22.990338,40.679519],[22.990429,40.679517],[22.990511,40.679525],[22.990695,40.679565],[22.990772,40.679562],[22.991161,40.679528],[22.991373,40.679508],[22.991545,40.679491],[22.991714,40.679481],[22.991868,40.679485],[22.991979,40.679503],[22.992078,40.679529],[22.992163,40.679556],[22.992317,40.679634],[22.992492,40.679733],[22.992656,40.679859],[22.992781,40.679951],[22.993115,40.680196],[22.99363,40.68058],[22.993783,40.680729],[22.993856,40.680807],[22.993967,40.680928],[22.994076,40.68108],[22.99412,40.681226],[22.994133,40.681264],[22.994229,40.681399],[22.994339,40.681526],[22.994425,40.681617],[22.994864,40.682071],[22.995067,40.682281],[22.995573,40.682786],[22.995758,40.682973],[22.995968,40.683188],[22.996337,40.683575],[22.996478,40.683718],[22.99665,40.683901],[22.996731,40.683979],[22.996805,40.684056],[22.996882,40.684143],[22.99698,40.684277],[22.99719,40.684635],[22.997243,40.684742],[22.997364,40.684961],[22.997418,40.68506],[22.997602,40.685366],[22.997702,40.685529],[22.997743,40.685597],[22.997821,40.68572],[22.997905,40.685852],[22.998016,40.686061],[22.998103,40.686248],[22.998174,40.686416],[22.998225,40.686577],[22.998274,40.686764],[22.998342,40.687015],[22.99838,40.687151],[22.998399,40.687226],[22.998415,40.687287],[22.998428,40.687339],[22.998439,40.687408],[22.998447,40.687473],[22.998456,40.687534],[22.998455,40.687601],[22.998448,40.687658],[22.998436,40.687742],[22.998398,40.687878],[22.998366,40.68798],[22.998331,40.688033],[22.998322,40.688077],[22.998316,40.688129],[22.998309,40.688185],[22.998304,40.688238],[22.998303,40.688289],[22.998304,40.688338],[22.998307,40.688395],[22.998315,40.688456],[22.998326,40.688517],[22.998342,40.688596],[22.998365,40.688711],[22.998381,40.688807],[22.998386,40.688895],[22.998388,40.688951],[22.998388,40.689052],[22.998364,40.689283],[22.998339,40.689542],[22.998337,40.689622],[22.998342,40.689679],[22.998352,40.689733],[22.998374,40.689808],[22.998405,40.689881],[22.998444,40.689953],[22.998491,40.690021],[22.998544,40.690096],[22.9986,40.690161],[22.998663,40.690227],[22.998752,40.690319],[22.998827,40.690389],[22.998907,40.690453],[22.998971,40.690496],[22.99904,40.690536],[22.999129,40.690576],[22.999197,40.690603],[22.999245,40.690621],[22.999297,40.690635]]},"properties":{"name":"Πεύκα - Φίλυρο"}},{"type":"Feature","geometry":{"type":"LineString","coordinates":[[23.000486,40.699588],[23.000469,40.699697]]},"properties":{"name":"Λαγυνά - Φίλυρο"}},{"type":"Feature","geometry":{"type":"LineString","coordinates":[[23.013289,40.668505],[23.013209,40.668594],[23.013072,40.668726],[23.012919,40.668868],[23.01271,40.66905],[23.012473,40.66924],[23.012341,40.669357],[23.012215,40.669482],[23.01198,40.669727],[23.011855,40.669861],[23.011729,40.669969],[23.01163,40.670051],[23.011533,40.670122],[23.011452,40.670184],[23.011393,40.670236],[23.011295,40.670337],[23.011208,40.670434],[23.011136,40.670517],[23.01098,40.6707],[23.010868,40.670843],[23.010796,40.670943],[23.010738,40.671028],[23.010694,40.671102],[23.01065,40.671179],[23.010603,40.671286],[23.010576,40.671359],[23.010549,40.671445],[23.010516,40.671545],[23.010475,40.671695],[23.010449,40.67182],[23.010432,40.671929],[23.010418,40.672019],[23.010407,40.672114],[23.010409,40.672211],[23.010421,40.672309],[23.010439,40.672388],[23.010467,40.672475],[23.010492,40.672556],[23.010508,40.672635],[23.010522,40.672722],[23.010527,40.672804],[23.010524,40.672886],[23.010521,40.672966],[23.010506,40.673048],[23.010476,40.673157],[23.010433,40.673303],[23.010352,40.673592],[23.010323,40.673705],[23.010302,40.673788],[23.010267,40.673893],[23.010247,40.673941],[23.010226,40.673984],[23.010188,40.674034],[23.01015,40.67407],[23.009993,40.674179],[23.009792,40.674319],[23.009721,40.674374],[23.009648,40.674435],[23.009533,40.674539],[23.009431,40.674641],[23.009278,40.674806],[23.009192,40.674902],[23.009032,40.67509],[23.008886,40.675265],[23.00869,40.67549],[23.008545,40.675653],[23.008366,40.675841],[23.008264,40.675946],[23.008148,40.67605],[23.008049,40.676135],[23.007968,40.676199],[23.007893,40.676254],[23.007771,40.676343],[23.007692,40.676404],[23.007611,40.676477],[23.007533,40.676562],[23.007436,40.67667],[23.007359,40.676769],[23.007289,40.676864],[23.007193,40.677013],[23.007131,40.677104],[23.007086,40.677183],[23.007038,40.677281],[23.007012,40.677348],[23.006991,40.677436],[23.006962,40.677552],[23.006945,40.677647],[23.00693,40.677745],[23.006909,40.677897],[23.006883,40.678024]]},"properties":{"name":"3 Πλατάνια"}},{"type":"Feature","geometry":{"type":"LineString","coordinates":[[23.028499,40.545268],[23.028626,40.545243],[23.028779,40.54521]]},"properties":{"name":"Τριαδίου - Αγιορειτών Πατέρων"}},{"type":"Feature","geometry":{"type":"LineString","coordinates":[[23.044252,40.547548],[23.044451,40.547558],[23.044708,40.54757],[23.044906,40.54758],[23.045293,40.547601],[23.045333,40.547603],[23.045478,40.547609],[23.045594,40.547615],[23.045902,40.547628],[23.046015,40.547629],[23.04611,40.547627],[23.046217,40.547622],[23.046294,40.547617],[23.046376,40.547608],[23.046476,40.547596],[23.04657,40.547583],[23.046657,40.547569],[23.046764,40.547548],[23.046856,40.54753],[23.046939,40.547512],[23.047022,40.54749],[23.047129,40.547461],[23.047368,40.547396],[23.04762,40.547329],[23.048181,40.54719],[23.048341,40.547152],[23.048485,40.547121],[23.048627,40.547092],[23.048717,40.547077],[23.048794,40.547067]]},"properties":{"name":"Αγιορειτών Πατέρων"}},{"type":"Feature","geometry":{"type":"LineString","coordinates":[[23.048794,40.547067],[23.048774,40.54726],[23.048758,40.547479],[23.048744,40.547591],[23.048659,40.548167],[23.048657,40.548204],[23.048657,40.548235],[23.048663,40.548269],[23.048672,40.548296],[23.048687,40.548326],[23.048706,40.548354],[23.048729,40.548379],[23.048787,40.54844],[23.048808,40.548463],[23.048828,40.548488],[23.048847,40.548519],[23.048863,40.548548],[23.048874,40.548571],[23.048886,40.548606],[23.048892,40.548628],[23.048898,40.548653],[23.048902,40.548679],[23.048908,40.548725],[23.048913,40.548775],[23.048916,40.548821],[23.048919,40.54888],[23.04892,40.548944],[23.04892,40.549051],[23.048913,40.549197],[23.048906,40.549276],[23.048899,40.549331],[23.048889,40.549399],[23.048879,40.549442],[23.048864,40.549505],[23.048854,40.549558],[23.04885,40.54959]]},"properties":{"name":"Ηρώων Πολυτεχνείου"}},{"type":"Feature","geometry":{"type":"LineString","coordinates":[[22.965297,40.500064],[22.965315,40.499922],[22.96532,40.499871],[22.96532,40.499836],[22.965317,40.499811],[22.96531,40.499771],[22.965268,40.499595],[22.965266,40.499408]]},"properties":{"name":"Θεσσαλονίκης - Επανομής"}},{"type":"Feature","geometry":{"type":"LineString","coordinates":[[22.958892,40.478541],[22.958903,40.478642],[22.958913,40.478818],[22.958917,40.479057],[22.958933,40.47942],[22.958939,40.479626],[22.958952,40.479753],[22.958977,40.479871],[22.959016,40.479985],[22.95908,40.480101],[22.959175,40.480259],[22.959356,40.480533],[22.959435,40.480679],[22.959477,40.480838],[22.959495,40.481005],[22.959492,40.481195],[22.959483,40.481402],[22.959442,40.482098],[22.95943,40.482351],[22.959423,40.482526],[22.959421,40.482671],[22.959446,40.482968],[22.959464,40.483215],[22.959459,40.483418],[22.95944,40.483626],[22.959422,40.483793],[22.959395,40.483952],[22.959357,40.484173],[22.959335,40.484373],[22.959329,40.484574],[22.959329,40.484772],[22.959341,40.485276],[22.959353,40.485512],[22.959356,40.485813],[22.95935,40.486073],[22.959346,40.486317],[22.959352,40.486494],[22.959361,40.486591],[22.959371,40.486663],[22.95939,40.486769],[22.959426,40.486922],[22.959462,40.487075],[22.959533,40.487352],[22.959559,40.487446],[22.959773,40.488185],[22.959889,40.488595],[22.960072,40.489213],[22.960245,40.489794],[22.960308,40.489989],[22.960344,40.490079],[22.960405,40.490222],[22.960492,40.490391],[22.960581,40.490556],[22.960717,40.490794],[22.960911,40.491172],[22.961113,40.49157],[22.961211,40.49175],[22.961357,40.492007],[22.961414,40.492104],[22.961452,40.492179],[22.961489,40.492251],[22.961586,40.492428],[22.961618,40.492486],[22.961642,40.49253],[22.961653,40.492548],[22.961881,40.492928],[22.962008,40.493159],[22.962029,40.493198],[22.962077,40.493276],[22.962202,40.493435],[22.962238,40.493468],[22.962362,40.493581],[22.96246,40.493663],[22.962759,40.493915],[22.963089,40.494197],[22.963271,40.49434],[22.963397,40.494459],[22.963504,40.494546],[22.963591,40.494627],[22.963673,40.494711],[22.96374,40.494799],[22.963781,40.494879],[22.963838,40.494989],[22.963878,40.495088],[22.963917,40.495198],[22.964018,40.495524],[22.964067,40.495654],[22.964259,40.496241],[22.964364,40.496566],[22.964471,40.496916],[22.964557,40.497185],[22.964617,40.49736],[22.964681,40.497572],[22.964732,40.497733],[22.964795,40.497906],[22.964901,40.498246],[22.965006,40.498579],[22.965072,40.49878],[22.965193,40.499143],[22.965266,40.499408],[22.965361,40.499585],[22.965392,40.499657],[22.965425,40.499747],[22.965445,40.499804],[22.965449,40.499829],[22.965458,40.499891],[22.965461,40.49994]]},"properties":{"name":"Θεσσαλονίκης - Επανομής"}},{"type":"Feature","geometry":{"type":"LineString","coordinates":[[22.953791,40.466521],[22.953715,40.466522],[22.953623,40.466527],[22.95346,40.466547],[22.953312,40.466585],[22.953157,40.466637],[22.953009,40.466694],[22.952878,40.466765],[22.952791,40.466814],[22.952705,40.466863],[22.952602,40.466933],[22.952373,40.467089],[22.95219,40.467226],[22.952017,40.467368],[22.951756,40.467599],[22.951404,40.467921],[22.951203,40.4681],[22.95106,40.468216],[22.950894,40.468327],[22.950761,40.468402],[22.950588,40.468473],[22.950396,40.46854],[22.950173,40.468607],[22.949823,40.468691],[22.949404,40.468755],[22.949067,40.468789],[22.94889,40.468793],[22.948721,40.468786],[22.948503,40.468759],[22.948243,40.468699],[22.948063,40.468636],[22.947885,40.468566],[22.947521,40.468413],[22.947127,40.468233],[22.946957,40.468143],[22.946808,40.468055],[22.94668,40.467954],[22.946518,40.467752],[22.946463,40.467552],[22.946436,40.467414],[22.946405,40.467299],[22.946336,40.46707],[22.94621,40.466842],[22.946042,40.466552],[22.94593,40.466342],[22.945828,40.466229],[22.945752,40.466164],[22.945681,40.466122],[22.945601,40.466083],[22.945526,40.466055],[22.945428,40.466026],[22.945325,40.466009],[22.945201,40.466],[22.945116,40.465999],[22.945021,40.466004],[22.944945,40.466014],[22.944844,40.466032],[22.944735,40.466056],[22.944643,40.466083],[22.944529,40.466121],[22.944441,40.466154],[22.944354,40.466188],[22.944101,40.466287],[22.944014,40.466316],[22.943923,40.466345],[22.943837,40.466369],[22.943754,40.466389],[22.943651,40.466402],[22.943547,40.466406],[22.94344,40.466396],[22.943332,40.466377],[22.943209,40.466346],[22.943091,40.466301],[22.94297,40.466245],[22.942862,40.466175],[22.94282,40.466143],[22.94277,40.466104],[22.942681,40.466006],[22.942656,40.465915],[22.942637,40.465827],[22.942615,40.465733],[22.942596,40.465634],[22.942586,40.465403],[22.942569,40.465162],[22.942595,40.46488],[22.942583,40.464662],[22.942573,40.464172],[22.942533,40.463924],[22.9425,40.463616],[22.942427,40.462844],[22.942382,40.46253],[22.9422,40.461028],[22.942102,40.460343],[22.941997,40.459739],[22.941918,40.459138],[22.941811,40.45853],[22.941771,40.458319],[22.941769,40.45831],[22.941732,40.458128],[22.941711,40.458047],[22.941584,40.45754],[22.9415,40.457249],[22.941371,40.456863],[22.941221,40.456515],[22.940942,40.45589],[22.940713,40.455329],[22.940427,40.454853],[22.940134,40.454355],[22.939621,40.453505],[22.939423,40.453144],[22.93892,40.452225],[22.938573,40.451587],[22.938479,40.451432],[22.938179,40.450838],[22.937964,40.450387],[22.937889,40.450214],[22.937797,40.449965],[22.937732,40.449775],[22.937649,40.449528],[22.937563,40.44919],[22.937502,40.448939],[22.937407,40.448519],[22.93736,40.448326],[22.9373,40.448078],[22.937245,40.447822],[22.937154,40.447399],[22.936874,40.446266],[22.936771,40.445776],[22.936635,40.44525],[22.936536,40.444963],[22.936433,40.444653],[22.93637,40.444485],[22.936309,40.444329],[22.93627,40.444225],[22.936205,40.444054],[22.935948,40.443472],[22.935692,40.442949],[22.935491,40.442502],[22.935318,40.442149],[22.935279,40.442067],[22.935117,40.441727],[22.935074,40.441638],[22.935004,40.441484],[22.934791,40.441068],[22.934637,40.440838],[22.934497,40.440599]]},"properties":{"name":"Θεσσαλονίκης - Επανομής"}},{"type":"Feature","geometry":{"type":"LineString","coordinates":[[22.927761,40.431046],[22.927908,40.431847],[22.927996,40.432163],[22.92807,40.432511],[22.928077,40.432544],[22.928144,40.432844],[22.928204,40.433114],[22.928306,40.43351],[22.928343,40.43362],[22.928426,40.433812],[22.928492,40.433921],[22.928633,40.434155],[22.928957,40.434587],[22.9291,40.434772]]},"properties":{"name":"Θεσσαλονίκης - Επανομής"}},{"type":"Feature","geometry":{"type":"LineString","coordinates":[[22.934497,40.440599],[22.934386,40.440525],[22.934242,40.440362],[22.934099,40.440211],[22.933268,40.439481],[22.933094,40.439347],[22.932457,40.438863],[22.932438,40.43885],[22.932332,40.438766],[22.932277,40.438723],[22.932201,40.43867],[22.932177,40.43865],[22.932095,40.438583],[22.931932,40.438447],[22.93183,40.438353],[22.931716,40.438241],[22.931591,40.4381],[22.931475,40.43797],[22.93121,40.437623],[22.931013,40.437348],[22.93082,40.437119],[22.930328,40.436462],[22.930106,40.436154],[22.929848,40.435807],[22.929377,40.435172],[22.929167,40.434914],[22.9291,40.434772],[22.929234,40.434888],[22.92943,40.435153],[22.93014,40.436139],[22.930367,40.436443],[22.930489,40.436596],[22.930857,40.437104],[22.931042,40.437334],[22.931242,40.43761],[22.931501,40.437954],[22.931613,40.438086],[22.93174,40.438226],[22.931853,40.438337],[22.931963,40.43843],[22.932117,40.438568],[22.932297,40.438702],[22.932473,40.43884],[22.933113,40.439332],[22.93329,40.439465],[22.934011,40.440089],[22.934135,40.44019],[22.934294,40.440335],[22.934452,40.440498],[22.934497,40.440599]]},"properties":{"name":"Θεσσαλονίκης - Επανομής"}},{"type":"Feature","geometry":{"type":"LineString","coordinates":[[22.921498,40.425176],[22.921799,40.42499],[22.92204,40.424805],[22.922207,40.424656],[22.922306,40.424574],[22.922344,40.42454],[22.922508,40.424394],[22.922621,40.424271],[22.922738,40.424113],[22.923012,40.423862],[22.923546,40.423556],[22.923877,40.423321],[22.923949,40.4232],[22.924148,40.422959]]},"properties":{"name":"Αγίων Θεόδωρων"}},{"type":"Feature","geometry":{"type":"LineString","coordinates":[[22.899732,40.404637],[22.900192,40.404659],[22.900235,40.404661],[22.900728,40.404738],[22.901021,40.404817],[22.901236,40.404905],[22.901451,40.405028],[22.903203,40.406016],[22.903733,40.406348],[22.903905,40.406456],[22.90443,40.406807],[22.904729,40.40704],[22.904879,40.407161],[22.905026,40.407288],[22.905369,40.407576],[22.90585,40.407987],[22.906686,40.408712],[22.907137,40.409112],[22.907378,40.409318],[22.908061,40.40988],[22.908364,40.410139],[22.908887,40.410579],[22.909232,40.410881],[22.909808,40.411435],[22.910194,40.411826],[22.910341,40.411976],[22.910799,40.412456],[22.910862,40.412523],[22.91121,40.412888],[22.911421,40.413099],[22.911616,40.413287],[22.911826,40.413477],[22.912156,40.41376],[22.912396,40.413978],[22.912639,40.414181],[22.913199,40.414637],[22.913799,40.415161],[22.913915,40.415265],[22.914355,40.415641],[22.914564,40.415818],[22.914742,40.415955],[22.914885,40.416058],[22.914967,40.416123],[22.915145,40.416244],[22.91565,40.416559],[22.915829,40.416657],[22.916233,40.416871],[22.916623,40.417066],[22.916863,40.417182],[22.917057,40.417264],[22.917285,40.417352],[22.917953,40.417597],[22.918242,40.417709],[22.918519,40.41783],[22.918811,40.417974],[22.919033,40.4181],[22.919178,40.418194],[22.919532,40.418437],[22.919587,40.418491],[22.920053,40.418832],[22.920342,40.419072],[22.920534,40.419231],[22.920686,40.419401],[22.920947,40.419692],[22.921075,40.419879],[22.921354,40.4202],[22.921453,40.420311],[22.921584,40.42044],[22.921729,40.420577],[22.921901,40.420773],[22.922146,40.421048],[22.922308,40.421236],[22.922403,40.421323],[22.922862,40.421778],[22.922952,40.421867]]},"properties":{"name":"Επανομής - Παραλίας Επανομής"}},{"type":"Feature","geometry":{"type":"LineString","coordinates":[[22.921315,40.430921],[22.921197,40.430965],[22.920942,40.430997],[22.920843,40.431013],[22.92066,40.431042],[22.919944,40.431148],[22.919134,40.431272],[22.918654,40.431342],[22.918611,40.431349],[22.918265,40.431412],[22.917353,40.431553],[22.917276,40.431562],[22.916523,40.431664],[22.915709,40.431771],[22.914154,40.431977],[22.913865,40.432021],[22.913286,40.432118],[22.912896,40.43218],[22.912753,40.432192],[22.91251,40.432214],[22.91215,40.432261],[22.91171,40.432293],[22.911476,40.432309],[22.911298,40.432311],[22.910402,40.432326],[22.909981,40.432296],[22.909458,40.432252],[22.90901,40.432204],[22.908433,40.432137],[22.907448,40.431984],[22.907147,40.431949],[22.906823,40.431911],[22.906571,40.431875],[22.906384,40.431842],[22.906162,40.431793],[22.905969,40.43175],[22.905471,40.431619],[22.905047,40.431511],[22.90407,40.431264],[22.903532,40.431153],[22.903408,40.431128],[22.902667,40.431013],[22.90221,40.430956],[22.902084,40.430937],[22.901618,40.430891],[22.900806,40.43084],[22.899947,40.430819],[22.899008,40.430779],[22.898407,40.430779],[22.898065,40.430799],[22.897917,40.430823],[22.897601,40.430884],[22.897012,40.431028],[22.896312,40.431185],[22.895861,40.43129],[22.895443,40.431379],[22.895145,40.431442],[22.894896,40.431483],[22.894644,40.431518],[22.894295,40.43153],[22.893997,40.431526],[22.892865,40.431526],[22.891539,40.43154],[22.891223,40.431547],[22.890317,40.431555],[22.89009,40.431551],[22.889779,40.43148],[22.889234,40.431337],[22.888947,40.431266],[22.888621,40.431193],[22.887881,40.431012],[22.887234,40.430823],[22.886683,40.430628],[22.885836,40.43034],[22.885197,40.430124],[22.884921,40.430026],[22.884623,40.429907],[22.884457,40.429826],[22.884229,40.429691],[22.883932,40.429522],[22.883667,40.429344],[22.882993,40.428934],[22.882645,40.428744],[22.882455,40.428654],[22.882345,40.42861],[22.882234,40.428577],[22.881262,40.428434],[22.881014,40.428403],[22.880807,40.428373],[22.880706,40.428362],[22.88062,40.42836],[22.880534,40.428363],[22.880412,40.428394],[22.880101,40.428507],[22.879704,40.428667],[22.879471,40.428755],[22.878439,40.429148],[22.878049,40.429301],[22.877519,40.429491],[22.876936,40.429703],[22.876743,40.42977],[22.876563,40.429826],[22.876445,40.429834],[22.876293,40.429807],[22.876161,40.42977],[22.875721,40.429621],[22.87552,40.429562],[22.875375,40.429536],[22.87522,40.429527],[22.875075,40.429544],[22.874879,40.429587],[22.873586,40.429887],[22.873216,40.429979],[22.872653,40.43017],[22.87241,40.430259],[22.871911,40.430455],[22.871273,40.430694],[22.870832,40.430889],[22.870438,40.431084],[22.869759,40.431451],[22.869257,40.431737],[22.868793,40.431997],[22.868545,40.432147],[22.868429,40.432233],[22.868382,40.432277],[22.868322,40.432377],[22.868275,40.432462],[22.867912,40.433237],[22.867884,40.433352],[22.867884,40.433456],[22.867917,40.433552],[22.867969,40.433657],[22.868057,40.433798],[22.868261,40.434166],[22.868397,40.434418],[22.868465,40.434518],[22.868797,40.435037],[22.869298,40.435866],[22.869371,40.436014],[22.869441,40.436188],[22.869478,40.436324],[22.869498,40.436416],[22.869498,40.436551],[22.869486,40.436604],[22.869465,40.43669],[22.869419,40.436806],[22.869372,40.436903],[22.869321,40.437023],[22.868855,40.438192],[22.86858,40.438836],[22.868454,40.439132],[22.868342,40.439392],[22.868257,40.43964],[22.868224,40.439772]]},"properties":{"name":"Επανομής - Νέας Μηχανιώνας"}},{"type":"Feature","geometry":{"type":"LineString","coordinates":[[22.936301,40.419304],[22.936927,40.418826],[22.93745,40.418381],[22.938003,40.417894],[22.93829,40.417648],[22.938602,40.417374],[22.938917,40.417123],[22.939243,40.416912],[22.940044,40.416438],[22.940919,40.415894],[22.94108,40.415794],[22.941185,40.415723],[22.941325,40.415629],[22.941635,40.4154],[22.941807,40.415254],[22.94233,40.414818],[22.942787,40.414432],[22.943345,40.413982],[22.943706,40.413689],[22.943995,40.413432],[22.9443,40.413177],[22.944794,40.412755],[22.944913,40.412661],[22.945396,40.412251],[22.945772,40.411946],[22.946564,40.411312],[22.946595,40.411281],[22.946619,40.411265],[22.946694,40.411196],[22.947136,40.410763],[22.947277,40.410603],[22.947321,40.410545],[22.947481,40.41033],[22.947702,40.410033],[22.947973,40.409666],[22.948366,40.409167],[22.949083,40.40819],[22.949228,40.407953],[22.949556,40.407407],[22.949982,40.4067],[22.950041,40.406589],[22.950164,40.406395],[22.950272,40.40623],[22.950457,40.405929],[22.950672,40.405587],[22.951005,40.405045],[22.951175,40.404768],[22.951336,40.404517],[22.951527,40.4042],[22.951578,40.404122],[22.951736,40.403842],[22.951819,40.403714],[22.951887,40.403622],[22.951979,40.403517],[22.952088,40.403402],[22.95222,40.403301],[22.952355,40.403203],[22.95243,40.403158],[22.953228,40.402659],[22.953616,40.40242],[22.954164,40.402084],[22.955024,40.401523],[22.955201,40.401391],[22.955267,40.401327],[22.955337,40.401246],[22.955375,40.401165],[22.955448,40.400947],[22.955509,40.400695],[22.9556,40.400375],[22.955695,40.400066],[22.955759,40.399887],[22.955787,40.399793],[22.955816,40.399681],[22.955859,40.399437],[22.955912,40.399163],[22.955954,40.398992],[22.956006,40.398792],[22.956058,40.398682],[22.956126,40.398551],[22.956392,40.398073],[22.956688,40.397567],[22.957214,40.39658],[22.957644,40.39584],[22.957776,40.395592],[22.958141,40.394906],[22.958355,40.394499],[22.958629,40.39398],[22.958851,40.393557],[22.958913,40.39345],[22.958965,40.393353],[22.959068,40.393123],[22.959168,40.392875],[22.959348,40.392405],[22.959615,40.391744],[22.959755,40.39136],[22.959861,40.391096],[22.959878,40.39105],[22.959901,40.390981],[22.95996,40.390728],[22.959979,40.390626],[22.959997,40.390501],[22.960032,40.390165],[22.960045,40.390039],[22.960072,40.389895],[22.960144,40.389648],[22.960294,40.389246],[22.960337,40.389132],[22.960406,40.388999],[22.960509,40.388852],[22.960627,40.388685],[22.960847,40.388388],[22.961313,40.387869],[22.961705,40.387416],[22.96208,40.387018],[22.962945,40.385976],[22.963877,40.384847],[22.963926,40.384771],[22.964224,40.384413],[22.964502,40.384124],[22.964732,40.383904],[22.96554,40.383211],[22.965898,40.382918],[22.966168,40.382676],[22.967588,40.381502],[22.967749,40.381354],[22.968244,40.380902],[22.968453,40.380715],[22.968751,40.380429],[22.968999,40.38023],[22.969051,40.380188],[22.969549,40.379831],[22.970249,40.379259],[22.970466,40.379108],[22.970779,40.378895],[22.971567,40.378452],[22.972509,40.377932],[22.973806,40.377191],[22.975277,40.376354],[22.975597,40.376169],[22.975704,40.376101],[22.975962,40.375954],[22.976273,40.375783],[22.976572,40.375695],[22.976798,40.37565],[22.97702,40.37562],[22.977429,40.375587],[22.977713,40.375559],[22.97786,40.375535],[22.978088,40.375369],[22.97924,40.374354],[22.979487,40.374131],[22.981039,40.372753],[22.98258,40.371407],[22.983593,40.370518],[22.984493,40.369701],[22.984866,40.369387],[22.985081,40.369196],[22.985499,40.368835],[22.985799,40.368562],[22.985937,40.368457],[22.986067,40.368341],[22.98727,40.367325],[22.987768,40.366877],[22.988216,40.366497],[22.988505,40.366252],[22.989031,40.36581],[22.990828,40.364241],[22.991134,40.363965],[22.991378,40.36375],[22.991513,40.363622],[22.991676,40.363438],[22.991845,40.363215],[22.992008,40.362974],[22.992124,40.362857],[22.992261,40.362751],[22.992547,40.362565],[22.992837,40.362393],[22.993045,40.36226],[22.993085,40.362225],[22.993442,40.361996],[22.993542,40.361932],[22.993862,40.361731],[22.994203,40.361517],[22.995023,40.361011],[22.995228,40.360882],[22.995325,40.360822],[22.995568,40.360663],[22.995632,40.360624],[22.996069,40.36036],[22.996607,40.360024],[22.997325,40.359575],[22.997465,40.359486],[22.997693,40.359343],[22.998132,40.359089],[22.998559,40.35884],[22.998841,40.358666],[22.999463,40.358291],[23.000387,40.357744],[23.000714,40.357534],[23.001065,40.357326],[23.001453,40.357087],[23.002307,40.356562],[23.002899,40.356208],[23.002998,40.356104],[23.003233,40.355819],[23.003674,40.355312],[23.003727,40.355247],[23.003777,40.355186],[23.004302,40.354516],[23.004507,40.354268],[23.004937,40.353727],[23.005244,40.353343],[23.005877,40.352563],[23.006233,40.35213],[23.006589,40.351687],[23.007058,40.351117],[23.007451,40.350628],[23.007631,40.350405],[23.007677,40.350347]]},"properties":{"name":"Επανομής - Νέας Ηράκλειας"}},{"type":"Feature","geometry":{"type":"LineString","coordinates":[[22.898176,40.499222],[22.897851,40.499233],[22.897646,40.499228],[22.89746,40.499218],[22.897333,40.499209],[22.896876,40.499173],[22.896597,40.499153],[22.896348,40.499134],[22.896221,40.499126],[22.896063,40.49913],[22.895943,40.499138],[22.895795,40.499159],[22.895623,40.49919],[22.89548,40.499232],[22.895348,40.49928],[22.895207,40.499339],[22.895104,40.499391],[22.894955,40.499477],[22.894675,40.499643],[22.894471,40.499764],[22.89422,40.499911],[22.89409,40.49998],[22.893972,40.500036],[22.893898,40.500065],[22.893777,40.500101],[22.893711,40.500116],[22.893637,40.500127],[22.893548,40.500132],[22.893431,40.500131],[22.893288,40.500124],[22.893052,40.500103],[22.892803,40.50008],[22.89244,40.50004],[22.892053,40.499999],[22.891979,40.499991],[22.891877,40.49998],[22.891747,40.499967],[22.891347,40.499921],[22.891012,40.499886],[22.890886,40.499869],[22.890614,40.499817],[22.890365,40.49976],[22.890105,40.499691],[22.889747,40.499595],[22.888763,40.499286],[22.888412,40.499181],[22.888357,40.499165],[22.887907,40.499032],[22.887611,40.49894],[22.887314,40.498863],[22.886978,40.498787],[22.886579,40.498712],[22.886382,40.49868],[22.886253,40.498657],[22.885832,40.49858],[22.885497,40.498531],[22.885118,40.498504],[22.884858,40.498497],[22.883931,40.498531],[22.883233,40.498572],[22.882543,40.498612],[22.882317,40.498616],[22.882119,40.498616],[22.881843,40.498616],[22.881589,40.498614],[22.881317,40.498594],[22.881197,40.498582],[22.881027,40.498564],[22.880833,40.498544],[22.880701,40.498534],[22.880538,40.498536],[22.880377,40.498547],[22.880253,40.498559],[22.880123,40.498582],[22.87996,40.498616],[22.879797,40.498665],[22.879156,40.498858],[22.87894,40.498918],[22.878657,40.498988],[22.878534,40.499011],[22.878473,40.499021],[22.878195,40.499051],[22.877957,40.499069],[22.877709,40.499088],[22.877375,40.499106],[22.877074,40.49912],[22.876787,40.499118],[22.87658,40.499116],[22.876368,40.499108],[22.876035,40.499082],[22.875683,40.499045],[22.875406,40.499008],[22.875254,40.498977],[22.875055,40.498932],[22.874952,40.498905],[22.874813,40.498863],[22.874644,40.498795],[22.874546,40.498752],[22.874464,40.498709],[22.874405,40.498672],[22.87434,40.498625],[22.87429,40.498581],[22.874249,40.498542],[22.874194,40.498478],[22.874144,40.498407],[22.874086,40.498316],[22.874042,40.498232],[22.87401,40.498137],[22.873999,40.498053],[22.873999,40.497978],[22.874011,40.497852],[22.874082,40.49738],[22.8741,40.497084],[22.874043,40.496975],[22.87395,40.496903],[22.873736,40.496829],[22.873542,40.496728],[22.87349,40.496686],[22.873443,40.496633],[22.873339,40.496481],[22.873133,40.496175],[22.872995,40.495926],[22.872832,40.495653],[22.872761,40.495549],[22.872656,40.495394],[22.872306,40.494954],[22.872107,40.494693],[22.872034,40.494598],[22.871936,40.494469],[22.871772,40.494248],[22.871696,40.494136],[22.87163,40.494035],[22.871577,40.493957],[22.871521,40.493881],[22.871465,40.493819],[22.871406,40.493762],[22.871357,40.493717],[22.871296,40.493667],[22.870911,40.493391],[22.870545,40.493152],[22.870319,40.493024],[22.869941,40.492795],[22.869679,40.492643],[22.869552,40.492549],[22.869411,40.492433],[22.869343,40.492368],[22.869281,40.492304],[22.869225,40.492237],[22.869169,40.492162],[22.869108,40.49208],[22.869057,40.491997],[22.868986,40.491884],[22.868788,40.491552],[22.868675,40.49132],[22.868538,40.491026],[22.86846,40.490836],[22.868386,40.490677],[22.868341,40.490563],[22.868276,40.490399],[22.868231,40.490218],[22.868191,40.490061],[22.868138,40.489815],[22.868108,40.489688],[22.868087,40.489596],[22.868072,40.489499],[22.868053,40.489368],[22.868031,40.489072],[22.868018,40.488821],[22.868019,40.488482],[22.868031,40.488071],[22.868035,40.487782],[22.868037,40.487559],[22.86804,40.487418],[22.868053,40.487269],[22.868078,40.487103],[22.868102,40.486907],[22.868133,40.486591],[22.868143,40.486435],[22.868143,40.486175],[22.868149,40.485786],[22.868151,40.48574],[22.868153,40.485204],[22.868145,40.484873],[22.868159,40.484396],[22.868159,40.484148],[22.868159,40.484115],[22.86816,40.483975],[22.868162,40.483758],[22.868162,40.483733],[22.868156,40.482925],[22.868155,40.482444],[22.868154,40.482123],[22.868156,40.482009],[22.868165,40.48192],[22.868197,40.481788],[22.868235,40.48169],[22.868275,40.481626],[22.868333,40.48155],[22.868519,40.48137],[22.868658,40.481244],[22.869549,40.480488],[22.869831,40.480269],[22.870023,40.480104],[22.870137,40.479995],[22.870195,40.479934],[22.870243,40.479884],[22.870274,40.479833],[22.870319,40.479735],[22.870351,40.47965],[22.870366,40.479569],[22.870389,40.479408],[22.87041,40.479221],[22.870427,40.479018],[22.87043,40.478806],[22.87042,40.478672],[22.870409,40.478592],[22.870382,40.478503],[22.87033,40.478379],[22.870263,40.478259],[22.870165,40.478113],[22.870057,40.477901],[22.87001,40.477771],[22.869992,40.477672],[22.869985,40.477575],[22.869991,40.477491],[22.87,40.47744],[22.870016,40.477392],[22.870048,40.477315],[22.87007,40.477276],[22.870112,40.477235],[22.870195,40.477153],[22.870352,40.477022],[22.870463,40.476922],[22.870528,40.476865],[22.870549,40.476844],[22.8706,40.476787],[22.870612,40.47674],[22.870619,40.476696],[22.87062,40.476667],[22.870615,40.476629],[22.870604,40.476593],[22.870584,40.476559],[22.870559,40.476529],[22.87053,40.476501],[22.870483,40.476464],[22.870212,40.476277],[22.869835,40.476014],[22.869597,40.475848],[22.868995,40.475405],[22.868767,40.475249],[22.868413,40.474999],[22.868349,40.474953],[22.868258,40.474887],[22.867698,40.474487],[22.867393,40.474291],[22.867194,40.474196],[22.867039,40.474135],[22.866786,40.474025],[22.866496,40.473908],[22.866266,40.4738],[22.86596,40.473619],[22.865534,40.473354],[22.865379,40.473281],[22.865209,40.473219],[22.864857,40.473112],[22.864324,40.472969],[22.863925,40.472843],[22.863728,40.472767],[22.863554,40.472698],[22.863352,40.472602],[22.863189,40.472517],[22.863066,40.472449],[22.862994,40.472409],[22.862942,40.472375],[22.862839,40.472309],[22.862673,40.472192],[22.862441,40.472007],[22.862345,40.471919],[22.861714,40.471384],[22.861108,40.470869],[22.860144,40.470048],[22.860128,40.470034],[22.860104,40.47001],[22.860043,40.469967],[22.859996,40.469935],[22.859681,40.469671],[22.859307,40.469356],[22.858898,40.469016],[22.858529,40.468699],[22.858503,40.468677],[22.858469,40.468646],[22.858345,40.468541],[22.85818,40.468396],[22.857948,40.468203],[22.857865,40.468106],[22.857717,40.468015],[22.857585,40.467952],[22.857453,40.4679],[22.857314,40.467861],[22.857222,40.467829],[22.857095,40.467774],[22.856968,40.467717],[22.856894,40.467676],[22.856819,40.467632],[22.856739,40.467581],[22.856662,40.467527],[22.856587,40.46747],[22.856527,40.467419],[22.856485,40.467376],[22.856456,40.467347],[22.856431,40.467323],[22.856406,40.467287],[22.856362,40.467213],[22.856336,40.467155],[22.856321,40.467102],[22.856315,40.467055],[22.85632,40.467005],[22.856329,40.466953],[22.85635,40.466875],[22.856359,40.466855],[22.856382,40.466806],[22.856449,40.466702],[22.856463,40.466683],[22.856541,40.466572],[22.856621,40.46646],[22.856743,40.466288],[22.856899,40.466069],[22.857006,40.46589],[22.857024,40.465861]]},"properties":{"name":"Περαίας - Νέας Μηχανιώνας"}},{"type":"Feature","geometry":{"type":"LineString","coordinates":[[22.857865,40.468106],[22.857975,40.468174],[22.858217,40.468357],[22.858332,40.468451],[22.85842,40.468516],[22.858487,40.468569],[22.858528,40.468601],[22.858562,40.468635],[22.858594,40.468663],[22.858747,40.468808],[22.858981,40.46901],[22.859216,40.469199],[22.859414,40.469371],[22.859622,40.469552],[22.859726,40.46964],[22.860043,40.469909],[22.860104,40.47001]]},"properties":{"name":"Περαίας - Νέας Μηχανιώνας"}},{"type":"Feature","geometry":{"type":"LineString","coordinates":[[22.908175,40.502351],[22.908255,40.502349],[22.908977,40.502492],[22.910621,40.502853],[22.911779,40.503125],[22.912866,40.503394],[22.913475,40.503543],[22.91393,40.503652],[22.914483,40.503796],[22.915407,40.504042],[22.915997,40.504191],[22.916647,40.504367],[22.91672,40.504384],[22.917182,40.504495],[22.917801,40.504643],[22.919329,40.504945],[22.920725,40.505224],[22.922151,40.505504],[22.923693,40.505802],[22.925036,40.506082],[22.925143,40.506105]]},"properties":{"name":"Ανθέων"}},{"type":"Feature","geometry":{"type":"LineString","coordinates":[[22.925143,40.506105],[22.925344,40.504487],[22.925443,40.503573],[22.925512,40.502935],[22.925591,40.502343],[22.925743,40.501227]]},"properties":{"name":"Ρωμανού"}},{"type":"Feature","geometry":{"type":"LineString","coordinates":[[22.825011,40.494614],[22.825119,40.494427],[22.825247,40.494239],[22.825328,40.494049],[22.825499,40.493813],[22.825652,40.493658],[22.825805,40.493507],[22.825974,40.493376],[22.82613,40.493256],[22.826277,40.493152],[22.826538,40.492999],[22.827256,40.492552],[22.828378,40.491907],[22.829314,40.491375],[22.829751,40.491128],[22.831038,40.490392],[22.832932,40.489347],[22.833924,40.488785],[22.834724,40.488297],[22.835032,40.488119],[22.836475,40.487381],[22.836752,40.487253],[22.837176,40.487146],[22.83896,40.486713],[22.841264,40.486259],[22.841464,40.486186],[22.841663,40.486117],[22.842385,40.485156],[22.842574,40.484904],[22.842958,40.48438],[22.844173,40.482754],[22.844307,40.482575],[22.845536,40.480996],[22.847115,40.478912],[22.847285,40.478708],[22.847697,40.478203],[22.848573,40.477017],[22.849229,40.476132],[22.849909,40.47524],[22.849973,40.475161],[22.850399,40.474589],[22.851042,40.473758],[22.851341,40.473369],[22.852002,40.472498],[22.852707,40.471569],[22.852918,40.471298],[22.853127,40.471012],[22.853177,40.470923],[22.853234,40.470804],[22.853278,40.470717],[22.853341,40.470627],[22.853948,40.469807],[22.854129,40.469562],[22.854618,40.468926],[22.855271,40.468048],[22.85543,40.467838],[22.855613,40.467607],[22.85577,40.467389],[22.855855,40.467281],[22.855948,40.467184],[22.856033,40.46711],[22.856137,40.467031],[22.856162,40.467015],[22.856329,40.466953]]},"properties":{"name":"Νέα Μηχανιώνα - Αγγελοχώρι"}},{"type":"Feature","geometry":{"type":"LineString","coordinates":[[22.860991,40.46403],[22.861812,40.464328],[22.862422,40.464607]]},"properties":{"name":"Λοχαγού Ντάνα"}},{"type":"Feature","geometry":{"type":"LineString","coordinates":[[22.819039,40.496899],[22.819131,40.496538],[22.81926,40.495981],[22.819273,40.495932],[22.819283,40.495906],[22.8193,40.495866],[22.819334,40.495816],[22.81938,40.495781],[22.81944,40.495746],[22.820087,40.495437],[22.82021,40.495379],[22.820431,40.495272],[22.820861,40.495063],[22.821623,40.494667],[22.821755,40.4946],[22.821917,40.494517],[22.822033,40.494449],[22.822153,40.494385]]},"properties":{"name":"Παρμενίωνος"}},{"type":"Feature","geometry":{"type":"LineString","coordinates":[[22.836752,40.487253],[22.836727,40.487363],[22.836695,40.487518],[22.836556,40.488093],[22.836312,40.48906],[22.8361,40.489933],[22.835974,40.490498],[22.8355,40.4926],[22.835062,40.49443],[22.834673,40.495978]]},"properties":{"name":"Νέας Μηχανιώνας"}},{"type":"Feature","geometry":{"type":"LineString","coordinates":[[22.867952,40.475272],[22.867785,40.475406]]},"properties":{"name":"Δαγκλή"}},{"type":"Feature","geometry":{"type":"LineString","coordinates":[[22.868349,40.474953],[22.868281,40.475008],[22.867963,40.475263]]},"properties":{"name":"Δαγκλή"}},{"type":"Feature","geometry":{"type":"LineString","coordinates":[[22.869029,40.476308],[22.869597,40.475848]]},"properties":{"name":"Κ. Παλαιολόγου"}},{"type":"Feature","geometry":{"type":"LineString","coordinates":[[22.868485,40.462442],[22.868475,40.462673],[22.868468,40.462852],[22.868446,40.463301],[22.868407,40.463817]]},"properties":{"name":"Κυζίκου"}},{"type":"Feature","geometry":{"type":"LineString","coordinates":[[22.868485,40.462442],[22.867795,40.462444],[22.867382,40.462436]]},"properties":{"name":"Αθανάσιου Διάκου"}},{"type":"Feature","geometry":{"type":"LineString","coordinates":[[22.863141,40.458789],[22.863667,40.459111],[22.864325,40.459554],[22.864562,40.459702],[22.864982,40.46001],[22.865414,40.460269],[22.865673,40.460427],[22.865756,40.460493],[22.865893,40.460568],[22.866335,40.460862],[22.866848,40.46116],[22.866915,40.461196],[22.867044,40.461284],[22.867071,40.461354],[22.867093,40.461417],[22.867109,40.461533],[22.867382,40.462436]]},"properties":{"name":"Ερυθραίας"}},{"type":"Feature","geometry":{"type":"LineString","coordinates":[[22.868224,40.439772],[22.868212,40.439917],[22.868264,40.440292],[22.868285,40.440456],[22.868356,40.44125],[22.868426,40.441886],[22.868435,40.441951],[22.868461,40.442036],[22.868508,40.44216],[22.868547,40.442271],[22.868618,40.442392],[22.868689,40.442503],[22.868831,40.442707],[22.868931,40.442861],[22.869066,40.443101],[22.869127,40.443221],[22.869177,40.443354],[22.869253,40.443562],[22.869264,40.443594],[22.86937,40.443855],[22.869467,40.444077],[22.869724,40.444637],[22.870169,40.445328],[22.870407,40.445677],[22.870633,40.445953],[22.870698,40.446022],[22.871131,40.446482],[22.871895,40.447259],[22.871929,40.447305],[22.871946,40.447396],[22.871957,40.447466],[22.871962,40.447531],[22.871943,40.447605],[22.87191,40.447682],[22.871813,40.44787],[22.871591,40.448066],[22.871011,40.448605],[22.870311,40.449225],[22.870092,40.44943],[22.86963,40.449863],[22.869377,40.450085],[22.868966,40.450423],[22.867722,40.451571],[22.866888,40.45234],[22.866511,40.452706],[22.865894,40.453252],[22.865399,40.453687],[22.865244,40.453818],[22.865107,40.453903],[22.86497,40.453955],[22.864815,40.454007],[22.8633,40.454469],[22.862567,40.454667],[22.862388,40.454735],[22.862267,40.454803],[22.862173,40.454888],[22.86212,40.454979],[22.862104,40.455057],[22.86213,40.455163],[22.862181,40.455243],[22.862285,40.45538],[22.862348,40.45546],[22.862431,40.45555],[22.862561,40.455689],[22.862705,40.455811],[22.862852,40.455938],[22.862965,40.456085],[22.863067,40.456267],[22.863142,40.456389],[22.863214,40.456528],[22.863284,40.456667],[22.863303,40.456795],[22.863324,40.456893],[22.863315,40.457792],[22.863313,40.457846],[22.863263,40.458534],[22.863252,40.45861],[22.863228,40.458675],[22.863141,40.458789],[22.862796,40.459194]]},"properties":{"name":"Επανωμής - Νέας Μηχανιώνας"}},{"type":"Feature","geometry":{"type":"LineString","coordinates":[[22.891549,40.422417],[22.891885,40.422445],[22.89214,40.422459],[22.89271,40.422466],[22.893086,40.422449],[22.893263,40.422416],[22.89351,40.422356],[22.894325,40.4221],[22.894484,40.422044],[22.894591,40.422041]]},"properties":{"name":"Αγίων Θεοδώρων"}},{"type":"Feature","geometry":{"type":"LineString","coordinates":[[22.927761,40.431046],[22.92769,40.431035],[22.927608,40.431033],[22.92749,40.431029],[22.927338,40.431013],[22.927144,40.430975],[22.926728,40.430876],[22.926395,40.430813],[22.926157,40.430765],[22.92597,40.430766],[22.925562,40.430769],[22.925437,40.430774],[22.9252,40.43078],[22.924965,40.430779],[22.924627,40.430819],[22.924342,40.430814],[22.924154,40.430823],[22.924042,40.430769],[22.924016,40.430756]]},"properties":{"name":"Αγίου Αργυρίου"}},{"type":"Feature","geometry":{"type":"LineString","coordinates":[[22.921965,40.382317],[22.922234,40.382732],[22.922904,40.383665],[22.923569,40.384652],[22.923827,40.385034],[22.92403,40.385302],[22.924395,40.385851],[22.924489,40.386003],[22.924763,40.386223],[22.925267,40.386607],[22.925562,40.386889],[22.925601,40.386936],[22.925657,40.387006],[22.925672,40.387024],[22.926136,40.387768],[22.926251,40.387986],[22.926503,40.388503],[22.926667,40.388869],[22.926766,40.389136],[22.926858,40.389371],[22.926943,40.389756],[22.92697,40.389928],[22.926977,40.390147],[22.926954,40.390428],[22.92689,40.390742],[22.926835,40.390867],[22.926799,40.390997],[22.926917,40.39101],[22.927107,40.391052],[22.927395,40.391095],[22.927743,40.391115],[22.927838,40.391121],[22.928506,40.391176],[22.929006,40.391235],[22.929871,40.391284],[22.930272,40.391315],[22.93041,40.391355],[22.930409,40.391469],[22.930445,40.391905],[22.930483,40.392209],[22.930542,40.392557],[22.930614,40.393003],[22.930702,40.393672],[22.930721,40.393857],[22.930757,40.394375],[22.930741,40.394944],[22.930736,40.395033],[22.930629,40.395697],[22.930575,40.396094],[22.930525,40.396474],[22.930462,40.39719],[22.930377,40.398098],[22.930242,40.399263],[22.930185,40.399759],[22.930132,40.40025],[22.930128,40.400579],[22.930118,40.400766],[22.930132,40.401082],[22.930142,40.401346],[22.930174,40.401717],[22.93023,40.402128],[22.930271,40.402255],[22.930351,40.402455],[22.930579,40.403001],[22.930798,40.40354],[22.930873,40.403722],[22.930922,40.403942],[22.930964,40.404143],[22.930986,40.404303],[22.930993,40.404567],[22.930973,40.404692],[22.930934,40.404908],[22.930877,40.405106],[22.930736,40.405511],[22.930387,40.406379],[22.930352,40.406546],[22.93034,40.406695],[22.930326,40.406887],[22.930358,40.407257],[22.930403,40.40758],[22.930436,40.407919],[22.930479,40.408282],[22.930497,40.408501],[22.930513,40.408627],[22.930508,40.408795],[22.930497,40.409019],[22.930476,40.40932],[22.930444,40.409712],[22.930414,40.41013],[22.930355,40.410386],[22.930237,40.410749],[22.93013,40.411085],[22.930095,40.411163],[22.929898,40.411593],[22.929687,40.411937],[22.929433,40.412302],[22.929336,40.412445],[22.929241,40.412584],[22.929013,40.41293],[22.928615,40.413422],[22.928306,40.413789],[22.928154,40.413964],[22.92807,40.414124],[22.928005,40.414298],[22.927969,40.414429],[22.92802,40.41461],[22.928157,40.414926],[22.928321,40.415338],[22.928402,40.415623],[22.928454,40.415871],[22.928474,40.416059],[22.928449,40.416595]]},"properties":{"name":"Επανομής - Παραλίας Ποταμός"}},{"type":"Feature","geometry":{"type":"LineString","coordinates":[[22.921837,40.382105],[22.921965,40.382317]]},"properties":{"name":"Επανομή - Παραλία Ποταμός"}},{"type":"Feature","geometry":{"type":"LineString","coordinates":[[22.741695,40.631538],[22.740902,40.631301],[22.740855,40.631288],[22.740543,40.631203],[22.74009,40.63108],[22.739775,40.630974],[22.739702,40.630927],[22.739608,40.630856],[22.739395,40.630675],[22.739266,40.630549],[22.738948,40.630306],[22.738721,40.630164],[22.738578,40.63009],[22.738425,40.630038]]},"properties":{"name":"Καραμανλή"}},{"type":"Feature","geometry":{"type":"LineString","coordinates":[[22.738425,40.630038],[22.738345,40.630028],[22.738202,40.630029],[22.738031,40.630051],[22.737879,40.630077],[22.737123,40.63022],[22.736696,40.630315],[22.736523,40.630335],[22.736425,40.630341],[22.736153,40.630345],[22.736076,40.630354],[22.735359,40.630437],[22.735316,40.630442],[22.735126,40.630465],[22.734853,40.630487],[22.734571,40.630498],[22.734122,40.630498],[22.733947,40.630488],[22.733745,40.630468],[22.733635,40.63045],[22.733506,40.630418],[22.73345,40.630406],[22.73303,40.630288],[22.732535,40.630222],[22.732124,40.630198],[22.731896,40.630186],[22.731665,40.630166]]},"properties":{"name":"Στρατηγού Νταλίγκαρη"}},{"type":"Feature","geometry":{"type":"LineString","coordinates":[[22.736153,40.630345],[22.735995,40.629763],[22.735858,40.629438],[22.735683,40.62912],[22.735592,40.628906],[22.735577,40.628814],[22.735587,40.628729],[22.735628,40.62859],[22.735691,40.628429],[22.735752,40.628312],[22.735839,40.628199],[22.73594,40.628093],[22.736092,40.627942],[22.736241,40.627761],[22.73633,40.62764],[22.736837,40.626776],[22.73691,40.626673],[22.736995,40.626518],[22.737185,40.626259],[22.737281,40.626137],[22.737353,40.626032],[22.737464,40.62587],[22.737563,40.625731],[22.737636,40.625601]]},"properties":{"name":"Μακεδονικών Αγώνων"}},{"type":"Feature","geometry":{"type":"LineString","coordinates":[[22.735839,40.628199],[22.734752,40.6278],[22.733744,40.627409]]},"properties":{"name":"22ας Οκτωβρίου"}},{"type":"Feature","geometry":{"type":"LineString","coordinates":[[22.731475,40.626881],[22.731778,40.626285],[22.731911,40.625972],[22.732328,40.624894],[22.732416,40.624503],[22.73239,40.624197],[22.732383,40.624128]]},"properties":{"name":"Καμπανίας"}},{"type":"Feature","geometry":{"type":"LineString","coordinates":[[22.732383,40.624128],[22.732266,40.624135],[22.731858,40.62419],[22.730634,40.624248],[22.730262,40.624261],[22.72949,40.624305],[22.729314,40.624326],[22.729163,40.624349],[22.728955,40.624393],[22.72884,40.624425],[22.728697,40.624476],[22.728601,40.624513],[22.728548,40.624537],[22.72842,40.624598],[22.727993,40.624861],[22.727895,40.62493],[22.727817,40.624986],[22.727637,40.625125],[22.7276,40.625154],[22.727436,40.625309],[22.727359,40.625396],[22.727272,40.625511],[22.727086,40.625796],[22.727039,40.625877],[22.726932,40.626063],[22.726875,40.626164],[22.726844,40.626245],[22.726825,40.62632],[22.726817,40.626393],[22.726821,40.626461],[22.726831,40.626545],[22.726895,40.626789],[22.726904,40.626851],[22.726902,40.626902],[22.726887,40.626959],[22.726866,40.627004],[22.726832,40.627046]]},"properties":{"name":"Αγίου Αθανασίου Κουλακιώτη"}},{"type":"Feature","geometry":{"type":"LineString","coordinates":[[22.726832,40.627046],[22.726798,40.627074],[22.726662,40.627153],[22.726506,40.627224],[22.72638,40.627263],[22.726288,40.627286],[22.72619,40.627303],[22.726089,40.627318],[22.725953,40.627329],[22.725688,40.627343],[22.725207,40.62735],[22.724996,40.627354],[22.724877,40.627355],[22.724795,40.627356],[22.724725,40.627358],[22.724574,40.627358],[22.72449,40.627354],[22.72439,40.62734],[22.724349,40.627332],[22.724307,40.627323],[22.72424,40.627301],[22.724156,40.627263],[22.724053,40.627202],[22.723351,40.626597],[22.723201,40.62646],[22.72253,40.625857],[22.721989,40.62537],[22.721813,40.62521],[22.721324,40.624773],[22.720651,40.624172],[22.718321,40.622059],[22.718079,40.621844],[22.717924,40.621699],[22.717846,40.621606],[22.717788,40.621516],[22.717754,40.621444],[22.717739,40.621381],[22.717737,40.62098],[22.717737,40.620553],[22.717745,40.620227],[22.717728,40.620031],[22.717695,40.61994],[22.717643,40.619842],[22.717554,40.61973],[22.717445,40.619635],[22.717357,40.619572],[22.7172,40.619499],[22.717044,40.619452],[22.716577,40.619366],[22.71391,40.618926],[22.711389,40.618509],[22.709422,40.618173],[22.704421,40.617296],[22.704063,40.617239],[22.703825,40.617214],[22.703595,40.617206],[22.703355,40.617217],[22.703061,40.61725],[22.70249,40.617332],[22.702321,40.617386],[22.702147,40.617465],[22.702002,40.617541],[22.701563,40.617811],[22.701473,40.617852],[22.701363,40.61789],[22.701242,40.617913],[22.701116,40.617923],[22.700964,40.617918],[22.700852,40.617906],[22.700825,40.617901],[22.700743,40.617887],[22.700663,40.617872],[22.700488,40.617827],[22.700416,40.617805],[22.700189,40.617734],[22.699851,40.617638],[22.699408,40.617511],[22.698917,40.617371],[22.698709,40.617311],[22.698561,40.617269],[22.698338,40.617206],[22.698168,40.617158],[22.698066,40.61713],[22.697472,40.616962],[22.697363,40.616932],[22.695517,40.616412],[22.695198,40.616317],[22.6948,40.616199],[22.694446,40.616048],[22.694121,40.615841],[22.693845,40.615614],[22.693679,40.615463],[22.693608,40.615381],[22.693489,40.615263],[22.693389,40.615142],[22.69327,40.615045],[22.693074,40.614959],[22.692736,40.614818],[22.692392,40.614668],[22.691798,40.614425],[22.69141,40.614205],[22.691201,40.614066],[22.690817,40.613904],[22.690534,40.613812],[22.690342,40.613784],[22.690094,40.613788]]},"properties":{"name":"Χαλάστρας - Κυμίνων"}},{"type":"Feature","geometry":{"type":"LineString","coordinates":[[22.690094,40.613788],[22.690004,40.614046]]},"properties":{"name":"Άδενδρο - Κύμινα"}},{"type":"Feature","geometry":{"type":"LineString","coordinates":[[22.802223,40.669029],[22.802282,40.669001]]},"properties":{"name":"Τάσου Ισαάκ"}},{"type":"Feature","geometry":{"type":"LineString","coordinates":[[22.847563,40.691756],[22.847471,40.691917],[22.847234,40.69233]]},"properties":{"name":"Φλώρινας - Θεσσαλονίκης"}},{"type":"Feature","geometry":{"type":"LineString","coordinates":[[22.846325,40.693779],[22.846234,40.693913],[22.846167,40.694012],[22.846082,40.694124],[22.845861,40.694402],[22.845695,40.694607],[22.845399,40.694959],[22.845226,40.695148],[22.845169,40.695214],[22.845102,40.695286],[22.844876,40.695535],[22.844516,40.695925],[22.844074,40.696389],[22.843402,40.697107],[22.843103,40.697408],[22.842785,40.697697],[22.842448,40.697974],[22.842093,40.698238],[22.841721,40.698487],[22.841332,40.698722],[22.840929,40.698943],[22.840512,40.699147],[22.840344,40.69922],[22.839866,40.699414],[22.839375,40.699588],[22.838872,40.699741],[22.838359,40.699872],[22.83806,40.699939],[22.837758,40.699997],[22.837454,40.700045],[22.83728,40.700071],[22.837137,40.70009],[22.836954,40.70011],[22.836668,40.700137],[22.836432,40.700156],[22.836229,40.700167],[22.836025,40.700175],[22.835767,40.700181],[22.835552,40.700184],[22.835339,40.700185],[22.834457,40.700174],[22.834302,40.700171],[22.831838,40.700121],[22.831717,40.700118],[22.831145,40.700107],[22.830948,40.700102],[22.830623,40.700101],[22.830386,40.700103],[22.830111,40.700113],[22.829674,40.700132],[22.829495,40.700142],[22.829259,40.700154],[22.828844,40.700181],[22.828431,40.700214],[22.828018,40.700254],[22.827606,40.700299],[22.827197,40.70035],[22.826718,40.700419],[22.826237,40.700486],[22.826059,40.700511],[22.825453,40.700618],[22.825194,40.700672],[22.82486,40.700743],[22.8237,40.701009],[22.823504,40.701057],[22.823276,40.701113],[22.822831,40.701231],[22.822272,40.701384],[22.82179,40.701544],[22.821664,40.701586],[22.820226,40.702023],[22.818724,40.70245],[22.818625,40.702477],[22.817913,40.702673],[22.816313,40.703114],[22.814842,40.703551],[22.814779,40.703569],[22.81464,40.703613],[22.813863,40.703856],[22.813306,40.70404],[22.812522,40.704294],[22.811815,40.70454],[22.811435,40.704668],[22.810961,40.704828],[22.81026,40.705035],[22.809626,40.705196],[22.809544,40.705217],[22.808968,40.70535],[22.808368,40.705467],[22.807682,40.705586],[22.807347,40.705633],[22.807158,40.70566],[22.80656,40.705728],[22.806221,40.705762],[22.805716,40.705792],[22.805367,40.705813],[22.804972,40.705832],[22.804468,40.705854],[22.803374,40.705892],[22.802191,40.705925],[22.801956,40.705931],[22.801564,40.705942],[22.800421,40.705983],[22.7989,40.706053],[22.797973,40.706077],[22.797446,40.706081],[22.796923,40.706071],[22.796336,40.706052],[22.795257,40.705993],[22.79377,40.705916],[22.792646,40.705871],[22.792364,40.70586],[22.792069,40.705862],[22.790919,40.705871],[22.789578,40.705901]]},"properties":{"name":"Φλώρινας - Θεσσαλονίκης"}},{"type":"Feature","geometry":{"type":"LineString","coordinates":[[22.783709,40.706099],[22.783238,40.706119],[22.78312,40.706123],[22.782447,40.706149],[22.781391,40.706188],[22.780148,40.706238],[22.779634,40.706261],[22.778923,40.706307],[22.77849,40.706343],[22.778008,40.706398],[22.777616,40.706456],[22.776779,40.706573],[22.776597,40.706598],[22.776314,40.706642],[22.775985,40.706705],[22.774753,40.706956],[22.774008,40.707115],[22.772405,40.707499],[22.771124,40.707805],[22.763755,40.709629],[22.763464,40.709695],[22.762193,40.710003],[22.761974,40.710052],[22.761485,40.71017],[22.760575,40.71039],[22.759662,40.710625],[22.75879,40.710868],[22.757904,40.711122],[22.75705,40.711391],[22.756192,40.711665],[22.755311,40.711953],[22.751706,40.713182],[22.74812,40.714395],[22.745626,40.715219],[22.743919,40.715782],[22.742237,40.716355],[22.738848,40.717496],[22.732797,40.719537],[22.732434,40.719659],[22.731896,40.719839],[22.731302,40.720034],[22.731036,40.72012],[22.730165,40.720394],[22.729296,40.720659],[22.729102,40.720712],[22.728841,40.720787],[22.728569,40.72086],[22.728294,40.720933],[22.728071,40.720992],[22.727859,40.721045],[22.727606,40.721104],[22.727348,40.721165],[22.727037,40.721236],[22.726718,40.721309],[22.726437,40.721368],[22.7261,40.721437],[22.725673,40.721518],[22.725385,40.721574],[22.72508,40.72163],[22.724777,40.721685],[22.72441,40.721746],[22.724074,40.721805],[22.723719,40.721856],[22.72336,40.721918],[22.722429,40.722045],[22.721492,40.722176],[22.720553,40.722296],[22.719565,40.722417],[22.716181,40.722814],[22.715155,40.722952],[22.714392,40.723044],[22.71192,40.723351],[22.711523,40.723406],[22.711159,40.723436],[22.710688,40.723487],[22.710243,40.723526],[22.709684,40.723571],[22.709339,40.723596],[22.708668,40.723613],[22.707918,40.723621],[22.707363,40.723619],[22.706617,40.723587],[22.705971,40.723528],[22.705484,40.723486],[22.70504,40.723428],[22.704556,40.723356],[22.703022,40.723098],[22.701957,40.72291],[22.700377,40.722638],[22.700153,40.722601],[22.697935,40.722228],[22.696776,40.722029],[22.696433,40.721969],[22.695904,40.721871],[22.695728,40.721828],[22.695585,40.721804],[22.695224,40.72175],[22.695152,40.721739],[22.695011,40.721723],[22.694845,40.721704],[22.694415,40.721666],[22.694005,40.721635],[22.693493,40.72161],[22.692833,40.721601],[22.691994,40.721631],[22.691176,40.721693],[22.690455,40.721793],[22.689827,40.721929],[22.689248,40.722079],[22.687807,40.722453],[22.685848,40.722978],[22.684235,40.723427],[22.682006,40.724014],[22.679962,40.724579],[22.679098,40.724811],[22.677146,40.725332],[22.676292,40.725563],[22.675255,40.725857],[22.674785,40.725987],[22.67471,40.726008],[22.674293,40.726124],[22.674255,40.726135],[22.674091,40.726179],[22.673144,40.726442],[22.672452,40.726631],[22.672419,40.72664],[22.671921,40.726784],[22.671864,40.7268],[22.670676,40.727129],[22.66806,40.72783],[22.667683,40.727925],[22.667266,40.728034],[22.667128,40.728071],[22.666702,40.728183],[22.666359,40.728272],[22.665595,40.728467],[22.665,40.728616],[22.664467,40.728749],[22.664182,40.728814],[22.663912,40.728878],[22.663679,40.728924],[22.663367,40.728975],[22.663238,40.728994],[22.66301,40.729023],[22.662865,40.729036],[22.662728,40.729049],[22.662388,40.729084],[22.661897,40.729123],[22.661459,40.72914],[22.661166,40.729144],[22.660879,40.729145],[22.660606,40.72914],[22.660215,40.729128],[22.652928,40.728701],[22.646838,40.728343],[22.646102,40.728298],[22.645375,40.728278],[22.645065,40.728277],[22.644196,40.728336],[22.643863,40.728366],[22.643548,40.728401],[22.643294,40.728428],[22.64303,40.728463],[22.642708,40.728507],[22.642139,40.728593],[22.641437,40.728737],[22.637026,40.729723],[22.636357,40.729869],[22.635348,40.73009],[22.633185,40.730564]]},"properties":{"name":"Φλώρινας - Θεσσαλονίκης"}},{"type":"Feature","geometry":{"type":"LineString","coordinates":[[22.633233,40.730475],[22.636313,40.729762],[22.641397,40.728647],[22.642103,40.728499],[22.642651,40.728404],[22.642906,40.728365],[22.643456,40.728276],[22.643578,40.728265],[22.644,40.728222],[22.644604,40.728189],[22.64507,40.728178],[22.645494,40.728182],[22.646241,40.728209],[22.646952,40.72825],[22.652992,40.72861],[22.659269,40.728972],[22.660263,40.729028],[22.660735,40.729041],[22.661123,40.72904],[22.661458,40.729031],[22.661802,40.729024],[22.662126,40.729003],[22.662387,40.728976],[22.662679,40.728941],[22.662822,40.728918],[22.663186,40.728875],[22.663324,40.728852],[22.663706,40.72879],[22.664036,40.728724],[22.664489,40.728628],[22.665029,40.728495],[22.665582,40.728355],[22.666319,40.728168],[22.666644,40.728084],[22.667111,40.727962],[22.66725,40.727926],[22.667373,40.727896],[22.66749,40.727868],[22.667719,40.727815],[22.667823,40.727789],[22.668089,40.727724],[22.670658,40.727039],[22.67339,40.726266],[22.674734,40.725898],[22.676223,40.725495],[22.677369,40.72519],[22.683115,40.723629],[22.685769,40.72291],[22.687798,40.722359],[22.688989,40.722048],[22.689918,40.721812],[22.69043,40.721703],[22.690788,40.721649],[22.691457,40.721564],[22.691764,40.721532],[22.692201,40.721503],[22.692546,40.72149],[22.693127,40.721485],[22.693558,40.721491],[22.694034,40.721524],[22.694415,40.721567],[22.694944,40.721623],[22.695034,40.721633],[22.695174,40.721648],[22.695433,40.721684],[22.696931,40.721916],[22.697998,40.722093],[22.700189,40.722479],[22.700418,40.72252],[22.702149,40.722818],[22.702885,40.722948],[22.704623,40.72322],[22.705048,40.723279],[22.70558,40.723353],[22.706342,40.723427],[22.706972,40.72347],[22.707367,40.723484],[22.707887,40.723497],[22.7087,40.72348],[22.709359,40.723465],[22.709684,40.723448],[22.7102,40.723408],[22.710636,40.723369],[22.711064,40.723323],[22.711668,40.723264],[22.712101,40.723212],[22.715172,40.722828],[22.716217,40.722713],[22.717519,40.722547],[22.719724,40.72226],[22.721461,40.722046],[22.722403,40.721933],[22.723333,40.721803],[22.723739,40.721738],[22.72406,40.72169],[22.724386,40.721636],[22.724654,40.721588],[22.724961,40.721535],[22.725304,40.721468],[22.725642,40.721405],[22.726173,40.721299],[22.72669,40.721193],[22.727147,40.721094],[22.727433,40.721026],[22.727746,40.720946],[22.72806,40.720857],[22.728546,40.720722],[22.728928,40.720617],[22.729223,40.720529],[22.729698,40.72038],[22.730111,40.720258],[22.730973,40.719987],[22.731837,40.719706],[22.732689,40.719415],[22.733803,40.719037],[22.738783,40.717383],[22.742135,40.716237],[22.743856,40.715656],[22.745505,40.715117],[22.74806,40.714277],[22.751647,40.713067],[22.755233,40.711839],[22.756109,40.711552],[22.756966,40.711276],[22.757831,40.711005],[22.758704,40.710748],[22.759606,40.710489],[22.760495,40.710256],[22.76142,40.710038],[22.762149,40.709875],[22.763486,40.709561],[22.763783,40.709491],[22.771098,40.707671],[22.773825,40.707017],[22.774628,40.706844],[22.774742,40.70682],[22.775316,40.706699],[22.775941,40.706581],[22.776415,40.706501],[22.776678,40.706457],[22.778026,40.706277],[22.778924,40.706195],[22.779834,40.706148],[22.78081,40.706106],[22.781623,40.706082],[22.7818,40.706076],[22.782008,40.706066],[22.782463,40.706051],[22.784054,40.705995]]},"properties":{"name":"Φλώρινας - Θεσσαλονίκης"}},{"type":"Feature","geometry":{"type":"LineString","coordinates":[[22.788856,40.70581],[22.789908,40.705786],[22.790832,40.705766],[22.791468,40.705757],[22.792366,40.705759],[22.792752,40.70577],[22.793655,40.705808],[22.794945,40.705886],[22.796359,40.705967],[22.797215,40.705989],[22.79757,40.705994],[22.797939,40.705991],[22.798422,40.70598],[22.79916,40.70596],[22.799821,40.70593],[22.800982,40.705889],[22.801864,40.705863],[22.802203,40.705852],[22.802368,40.705846],[22.802826,40.705829],[22.80347,40.705805],[22.804574,40.705768],[22.805593,40.705718],[22.806209,40.705675],[22.806791,40.705612],[22.807154,40.705571],[22.807415,40.705539],[22.807957,40.705457],[22.808418,40.705375],[22.808862,40.705285],[22.809415,40.705164],[22.809807,40.70506],[22.810085,40.704986],[22.810443,40.704893],[22.810656,40.704827],[22.811038,40.70471],[22.812105,40.704348],[22.812515,40.704201],[22.813611,40.703839],[22.814735,40.703488],[22.815498,40.703258],[22.817421,40.70271],[22.817992,40.702551],[22.819243,40.702191],[22.819289,40.702178],[22.819703,40.702059],[22.820297,40.701877],[22.821042,40.701639],[22.821417,40.701527],[22.821572,40.701478],[22.821643,40.701454],[22.8217,40.701434],[22.822144,40.701297],[22.822494,40.701198],[22.823232,40.701003],[22.823945,40.700822],[22.82481,40.700641],[22.82541,40.700506],[22.826021,40.700404],[22.826204,40.700378],[22.826331,40.700363],[22.826691,40.700319],[22.827173,40.700253],[22.827585,40.700211],[22.827997,40.700167],[22.828411,40.700129],[22.828825,40.700095],[22.829239,40.700066],[22.829654,40.700042],[22.83007,40.700023],[22.830621,40.700008],[22.831172,40.700002],[22.831678,40.700002],[22.831815,40.700002],[22.83421,40.700053],[22.83437,40.700053],[22.835343,40.700072],[22.835874,40.700066],[22.836404,40.700039],[22.836932,40.699993],[22.837456,40.699926],[22.837764,40.699868],[22.838071,40.699806],[22.838377,40.699738],[22.838867,40.699617],[22.839347,40.699474],[22.839814,40.699309],[22.840267,40.699122],[22.840434,40.699045],[22.840845,40.698846],[22.841242,40.698631],[22.841625,40.698401],[22.841991,40.698157],[22.842336,40.697899],[22.842671,40.697627],[22.842983,40.697343],[22.843276,40.697047],[22.843935,40.696333],[22.844412,40.695855],[22.844703,40.695525],[22.844907,40.695294],[22.844964,40.695221],[22.84503,40.695142],[22.845117,40.695041],[22.845545,40.694543],[22.845892,40.694087],[22.846266,40.693567],[22.846397,40.693412]]},"properties":{"name":"Φλώρινας - Θεσσαλονίκης"}},{"type":"Feature","geometry":{"type":"LineString","coordinates":[[22.789578,40.705901],[22.789254,40.70591],[22.788863,40.705922],[22.788772,40.705924],[22.788721,40.705926],[22.78796,40.70596],[22.787604,40.705977],[22.787214,40.705989],[22.786101,40.706014],[22.785536,40.706041],[22.785079,40.706056],[22.784793,40.706065],[22.78401,40.706091],[22.783709,40.706099]]},"properties":{"name":"Θεσσαλονίκη - Έδεσσα"}},{"type":"Feature","geometry":{"type":"LineString","coordinates":[[22.784054,40.705995],[22.784382,40.705985],[22.784937,40.70596],[22.786016,40.705924],[22.786843,40.705893],[22.787205,40.705884],[22.787595,40.705869],[22.787993,40.705846],[22.788303,40.705829],[22.788736,40.705814],[22.788856,40.70581]]},"properties":{"name":"Θεσσαλονίκη - Έδεσσα"}},{"type":"Feature","geometry":{"type":"LineString","coordinates":[[22.736281,40.711231],[22.736093,40.711279],[22.735826,40.711344],[22.735698,40.711375],[22.735651,40.711385],[22.735403,40.711438],[22.734846,40.711558],[22.733991,40.711744],[22.733225,40.711908],[22.732509,40.712064],[22.731563,40.712283],[22.730423,40.712529],[22.728934,40.712843],[22.727796,40.713093],[22.727423,40.713174],[22.727047,40.713252],[22.726655,40.713334],[22.725431,40.713604],[22.724325,40.713859],[22.724197,40.713888],[22.723016,40.714176],[22.722967,40.714187],[22.721431,40.714538],[22.719662,40.714957],[22.71924,40.715075],[22.718824,40.715214],[22.718528,40.715329],[22.718272,40.715439]]},"properties":{"name":"Αθηνών"}},{"type":"Feature","geometry":{"type":"LineString","coordinates":[[22.718272,40.715439],[22.717376,40.715846],[22.717083,40.716008],[22.716945,40.71611],[22.716832,40.716216],[22.716764,40.716315],[22.715907,40.718024],[22.715676,40.718422],[22.715443,40.718753],[22.713761,40.720774],[22.713442,40.721175],[22.712208,40.722683],[22.709942,40.725377],[22.707203,40.728578],[22.707154,40.728637],[22.706911,40.728928],[22.70656,40.729332],[22.706265,40.729639],[22.705941,40.729911],[22.705626,40.730145],[22.703597,40.731415],[22.703371,40.731548],[22.703236,40.731601],[22.703112,40.731624],[22.703003,40.731624],[22.702917,40.731619],[22.70283,40.731597],[22.702728,40.73154],[22.702649,40.731477]]},"properties":{"name":"Αγίου Αθανασίου - Γέφυρας"}},{"type":"Feature","geometry":{"type":"LineString","coordinates":[[22.695034,40.721633],[22.695011,40.721723],[22.694984,40.721864],[22.694952,40.722097],[22.694929,40.722352],[22.694807,40.722981],[22.694802,40.723139],[22.694825,40.72333],[22.695046,40.724177],[22.695255,40.724965],[22.69536,40.725341],[22.695418,40.725461],[22.695501,40.725584],[22.695612,40.725734],[22.695632,40.725756],[22.695668,40.725796],[22.695699,40.72583],[22.695732,40.725866],[22.695764,40.725902],[22.695785,40.725926],[22.695942,40.726068],[22.696093,40.726179],[22.696619,40.726473],[22.696718,40.726532],[22.697636,40.727101],[22.699693,40.728376],[22.700057,40.728674],[22.700376,40.728963],[22.700757,40.72929],[22.701092,40.729575],[22.701479,40.72993],[22.701746,40.730188],[22.70195,40.730369],[22.702187,40.73063],[22.702286,40.730767],[22.702414,40.730994],[22.702649,40.731477],[22.70275,40.731868],[22.702796,40.732045],[22.702812,40.732107],[22.702939,40.732653]]},"properties":{"name":"Γέφυρας - Ευζώνων"}},{"type":"Feature","geometry":{"type":"LineString","coordinates":[[22.694984,40.721864],[22.694952,40.721799],[22.694935,40.721771],[22.6949,40.721744],[22.694845,40.721704]]},"properties":{"name":"ΕΟ1"}},{"type":"Feature","geometry":{"type":"LineString","coordinates":[[22.633185,40.730564],[22.628879,40.731549],[22.628368,40.731676],[22.628253,40.731702],[22.626027,40.732177],[22.625114,40.73238],[22.624633,40.732491],[22.623878,40.732664],[22.623446,40.73276],[22.62305,40.732831],[22.622782,40.732864],[22.622507,40.732893],[22.622261,40.732912],[22.621916,40.732937],[22.621637,40.732949],[22.621352,40.732953],[22.621055,40.732953],[22.62001,40.732928],[22.618364,40.732879],[22.617737,40.732861],[22.617544,40.732854],[22.617338,40.732846],[22.61674,40.732829],[22.615843,40.732797],[22.613688,40.732736],[22.612236,40.732694]]},"properties":{"name":"Θεσσαλονίκης - Βέροιας"}},{"type":"Feature","geometry":{"type":"LineString","coordinates":[[22.61219,40.732613],[22.612934,40.732633],[22.613472,40.73265],[22.614728,40.732687],[22.615146,40.7327],[22.615623,40.732713],[22.615752,40.732717],[22.615829,40.732719],[22.617345,40.732773],[22.617742,40.73279],[22.618232,40.732795],[22.618651,40.732808],[22.619356,40.73283],[22.619711,40.732842],[22.62032,40.732862],[22.620787,40.732872],[22.621226,40.732872],[22.621572,40.732873],[22.621904,40.732862],[22.622243,40.732838],[22.622575,40.732809],[22.623005,40.732757],[22.623395,40.732684],[22.623622,40.732643],[22.624018,40.732555],[22.62459,40.73243],[22.625052,40.732321],[22.625115,40.732306],[22.625993,40.732101],[22.627739,40.731707],[22.628209,40.731601],[22.6283,40.731581],[22.629854,40.731234],[22.632766,40.73058],[22.633233,40.730475]]},"properties":{"name":"Θεσσαλονίκης - Βέροιας"}},{"type":"Feature","geometry":{"type":"LineString","coordinates":[[22.568205,40.700721],[22.574385,40.706619],[22.574901,40.707133],[22.575572,40.7078],[22.576017,40.708242],[22.576896,40.709117],[22.577402,40.709624],[22.577866,40.710073],[22.578278,40.710472],[22.578951,40.711125],[22.579938,40.712086],[22.580382,40.71252],[22.580976,40.7131],[22.583486,40.715533],[22.583725,40.715763],[22.585086,40.717062],[22.585241,40.71721],[22.585795,40.717738],[22.585948,40.717884],[22.58696,40.71885],[22.588694,40.720514],[22.589154,40.720965],[22.590288,40.72208],[22.590504,40.722291],[22.59185,40.723605],[22.592529,40.72427],[22.592809,40.724536],[22.59292,40.724639],[22.593339,40.725031],[22.593372,40.725062],[22.593497,40.725174],[22.593887,40.725499]]},"properties":{"name":"Θεσσαλονίκης - Βέροιας"}},{"type":"Feature","geometry":{"type":"LineString","coordinates":[[22.591306,40.734457],[22.591249,40.734517],[22.59119,40.734587],[22.591135,40.734654],[22.591075,40.734728],[22.590862,40.735171],[22.590331,40.736145],[22.590058,40.73669],[22.589852,40.737129],[22.58969,40.737492],[22.589414,40.738028],[22.58935,40.738152],[22.588989,40.738977],[22.588947,40.73907],[22.588819,40.739374],[22.588682,40.739643],[22.588583,40.739867],[22.588485,40.740044],[22.588417,40.740144],[22.588344,40.740262],[22.588276,40.740349],[22.5882,40.740448],[22.588117,40.740545],[22.587982,40.740679],[22.587843,40.740801],[22.58761,40.740995],[22.587329,40.741232],[22.586949,40.741574],[22.58673,40.741766],[22.586529,40.741951],[22.586424,40.742051],[22.586339,40.742147],[22.58626,40.742245],[22.586202,40.74233],[22.58615,40.74241],[22.586103,40.742517],[22.586067,40.742633],[22.58604,40.742791],[22.586016,40.743012],[22.586035,40.74338],[22.586045,40.743709],[22.586056,40.743941],[22.586037,40.744034],[22.586018,40.744182],[22.585967,40.744486],[22.585882,40.74483],[22.585797,40.745171],[22.585695,40.745568],[22.585472,40.746423],[22.585382,40.74675],[22.585305,40.747051],[22.585205,40.747437],[22.585017,40.748168],[22.584819,40.748949],[22.584623,40.749721],[22.584465,40.750327],[22.584317,40.750879],[22.584092,40.751726],[22.583763,40.752989],[22.583608,40.753569],[22.583466,40.754116],[22.583055,40.755703],[22.582863,40.756324],[22.582762,40.756595],[22.582597,40.756906],[22.582483,40.757016],[22.58236,40.757134],[22.58206,40.757377],[22.581466,40.757765],[22.580874,40.758152],[22.580511,40.758389],[22.580225,40.758585],[22.58009,40.758686],[22.579975,40.75879],[22.579876,40.758906],[22.579812,40.759005],[22.579783,40.759073],[22.579777,40.759086],[22.579733,40.759169],[22.57968,40.759303],[22.579591,40.75963],[22.579506,40.759937],[22.579414,40.760267],[22.5793,40.760681],[22.579112,40.76136],[22.578915,40.761977],[22.578803,40.762386],[22.578648,40.762967],[22.578581,40.763213],[22.578506,40.763489],[22.578471,40.763615],[22.578371,40.763982],[22.578275,40.764334],[22.578128,40.764795],[22.577964,40.765376],[22.577896,40.765621],[22.577775,40.766057],[22.577736,40.766199],[22.5777,40.766383],[22.577478,40.767109],[22.577244,40.767924],[22.577194,40.76811],[22.57702,40.768649],[22.576883,40.769098],[22.5768,40.769378],[22.576778,40.769469],[22.57675,40.769585],[22.576744,40.76961],[22.576713,40.769737],[22.576693,40.769878],[22.576687,40.769939],[22.576679,40.770024],[22.57669,40.770138],[22.576717,40.770243],[22.576773,40.770365],[22.57684,40.770459],[22.576929,40.770548],[22.577071,40.770672],[22.57717,40.770745],[22.57723,40.770785],[22.577282,40.770822],[22.577338,40.770863],[22.577383,40.770901],[22.577426,40.770941],[22.577468,40.770986],[22.577494,40.771021],[22.57752,40.771064],[22.577541,40.771107],[22.577553,40.771153],[22.577569,40.771258],[22.577573,40.771294],[22.577579,40.771357]]},"properties":{"name":"Χαλκηδόνας - Κουφαλίων"}},{"type":"Feature","geometry":{"type":"LineString","coordinates":[[22.576392,40.785907],[22.576375,40.786074],[22.576365,40.786204],[22.576384,40.78632],[22.576422,40.786421],[22.576518,40.786529],[22.57665,40.786634],[22.576797,40.786722],[22.577162,40.78688],[22.577513,40.78702],[22.577653,40.787095],[22.577722,40.787148],[22.577811,40.787238],[22.577867,40.787321],[22.577926,40.78744],[22.578015,40.78769],[22.578363,40.788892],[22.578399,40.789026],[22.578534,40.789637],[22.578981,40.791828],[22.579616,40.794939],[22.579931,40.796509],[22.580021,40.796953],[22.580251,40.7981],[22.580403,40.798856],[22.580413,40.799027],[22.580356,40.799228],[22.580264,40.799376],[22.579422,40.800347],[22.579264,40.800526],[22.579154,40.800664],[22.579129,40.800701],[22.579077,40.800776],[22.579028,40.800879],[22.578993,40.800995],[22.578977,40.80109],[22.57898,40.80119],[22.579001,40.801316],[22.579036,40.801448],[22.579117,40.801693],[22.579173,40.801874],[22.579277,40.802192],[22.579361,40.802446],[22.579392,40.80254],[22.579411,40.802597],[22.579507,40.803073],[22.580658,40.806259],[22.580727,40.806396],[22.580787,40.806471],[22.580858,40.806535],[22.580955,40.806596],[22.581064,40.806655],[22.581197,40.806721],[22.581655,40.806913],[22.583405,40.807664],[22.583556,40.807755],[22.583642,40.807826],[22.583715,40.807913],[22.583762,40.808013],[22.583793,40.808122],[22.58381,40.808225],[22.583811,40.808383],[22.583788,40.80908],[22.583794,40.809674],[22.583792,40.809872],[22.583805,40.810029],[22.583855,40.810185],[22.583961,40.810412],[22.584016,40.8105],[22.584112,40.810622],[22.584219,40.810735],[22.584352,40.810846],[22.584642,40.811048],[22.585346,40.811566],[22.585706,40.811831],[22.588362,40.813748],[22.589366,40.814489],[22.589911,40.814885],[22.59006,40.814991],[22.590146,40.815063],[22.590245,40.815149],[22.590268,40.815234],[22.590276,40.815332],[22.590273,40.815435],[22.590265,40.815682],[22.590238,40.816135],[22.590266,40.816672],[22.590283,40.817139],[22.590315,40.817424],[22.590333,40.817561],[22.59035,40.817658],[22.590377,40.817752],[22.590412,40.817861],[22.59045,40.817972],[22.590496,40.818091],[22.590593,40.818323],[22.590706,40.818627],[22.591131,40.81969],[22.59116,40.819773],[22.591191,40.819875],[22.591205,40.819935],[22.591211,40.819962],[22.591223,40.820073],[22.591222,40.820484],[22.591203,40.820948],[22.591188,40.821262],[22.59115,40.821879],[22.591071,40.822808],[22.591056,40.823035],[22.591046,40.823352],[22.591069,40.823872],[22.591096,40.824168],[22.59112,40.824519],[22.591145,40.824713],[22.591125,40.824827],[22.591084,40.824938],[22.591025,40.825043],[22.590948,40.825142],[22.590865,40.825211]]},"properties":{"name":"Κουφαλίων - Αξιούπολης"}},{"type":"Feature","geometry":{"type":"LineString","coordinates":[[22.590503,40.828319],[22.590515,40.828196],[22.590595,40.827336],[22.590604,40.827271],[22.590664,40.826515],[22.59067,40.82625],[22.59069,40.825852],[22.590752,40.825685],[22.590747,40.825602],[22.59075,40.825518],[22.590764,40.825442],[22.590786,40.825352]]},"properties":{"name":"Κουφαλίων - Αξιούπολης"}},{"type":"Feature","geometry":{"type":"LineString","coordinates":[[22.852556,40.70276],[22.852867,40.702971],[22.853258,40.703195],[22.853376,40.703251],[22.853437,40.703276],[22.853648,40.703356],[22.854052,40.703498],[22.85411,40.703519],[22.855214,40.703919],[22.856404,40.704355],[22.857449,40.704794],[22.857606,40.704861],[22.858137,40.705087],[22.858212,40.705121],[22.858736,40.705362],[22.859022,40.70552],[22.859171,40.705627],[22.859448,40.705871],[22.85954,40.705956],[22.860221,40.706507],[22.860905,40.707088],[22.861455,40.707521],[22.861602,40.707647],[22.861905,40.707907],[22.862166,40.708173],[22.862515,40.70858],[22.862617,40.7087],[22.863466,40.709689],[22.863515,40.709745],[22.863767,40.710029],[22.86393,40.710218],[22.864085,40.710393],[22.864699,40.711098],[22.864921,40.711356],[22.865073,40.711558],[22.865193,40.71178],[22.865313,40.712033],[22.865673,40.712886],[22.865715,40.712997],[22.865764,40.713126],[22.865862,40.713497],[22.865963,40.713838],[22.865978,40.713877],[22.866101,40.714198],[22.866693,40.715594],[22.866848,40.715971],[22.86705,40.716478],[22.867262,40.717111],[22.867368,40.717435],[22.86743,40.717675],[22.867678,40.71847],[22.867797,40.718877],[22.868074,40.719753],[22.868242,40.720217],[22.868332,40.720405],[22.868442,40.720604],[22.868563,40.720771],[22.868656,40.720894],[22.868879,40.721144],[22.868997,40.721276],[22.869116,40.721399],[22.869244,40.721553],[22.869451,40.721846],[22.869553,40.722052],[22.86978,40.722596],[22.869879,40.722806],[22.870128,40.723359],[22.870381,40.723968],[22.870527,40.724307],[22.870681,40.724676],[22.870975,40.725336],[22.87112,40.725667],[22.871214,40.72588],[22.871465,40.726429],[22.871539,40.726571],[22.871655,40.726783],[22.871849,40.727122],[22.8725,40.728205],[22.872805,40.728758],[22.87292,40.728979],[22.873308,40.729724],[22.87348,40.730061],[22.873571,40.730237],[22.873741,40.730593],[22.873968,40.731045]]},"properties":{"name":"Νεοχωρούδα - Διαβατά"}},{"type":"Feature","geometry":{"type":"LineString","coordinates":[[22.875179,40.733641],[22.875173,40.733579],[22.875167,40.733539],[22.875151,40.733463],[22.875136,40.733396],[22.875119,40.733338],[22.875095,40.73327],[22.875052,40.733177],[22.875017,40.7331],[22.874826,40.73272],[22.874402,40.731903],[22.874177,40.731442],[22.874051,40.731199]]},"properties":{"name":"Νεοχωρούδα - Διαβατά"}},{"type":"Feature","geometry":{"type":"LineString","coordinates":[[22.873493,40.740383],[22.873512,40.740411],[22.87352,40.740431],[22.873523,40.740447],[22.873525,40.740471],[22.873525,40.740489],[22.873523,40.740503],[22.873519,40.740521],[22.873515,40.740533],[22.873508,40.740547],[22.873497,40.74056],[22.873483,40.740578],[22.873462,40.740597],[22.873439,40.740614],[22.87341,40.74063],[22.873391,40.740639],[22.873373,40.740645],[22.873344,40.740653],[22.873312,40.740661],[22.87327,40.740668],[22.873229,40.740672],[22.873187,40.740676],[22.872983,40.74069],[22.872901,40.740694],[22.872819,40.740694],[22.872765,40.740691],[22.872705,40.740688],[22.872632,40.740681],[22.872562,40.740674],[22.872501,40.740668],[22.872431,40.740661],[22.872376,40.740658],[22.872314,40.740655],[22.872247,40.740654],[22.872205,40.740653],[22.872158,40.740654],[22.872093,40.740657],[22.872022,40.740663],[22.871912,40.740676],[22.871804,40.740691],[22.871731,40.740705],[22.871551,40.740743],[22.871434,40.74077],[22.871319,40.740798],[22.871242,40.740816],[22.871059,40.740863],[22.870933,40.7409],[22.870822,40.740937],[22.870689,40.740993],[22.870513,40.741066],[22.869773,40.74137],[22.869554,40.741457],[22.86939,40.741531],[22.869105,40.741654],[22.868492,40.741918],[22.86804,40.742109],[22.867626,40.742284],[22.867009,40.742551],[22.866859,40.742613],[22.866751,40.742657],[22.866675,40.742686],[22.866604,40.74271],[22.866544,40.742727],[22.866494,40.742736],[22.866417,40.742743],[22.866344,40.742743],[22.866257,40.742742],[22.866112,40.742736],[22.865813,40.742717],[22.865682,40.742711],[22.865587,40.742709],[22.865473,40.74271],[22.865369,40.742716],[22.865265,40.742727],[22.865158,40.742742],[22.863654,40.742947],[22.86308,40.743026],[22.862147,40.743154],[22.860685,40.743351],[22.859979,40.743453],[22.859572,40.743492],[22.858877,40.743532],[22.858601,40.743532],[22.858424,40.743536],[22.85777,40.743545],[22.857662,40.743547],[22.857491,40.743557],[22.857401,40.743569],[22.857317,40.743585],[22.857248,40.743602],[22.857189,40.743622],[22.857128,40.743651],[22.857075,40.74368],[22.857045,40.743701],[22.857007,40.743734],[22.856978,40.743766],[22.856953,40.7438],[22.856935,40.743837],[22.856917,40.743885],[22.856901,40.743946],[22.856894,40.744008],[22.856889,40.744074],[22.85688,40.744179],[22.856874,40.744285],[22.85687,40.744343],[22.856858,40.744405],[22.856845,40.744455],[22.856827,40.744489],[22.85681,40.744516],[22.856798,40.744534],[22.856788,40.744547],[22.856773,40.744563]]},"properties":{"name":"Πεντάλοφος - Νεοχωρούδα"}},{"type":"Feature","geometry":{"type":"LineString","coordinates":[[22.846597,40.788966],[22.846708,40.789116],[22.846745,40.789158],[22.846785,40.789199],[22.84684,40.789242],[22.846916,40.789294]]},"properties":{"name":"Θεσσαλονίκης - Κιλκίς"}},{"type":"Feature","geometry":{"type":"LineString","coordinates":[[23.072365,40.747655],[23.072311,40.74762],[23.071854,40.74731],[23.071806,40.747277],[23.071426,40.747028],[23.071254,40.746899],[23.070874,40.746652],[23.070712,40.746546],[23.070443,40.746362],[23.069954,40.746019],[23.069642,40.745826],[23.069487,40.745737],[23.06932,40.745658],[23.069133,40.745611],[23.068945,40.745613],[23.068564,40.74565],[23.066865,40.745917],[23.066325,40.745994],[23.065836,40.746064],[23.065072,40.746191],[23.06486,40.746235],[23.064211,40.746489],[23.063847,40.746628],[23.063241,40.746855],[23.062935,40.746964],[23.062807,40.747005],[23.062736,40.747024],[23.062662,40.747044],[23.062584,40.74706],[23.062487,40.747069]]},"properties":{"name":"Αχιλλέα Τζελίλη"}},{"type":"Feature","geometry":{"type":"LineString","coordinates":[[23.066567,40.750282],[23.066599,40.750263],[23.066645,40.750237],[23.067114,40.749965],[23.067178,40.749924],[23.067206,40.749905],[23.067463,40.749756],[23.06757,40.749695],[23.068027,40.749451],[23.068301,40.749233],[23.068508,40.749071],[23.068627,40.748975],[23.068897,40.748759],[23.069253,40.748513],[23.070005,40.74799],[23.070866,40.7474],[23.070953,40.74734],[23.071426,40.747028],[23.072023,40.746613],[23.07259,40.746215],[23.073157,40.745818],[23.073707,40.745455],[23.074237,40.745054],[23.074614,40.744823],[23.074643,40.744803],[23.074826,40.744677],[23.074915,40.744611],[23.075018,40.744535],[23.07512,40.74445],[23.075287,40.744295],[23.075566,40.744031],[23.076342,40.743216],[23.076479,40.743078],[23.076642,40.742914],[23.076744,40.742811],[23.077358,40.742204],[23.077922,40.741753],[23.078197,40.741511],[23.078309,40.741412],[23.07844,40.741297],[23.079156,40.740655],[23.079362,40.740488],[23.079811,40.740126],[23.080145,40.739857],[23.080299,40.739726],[23.080455,40.739587],[23.080686,40.73936],[23.080848,40.739206],[23.080926,40.739121],[23.08101,40.739038],[23.081152,40.738871],[23.081294,40.738715],[23.081459,40.738492],[23.081911,40.737951],[23.082367,40.737419],[23.082519,40.737203],[23.082677,40.736994],[23.082985,40.73658],[23.083185,40.736276],[23.083555,40.735716],[23.084332,40.734644],[23.084374,40.734585]]},"properties":{"name":"Λουτρών"}},{"type":"Feature","geometry":{"type":"LineString","coordinates":[[23.0617,40.747017],[23.061641,40.74693],[23.061557,40.746803],[23.061479,40.746753],[23.061394,40.746692],[23.061308,40.746618],[23.06118,40.746499],[23.061137,40.746468],[23.060588,40.745937],[23.060425,40.745797],[23.060271,40.745677],[23.060108,40.745569],[23.059934,40.745465],[23.059748,40.745359],[23.059348,40.745157],[23.057895,40.744402]]},"properties":{"name":"Τσακμάνη"}},{"type":"Feature","geometry":{"type":"LineString","coordinates":[[23.057895,40.744402],[23.057579,40.744253],[23.057094,40.744057],[23.05655,40.743847],[23.056024,40.743616],[23.055783,40.743516],[23.055448,40.743389],[23.05484,40.743165],[23.054724,40.743127],[23.054317,40.742991],[23.053958,40.742872],[23.053821,40.742826],[23.053391,40.742688],[23.052948,40.742541],[23.052174,40.742279],[23.051839,40.74215],[23.051633,40.742066],[23.051421,40.741961],[23.051175,40.741831],[23.050992,40.741727],[23.050843,40.741639],[23.050452,40.741413],[23.050105,40.74119],[23.049251,40.740685],[23.049015,40.74054],[23.048797,40.740405],[23.048611,40.740301],[23.048374,40.740187],[23.048143,40.740085],[23.047868,40.739975],[23.047573,40.739873],[23.047247,40.739782],[23.046926,40.739704],[23.04661,40.739638],[23.045894,40.739497],[23.04544,40.739402],[23.04511,40.739323]]},"properties":{"name":"Λαγυνών - Λαγκαδά"}},{"type":"Feature","geometry":{"type":"LineString","coordinates":[[23.042672,40.738706],[23.04295,40.73878],[23.043048,40.738807],[23.043668,40.73897],[23.044057,40.73908],[23.044383,40.739166],[23.044591,40.739218],[23.04511,40.739323],[23.044613,40.739165],[23.044409,40.739107],[23.044082,40.739021],[23.04328,40.738787],[23.04291,40.738683],[23.042715,40.738624],[23.042628,40.738599],[23.042452,40.738548],[23.042171,40.738471],[23.041991,40.73842],[23.041845,40.738377],[23.041618,40.7383],[23.041428,40.738233],[23.041277,40.738177],[23.041071,40.738095],[23.04091,40.738025],[23.040656,40.737908],[23.040461,40.737812],[23.040345,40.737753],[23.040239,40.737698],[23.040075,40.737617],[23.039774,40.737469],[23.039483,40.737325],[23.039223,40.737192],[23.038766,40.736944],[23.03853,40.736827],[23.038182,40.73669]]},"properties":{"name":"Λαγυνών - Λαγκαδά"}},{"type":"Feature","geometry":{"type":"LineString","coordinates":[[23.04247,40.73865],[23.042237,40.738573],[23.041968,40.738484],[23.041659,40.738386],[23.041405,40.7383],[23.041185,40.738219],[23.041015,40.73815],[23.040816,40.73806],[23.040536,40.73794],[23.040385,40.737874],[23.040282,40.737821],[23.040145,40.737746],[23.039969,40.737653],[23.039823,40.737575],[23.039504,40.737406],[23.039038,40.737169],[23.038764,40.737035],[23.038487,40.736883],[23.038182,40.73669],[23.037911,40.736553],[23.037643,40.736431],[23.03742,40.736339],[23.037197,40.736254],[23.036955,40.736173],[23.036679,40.736095],[23.036531,40.736056],[23.036369,40.736013],[23.036072,40.735933],[23.035759,40.735852],[23.03498,40.735644],[23.034901,40.735621],[23.034214,40.735425],[23.032689,40.735026],[23.031586,40.734743],[23.030516,40.734476],[23.028238,40.73382],[23.024831,40.732793],[23.024328,40.732641],[23.024152,40.732588],[23.023693,40.732442],[23.02338,40.732346],[23.021372,40.731764]]},"properties":{"name":"Λαγυνών - Λαγκαδά"}},{"type":"Feature","geometry":{"type":"LineString","coordinates":[[23.014703,40.728412],[23.015046,40.728593],[23.015279,40.728714],[23.015852,40.729034],[23.01611,40.729152]]},"properties":{"name":"Λαγυνών - Λαγκαδά"}},{"type":"Feature","geometry":{"type":"LineString","coordinates":[[23.010452,40.726327],[23.010528,40.726433],[23.010756,40.726647],[23.011091,40.726963],[23.011197,40.727027],[23.011319,40.727081],[23.011432,40.727124],[23.011633,40.727188],[23.012024,40.727296],[23.012048,40.727303],[23.012664,40.727486],[23.012935,40.727585],[23.013281,40.727709],[23.013507,40.727799],[23.013953,40.727983],[23.014231,40.7281],[23.014297,40.728128]]},"properties":{"name":"Λαγυνών - Λαγκαδά"}},{"type":"Feature","geometry":{"type":"LineString","coordinates":[[23.014393,40.728168],[23.014604,40.728261],[23.014908,40.72841],[23.015242,40.728589],[23.015511,40.728744],[23.015727,40.728872],[23.015897,40.728981],[23.01611,40.729152],[23.016334,40.7293]]},"properties":{"name":"Λαγυνών - Λαγκαδά"}},{"type":"Feature","geometry":{"type":"LineString","coordinates":[[23.014269,40.728208],[23.014042,40.728112],[23.013952,40.728072],[23.013058,40.727708],[23.012521,40.727495],[23.012122,40.727378],[23.011607,40.727243],[23.011395,40.727167],[23.011252,40.727099],[23.01106,40.727003],[23.010697,40.726733],[23.010352,40.726489]]},"properties":{"name":"Λαγυνών - Λαγκαδά"}},{"type":"Feature","geometry":{"type":"LineString","coordinates":[[23.021372,40.731764],[23.020928,40.731676],[23.020566,40.731572],[23.020171,40.731457],[23.019822,40.731333],[23.019581,40.731239],[23.019369,40.731149],[23.019067,40.731007],[23.01873,40.730843],[23.018394,40.730667],[23.018319,40.730626],[23.018061,40.73048],[23.01779,40.730319],[23.017491,40.730131],[23.017061,40.729844],[23.016536,40.729475],[23.016334,40.7293],[23.016587,40.729428],[23.016946,40.729651],[23.017121,40.729764],[23.017305,40.729887],[23.01758,40.730072],[23.018124,40.730403],[23.018254,40.73048],[23.018389,40.730553],[23.018459,40.730586],[23.018741,40.730725],[23.018992,40.730852],[23.019329,40.73101],[23.019557,40.731111],[23.019772,40.731198],[23.019911,40.731253],[23.020226,40.73136],[23.02061,40.731476],[23.020748,40.731524],[23.020959,40.731593],[23.021372,40.731764]]},"properties":{"name":"Λαγυνών - Λαγκαδά"}},{"type":"Feature","geometry":{"type":"LineString","coordinates":[[23.042672,40.738706],[23.042581,40.738681],[23.04247,40.73865]]},"properties":{"name":"Θεσσαλονίκης - Λαγκαδά"}},{"type":"Feature","geometry":{"type":"LineString","coordinates":[[23.014297,40.728128],[23.014393,40.728168]]},"properties":{"name":"Θεσσαλονίκης - Λαγκαδά"}},{"type":"Feature","geometry":{"type":"LineString","coordinates":[[23.014366,40.72825],[23.014269,40.728208]]},"properties":{"name":"Θεσσαλονίκης - Λαγκαδά"}},{"type":"Feature","geometry":{"type":"LineString","coordinates":[[23.014268,40.728535],[23.013679,40.730296],[23.013556,40.730578],[23.01328,40.731432],[23.013188,40.731717],[23.012927,40.732432],[23.012317,40.734209],[23.012307,40.734379],[23.012227,40.734619],[23.012079,40.735086],[23.011001,40.738259],[23.010886,40.738659],[23.010769,40.739065],[23.010669,40.739365]]},"properties":{"name":"Συνδετήρια Οδός"}},{"type":"Feature","geometry":{"type":"LineString","coordinates":[[23.017255,40.72271],[23.017172,40.722802],[23.016926,40.722992],[23.016752,40.723139],[23.016553,40.723328],[23.016395,40.723488],[23.016194,40.72372],[23.016095,40.723862],[23.01591,40.724124],[23.015719,40.724431],[23.015613,40.724658],[23.015521,40.724844],[23.015446,40.725021],[23.01514,40.725807],[23.015061,40.726156],[23.015006,40.726303],[23.014718,40.727174],[23.01447,40.727936],[23.014413,40.728108],[23.014393,40.728168],[23.014366,40.72825]]},"properties":{"name":"Συνδετήρια Οδός"}},{"type":"Feature","geometry":{"type":"LineString","coordinates":[[23.000482,40.495838],[23.000491,40.495898],[23.000497,40.495943],[23.000507,40.496016],[23.00051,40.49613],[23.000522,40.496216],[23.000555,40.496306],[23.000585,40.496374],[23.000622,40.496439],[23.000696,40.496508],[23.000795,40.496568],[23.000887,40.496615],[23.000977,40.496654],[23.001002,40.496666],[23.001111,40.496698],[23.001236,40.496712],[23.001336,40.496707],[23.00145,40.496702],[23.001564,40.496688],[23.001697,40.496666],[23.001842,40.496638],[23.002391,40.496532],[23.002478,40.496505],[23.002607,40.496447],[23.002717,40.496391],[23.002823,40.496329],[23.0029,40.496255],[23.002963,40.496165],[23.003007,40.496071],[23.003041,40.495967],[23.002952,40.49569],[23.002912,40.495565],[23.002895,40.495512]]},"properties":{"name":"Συνδετήρια Οδός"}},{"type":"Feature","geometry":{"type":"LineString","coordinates":[[23.002994,40.495547],[23.003035,40.495697],[23.003048,40.495756],[23.003056,40.495852],[23.003041,40.495967]]},"properties":{"name":"Συνδετήρια Οδός"}},{"type":"Feature","geometry":{"type":"LineString","coordinates":[[23.000622,40.496439],[23.000537,40.496346],[23.0005,40.496287],[23.00047,40.496218],[23.000444,40.496136],[23.000419,40.496055],[23.000406,40.496001],[23.000373,40.495901]]},"properties":{"name":"Συνδετήρια Οδός"}},{"type":"Feature","geometry":{"type":"LineString","coordinates":[[23.030384,40.395237],[23.031091,40.39542],[23.031216,40.395452],[23.034904,40.396455]]},"properties":{"name":"Συνδετήρια Οδός"}},{"type":"Feature","geometry":{"type":"LineString","coordinates":[[23.034931,40.396548],[23.034822,40.39652],[23.034665,40.396481],[23.031186,40.395523],[23.031061,40.39549],[23.030351,40.395305]]},"properties":{"name":"Συνδετήρια Οδός"}},{"type":"Feature","geometry":{"type":"LineString","coordinates":[[22.59101,40.668366],[22.590868,40.6683],[22.59079,40.668292],[22.590712,40.668301],[22.59065,40.668324],[22.590596,40.668355],[22.590547,40.668393],[22.590512,40.668431],[22.590482,40.668476],[22.590388,40.668697],[22.590362,40.668735],[22.590337,40.668766],[22.590296,40.668808],[22.590264,40.668834],[22.589639,40.669356],[22.589401,40.66956]]},"properties":{"name":"Συνδετήρια Οδός"}},{"type":"Feature","geometry":{"type":"LineString","coordinates":[[22.949004,40.698376],[22.948891,40.698137],[22.948771,40.69791],[22.948538,40.697437],[22.948222,40.696784],[22.948065,40.696478],[22.947772,40.69593],[22.947401,40.695224],[22.947372,40.695132],[22.946929,40.694317],[22.946748,40.694043],[22.946507,40.693684],[22.946231,40.693302],[22.945895,40.692876],[22.945646,40.692566],[22.945196,40.69202],[22.944828,40.691607],[22.944676,40.691426],[22.944546,40.691263],[22.944398,40.691068],[22.944227,40.690821],[22.944119,40.690648],[22.944031,40.690498],[22.94394,40.690322],[22.943846,40.690133],[22.943777,40.68999],[22.943531,40.689477],[22.942748,40.687887],[22.942509,40.687368],[22.941254,40.684821]]},"properties":{"name":"Θεσσαλονίκης - Καβάλας"}},{"type":"Feature","geometry":{"type":"LineString","coordinates":[[22.941196,40.684222],[22.941363,40.684588],[22.941579,40.685061],[22.941789,40.685495],[22.941827,40.685575],[22.94306,40.688176],[22.943379,40.68883],[22.943426,40.688913],[22.943488,40.688999],[22.943726,40.689488],[22.94393,40.689908],[22.944077,40.690217],[22.944132,40.690325],[22.944187,40.69044],[22.944233,40.690522],[22.944281,40.690604],[22.944319,40.690673],[22.944402,40.690799],[22.944494,40.690932],[22.944582,40.691048],[22.944746,40.691254],[22.945231,40.691814],[22.946042,40.692867],[22.946115,40.692945],[22.9462,40.693058],[22.946328,40.693216],[22.946522,40.693471],[22.946653,40.693658],[22.946849,40.693949],[22.94706,40.69428],[22.947295,40.694675],[22.947538,40.695083],[22.947951,40.695902],[22.948036,40.696124],[22.948947,40.697907],[22.949464,40.698968],[22.950197,40.700466],[22.9503,40.700586]]},"properties":{"name":"Θεσσαλονίκης - Καβάλας"}},{"type":"Feature","geometry":{"type":"LineString","coordinates":[[22.993707,40.729084],[22.994162,40.729105],[22.994708,40.729122],[22.995439,40.72914],[22.99608,40.729153],[22.996705,40.729152],[22.997378,40.729126],[22.997941,40.72909],[22.998521,40.729057],[22.999376,40.729003],[22.999812,40.728961],[23.000233,40.728909],[23.000945,40.728794],[23.001709,40.728655],[23.002385,40.728522],[23.002881,40.728414],[23.00325,40.728328],[23.004298,40.728056],[23.005237,40.727789],[23.007251,40.727204],[23.007649,40.727098],[23.007989,40.727007],[23.009853,40.726511],[23.010279,40.726381],[23.010452,40.726327],[23.010918,40.726177],[23.011269,40.726076],[23.011698,40.725938],[23.011999,40.725819],[23.012228,40.725731],[23.012716,40.72557],[23.013233,40.725317],[23.013616,40.725127],[23.013983,40.724944],[23.014315,40.724759],[23.0147,40.724516],[23.014984,40.724321],[23.015365,40.724057],[23.015876,40.723673],[23.016187,40.723449],[23.016761,40.723021],[23.016955,40.722882],[23.017151,40.722741],[23.017255,40.72271],[23.018183,40.722048],[23.018556,40.721804],[23.018867,40.721581],[23.018907,40.721552],[23.019871,40.720858],[23.020819,40.720191],[23.021285,40.719882],[23.021741,40.719557],[23.024298,40.717711],[23.03101,40.712878],[23.031156,40.712785],[23.031418,40.712606],[23.03149,40.712555],[23.031802,40.712332],[23.031974,40.71221],[23.032704,40.71169],[23.033147,40.711364],[23.03589,40.709419],[23.038048,40.707894],[23.039601,40.70678],[23.039668,40.706733],[23.039882,40.706589],[23.040384,40.706231],[23.040545,40.706116],[23.040989,40.705789],[23.041972,40.705106],[23.042444,40.704777],[23.042744,40.704537],[23.043727,40.703857],[23.044259,40.7035],[23.044821,40.703138],[23.045828,40.702539],[23.046665,40.702013],[23.046896,40.701868],[23.047008,40.701801],[23.047413,40.701529],[23.049749,40.700099],[23.051626,40.698967],[23.051929,40.698784],[23.05295,40.698145],[23.054069,40.697439],[23.054351,40.697272],[23.054602,40.697124],[23.054849,40.696981],[23.056436,40.696028],[23.058241,40.694942],[23.059113,40.6944],[23.05976,40.693998],[23.060208,40.693729],[23.060348,40.693643],[23.060746,40.6934],[23.061376,40.693017],[23.061424,40.692987],[23.061696,40.692817],[23.062935,40.692021],[23.063825,40.691388],[23.064179,40.691137],[23.064607,40.690825],[23.064637,40.690804],[23.065595,40.690124],[23.06674,40.689299],[23.068343,40.688154],[23.070377,40.68669],[23.07309,40.684737],[23.074935,40.683403],[23.078574,40.680806],[23.080093,40.679706],[23.080505,40.67938],[23.080757,40.679156],[23.080952,40.678983],[23.081579,40.678411],[23.083383,40.676734],[23.084531,40.675696],[23.085046,40.675246],[23.085365,40.674967],[23.085853,40.674609],[23.086393,40.674303],[23.086957,40.674046],[23.087689,40.673776],[23.08777,40.673746],[23.087862,40.673713],[23.087915,40.673693],[23.088276,40.673561],[23.089619,40.673099],[23.098663,40.669962],[23.106442,40.667252],[23.107879,40.666752],[23.110944,40.665684],[23.112223,40.665248],[23.112483,40.665162],[23.112587,40.665127],[23.11312,40.66494]]},"properties":{"name":"Θεσσαλονίκης - Καβάλας"}},{"type":"Feature","geometry":{"type":"LineString","coordinates":[[22.999262,40.729134],[22.999645,40.729099],[23.000074,40.729043],[23.000391,40.728986],[23.001106,40.728875],[23.001787,40.728743],[23.002384,40.72862],[23.002922,40.728507],[23.003891,40.728271],[23.004625,40.728072],[23.005956,40.727706],[23.006336,40.727595],[23.007112,40.727381],[23.007307,40.727326],[23.008735,40.726934],[23.009343,40.726757],[23.009791,40.726639],[23.0101,40.726558],[23.010352,40.726489]]},"properties":{"name":"Θεσσαλονίκης - Καβάλας"}},{"type":"Feature","geometry":{"type":"LineString","coordinates":[[23.240682,40.633012],[23.239493,40.633016],[23.239325,40.633017],[23.237095,40.633024],[23.2299,40.633051],[23.229101,40.633031],[23.228464,40.632984],[23.222258,40.631964],[23.219975,40.631563],[23.21858,40.631328],[23.218033,40.63123],[23.2171,40.631064],[23.216918,40.631046],[23.215153,40.630963],[23.215004,40.630956],[23.21396,40.630911],[23.212539,40.630873],[23.212455,40.630869],[23.212067,40.63086],[23.211952,40.630858],[23.211759,40.630853],[23.211086,40.630832],[23.210645,40.630815],[23.210171,40.630817],[23.209793,40.630833],[23.209421,40.630872],[23.208852,40.630961],[23.208597,40.631019],[23.208451,40.631051],[23.208213,40.631103],[23.207969,40.631155],[23.207593,40.631237],[23.207164,40.63133],[23.206853,40.631392],[23.206207,40.63148],[23.205661,40.631541],[23.205508,40.631558],[23.205421,40.631568],[23.205361,40.631575],[23.202682,40.631828],[23.202658,40.631831],[23.202366,40.631868],[23.201955,40.631936],[23.201561,40.632039],[23.201219,40.63215],[23.200901,40.632274],[23.200436,40.632507],[23.20003,40.63274],[23.19925,40.633268],[23.198267,40.633918],[23.197519,40.634374],[23.197063,40.634581],[23.1969,40.634642],[23.196767,40.634684],[23.19645,40.634776],[23.195696,40.634965],[23.194293,40.635218],[23.193723,40.635321],[23.193402,40.635384],[23.193009,40.635456],[23.192302,40.635584],[23.191903,40.635652],[23.191803,40.63567],[23.191663,40.635696],[23.191351,40.635767],[23.191159,40.635809],[23.19105,40.635833],[23.190556,40.635969],[23.190077,40.636158],[23.189771,40.636293],[23.189261,40.636604],[23.188616,40.63706],[23.187688,40.637911],[23.187351,40.638201],[23.186092,40.639285],[23.183975,40.641103],[23.183624,40.641404],[23.182434,40.642405],[23.181031,40.643605],[23.180792,40.643813],[23.179686,40.644764],[23.179512,40.644916],[23.176823,40.647228],[23.176218,40.647737],[23.17602,40.64788],[23.175759,40.648043],[23.175338,40.64828],[23.174412,40.64865],[23.173242,40.649068],[23.172216,40.649444],[23.170684,40.650006],[23.167192,40.651272],[23.166376,40.651574],[23.166067,40.651677],[23.163708,40.652537],[23.162439,40.653004],[23.161185,40.653467],[23.153563,40.656219],[23.15324,40.65632],[23.152955,40.656394],[23.152676,40.656444],[23.152401,40.656475],[23.15211,40.656498],[23.151418,40.656531],[23.145356,40.656643],[23.143736,40.656667],[23.143405,40.656674],[23.139375,40.656755],[23.137002,40.656803],[23.136131,40.65682],[23.135232,40.656832],[23.134608,40.656863],[23.134502,40.656881],[23.133997,40.656967],[23.133316,40.657136],[23.132662,40.657355],[23.13207,40.657578],[23.131404,40.657838],[23.129308,40.658663],[23.124165,40.660687],[23.123678,40.660879],[23.121558,40.661728],[23.11852,40.662925]]},"properties":{"name":"Θεσσαλονίκης - Καβάλας"}},{"type":"Feature","geometry":{"type":"LineString","coordinates":[[23.11852,40.662925],[23.118162,40.663111],[23.116921,40.663594],[23.115953,40.664015],[23.114585,40.66449],[23.113789,40.66475],[23.11312,40.66494],[23.113749,40.664676],[23.114394,40.664444],[23.114527,40.664399],[23.115037,40.664228],[23.115899,40.663931],[23.117284,40.663374],[23.118118,40.663045],[23.11852,40.662925]]},"properties":{"name":"Θεσσαλονίκης - Καβάλας"}},{"type":"Feature","geometry":{"type":"LineString","coordinates":[[23.0617,40.747017],[23.061776,40.747054],[23.061845,40.747094],[23.061921,40.747148],[23.061968,40.747186],[23.06212,40.747305],[23.062263,40.74742],[23.062914,40.747957],[23.063087,40.748127],[23.063168,40.748229],[23.063413,40.748703],[23.063469,40.748823]]},"properties":{"name":"Σεραφείμ Τσακμάνη"}},{"type":"Feature","geometry":{"type":"LineString","coordinates":[[23.066567,40.750282],[23.066609,40.750336],[23.066802,40.750876],[23.066866,40.751108],[23.066933,40.751352],[23.066955,40.751433],[23.067035,40.751527],[23.067409,40.751858],[23.06747,40.752018]]},"properties":{"name":"Στρατηγού Μπαρέτη"}},{"type":"Feature","geometry":{"type":"LineString","coordinates":[[23.067409,40.751858],[23.067927,40.751501],[23.068315,40.751188],[23.06865,40.750766],[23.068825,40.750535],[23.069122,40.750155],[23.069504,40.749704],[23.069605,40.749597],[23.070133,40.749217],[23.070758,40.748791],[23.070868,40.748702],[23.072365,40.747655]]},"properties":{"name":"Βασιλέως Αλεξάνδρου"}},{"type":"Feature","geometry":{"type":"LineString","coordinates":[[23.06747,40.752018],[23.067449,40.752124],[23.067437,40.752237],[23.06741,40.752435],[23.067357,40.752578],[23.067236,40.752781],[23.067085,40.752977],[23.066994,40.7531],[23.066748,40.753385],[23.06603,40.75406],[23.06572,40.754353],[23.065557,40.754528],[23.065449,40.754652],[23.065394,40.754769],[23.065343,40.754867],[23.065281,40.754977],[23.065202,40.755158],[23.06505,40.75557],[23.064866,40.75611],[23.064723,40.756434],[23.064689,40.75656],[23.06467,40.756703],[23.064671,40.756846],[23.064717,40.757106],[23.064757,40.757332],[23.064806,40.757564]]},"properties":{"name":"Βασιλέως Αλεξάνδρου"}},{"type":"Feature","geometry":{"type":"LineString","coordinates":[[23.15938,40.73149],[23.159912,40.730972],[23.160462,40.730399],[23.16095,40.7299],[23.161443,40.729366],[23.161882,40.728943],[23.162536,40.728273],[23.163193,40.727599],[23.1645,40.726234],[23.164818,40.725942],[23.166405,40.724283],[23.169926,40.720686],[23.170505,40.72023],[23.170583,40.720177],[23.171512,40.719614],[23.172393,40.719094],[23.173229,40.718591]]},"properties":{"name":"Λαγκαδά - Ρεντίνας"}},{"type":"Feature","geometry":{"type":"LineString","coordinates":[[23.154461,40.734755],[23.153868,40.734954],[23.152815,40.735279],[23.15189,40.735571],[23.151714,40.735632],[23.151528,40.735699],[23.15135,40.735765],[23.151161,40.73583],[23.150738,40.736039],[23.150533,40.736155],[23.15034,40.736267],[23.149954,40.736488],[23.149556,40.736718],[23.148461,40.737342],[23.147916,40.73766],[23.14766,40.73781],[23.147394,40.737963],[23.147213,40.738053],[23.147032,40.738132],[23.146657,40.738264],[23.146285,40.738392],[23.145566,40.738637],[23.145179,40.738766],[23.145011,40.73883],[23.144858,40.738896],[23.144749,40.738949],[23.144634,40.739012],[23.144502,40.739105],[23.144389,40.739193],[23.144182,40.739376],[23.143111,40.740465],[23.142644,40.740925],[23.142423,40.741151],[23.142216,40.741393],[23.142073,40.74162],[23.141959,40.741853],[23.14181,40.74219],[23.141665,40.74254],[23.141548,40.742818],[23.141439,40.743084],[23.141342,40.743271],[23.141268,40.743382],[23.141193,40.743476],[23.141088,40.743608],[23.140954,40.74376],[23.140655,40.744052],[23.139588,40.744997],[23.139109,40.745422],[23.138851,40.745646],[23.138527,40.74593],[23.138076,40.746338],[23.137542,40.746818],[23.137057,40.747247],[23.13599,40.748155]]},"properties":{"name":"Λαγκαδά - Ρεντίνας"}},{"type":"Feature","geometry":{"type":"LineString","coordinates":[[23.135307,40.74885],[23.135389,40.748784],[23.135473,40.748712],[23.135763,40.748445],[23.13599,40.748155],[23.1357,40.748397],[23.135399,40.748635],[23.13526,40.748753]]},"properties":{"name":"Λαγκαδά - Ρεντίνας"}},{"type":"Feature","geometry":{"type":"LineString","coordinates":[[23.072897,40.747699],[23.07307,40.747697]]},"properties":{"name":"Λαγκαδά - Ρεντίνας"}},{"type":"Feature","geometry":{"type":"LineString","coordinates":[[23.135307,40.74885],[23.135055,40.749061],[23.134896,40.749192],[23.134737,40.749313],[23.13457,40.749437]]},"properties":{"name":"Θεσσαλονίκης - Σοχού"}},{"type":"Feature","geometry":{"type":"LineString","coordinates":[[23.072673,40.747858],[23.072806,40.747791],[23.072906,40.747753],[23.07307,40.747697],[23.073341,40.747684],[23.073671,40.747661],[23.073725,40.747659],[23.073985,40.747647],[23.074494,40.74759],[23.07484,40.747546],[23.075083,40.747508],[23.075484,40.747432],[23.075581,40.747401],[23.075961,40.74731],[23.076079,40.747272],[23.076543,40.747069],[23.076563,40.747058],[23.078177,40.74619],[23.078311,40.746145],[23.078505,40.74608],[23.078832,40.746027],[23.078886,40.746018],[23.079428,40.745971],[23.08034,40.745891],[23.080357,40.74589],[23.080616,40.745867],[23.082259,40.745724],[23.082721,40.745735],[23.083223,40.745733],[23.083439,40.74581],[23.08398,40.745951],[23.085824,40.746387],[23.085843,40.746391],[23.086187,40.746473],[23.086234,40.746484],[23.086282,40.746495],[23.086522,40.746553],[23.087996,40.746907],[23.088248,40.746976],[23.088485,40.74703],[23.09081,40.747609],[23.092267,40.747942],[23.092894,40.748104],[23.093141,40.74816],[23.093477,40.748195],[23.093726,40.748215],[23.093984,40.748228],[23.094911,40.748267],[23.095597,40.748306],[23.095846,40.748332],[23.096129,40.748371],[23.096413,40.748423],[23.09667,40.748475],[23.097254,40.748624],[23.097909,40.748806],[23.099923,40.749249],[23.101108,40.749515],[23.101422,40.749583],[23.102524,40.749821],[23.103414,40.750083],[23.103956,40.750217],[23.104288,40.750315],[23.104504,40.750377],[23.104687,40.750429],[23.104827,40.750468],[23.105236,40.750582],[23.106378,40.750926],[23.107444,40.751275],[23.107769,40.751381],[23.108738,40.751683],[23.110072,40.752173],[23.110815,40.752428],[23.110886,40.752456],[23.110978,40.752493],[23.111622,40.752747],[23.112866,40.753241],[23.113596,40.753527],[23.114094,40.753709],[23.114474,40.753855],[23.114887,40.75398],[23.115141,40.754038],[23.115462,40.754113],[23.115838,40.754189],[23.115995,40.754209],[23.116591,40.754333],[23.117149,40.75445],[23.11799,40.754626],[23.118557,40.75473],[23.119381,40.754899],[23.119819,40.75499],[23.120016,40.755022],[23.120231,40.755049],[23.120437,40.755062],[23.120814,40.755081],[23.121286,40.755094],[23.122969,40.755146],[23.123604,40.755159],[23.124299,40.755185],[23.125278,40.755218],[23.125983,40.755246],[23.12612,40.755269],[23.126269,40.755288],[23.126368,40.755303],[23.126472,40.755323],[23.126587,40.755355],[23.126708,40.755388],[23.126843,40.75543],[23.127617,40.755731],[23.128088,40.755912],[23.128286,40.755989],[23.128594,40.756108],[23.129003,40.756267],[23.129037,40.75628],[23.129103,40.756294],[23.129163,40.756294],[23.129248,40.756285],[23.129322,40.756265],[23.129653,40.75616],[23.129739,40.75612],[23.12992,40.75602]]},"properties":{"name":"Θεσσαλονίκης - Σοχού"}},{"type":"Feature","geometry":{"type":"LineString","coordinates":[[23.072365,40.747655],[23.072484,40.747665],[23.07259,40.747671],[23.072897,40.747699]]},"properties":{"name":"Θεσσαλονίκης - Σοχού"}},{"type":"Feature","geometry":{"type":"LineString","coordinates":[[23.13445,40.749403],[23.134667,40.749246],[23.134823,40.749128],[23.134978,40.748998],[23.13526,40.748753]]},"properties":{"name":"Θεσσαλονίκης - Σοχού"}},{"type":"Feature","geometry":{"type":"LineString","coordinates":[[23.064806,40.757564],[23.064793,40.757711],[23.064761,40.757861],[23.064731,40.757938],[23.064616,40.758223],[23.064473,40.758538],[23.064378,40.758708],[23.064255,40.758968],[23.064192,40.759126],[23.064127,40.759348],[23.063973,40.759785],[23.063846,40.760115],[23.063724,40.760473],[23.063562,40.760922],[23.063425,40.761279],[23.063208,40.761891],[23.063029,40.76222],[23.062708,40.762639],[23.062577,40.762861],[23.062516,40.763021],[23.062427,40.763326],[23.062318,40.763667],[23.062145,40.764199],[23.06204,40.764554],[23.061945,40.764914],[23.061866,40.765123],[23.061752,40.765336],[23.061593,40.765586],[23.061406,40.765959],[23.0612,40.766505],[23.060857,40.767331],[23.060811,40.767416],[23.060719,40.767532],[23.06061,40.767657],[23.060546,40.767729],[23.060412,40.767838],[23.06029,40.767926],[23.060103,40.768038],[23.059882,40.768159],[23.059681,40.768254],[23.059479,40.768335],[23.059258,40.768407],[23.059062,40.768461],[23.058813,40.768522],[23.058685,40.768543],[23.05854,40.768556],[23.058382,40.768553],[23.058047,40.768523],[23.057851,40.768512],[23.057644,40.768501],[23.057413,40.768498],[23.05726,40.768498],[23.057167,40.768509],[23.057076,40.768531],[23.057015,40.768567],[23.056962,40.768613],[23.056935,40.768673],[23.056932,40.768782],[23.056902,40.769459],[23.056882,40.769601],[23.056849,40.769725],[23.056793,40.769877],[23.056706,40.770039],[23.056576,40.770253],[23.056469,40.770457],[23.056367,40.770672],[23.05635,40.770848],[23.056324,40.771043],[23.056299,40.771394],[23.056241,40.771568],[23.056184,40.7717],[23.056125,40.771829],[23.056015,40.771985],[23.055903,40.772126],[23.055736,40.772274],[23.054449,40.773387],[23.053875,40.773899],[23.053492,40.774264],[23.052975,40.774742],[23.05261,40.775087],[23.051864,40.775579],[23.051317,40.775961],[23.050555,40.776607],[23.050055,40.7771],[23.049912,40.777253],[23.049745,40.777472],[23.049365,40.778045],[23.049197,40.778323],[23.048879,40.778851],[23.048765,40.779034],[23.04864,40.779212],[23.048505,40.779387],[23.04836,40.779557],[23.048206,40.779722],[23.048059,40.779863],[23.04789,40.780015]]},"properties":{"name":"Θεσσαλονίκης - Σοχού"}},{"type":"Feature","geometry":{"type":"LineString","coordinates":[[23.072673,40.747858],[23.072578,40.747801],[23.072365,40.747655]]},"properties":{"name":"Τζελίλη Αχιλλέα"}},{"type":"Feature","geometry":{"type":"LineString","coordinates":[[23.018208,40.730852],[23.01814,40.730893],[23.018056,40.730933],[23.017909,40.730992],[23.017654,40.731109],[23.017452,40.731181],[23.017169,40.731249],[23.016716,40.731293],[23.015896,40.731352],[23.014504,40.731442],[23.013914,40.731488],[23.013465,40.731512],[23.012912,40.731575],[23.012386,40.73159],[23.011462,40.731665],[23.01077,40.73172],[23.010149,40.731762],[23.009719,40.731793],[23.009287,40.731796],[23.008936,40.731783],[23.008179,40.73173],[23.007166,40.731667],[23.005778,40.731557],[23.003562,40.731452],[23.001825,40.731318],[23.001616,40.731293],[23.001456,40.731268],[23.001322,40.731246],[23.00121,40.731217],[23.000366,40.730999],[23.00001,40.730916],[22.999773,40.73086],[22.999377,40.730768],[22.999073,40.730697],[22.998417,40.730544],[22.997619,40.730348],[22.997241,40.730269],[22.99713,40.730247],[22.997029,40.730238],[22.996913,40.73024],[22.996828,40.730255],[22.996717,40.730279],[22.996651,40.73033],[22.995477,40.731245],[22.995389,40.731311],[22.995174,40.731469],[22.995027,40.731569],[22.994944,40.731621],[22.994876,40.731657],[22.994826,40.731683],[22.994762,40.731706],[22.994694,40.731729],[22.994615,40.73175],[22.994544,40.731764],[22.994416,40.731782],[22.994264,40.731799],[22.994155,40.731803],[22.994012,40.731801],[22.993832,40.731773],[22.993713,40.731746],[22.99355,40.7317],[22.993365,40.731649],[22.993153,40.731595],[22.993029,40.731576],[22.992848,40.731565],[22.992711,40.731631],[22.99262,40.731693],[22.992551,40.731759],[22.992486,40.731823],[22.992423,40.731886],[22.992294,40.732002],[22.992116,40.732128],[22.991833,40.732272],[22.991657,40.732397],[22.990978,40.732919],[22.990583,40.733246],[22.990405,40.73334],[22.990314,40.733383],[22.990095,40.733479],[22.989628,40.733615],[22.989278,40.733725],[22.98885,40.73393],[22.988387,40.734178],[22.988111,40.734359],[22.987765,40.734632],[22.987462,40.73488],[22.98708,40.735162]]},"properties":{"name":"Λητής - Λαγκαδά"}},{"type":"Feature","geometry":{"type":"LineString","coordinates":[[23.017909,40.730992],[23.017977,40.730926],[23.018044,40.730868],[23.018114,40.730812],[23.018194,40.730748],[23.018267,40.730681],[23.018319,40.730626],[23.018389,40.730553]]},"properties":{"name":"Λητής - Λαγκαδά"}},{"type":"Feature","geometry":{"type":"LineString","coordinates":[[22.998521,40.729057],[22.998528,40.728996],[22.998543,40.72897],[22.998571,40.728935],[22.998713,40.728773],[22.998804,40.728678],[22.998902,40.728574],[22.999062,40.728426],[22.999401,40.728139],[22.999668,40.727894],[22.999805,40.727782],[23.000031,40.727627],[23.000218,40.7275],[23.00038,40.727391],[23.000528,40.727257],[23.000563,40.727226],[23.00067,40.727104],[23.00078,40.72694],[23.00088,40.726764],[23.000895,40.726744],[23.000966,40.726634],[23.001051,40.726529],[23.00119,40.726433],[23.001314,40.726346],[23.001435,40.726254],[23.001519,40.726199],[23.001696,40.726073],[23.001763,40.726032],[23.001874,40.72595],[23.002091,40.725813],[23.002216,40.725765],[23.002485,40.725651],[23.00271,40.725593],[23.002819,40.725553],[23.003088,40.725481],[23.00325,40.7254],[23.003532,40.725287],[23.003958,40.725064],[23.004456,40.724795],[23.004682,40.724691],[23.004771,40.724651],[23.004915,40.724587],[23.004981,40.724558],[23.005065,40.724524],[23.005147,40.724489],[23.005225,40.724451],[23.005297,40.724412],[23.005419,40.724343],[23.005595,40.724249],[23.005894,40.724086],[23.00617,40.723918],[23.006258,40.723864],[23.006542,40.723678],[23.006624,40.723614],[23.006651,40.723595],[23.007164,40.72325],[23.007368,40.723104],[23.007562,40.722958],[23.007636,40.722908],[23.007678,40.722882],[23.00774,40.722852],[23.007805,40.722822],[23.007895,40.722791],[23.008026,40.722761],[23.008205,40.722723],[23.008334,40.722694],[23.008451,40.722663],[23.008596,40.722617],[23.008707,40.72258],[23.00887,40.722522],[23.008973,40.72248],[23.009204,40.722385],[23.00964,40.722202],[23.009836,40.72212],[23.009974,40.722072],[23.010078,40.722029],[23.010209,40.72196],[23.010348,40.721892],[23.010483,40.721829],[23.010643,40.721737],[23.010837,40.721628],[23.011092,40.721455],[23.01131,40.721334],[23.011578,40.721184],[23.011727,40.721107],[23.01196,40.720976],[23.012286,40.720843],[23.012572,40.720734],[23.013045,40.720544],[23.013352,40.72043],[23.013701,40.720301],[23.014028,40.720169],[23.014141,40.72012],[23.014224,40.720082],[23.014285,40.720028]]},"properties":{"name":"Εγνατίας"}},{"type":"Feature","geometry":{"type":"LineString","coordinates":[[22.999262,40.729134],[22.998934,40.729159],[22.998657,40.729184],[22.998547,40.729208],[22.998495,40.729223],[22.998434,40.72924],[22.99829,40.729319],[22.998168,40.729408]]},"properties":{"name":"ΕΟ2"}},{"type":"Feature","geometry":{"type":"LineString","coordinates":[[22.998168,40.729408],[22.998125,40.729468],[22.998077,40.729514],[22.997953,40.729595],[22.997779,40.729712],[22.997567,40.729802],[22.997354,40.7299],[22.997032,40.730074],[22.996717,40.730279]]},"properties":{"name":"ΕΟ12"}},{"type":"Feature","geometry":{"type":"LineString","coordinates":[[22.989163,40.73191],[22.988983,40.732099],[22.988672,40.732439],[22.988392,40.732791],[22.988183,40.733132],[22.987797,40.733849],[22.987328,40.734645],[22.987274,40.734742],[22.98708,40.735162],[22.986826,40.735646],[22.986787,40.735721],[22.986779,40.735735],[22.986667,40.736008],[22.986523,40.736364],[22.986341,40.736804],[22.986176,40.737236],[22.986097,40.737504],[22.98594,40.738106],[22.985771,40.738834],[22.985654,40.739256],[22.985563,40.739641],[22.985521,40.739921],[22.985506,40.7401],[22.985449,40.740694],[22.985419,40.741351],[22.985414,40.741828],[22.985412,40.742031],[22.985431,40.742709],[22.985446,40.743045],[22.985481,40.743412],[22.9855,40.743636],[22.985521,40.7438],[22.985538,40.74391],[22.985563,40.744034],[22.985614,40.744258],[22.985672,40.744444],[22.985763,40.744723],[22.98584,40.744953],[22.985907,40.745132],[22.985963,40.745284],[22.986156,40.745676],[22.986333,40.745994],[22.986379,40.746077],[22.986398,40.746116],[22.986534,40.74639],[22.986811,40.746839],[22.987004,40.747108],[22.987057,40.747182],[22.987217,40.747427],[22.987789,40.748303],[22.987932,40.748563],[22.988098,40.748813],[22.988228,40.749088],[22.988338,40.749315],[22.988397,40.749523]]},"properties":{"name":"Θεσσαλονίκης - Σερρών"}},{"type":"Feature","geometry":{"type":"LineString","coordinates":[[23.003668,40.785792],[23.003238,40.785143],[23.002687,40.784191],[23.00188,40.782941],[23.000813,40.781308],[23.000002,40.780039],[22.999561,40.779387],[22.999242,40.778953],[22.998827,40.77838],[22.998449,40.777861],[22.997434,40.776504],[22.997076,40.776015],[22.996902,40.77575],[22.996833,40.775623],[22.996769,40.775504],[22.996598,40.775216],[22.996462,40.7749],[22.996201,40.7743],[22.995969,40.773765],[22.995927,40.77367],[22.995339,40.772326],[22.995315,40.772273],[22.995033,40.771641],[22.994625,40.770699],[22.994093,40.769482],[22.993758,40.768663],[22.993518,40.76813],[22.9934,40.767888],[22.993244,40.767468],[22.993114,40.766998],[22.992991,40.766486],[22.992585,40.764684],[22.992204,40.763059],[22.991844,40.761552],[22.991404,40.759773],[22.990804,40.757785],[22.990267,40.75592],[22.989942,40.75482],[22.989863,40.754553]]},"properties":{"name":"Θεσσαλονίκης - Σερρών"}},{"type":"Feature","geometry":{"type":"LineString","coordinates":[[23.006466,40.790079],[23.00679,40.790603],[23.007293,40.791372],[23.007631,40.791874],[23.007778,40.792088],[23.007928,40.792312],[23.008137,40.792598],[23.008294,40.79279],[23.008448,40.792963],[23.00861,40.793132],[23.008713,40.79323],[23.008921,40.793421],[23.009115,40.793591],[23.00944,40.793842],[23.009896,40.794141],[23.010535,40.794551],[23.010588,40.794585],[23.010684,40.794643],[23.011244,40.794982],[23.011363,40.795053],[23.012441,40.795737],[23.013083,40.79613],[23.013351,40.796294],[23.014293,40.796868],[23.015008,40.797319],[23.016472,40.798222],[23.016721,40.798376],[23.016971,40.798529],[23.017268,40.798715],[23.017358,40.798772],[23.017658,40.798964],[23.018053,40.799216],[23.018226,40.799327],[23.018541,40.799531],[23.018785,40.799692],[23.019013,40.799859],[23.019231,40.80003],[23.019409,40.800182],[23.019603,40.80036],[23.019768,40.800538],[23.019931,40.800716],[23.020086,40.80089],[23.020193,40.801035],[23.020248,40.801105],[23.020368,40.801283],[23.020485,40.80148],[23.020571,40.801636],[23.0207,40.80189],[23.020769,40.802046],[23.020846,40.802215],[23.020915,40.80239],[23.020949,40.802539],[23.020983,40.802708],[23.021018,40.802877],[23.021085,40.803246],[23.021141,40.803588],[23.021222,40.804049],[23.021296,40.804553],[23.02131,40.804649],[23.021653,40.806868],[23.021721,40.807396],[23.021792,40.807956],[23.021916,40.808933],[23.022091,40.809969],[23.022327,40.811526],[23.022365,40.811786],[23.022485,40.812618],[23.022502,40.812773],[23.022632,40.813702],[23.022689,40.814073],[23.022759,40.814525],[23.022822,40.814937],[23.022835,40.815029]]},"properties":{"name":"Θεσσαλονίκης - Σερρών"}},{"type":"Feature","geometry":{"type":"LineString","coordinates":[[23.236082,40.983833],[23.235753,40.983725],[23.235466,40.983632],[23.234766,40.983379],[23.234312,40.98324],[23.233852,40.983106],[23.232989,40.982875],[23.232652,40.982789],[23.232502,40.982735],[23.232355,40.982669],[23.232289,40.982636],[23.232226,40.982592],[23.232175,40.982558],[23.232125,40.98251],[23.231805,40.982149],[23.231506,40.981798],[23.231458,40.981747],[23.231399,40.98169],[23.230975,40.981425],[23.230864,40.981358],[23.230775,40.981289],[23.230715,40.981228],[23.23043,40.980887],[23.230329,40.980793],[23.230252,40.980744],[23.230164,40.980699],[23.230071,40.980671],[23.229963,40.980649],[23.229859,40.980639],[23.229567,40.980617],[23.229182,40.980591],[23.228926,40.980574],[23.228808,40.980575],[23.228704,40.980584],[23.228498,40.980611],[23.228374,40.980628],[23.228258,40.980632],[23.228158,40.980621],[23.228065,40.980593],[23.227995,40.980559],[23.227915,40.980491],[23.227867,40.980418],[23.227829,40.980289],[23.22781,40.980182],[23.2278,40.98],[23.227802,40.979857],[23.227823,40.979719],[23.227863,40.979546],[23.227947,40.979196],[23.227965,40.97909],[23.227963,40.978999],[23.227948,40.978904],[23.227925,40.978831],[23.227676,40.978215],[23.227674,40.978163],[23.227681,40.978107],[23.227717,40.978002],[23.22802,40.977305],[23.228029,40.977244],[23.228026,40.977183],[23.228001,40.97711],[23.227957,40.977053],[23.227899,40.977008],[23.227807,40.976975],[23.227537,40.976899],[23.227428,40.976844],[23.22735,40.976783],[23.227276,40.97671],[23.22699,40.976388],[23.226915,40.976299],[23.226855,40.976213],[23.226788,40.976105],[23.226725,40.975988],[23.226631,40.975816],[23.226574,40.97572],[23.226455,40.975547],[23.226387,40.975436],[23.226331,40.975329],[23.226214,40.97508],[23.226176,40.974984],[23.226154,40.974895],[23.226146,40.974811],[23.226161,40.974672],[23.22616,40.974579],[23.226144,40.974475],[23.226113,40.9744],[23.226046,40.974301],[23.225966,40.97421],[23.225843,40.974102],[23.225429,40.973785],[23.225308,40.973706],[23.225178,40.97364],[23.22503,40.973585],[23.224854,40.973534],[23.223871,40.973284],[23.223726,40.973236],[23.223558,40.973176],[23.223241,40.973052],[23.223121,40.97301],[23.222995,40.972982],[23.222867,40.972962],[23.222731,40.972956],[23.222613,40.972962],[23.222523,40.97298],[23.222417,40.973015],[23.222194,40.973122],[23.222053,40.973181],[23.221873,40.973236],[23.221662,40.973289],[23.221024,40.973424],[23.220785,40.973466],[23.220556,40.973483],[23.220359,40.973481],[23.220088,40.973457],[23.219855,40.97342],[23.219633,40.973374],[23.21915,40.973244],[23.218945,40.973179],[23.218729,40.973092],[23.217868,40.972733],[23.217537,40.972611],[23.217297,40.972529],[23.217107,40.972473],[23.216831,40.972414],[23.216501,40.972361],[23.216194,40.972317],[23.215925,40.972291],[23.215662,40.972284],[23.215315,40.972289],[23.213956,40.972312],[23.213725,40.972312],[23.213597,40.9723],[23.213462,40.97227],[23.213332,40.972228],[23.213215,40.972175],[23.213055,40.972073],[23.212661,40.971746],[23.212414,40.971584],[23.212263,40.971514],[23.212129,40.971459],[23.211818,40.971353],[23.211518,40.971257],[23.211397,40.971184],[23.211243,40.971072],[23.210732,40.970639],[23.210269,40.970232],[23.210094,40.97008],[23.209972,40.969989],[23.209488,40.969672],[23.209401,40.969601],[23.209328,40.96953],[23.20926,40.969456],[23.209075,40.969188],[23.208814,40.968819],[23.20858,40.968477],[23.208234,40.967962],[23.208088,40.967753],[23.207821,40.967319],[23.207756,40.967226],[23.207686,40.96715],[23.207627,40.9671],[23.207596,40.96708],[23.207338,40.966945],[23.207123,40.96682],[23.207028,40.966754],[23.206948,40.966688],[23.20662,40.966374],[23.206569,40.966326],[23.206444,40.966208],[23.206325,40.966076],[23.206215,40.965926],[23.206141,40.9658],[23.206089,40.965693],[23.206041,40.965589],[23.20599,40.965467],[23.205905,40.965253],[23.205874,40.965196],[23.205838,40.965143],[23.205746,40.965034],[23.205578,40.964916],[23.205369,40.964801],[23.205008,40.96466],[23.204909,40.964624],[23.204649,40.964528],[23.204508,40.964474],[23.204385,40.964421],[23.204249,40.96434],[23.204103,40.964241],[23.204012,40.964167],[23.203856,40.964042],[23.203797,40.963981],[23.203762,40.963926],[23.203747,40.963874],[23.203744,40.963823],[23.203754,40.963778],[23.203773,40.963729],[23.203793,40.963695],[23.204105,40.96333],[23.204231,40.963148],[23.204315,40.963012],[23.204507,40.962624],[23.204544,40.962481],[23.204555,40.962339],[23.204539,40.962165],[23.204503,40.961872],[23.204502,40.961708],[23.204513,40.961634],[23.204534,40.961572],[23.204828,40.960881],[23.20494,40.960619],[23.204948,40.960562],[23.204953,40.960495],[23.204943,40.960372],[23.204849,40.959735],[23.204837,40.959529],[23.204879,40.959296],[23.204944,40.959057],[23.205068,40.958641],[23.205142,40.958412],[23.205185,40.958317],[23.205255,40.95821],[23.205345,40.95812],[23.20544,40.958049],[23.206019,40.957769],[23.206532,40.95753],[23.206581,40.957497],[23.206622,40.957455],[23.206645,40.957412],[23.20666,40.957363],[23.206662,40.957311],[23.206653,40.957271],[23.206389,40.956791],[23.206346,40.956652],[23.206332,40.956554],[23.206294,40.955936],[23.206243,40.955419],[23.206213,40.955187],[23.206206,40.955127],[23.206144,40.954832],[23.205992,40.954135],[23.205898,40.95378],[23.205839,40.953443],[23.205806,40.953379],[23.205759,40.953325],[23.205713,40.95327],[23.205658,40.953223],[23.205196,40.953039],[23.204634,40.95287],[23.204569,40.952831],[23.204509,40.952786],[23.204472,40.952744],[23.204448,40.952697],[23.204431,40.952643],[23.204429,40.952296],[23.204455,40.95198],[23.204492,40.951304],[23.204514,40.950939],[23.204554,40.950493],[23.204539,40.95039],[23.204529,40.950339],[23.204511,40.950296],[23.204453,40.950232],[23.204368,40.950181],[23.204061,40.950055],[23.203978,40.950013],[23.203893,40.949958],[23.203845,40.949919],[23.203799,40.94987],[23.203614,40.949603],[23.203593,40.94957],[23.20357,40.949518],[23.20342,40.949134],[23.20337,40.949048],[23.203148,40.948675],[23.202633,40.947744],[23.202365,40.947275],[23.202087,40.946809],[23.201587,40.945958],[23.201477,40.945771],[23.201349,40.945538],[23.201141,40.945104],[23.201054,40.944927],[23.200986,40.94477],[23.20097,40.944728],[23.200961,40.944681],[23.200934,40.944305],[23.20093,40.943925],[23.200928,40.94356],[23.20095,40.943195],[23.200864,40.942923],[23.199892,40.942091],[23.19972,40.94201],[23.199457,40.941989],[23.19915,40.941965],[23.198887,40.941872],[23.198715,40.941734],[23.198479,40.941348],[23.197452,40.939737],[23.197322,40.939621],[23.196324,40.938738],[23.1962,40.938661],[23.195867,40.938616],[23.194744,40.938807],[23.194363,40.938803],[23.194159,40.938714],[23.193761,40.938381],[23.193449,40.938044],[23.193306,40.93777],[23.193142,40.937388],[23.192865,40.937156],[23.191539,40.936229],[23.190319,40.935927],[23.188583,40.935356],[23.188104,40.935112],[23.186934,40.933955],[23.185064,40.932756],[23.184697,40.932521],[23.184123,40.932167],[23.183911,40.932036],[23.183857,40.931953],[23.183801,40.931867],[23.183275,40.930207],[23.182928,40.929321],[23.182679,40.928968],[23.182479,40.92869],[23.182282,40.928533],[23.182143,40.928421],[23.181678,40.92814],[23.181387,40.928024],[23.180933,40.927866],[23.180822,40.927801],[23.180746,40.927732],[23.180166,40.927014],[23.180107,40.92698],[23.180018,40.926942],[23.179919,40.926914],[23.179792,40.926899],[23.179658,40.926898],[23.179136,40.926917],[23.179,40.926901],[23.178919,40.926877],[23.178853,40.926853],[23.178746,40.926791],[23.178572,40.92667],[23.177548,40.925842],[23.177391,40.925682],[23.177227,40.925478],[23.176755,40.924614],[23.176699,40.924544],[23.176633,40.924478],[23.176543,40.92441],[23.176441,40.924347],[23.176122,40.924157],[23.175725,40.92392],[23.175631,40.923852],[23.175541,40.923765],[23.175475,40.92367],[23.1752,40.923266],[23.175113,40.923105],[23.175059,40.922948],[23.175011,40.92264],[23.174974,40.922534],[23.174927,40.922441],[23.174701,40.922196],[23.174551,40.922094],[23.174393,40.922007],[23.174257,40.921959],[23.174093,40.921923],[23.173935,40.921902],[23.173781,40.9219],[23.173647,40.921912],[23.173518,40.921931],[23.173327,40.921982],[23.172245,40.922298],[23.171763,40.922441],[23.171467,40.922574],[23.171247,40.922699],[23.171044,40.922838],[23.170816,40.923046],[23.169941,40.924225],[23.169798,40.924385],[23.169628,40.924519],[23.169501,40.924608],[23.169374,40.924682],[23.169251,40.924741],[23.16908,40.924808],[23.168824,40.924896],[23.168379,40.925027],[23.167831,40.92514],[23.167608,40.925171],[23.167364,40.925192],[23.167155,40.9252],[23.166919,40.925193],[23.166708,40.925165],[23.166482,40.925119],[23.165473,40.924702],[23.165349,40.924647],[23.1625,40.923359],[23.160669,40.922595],[23.159158,40.92198],[23.158844,40.921874],[23.158507,40.921779],[23.158198,40.921711],[23.157879,40.921653],[23.15757,40.921612],[23.157162,40.921591],[23.15688,40.921584],[23.156774,40.921581],[23.156378,40.921592],[23.156007,40.92162],[23.155588,40.921676],[23.155212,40.921734],[23.154475,40.92189],[23.153679,40.921996],[23.153077,40.922124],[23.152587,40.922221],[23.152099,40.922289],[23.151908,40.922302],[23.151803,40.922309],[23.151673,40.922308],[23.151518,40.922294],[23.151265,40.922258],[23.151018,40.922199],[23.150803,40.922131],[23.14997,40.921779],[23.149139,40.92139],[23.149063,40.921346],[23.14898,40.921282],[23.148559,40.920899],[23.148093,40.920427],[23.147973,40.920312],[23.147861,40.920217],[23.147697,40.920106],[23.147445,40.919968],[23.147219,40.919871],[23.147052,40.919813],[23.146873,40.919766],[23.146789,40.919751],[23.146519,40.919702],[23.145849,40.919559],[23.145804,40.919549],[23.144513,40.91927],[23.143575,40.919091],[23.142602,40.918904],[23.142305,40.918824],[23.142172,40.91878],[23.142033,40.918733],[23.141917,40.918685],[23.141799,40.918623],[23.141695,40.918563],[23.141575,40.918477],[23.141459,40.918394],[23.141348,40.918294],[23.140663,40.917625],[23.139951,40.916921],[23.139837,40.9168],[23.139713,40.916656],[23.139559,40.916448],[23.139445,40.916233],[23.139385,40.916081],[23.139362,40.916022],[23.139337,40.915928],[23.13932,40.915807],[23.139306,40.915624],[23.139337,40.915385],[23.139586,40.914285],[23.139902,40.91295],[23.139957,40.912647],[23.139983,40.912389],[23.139985,40.912263],[23.139981,40.912139],[23.139968,40.912009],[23.139945,40.911881],[23.139896,40.91168],[23.13958,40.910729],[23.139104,40.909374],[23.138791,40.908482],[23.138692,40.908129],[23.138558,40.907932],[23.138441,40.907802],[23.138336,40.907686],[23.138203,40.907562],[23.138164,40.907525],[23.137748,40.907216],[23.137368,40.906933],[23.136922,40.906602],[23.135713,40.905695],[23.1356,40.905597],[23.135487,40.905476],[23.135372,40.905303],[23.135303,40.905196],[23.135237,40.90506],[23.135198,40.904956],[23.135169,40.904838],[23.135148,40.90471],[23.135131,40.904585],[23.135107,40.904011],[23.135105,40.903788],[23.1351,40.903426],[23.135085,40.903125],[23.13506,40.903007],[23.135027,40.902885],[23.134981,40.902767],[23.134932,40.902652],[23.134849,40.902528],[23.134754,40.902404],[23.134348,40.901962],[23.134161,40.901733],[23.133982,40.901524],[23.133875,40.901388],[23.133809,40.901291],[23.133774,40.901215],[23.133754,40.901173],[23.133706,40.901048],[23.133668,40.900911],[23.133208,40.899326],[23.132929,40.89845],[23.132847,40.898184],[23.132303,40.896564],[23.132242,40.89643],[23.132142,40.896262],[23.132045,40.896158],[23.131947,40.896071],[23.131835,40.89599],[23.131714,40.895925],[23.131444,40.895813],[23.131208,40.89574],[23.131006,40.895677],[23.130809,40.895621],[23.13065,40.895589],[23.130478,40.895564],[23.13031,40.895553],[23.130077,40.895544],[23.129335,40.895524],[23.12921,40.895516],[23.129099,40.895495],[23.128953,40.895464],[23.128826,40.895424],[23.12873,40.895375],[23.128648,40.895333],[23.128553,40.895263],[23.128485,40.895208],[23.128403,40.895114],[23.128337,40.89501],[23.128193,40.894769],[23.128038,40.894502],[23.127943,40.894367],[23.127889,40.894305],[23.127827,40.894253],[23.127749,40.894191],[23.127657,40.894131],[23.12757,40.894092],[23.127496,40.894067],[23.126845,40.893877],[23.12631,40.893727],[23.126068,40.893684],[23.125952,40.893675],[23.125817,40.893673],[23.125707,40.89368],[23.125594,40.893699],[23.125501,40.893721],[23.125414,40.893757],[23.125315,40.893811],[23.125239,40.893862],[23.125112,40.893986],[23.124805,40.894428],[23.124758,40.894521],[23.124724,40.894594],[23.124695,40.894686],[23.124686,40.894763],[23.124689,40.894915],[23.124743,40.895303],[23.12479,40.895719],[23.124786,40.895805],[23.124783,40.895865],[23.124762,40.895937],[23.124743,40.895985],[23.124696,40.896051],[23.124672,40.896085],[23.124609,40.896176],[23.124528,40.896289],[23.124341,40.896485],[23.124169,40.896658],[23.124087,40.896717],[23.123983,40.896775],[23.123848,40.896836],[23.12367,40.896877],[23.123476,40.896898],[23.123298,40.896879],[23.123142,40.896842],[23.122976,40.896783],[23.122938,40.896769],[23.122777,40.896645],[23.122037,40.896021],[23.12113,40.895255],[23.120962,40.895111],[23.120167,40.894467],[23.119797,40.894101],[23.119708,40.894012],[23.119629,40.893897],[23.119528,40.893697],[23.119378,40.89334],[23.119246,40.893027],[23.119187,40.892932],[23.119121,40.892853],[23.11898,40.892756],[23.118809,40.892681],[23.118636,40.892633],[23.118467,40.892619],[23.118315,40.892614],[23.118128,40.892644],[23.11797,40.892686],[23.117829,40.892734],[23.117695,40.892815],[23.117081,40.893315],[23.116509,40.893804],[23.116391,40.893915],[23.115949,40.894331],[23.115389,40.894837],[23.115192,40.894978],[23.115137,40.895016],[23.115052,40.895051],[23.114928,40.895073],[23.114824,40.895084],[23.114727,40.895078],[23.114625,40.895066],[23.114536,40.895044],[23.114374,40.894956],[23.114158,40.894792],[23.113924,40.894566],[23.113825,40.894486],[23.113732,40.894412],[23.113561,40.894305],[23.113477,40.894274],[23.113151,40.894162],[23.113001,40.894117],[23.112832,40.894067],[23.112098,40.893858],[23.111626,40.893722],[23.111493,40.893684],[23.110032,40.89326],[23.109807,40.893166],[23.109754,40.893134],[23.10966,40.893076],[23.109489,40.892971],[23.109246,40.892799],[23.109109,40.892653],[23.109009,40.892473],[23.108975,40.892301],[23.108999,40.892018],[23.109132,40.891488],[23.10916,40.891273],[23.10917,40.891166],[23.109151,40.891057],[23.10907,40.890874],[23.10889,40.890673],[23.108525,40.890363],[23.108391,40.89025],[23.108134,40.890037],[23.107877,40.889828],[23.107175,40.889245],[23.106793,40.888926],[23.106652,40.888806],[23.106377,40.888603],[23.105921,40.88825],[23.10581,40.888166],[23.105668,40.888032],[23.105558,40.887952],[23.105087,40.887561],[23.104716,40.887275],[23.104665,40.887235],[23.104513,40.887104],[23.103982,40.88663],[23.103814,40.886487],[23.103606,40.886296],[23.103419,40.886113],[23.103305,40.886042],[23.103143,40.886006],[23.102963,40.886],[23.102707,40.886021],[23.102567,40.886033],[23.102236,40.886061],[23.102086,40.886064],[23.101811,40.88607],[23.101572,40.886076],[23.101427,40.886008],[23.101159,40.885948],[23.101046,40.885886],[23.10088,40.885783],[23.100761,40.885707],[23.100657,40.885637],[23.100568,40.885577],[23.100346,40.88542],[23.099804,40.885036],[23.099457,40.884791],[23.098551,40.88415],[23.098293,40.883967],[23.097707,40.883553],[23.097434,40.883359],[23.09667,40.882819],[23.096333,40.88262],[23.096067,40.882521],[23.095772,40.88244],[23.095504,40.88241],[23.09512,40.882411],[23.093545,40.882599],[23.091823,40.882818],[23.091457,40.882889],[23.091179,40.882976],[23.090959,40.883061],[23.090734,40.883183],[23.090288,40.883479],[23.089774,40.883775],[23.089466,40.883945],[23.089267,40.884027],[23.089054,40.884083],[23.088858,40.884116],[23.088616,40.884145],[23.088302,40.884175],[23.08638,40.884272],[23.086207,40.884293],[23.085748,40.884284],[23.085523,40.884291],[23.085333,40.884284],[23.085059,40.88425],[23.085008,40.88424],[23.084827,40.884208],[23.084548,40.884144],[23.082112,40.883543],[23.080218,40.883082],[23.080017,40.883036],[23.079819,40.882974],[23.079652,40.882904],[23.079491,40.882823],[23.079236,40.882649],[23.0788,40.882258],[23.078656,40.882092],[23.078575,40.881947],[23.078223,40.881201],[23.078005,40.88078],[23.077853,40.880598],[23.077718,40.880478],[23.077571,40.880365],[23.076759,40.87995],[23.076629,40.8799],[23.076477,40.879871],[23.076264,40.879863],[23.07611,40.879869],[23.075971,40.879897],[23.075868,40.879923],[23.075731,40.879987],[23.075598,40.880069],[23.075219,40.88037],[23.075048,40.880493],[23.074923,40.880563],[23.074774,40.880607],[23.074578,40.880641],[23.074362,40.880666],[23.07415,40.88066],[23.071188,40.880358],[23.07072,40.880304],[23.070429,40.880263],[23.070154,40.880219],[23.069954,40.880172],[23.069746,40.880113],[23.069562,40.880047],[23.068816,40.879702],[23.068044,40.879329],[23.067437,40.879099],[23.0666,40.878808],[23.066294,40.878729],[23.066064,40.878683],[23.065809,40.878656],[23.06556,40.878645],[23.064745,40.878664],[23.064554,40.878673],[23.064361,40.878701],[23.064185,40.878737],[23.063464,40.879032],[23.063018,40.879228],[23.062568,40.879429],[23.062426,40.879491],[23.062291,40.879544],[23.062176,40.879584],[23.06201,40.879628],[23.061862,40.879642],[23.06173,40.879646],[23.061576,40.879633],[23.061429,40.879613],[23.061316,40.879578],[23.061205,40.87954],[23.061089,40.879482],[23.060989,40.879424],[23.060863,40.879315],[23.060799,40.879229],[23.060742,40.87914],[23.060664,40.878953],[23.060593,40.878665],[23.060491,40.878373],[23.060467,40.878318],[23.060423,40.878257],[23.06036,40.878205],[23.060301,40.878163],[23.060237,40.878126],[23.060116,40.878063],[23.059807,40.877917],[23.059713,40.877874],[23.058933,40.877495],[23.05883,40.877445],[23.058182,40.877128],[23.05786,40.876972],[23.05562,40.875893],[23.049443,40.872915],[23.044205,40.870391],[23.043451,40.870027],[23.04152,40.869074],[23.040091,40.868276],[23.039592,40.867975],[23.039159,40.867597],[23.038664,40.86727],[23.037621,40.866345],[23.036879,40.865532],[23.03626,40.864868],[23.035333,40.863578],[23.033913,40.861196],[23.033317,40.860156],[23.032751,40.859237],[23.032565,40.858923],[23.032518,40.858841],[23.032486,40.858784],[23.032394,40.858627],[23.031858,40.857704],[23.031102,40.856474],[23.030914,40.856235],[23.030692,40.855973],[23.03024,40.855495],[23.030016,40.855273],[23.029729,40.855],[23.028628,40.853943],[23.028121,40.853365],[23.028029,40.85324],[23.027605,40.852669],[23.027281,40.852159],[23.026867,40.851505],[23.026555,40.850988],[23.024014,40.846772],[23.023464,40.845873],[23.023244,40.845462],[23.023067,40.84508],[23.022997,40.844915],[23.022963,40.844849],[23.022787,40.844279],[23.022593,40.84348],[23.022546,40.843189],[23.022312,40.841719],[23.022027,40.83986],[23.021949,40.83944],[23.021928,40.839051],[23.021975,40.838294],[23.022046,40.837907],[23.022135,40.837619],[23.022242,40.83736],[23.022802,40.836142],[23.022839,40.836061],[23.023107,40.835456],[23.023353,40.834811],[23.023458,40.83432],[23.023581,40.833699],[23.023774,40.832169],[23.023811,40.831766],[23.023859,40.831253],[23.023912,40.830675],[23.024152,40.829053],[23.024207,40.828678],[23.024315,40.827935],[23.024385,40.827156],[23.024366,40.826326],[23.024178,40.824572],[23.024167,40.824463],[23.024106,40.823848],[23.024033,40.823223],[23.024015,40.823073]]},"properties":{"name":"Θεσσαλονίκης - Σερρών"}},{"type":"Feature","geometry":{"type":"LineString","coordinates":[[23.236189,40.983862],[23.23643,40.983929],[23.23681,40.984025]]},"properties":{"name":"Θεσσαλονίκης - Σερρών"}},{"type":"Feature","geometry":{"type":"LineString","coordinates":[[22.988397,40.749523],[22.988633,40.750049],[22.988728,40.750388],[22.988989,40.751314],[22.989054,40.751534],[22.989087,40.751662],[22.989127,40.751759],[22.989174,40.751891],[22.98928,40.752229],[22.989361,40.75253],[22.989406,40.752711],[22.989629,40.753449],[22.989792,40.754093],[22.989863,40.754553],[22.989692,40.754106],[22.989489,40.753523],[22.989414,40.753245],[22.989333,40.752933],[22.989198,40.75245],[22.989054,40.751973],[22.989019,40.751856],[22.988983,40.751735],[22.988949,40.751616],[22.988924,40.751525],[22.988699,40.750813],[22.988397,40.749523]]},"properties":{"name":"Θεσσαλονίκης - Σερρών"}},{"type":"Feature","geometry":{"type":"LineString","coordinates":[[22.967717,40.7192],[22.967264,40.719081],[22.966939,40.718999],[22.966666,40.718924],[22.966459,40.718869],[22.966269,40.71881],[22.966081,40.718745],[22.965881,40.718656],[22.965695,40.718566],[22.965499,40.718459],[22.96522,40.718295],[22.964667,40.717921],[22.963977,40.717465],[22.963565,40.717209],[22.963352,40.717067],[22.96285,40.716735],[22.962358,40.716407],[22.962076,40.716215],[22.961945,40.716119],[22.961772,40.716002],[22.961658,40.715934],[22.961477,40.715842],[22.961306,40.715767],[22.961113,40.715689],[22.960901,40.71561],[22.960654,40.715516],[22.96053,40.715476],[22.960386,40.715427],[22.960346,40.715412],[22.960242,40.715372],[22.96,40.71525],[22.959884,40.715177],[22.959795,40.71509],[22.959712,40.714999],[22.959637,40.714871],[22.959572,40.714732],[22.959524,40.714578],[22.959457,40.714361],[22.959335,40.71397],[22.959222,40.713638],[22.959101,40.713278],[22.959038,40.713101],[22.958966,40.712978],[22.958908,40.712882],[22.958867,40.712831],[22.958752,40.712716],[22.958652,40.712624],[22.958575,40.712577],[22.958494,40.712538],[22.958416,40.712505],[22.958408,40.712501],[22.95832,40.71247],[22.958219,40.712441]]},"properties":{"name":"Ανθούπολης"}},{"type":"Feature","geometry":{"type":"LineString","coordinates":[[22.959125,40.710443],[22.959179,40.7105],[22.959262,40.710587],[22.959348,40.710688],[22.95937,40.710713],[22.959391,40.710747],[22.959435,40.710818],[22.959466,40.71091],[22.95949,40.711049],[22.959465,40.711355],[22.959473,40.711471],[22.95947,40.71169],[22.95948,40.711748],[22.959498,40.7118],[22.959519,40.711846],[22.959559,40.711911],[22.959602,40.711962],[22.959657,40.712017],[22.959719,40.712073],[22.959834,40.712154],[22.960225,40.712362],[22.960275,40.71239],[22.961052,40.712837],[22.961415,40.713052],[22.961644,40.713196],[22.961781,40.713294],[22.961896,40.7134],[22.961998,40.713518],[22.96208,40.713648],[22.962331,40.714115],[22.962665,40.714719],[22.96274,40.714835],[22.962833,40.714957],[22.962942,40.715063],[22.963086,40.715184],[22.96325,40.715311],[22.963424,40.715433],[22.963799,40.715704],[22.964211,40.716005],[22.964459,40.716181],[22.964651,40.716308],[22.964843,40.716433],[22.964905,40.71647],[22.965008,40.716529],[22.965199,40.71664],[22.96543,40.71676],[22.965847,40.716962],[22.966579,40.717326],[22.967427,40.717751],[22.968456,40.718259],[22.969146,40.718607],[22.970096,40.719079],[22.97086,40.719447],[22.971588,40.719796],[22.972195,40.720086],[22.972675,40.720291],[22.973292,40.720539],[22.973858,40.720752],[22.974101,40.720844],[22.97417,40.720869],[22.974444,40.720972],[22.974742,40.721084],[22.97557,40.721378],[22.976189,40.721599],[22.976873,40.721835],[22.977017,40.72189],[22.977369,40.722024],[22.977876,40.72222],[22.978423,40.722433],[22.978902,40.722647],[22.97904,40.722733],[22.979116,40.722813],[22.979197,40.722911],[22.979255,40.723028],[22.979315,40.723156],[22.979311,40.723288],[22.979272,40.723408],[22.979215,40.723536],[22.979164,40.723617],[22.979149,40.72368],[22.979161,40.723731],[22.979211,40.723819],[22.979445,40.723954],[22.980333,40.724376],[22.980619,40.724525],[22.980703,40.724571],[22.980801,40.724637],[22.980856,40.724669],[22.980949,40.72474],[22.981051,40.724836],[22.981233,40.725015],[22.981414,40.725227],[22.981499,40.72535],[22.981611,40.725463],[22.981751,40.725575],[22.981842,40.725639],[22.98199,40.725711],[22.982192,40.725809],[22.982453,40.725929],[22.982673,40.726027],[22.982875,40.726116],[22.982948,40.726145],[22.983018,40.726162],[22.983111,40.726177],[22.983175,40.726176],[22.983254,40.726171],[22.983377,40.726151],[22.983482,40.726131],[22.983584,40.72609],[22.983691,40.726033],[22.983787,40.725968],[22.984048,40.725663],[22.984149,40.725574],[22.984254,40.725523],[22.984333,40.725492],[22.984405,40.725467],[22.984465,40.725455],[22.984516,40.725451],[22.984555,40.725455],[22.984585,40.725466],[22.984628,40.725487],[22.984671,40.725519],[22.984706,40.725549],[22.98473,40.725577],[22.984746,40.725602],[22.984767,40.725639],[22.984788,40.725692],[22.984817,40.72578],[22.98484,40.725889],[22.984883,40.726071],[22.984916,40.726188],[22.984944,40.726269],[22.984968,40.726331],[22.985006,40.726404],[22.985048,40.726469],[22.985097,40.726535],[22.985144,40.726579],[22.985211,40.72663],[22.985291,40.726674],[22.985377,40.726712],[22.985526,40.726764],[22.985709,40.726816],[22.985888,40.726861],[22.986089,40.726908],[22.986333,40.726955],[22.986517,40.726976],[22.986665,40.726984],[22.986806,40.726975],[22.986967,40.726941],[22.987103,40.72689],[22.987226,40.726829],[22.987323,40.726753],[22.987398,40.726674],[22.987457,40.726592],[22.987503,40.726501],[22.98754,40.726401],[22.98757,40.726282],[22.987675,40.72577],[22.987685,40.725719],[22.987701,40.725655],[22.987717,40.725596],[22.987732,40.725553],[22.987748,40.725522],[22.987765,40.725498],[22.98778,40.725482],[22.987809,40.725456],[22.987849,40.725433],[22.987901,40.725413],[22.987936,40.725405],[22.98802,40.725403],[22.98807,40.725413],[22.988099,40.725426],[22.988128,40.725443],[22.988152,40.725466],[22.98819,40.725512],[22.988255,40.725595],[22.988302,40.725677],[22.98833,40.725742],[22.988359,40.725822],[22.988389,40.725898],[22.988427,40.725983],[22.988461,40.726048],[22.988494,40.726105],[22.988523,40.726153],[22.988562,40.726203],[22.988601,40.726248],[22.988647,40.726287],[22.988689,40.726317],[22.988729,40.726339],[22.988782,40.726359],[22.988834,40.726368],[22.988895,40.726372],[22.989037,40.726373],[22.989149,40.726353],[22.98926,40.726301],[22.989389,40.726223],[22.989526,40.726119],[22.989648,40.726001],[22.989747,40.725943],[22.989876,40.725904],[22.990011,40.725925],[22.990131,40.725966],[22.99024,40.726062],[22.99039,40.726177],[22.990534,40.726242],[22.990673,40.72627],[22.990794,40.726277],[22.990949,40.726249],[22.991101,40.726181],[22.991255,40.726101],[22.991645,40.725751],[22.991922,40.725533],[22.992306,40.725233],[22.992547,40.725036],[22.992647,40.724954],[22.992755,40.724861],[22.992867,40.724778]]},"properties":{"name":"Ευκαρπία - Λαγυνά"}},{"type":"Feature","geometry":{"type":"LineString","coordinates":[[22.95947,40.71169],[22.959423,40.711461],[22.95942,40.711049],[22.959396,40.710914],[22.959368,40.710835]]},"properties":{"name":"Ευκαρπία - Λαγυνά"}},{"type":"Feature","geometry":{"type":"LineString","coordinates":[[22.992867,40.724778],[22.992964,40.724715],[22.993033,40.724681],[22.993122,40.724651],[22.993211,40.724632],[22.993284,40.724625],[22.993344,40.724623],[22.9934,40.724624],[22.993461,40.724629],[22.99357,40.724644],[22.993704,40.72466],[22.993822,40.724671],[22.993992,40.724686],[22.994087,40.724693],[22.994154,40.724695],[22.994215,40.72469],[22.994268,40.724676],[22.994302,40.724665],[22.994331,40.724649],[22.994355,40.724634],[22.99438,40.724611],[22.994397,40.724592],[22.994442,40.724533],[22.99449,40.724472],[22.994555,40.724385],[22.994602,40.724316],[22.994622,40.724291],[22.994648,40.724267],[22.994677,40.724246],[22.994724,40.724232],[22.994779,40.724225],[22.994842,40.724221],[22.994918,40.724222],[22.995024,40.724228],[22.995053,40.724236],[22.995104,40.724257],[22.995156,40.724298],[22.995216,40.724369],[22.99529,40.724484],[22.995419,40.724699],[22.995493,40.724825],[22.995531,40.724875],[22.995577,40.724927],[22.995662,40.724994],[22.995769,40.725056],[22.995868,40.725106],[22.995942,40.72513],[22.996037,40.725135],[22.996107,40.725134],[22.996182,40.725127],[22.996282,40.725104],[22.996337,40.725084],[22.996433,40.725042],[22.996525,40.724983],[22.9966,40.724921],[22.996645,40.724825],[22.996698,40.724735],[22.996765,40.724668],[22.996792,40.724591],[22.996847,40.724452],[22.996929,40.724264],[22.996965,40.724155],[22.996987,40.724091],[22.997042,40.72397],[22.997087,40.723838],[22.997129,40.723762],[22.997174,40.723707],[22.997239,40.723682],[22.997295,40.723672],[22.997347,40.723668],[22.997419,40.723669],[22.997482,40.723684],[22.997522,40.723713],[22.997577,40.723756],[22.997611,40.723795],[22.997644,40.723838],[22.997763,40.724082],[22.99785,40.724199],[22.997909,40.724262],[22.997965,40.724302],[22.998019,40.72434],[22.998104,40.724373],[22.998224,40.724409],[22.998345,40.724433],[22.998484,40.724445],[22.9986,40.724448],[22.998744,40.724445],[22.998876,40.724437],[22.999012,40.724424],[22.999201,40.724403],[22.999359,40.724355],[22.999561,40.724276],[22.999678,40.724217],[22.999755,40.724157],[22.999847,40.724066],[23.000141,40.723827],[23.000428,40.723597],[23.000976,40.723182],[23.001194,40.723023],[23.001526,40.722736],[23.001802,40.722488],[23.001986,40.722324],[23.002174,40.722159],[23.002317,40.722047],[23.002419,40.721987],[23.002481,40.721966],[23.00258,40.721933],[23.00293,40.721808],[23.003221,40.721703],[23.003431,40.721653],[23.003571,40.721625],[23.003888,40.721561],[23.004033,40.721541],[23.00415,40.721534],[23.00423,40.721537],[23.00473,40.72154],[23.005011,40.721537],[23.005511,40.721508],[23.005624,40.721507],[23.005867,40.721493],[23.005997,40.72147],[23.006189,40.721384],[23.006262,40.721321],[23.006354,40.721228],[23.006465,40.721102],[23.006571,40.720935]]},"properties":{"name":"Αποστόλου Παύλου"}},{"type":"Feature","geometry":{"type":"LineString","coordinates":[[23.006571,40.720935],[23.006608,40.720758],[23.006619,40.720629],[23.006631,40.72054],[23.00665,40.720433],[23.006692,40.720356],[23.006741,40.720318],[23.00689,40.720207],[23.007089,40.720091],[23.007159,40.720028],[23.007347,40.71983],[23.00744,40.71971],[23.007523,40.719592],[23.007636,40.719422],[23.007706,40.719306],[23.0078,40.719196],[23.007886,40.719106],[23.007984,40.719021],[23.00808,40.718937],[23.008261,40.718827],[23.00842,40.718723],[23.008686,40.7186],[23.008888,40.718504],[23.009088,40.718414],[23.009327,40.718301],[23.009712,40.718124],[23.009994,40.717987],[23.010236,40.717869],[23.010513,40.717742],[23.010764,40.717621],[23.011054,40.717498],[23.011326,40.717387],[23.011558,40.717301],[23.011805,40.71721],[23.012058,40.717123],[23.012361,40.717006],[23.012616,40.716917],[23.012883,40.716829],[23.013162,40.716761],[23.013454,40.716694],[23.013593,40.716662],[23.01445,40.716495],[23.016131,40.716159],[23.017409,40.715907],[23.019118,40.715569],[23.020954,40.715217],[23.02245,40.714928],[23.023515,40.714731],[23.024559,40.714531],[23.025194,40.714401],[23.025848,40.714266],[23.026279,40.714183],[23.026681,40.714104],[23.026913,40.714059],[23.027663,40.71391],[23.028141,40.713827],[23.029136,40.713629],[23.029362,40.713584],[23.02965,40.713507],[23.029765,40.713466],[23.029835,40.713445],[23.029875,40.713424],[23.029924,40.713391],[23.029964,40.713347],[23.029995,40.713289],[23.03002,40.713224],[23.030053,40.713142],[23.030116,40.71299],[23.030162,40.712883],[23.030243,40.712708],[23.030312,40.712573],[23.030358,40.712503],[23.030408,40.712444],[23.030451,40.712406],[23.030504,40.712375],[23.030576,40.712347],[23.030662,40.712321],[23.030741,40.712308],[23.030823,40.712303],[23.030883,40.712305],[23.030952,40.712315],[23.031062,40.712343],[23.031095,40.712356],[23.031366,40.712482],[23.03149,40.712555],[23.031797,40.712739],[23.031923,40.712854]]},"properties":{"name":"Παλαιά Εθνική Οδός"}},{"type":"Feature","geometry":{"type":"LineString","coordinates":[[23.253073,40.635257],[23.25273,40.635314],[23.252623,40.635328],[23.25177,40.635483],[23.249876,40.635749],[23.249567,40.635804],[23.249098,40.635857],[23.248846,40.635859],[23.248033,40.635876],[23.24791,40.635888],[23.24728,40.635828],[23.246775,40.635762],[23.246311,40.635678],[23.245879,40.635544],[23.245684,40.635452],[23.245199,40.635221],[23.245094,40.635175],[23.2446,40.634941],[23.243699,40.634483],[23.243154,40.634225],[23.242146,40.633682],[23.241839,40.633535],[23.240682,40.633012]]},"properties":{"name":"Παλαιά Εθνική Οδός"}},{"type":"Feature","geometry":{"type":"LineString","coordinates":[[23.047203,40.701979],[23.047244,40.702036],[23.047307,40.702143],[23.047579,40.70238],[23.047618,40.702432],[23.047627,40.702485],[23.047602,40.702558],[23.047546,40.702624],[23.046786,40.703355],[23.044474,40.705579],[23.043743,40.706282],[23.043114,40.706886],[23.042159,40.707805],[23.042117,40.707844],[23.041822,40.708127],[23.041132,40.708778],[23.04064,40.709243],[23.040118,40.709707],[23.0396,40.710243],[23.039095,40.710752],[23.038584,40.711219],[23.038389,40.711394],[23.038289,40.711487],[23.038108,40.711611],[23.037954,40.711695],[23.037751,40.711801],[23.037616,40.711866],[23.037449,40.711937],[23.037331,40.711981],[23.037199,40.712023],[23.037089,40.712063],[23.036983,40.712095],[23.036878,40.712121],[23.036737,40.712155],[23.036432,40.712215],[23.035023,40.712483],[23.0348,40.712527],[23.03274,40.712932],[23.032633,40.712951],[23.03256,40.712961],[23.032472,40.712967],[23.032418,40.712966],[23.032357,40.712962],[23.032297,40.712955],[23.032269,40.712951],[23.032188,40.712937],[23.032114,40.712921],[23.032026,40.712896],[23.031923,40.712854],[23.031788,40.712799],[23.031586,40.712692],[23.031418,40.712606]]},"properties":{"name":"Παλαιά Εθνική Οδός"}},{"type":"Feature","geometry":{"type":"LineString","coordinates":[[23.047307,40.702143],[23.04713,40.702031],[23.046999,40.70195],[23.046896,40.701868]]},"properties":{"name":"Παλαιά Εθνική Οδός"}},{"type":"Feature","geometry":{"type":"LineString","coordinates":[[23.067604,40.755415],[23.068415,40.756277],[23.068712,40.756594],[23.068834,40.756726],[23.068937,40.756848],[23.068973,40.756916]]},"properties":{"name":"Παπακυριαζή"}},{"type":"Feature","geometry":{"type":"LineString","coordinates":[[23.068973,40.756916],[23.068407,40.757491],[23.068305,40.757577],[23.067645,40.75804],[23.067211,40.758376]]},"properties":{"name":"Θεοφ. Ιωαννίδη"}},{"type":"Feature","geometry":{"type":"LineString","coordinates":[[23.068247,40.758768],[23.068048,40.758957]]},"properties":{"name":"Ανέστη Σαρρή"}},{"type":"Feature","geometry":{"type":"LineString","coordinates":[[23.06747,40.752018],[23.067601,40.752132],[23.067891,40.752343],[23.068488,40.752779],[23.068537,40.752821],[23.068716,40.752922],[23.068921,40.75303],[23.069176,40.753131],[23.069412,40.753255],[23.069591,40.753351],[23.070018,40.753599],[23.070356,40.753818],[23.07053,40.753935],[23.070825,40.754134],[23.071037,40.754298],[23.071272,40.754476],[23.071531,40.754647]]},"properties":{"name":"Λαχανά"}},{"type":"Feature","geometry":{"type":"LineString","coordinates":[[23.083846,40.766992],[23.083078,40.766147],[23.082458,40.765482],[23.081879,40.764816],[23.081311,40.764141],[23.080676,40.763451],[23.080096,40.762815],[23.079873,40.762524],[23.079832,40.762464],[23.079821,40.762443],[23.079819,40.762419],[23.079826,40.762396],[23.07984,40.762373],[23.079858,40.762349],[23.07988,40.762328],[23.079913,40.762305],[23.079944,40.762287],[23.079992,40.762264],[23.08007,40.762227],[23.080431,40.762049],[23.080725,40.761903],[23.080771,40.761876],[23.080808,40.761846],[23.080826,40.761823],[23.080834,40.76181],[23.080841,40.76179],[23.080845,40.761771],[23.080847,40.76175],[23.080845,40.761722],[23.08084,40.761687],[23.080833,40.761656],[23.080823,40.761619],[23.080803,40.761572],[23.080779,40.761528],[23.080682,40.761361],[23.080326,40.760716],[23.07998,40.760143],[23.079942,40.760083],[23.079849,40.759934],[23.079808,40.759869],[23.079783,40.759829],[23.079761,40.759799],[23.079725,40.759758],[23.079671,40.759696],[23.079548,40.75957],[23.07953,40.759552],[23.079348,40.759403],[23.079085,40.759189],[23.078893,40.759053],[23.078318,40.758688],[23.077049,40.757924],[23.07697,40.757875],[23.076941,40.757859]]},"properties":{"name":"Λαγκαδάς - Πολυδένδρι"}},{"type":"Feature","geometry":{"type":"LineString","coordinates":[[23.076941,40.757859],[23.076854,40.757811],[23.076836,40.757801],[23.0767,40.757724],[23.076658,40.757699],[23.07552,40.757006],[23.074499,40.756385],[23.073014,40.755527],[23.071907,40.754891],[23.07171,40.754775],[23.071531,40.754647]]},"properties":{"name":"Λαγκαδάς - Πέντε Βρύσες"}},{"type":"Feature","geometry":{"type":"LineString","coordinates":[[22.980095,40.743094],[22.98024,40.742955],[22.980459,40.742761],[22.98091,40.742396],[22.981104,40.742239],[22.98123,40.742128],[22.981705,40.74185],[22.982059,40.741638],[22.982165,40.741572],[22.982228,40.741526],[22.982293,40.741469],[22.982387,40.741376],[22.98267,40.741092],[22.983058,40.740759],[22.983411,40.740424],[22.9841,40.739767],[22.984351,40.739524],[22.984546,40.739267],[22.984907,40.738722],[22.985161,40.738355],[22.9856,40.737802],[22.985951,40.737458],[22.986176,40.737236]]},"properties":{"name":"Σχολείου"}},{"type":"Feature","geometry":{"type":"LineString","coordinates":[[22.980095,40.743094],[22.980032,40.743271],[22.979994,40.743541],[22.979992,40.744123],[22.979937,40.74471],[22.979934,40.744753],[22.979947,40.745547],[22.979951,40.745608],[22.979922,40.745736],[22.97987,40.745866],[22.97981,40.745983],[22.97975,40.746081],[22.979675,40.746193],[22.979296,40.746658],[22.978972,40.747082],[22.978917,40.747258],[22.978872,40.747483],[22.978804,40.747624],[22.978758,40.747704],[22.978708,40.747775],[22.978616,40.74785],[22.977632,40.748511],[22.97711,40.748838],[22.975715,40.749885],[22.975551,40.750031],[22.975534,40.750052],[22.97552,40.750067]]},"properties":{"name":"Λητής - Δρυμού"}},{"type":"Feature","geometry":{"type":"LineString","coordinates":[[22.975432,40.75027],[22.97552,40.750067],[22.97532,40.750231]]},"properties":{"name":"Λητής - Δρυμού"}},{"type":"Feature","geometry":{"type":"LineString","coordinates":[[22.965314,40.775523],[22.965405,40.775315],[22.965649,40.774699],[22.965741,40.774468],[22.965813,40.774274],[22.965867,40.774088],[22.965881,40.773953],[22.965941,40.773444],[22.965962,40.773304],[22.966008,40.77306],[22.966066,40.772879],[22.966127,40.772639],[22.966279,40.772156],[22.966389,40.771852],[22.966448,40.77168],[22.966467,40.771626],[22.966548,40.771404],[22.966688,40.771058],[22.966824,40.770737],[22.966969,40.770407],[22.967382,40.769491],[22.967412,40.769423],[22.96764,40.768878],[22.968081,40.767805],[22.968407,40.766986],[22.968484,40.766765],[22.968613,40.766407],[22.968657,40.766198],[22.968725,40.765926],[22.968793,40.76564],[22.968854,40.765373],[22.968879,40.765178],[22.968888,40.765042],[22.968888,40.764899],[22.968854,40.764723],[22.968805,40.764531],[22.968811,40.764476],[22.968811,40.764346],[22.968836,40.76421],[22.968879,40.764041],[22.969181,40.763043],[22.96936,40.762676],[22.969493,40.762361],[22.9698,40.761695],[22.969828,40.761633],[22.970275,40.76082]]},"properties":{"name":"Λητής - Δρυμού"}},{"type":"Feature","geometry":{"type":"LineString","coordinates":[[22.975292,40.750359],[22.975261,40.750405],[22.975211,40.750504],[22.975142,40.750646],[22.975099,40.750728],[22.975032,40.750847],[22.974852,40.751149],[22.974728,40.751339],[22.974634,40.751489],[22.97457,40.7516],[22.97452,40.751689],[22.974468,40.751795],[22.974422,40.751885],[22.974388,40.751958],[22.97436,40.752023],[22.97433,40.752115],[22.974304,40.752203],[22.97429,40.752261],[22.974274,40.752341],[22.974268,40.752403],[22.974266,40.752513],[22.974269,40.752612],[22.974272,40.752792],[22.974257,40.752922],[22.974221,40.753061],[22.9742,40.753135],[22.974167,40.753239],[22.974127,40.753359],[22.974062,40.753554],[22.973996,40.753743],[22.973928,40.753913],[22.973871,40.754055],[22.973829,40.75414],[22.973788,40.754224],[22.97376,40.754276],[22.973717,40.754342],[22.973675,40.754402],[22.973605,40.754494],[22.972506,40.755925],[22.972381,40.756037],[22.972255,40.756156],[22.972184,40.756258],[22.972107,40.756366],[22.972032,40.756492],[22.971972,40.75664],[22.971921,40.756863],[22.971835,40.75736],[22.971749,40.757674],[22.971678,40.757877],[22.971569,40.758111],[22.971419,40.758368],[22.971201,40.758818],[22.97096,40.759183],[22.970779,40.759368],[22.970469,40.75959],[22.970277,40.759735],[22.970117,40.759894]]},"properties":{"name":"Λητής - Δρυμού"}},{"type":"Feature","geometry":{"type":"LineString","coordinates":[[22.970275,40.76082],[22.970283,40.760711],[22.970257,40.760605],[22.970219,40.760559],[22.970207,40.760513],[22.970178,40.760452],[22.970133,40.760381],[22.97009,40.760304],[22.970062,40.760258],[22.970036,40.760156],[22.97003,40.760088],[22.97004,40.76002],[22.970071,40.759942],[22.970117,40.759894],[22.970111,40.760004],[22.970123,40.760068],[22.970158,40.760147],[22.970195,40.760256],[22.970233,40.760336],[22.970272,40.760399],[22.970308,40.760455],[22.970356,40.760526],[22.970367,40.760583],[22.970371,40.760613],[22.970353,40.760692],[22.970275,40.76082]]},"properties":{"name":"Λητής - Δρυμού"}},{"type":"Feature","geometry":{"type":"LineString","coordinates":[[22.975253,40.750283],[22.975022,40.750416],[22.974935,40.750479],[22.974839,40.750555],[22.974633,40.750711],[22.97423,40.751036],[22.974059,40.751176],[22.97368,40.751482],[22.973485,40.751658],[22.973059,40.751971],[22.972986,40.752025],[22.972754,40.752243],[22.972394,40.752548],[22.972153,40.752763],[22.971759,40.753127],[22.971313,40.75353],[22.971176,40.753654],[22.971021,40.753745],[22.970841,40.753823],[22.970678,40.753881],[22.970266,40.753992],[22.96939,40.754232],[22.969227,40.754284],[22.969133,40.754323],[22.969004,40.754388],[22.968901,40.754424],[22.968819,40.754471],[22.968767,40.754506],[22.968647,40.754597],[22.968397,40.754796],[22.968035,40.755093],[22.967947,40.755166],[22.967834,40.755252],[22.967754,40.755306],[22.967674,40.755348],[22.967604,40.755381],[22.967435,40.75546],[22.9672,40.75557],[22.966502,40.755889],[22.966311,40.755979],[22.966208,40.756029],[22.966111,40.756077],[22.966032,40.756126],[22.965921,40.756199],[22.965813,40.756275],[22.965674,40.75638],[22.965499,40.756521],[22.965332,40.756664],[22.965224,40.756756],[22.965142,40.756832],[22.965065,40.756912],[22.964959,40.757026],[22.964905,40.757091],[22.96481,40.757203],[22.964618,40.757426],[22.964541,40.757513],[22.96446,40.757595],[22.964402,40.757651],[22.964358,40.757688],[22.964306,40.757728],[22.96424,40.75778],[22.964004,40.757958],[22.963915,40.758026],[22.963725,40.758151],[22.963332,40.758422],[22.962952,40.75868],[22.962706,40.758845],[22.962522,40.758959],[22.962444,40.759006],[22.96238,40.759043],[22.962252,40.759109],[22.962124,40.759174],[22.96199,40.75924],[22.961493,40.759472],[22.960318,40.760003],[22.958807,40.760727],[22.95775,40.761223],[22.957725,40.761234],[22.957391,40.76139],[22.957107,40.761501],[22.956815,40.761598],[22.956309,40.761748],[22.955588,40.761949],[22.955347,40.762009],[22.955245,40.762027],[22.95497,40.762066],[22.954653,40.762073],[22.954352,40.762086],[22.95406,40.762125],[22.95382,40.76217],[22.953485,40.762248],[22.953191,40.762313],[22.95289,40.762378],[22.95247,40.762469],[22.952075,40.76254],[22.951397,40.762657],[22.951344,40.762662],[22.951174,40.762677],[22.949912,40.762898],[22.949097,40.763053],[22.94896,40.763087],[22.948796,40.763132],[22.94845,40.763243],[22.947157,40.763645],[22.946067,40.76396],[22.945518,40.764134],[22.945037,40.764296],[22.944711,40.76438],[22.944285,40.764477],[22.944221,40.764484],[22.943998,40.764517],[22.943028,40.764647],[22.942084,40.764764],[22.941535,40.764835],[22.941088,40.764881],[22.940711,40.764907],[22.940385,40.764933],[22.940222,40.764978],[22.940016,40.765043],[22.939835,40.765121],[22.939724,40.765199],[22.939595,40.76531],[22.939475,40.765433],[22.939192,40.765726],[22.939071,40.765836],[22.938937,40.76594],[22.938891,40.765972],[22.938837,40.766001],[22.938702,40.766064],[22.938531,40.766129],[22.937638,40.766441],[22.937362,40.766534],[22.93717,40.766608],[22.937003,40.766662],[22.936827,40.766719],[22.936642,40.766767],[22.936349,40.766833],[22.935704,40.766935],[22.935602,40.76695],[22.933871,40.767103],[22.932236,40.767247],[22.932059,40.76726],[22.931913,40.767302],[22.931765,40.76739],[22.931501,40.767557],[22.931308,40.767619],[22.931241,40.767629],[22.931051,40.767647],[22.930846,40.767631],[22.930744,40.767624],[22.930723,40.767623]]},"properties":{"name":"Λητή - Μελισσοχώρι"}},{"type":"Feature","geometry":{"type":"LineString","coordinates":[[22.935059,40.771113],[22.935284,40.771328],[22.93543,40.771424],[22.935562,40.771507],[22.935699,40.771569],[22.935871,40.771647],[22.936051,40.771718],[22.9363,40.771803],[22.936551,40.77191],[22.93675,40.772005],[22.936936,40.772116],[22.937141,40.772238],[22.937253,40.772297],[22.937447,40.772325],[22.937687,40.772389],[22.938214,40.772524],[22.938343,40.77257],[22.938445,40.772618],[22.938558,40.772687],[22.938676,40.772774],[22.938995,40.773122],[22.939047,40.773174],[22.939124,40.773232],[22.939218,40.773291],[22.939326,40.773356],[22.939432,40.773411],[22.939585,40.773486],[22.939696,40.773544],[22.939828,40.773616],[22.940154,40.77382],[22.940186,40.77384],[22.940583,40.774142],[22.940755,40.774253],[22.940901,40.774337],[22.941213,40.774468],[22.941587,40.774612],[22.941962,40.774757],[22.942095,40.774811],[22.942603,40.775018],[22.943205,40.775306],[22.943738,40.775556],[22.94464,40.775943],[22.944981,40.776089]]},"properties":{"name":"Ωραιοκάστρου - Δρυμού"}},{"type":"Feature","geometry":{"type":"LineString","coordinates":[[22.948896,40.777615],[22.948235,40.777403],[22.947695,40.777235],[22.94718,40.777018],[22.946643,40.776796],[22.946004,40.776519]]},"properties":{"name":"Ωραιοκάστρου - Δρυμού"}},{"type":"Feature","geometry":{"type":"LineString","coordinates":[[22.9185,40.735955],[22.918183,40.736322],[22.918034,40.736512],[22.917941,40.736646],[22.917621,40.737402],[22.917365,40.737901],[22.917071,40.738365],[22.916989,40.738442],[22.916893,40.738492],[22.916566,40.73863],[22.916076,40.738903],[22.915989,40.739002],[22.915961,40.739108],[22.915959,40.739403],[22.9159,40.739657],[22.915855,40.739758],[22.915788,40.739858],[22.91565,40.740024],[22.915455,40.740246],[22.915319,40.740456],[22.91519,40.740695],[22.915114,40.740884],[22.914841,40.741508],[22.914523,40.742019],[22.914458,40.742136],[22.914412,40.742252],[22.91436,40.74246],[22.91427,40.742957],[22.914263,40.743445],[22.914219,40.74362],[22.914129,40.743793],[22.913999,40.743973],[22.913846,40.744115],[22.913583,40.744333],[22.913393,40.744546],[22.913264,40.744794],[22.913168,40.745182],[22.913138,40.745367],[22.913094,40.745466],[22.913039,40.745552],[22.912969,40.745681],[22.912864,40.74581],[22.912601,40.746088],[22.912336,40.746352],[22.912079,40.746595],[22.911818,40.746833],[22.911287,40.747316],[22.91107,40.747447],[22.910872,40.747575],[22.910483,40.747824],[22.910271,40.747964],[22.910048,40.74809],[22.909651,40.748274],[22.909243,40.74844],[22.908144,40.748844],[22.907674,40.748997],[22.907198,40.749137],[22.906939,40.749244],[22.906792,40.749319],[22.90666,40.749415],[22.906073,40.749972],[22.905899,40.750157],[22.90577,40.750309],[22.905719,40.750401],[22.905669,40.750512],[22.905653,40.750766],[22.905636,40.750966],[22.905732,40.751322],[22.905809,40.75155],[22.905852,40.751819],[22.905867,40.752064],[22.905876,40.75232],[22.905891,40.75269],[22.905965,40.753046],[22.906068,40.753235],[22.906203,40.753398],[22.906557,40.753609],[22.906901,40.753825],[22.907508,40.754293],[22.90781,40.754531],[22.908101,40.75477],[22.908668,40.755233],[22.90885,40.755379],[22.908975,40.755501],[22.909228,40.755789],[22.909526,40.75623],[22.909631,40.756431],[22.909724,40.756642],[22.909754,40.756842],[22.909772,40.757037],[22.909768,40.757257],[22.909752,40.757483],[22.90978,40.757774],[22.909813,40.75805],[22.90984,40.758301],[22.90983,40.758572],[22.909837,40.7588],[22.909821,40.758908],[22.90979,40.758974],[22.9097,40.759114],[22.909477,40.759402],[22.909296,40.759642],[22.909157,40.759907],[22.909077,40.760101],[22.909044,40.760316],[22.909075,40.760736],[22.909049,40.760886],[22.908998,40.760993],[22.908775,40.761258],[22.908671,40.761396],[22.908602,40.761564],[22.908586,40.761717],[22.908589,40.761883],[22.908708,40.762428],[22.908781,40.76274],[22.908896,40.763033],[22.909071,40.763206],[22.909536,40.763503],[22.909729,40.763615],[22.909923,40.763713],[22.910036,40.763749],[22.910143,40.763765],[22.910326,40.763757],[22.910504,40.763728],[22.910804,40.763673],[22.911254,40.763675],[22.911369,40.763684],[22.911543,40.76371],[22.911584,40.76372],[22.911746,40.763767],[22.911945,40.763846],[22.912369,40.76406],[22.91277,40.764344],[22.913159,40.764745],[22.913413,40.764976],[22.913679,40.765193],[22.914195,40.765447],[22.914705,40.765699],[22.914918,40.765817],[22.915352,40.766062],[22.915586,40.766178],[22.915825,40.766283],[22.917196,40.766781],[22.917694,40.766974],[22.917952,40.767061],[22.918213,40.767145],[22.918356,40.767194],[22.918772,40.767338],[22.918946,40.767444],[22.919114,40.767561],[22.919221,40.767598],[22.919547,40.767709],[22.920029,40.767875],[22.920214,40.767997],[22.920299,40.768101],[22.920395,40.768194],[22.920713,40.768411],[22.920952,40.768576],[22.922026,40.768628],[22.922819,40.768633],[22.923534,40.76854],[22.924145,40.768416],[22.924625,40.768305],[22.925253,40.768191],[22.925378,40.768159],[22.925546,40.768129],[22.925862,40.768088]]},"properties":{"name":"Ωραιοκάστρου - Δρυμού"}},{"type":"Feature","geometry":{"type":"LineString","coordinates":[[22.944981,40.776089],[22.945223,40.776157],[22.945282,40.776177],[22.945379,40.776215],[22.945492,40.776259],[22.945585,40.776295],[22.945693,40.776338],[22.945792,40.776384],[22.945871,40.776429],[22.946004,40.776519],[22.945763,40.776448],[22.94565,40.776411],[22.945458,40.776337],[22.945312,40.776281],[22.945225,40.776241],[22.945133,40.776191],[22.944981,40.776089]]},"properties":{"name":"Ωραιοκάστρου - Δρυμού"}},{"type":"Feature","geometry":{"type":"LineString","coordinates":[[22.965314,40.775523],[22.965148,40.775976],[22.965108,40.776083],[22.964916,40.776525],[22.964863,40.776649],[22.964852,40.776673],[22.964733,40.77692],[22.964629,40.7772],[22.964578,40.777349],[22.964542,40.777475],[22.96455,40.77762],[22.964567,40.777929],[22.96457,40.778144],[22.964548,40.778399],[22.964524,40.77868],[22.964479,40.778845],[22.964399,40.779045],[22.964095,40.779806],[22.964006,40.780053],[22.963728,40.780681],[22.963669,40.780824],[22.963553,40.781027],[22.963462,40.781191],[22.963379,40.781348],[22.963222,40.781589],[22.963149,40.781699],[22.963089,40.781791],[22.962957,40.781982],[22.96266,40.782336],[22.962394,40.782678],[22.962281,40.782876],[22.962168,40.783093],[22.962091,40.783305],[22.96196,40.783651],[22.961844,40.78393]]},"properties":{"name":"21ης Ιουνίου"}},{"type":"Feature","geometry":{"type":"LineString","coordinates":[[22.926108,40.767298],[22.926648,40.767051],[22.926741,40.76702],[22.926836,40.767004],[22.926998,40.766961],[22.927213,40.766957],[22.927872,40.766932],[22.928256,40.766744],[22.928413,40.766746],[22.928537,40.76677],[22.928641,40.766833],[22.928785,40.76686],[22.928827,40.766874],[22.928899,40.7669],[22.929022,40.766975],[22.929073,40.767008],[22.929169,40.767072],[22.929442,40.767329],[22.929572,40.767378],[22.929772,40.76744],[22.929993,40.767485],[22.930418,40.767586]]},"properties":{"name":"Γερμανού Καραβαγγέλη"}},{"type":"Feature","geometry":{"type":"LineString","coordinates":[[22.930418,40.767586],[22.930723,40.767623]]},"properties":{"name":"ΕΠ4"}},{"type":"Feature","geometry":{"type":"LineString","coordinates":[[22.930418,40.767586],[22.930323,40.767638],[22.929971,40.767738],[22.929884,40.767785],[22.92973,40.767876],[22.929407,40.768006],[22.929149,40.768131],[22.928948,40.768108],[22.928822,40.768097],[22.92876,40.768101],[22.928641,40.768125],[22.928453,40.768156]]},"properties":{"name":"19ης Ιουνίου"}},{"type":"Feature","geometry":{"type":"LineString","coordinates":[[22.92317,40.725448],[22.923034,40.725422],[22.922871,40.725392]]},"properties":{"name":"Αλεξ. Υψηλάντου"}},{"type":"Feature","geometry":{"type":"LineString","coordinates":[[22.919587,40.725345],[22.919496,40.72534],[22.919355,40.725328],[22.919292,40.725325],[22.919201,40.725319],[22.91911,40.725315],[22.918219,40.725291],[22.917128,40.725282],[22.916977,40.725281],[22.916731,40.725289],[22.916552,40.725317],[22.915803,40.725593],[22.915117,40.725846],[22.914295,40.726153],[22.914224,40.726178]]},"properties":{"name":"Αλεξάνδρου Υψηλάντου"}},{"type":"Feature","geometry":{"type":"LineString","coordinates":[[22.919993,40.725356],[22.920066,40.725357],[22.920301,40.725365],[22.920386,40.725367],[22.920758,40.72538],[22.920985,40.725391],[22.921624,40.725402],[22.922871,40.725392]]},"properties":{"name":"Αλεξάνδρου Υψηλάντου"}},{"type":"Feature","geometry":{"type":"LineString","coordinates":[[23.003668,40.785792],[23.003813,40.785931],[23.004218,40.786259],[23.004314,40.78636],[23.004462,40.786574],[23.004709,40.786949],[23.004819,40.787081],[23.004955,40.787177],[23.005105,40.787219],[23.005248,40.787236],[23.00535,40.787238],[23.005476,40.787211],[23.005604,40.787163],[23.005787,40.787085],[23.006581,40.786738],[23.007871,40.786176],[23.008938,40.785656],[23.009132,40.785609],[23.009247,40.785617],[23.009322,40.785639],[23.009439,40.78569]]},"properties":{"name":"Παράκαμψη"}},{"type":"Feature","geometry":{"type":"LineString","coordinates":[[23.006466,40.790079],[23.006396,40.789894],[23.006368,40.789792],[23.006334,40.789666],[23.006318,40.789606],[23.006264,40.789478],[23.006103,40.789195],[23.006063,40.789104],[23.006039,40.788999],[23.006057,40.788893],[23.006109,40.788807],[23.006187,40.788726],[23.006447,40.788558],[23.006586,40.788462],[23.006703,40.788354],[23.006814,40.788237],[23.006913,40.788085],[23.007007,40.787908],[23.007163,40.787473],[23.007257,40.787295],[23.007383,40.787126],[23.007667,40.786854],[23.00789,40.786712],[23.008236,40.786533],[23.009225,40.78605],[23.009392,40.785983],[23.009561,40.785889],[23.009695,40.785786],[23.009767,40.785706]]},"properties":{"name":"Παράκαμψη"}},{"type":"Feature","geometry":{"type":"LineString","coordinates":[[22.981303,40.84198],[22.98197,40.842024],[22.982536,40.842061],[22.983157,40.842119],[22.983564,40.842157],[22.983999,40.842198],[22.984519,40.842241],[22.985278,40.842305],[22.986282,40.842396],[22.986925,40.842453],[22.987654,40.842515],[22.988574,40.842556],[22.988894,40.84257],[22.989355,40.842582],[22.989834,40.842593],[22.989942,40.842592],[22.990079,40.842589],[22.990746,40.842569],[22.991748,40.842498],[22.992862,40.842523],[22.994027,40.842599],[22.994729,40.842704],[22.995749,40.842952],[22.99677,40.843234],[22.997256,40.843313],[22.997717,40.843345],[22.997838,40.843352],[22.999287,40.843407],[23.001065,40.843562],[23.001166,40.84357],[23.002126,40.843573],[23.002613,40.843572],[23.005724,40.843541],[23.005997,40.843511],[23.006207,40.843452],[23.006446,40.843342],[23.006606,40.843231],[23.006817,40.84306],[23.0079,40.842155],[23.00835,40.84179],[23.008574,40.841623],[23.008837,40.841455],[23.009103,40.841307],[23.009724,40.840984],[23.011921,40.839831],[23.014236,40.838662],[23.017134,40.837352],[23.017555,40.837089],[23.01765,40.837011],[23.018315,40.836409],[23.019198,40.835618],[23.019369,40.835525],[23.02113,40.835357],[23.021538,40.83523],[23.021857,40.83503],[23.022108,40.834762],[23.022231,40.834475],[23.022283,40.834168],[23.022324,40.833458],[23.02236,40.832663],[23.022442,40.832271],[23.0225,40.832162],[23.022523,40.832119],[23.022637,40.831991],[23.022726,40.831894],[23.022893,40.831801],[23.023078,40.831771],[23.023242,40.831759],[23.023811,40.831766]]},"properties":{"name":"Άσσηρος - Κριθιά"}},{"type":"Feature","geometry":{"type":"LineString","coordinates":[[23.086207,40.884293],[23.08693,40.88485],[23.087616,40.885398],[23.08769,40.885442],[23.087802,40.885488],[23.08795,40.885523],[23.088012,40.885544],[23.088097,40.885575],[23.088201,40.885639],[23.088311,40.885716],[23.0886,40.885982],[23.088922,40.886254],[23.089073,40.88636],[23.089254,40.886462],[23.08948,40.886557],[23.090013,40.886819],[23.09013,40.886885],[23.090214,40.886969],[23.090258,40.887039],[23.090297,40.887127],[23.090319,40.887268],[23.090326,40.887383],[23.09032,40.887557],[23.090312,40.887717],[23.090312,40.887904],[23.090329,40.888005],[23.090432,40.888307],[23.090477,40.888426],[23.090486,40.888487],[23.090493,40.888559],[23.090508,40.888731],[23.090526,40.88883],[23.090573,40.888927],[23.090628,40.889014],[23.090691,40.889083],[23.090754,40.889129],[23.09083,40.889156],[23.09093,40.889178],[23.091045,40.889197],[23.091274,40.889231],[23.091402,40.889275],[23.091536,40.889326],[23.091636,40.889397],[23.091725,40.889482],[23.091792,40.889582],[23.091838,40.88969],[23.091848,40.889814],[23.091839,40.88992],[23.091794,40.890007],[23.091751,40.890076],[23.091665,40.890154],[23.091583,40.890211],[23.091484,40.89026],[23.091387,40.89029],[23.09126,40.890313],[23.091131,40.89032],[23.090949,40.890301],[23.090772,40.890297],[23.090687,40.890306],[23.090609,40.890328],[23.090558,40.890359],[23.090505,40.890404],[23.090285,40.890639],[23.090035,40.890822],[23.089926,40.890898],[23.089891,40.890929],[23.089868,40.890968],[23.089857,40.891033],[23.08986,40.891085],[23.089885,40.891135],[23.089911,40.891169],[23.089992,40.891251],[23.090062,40.891342],[23.090119,40.891452],[23.090155,40.891526],[23.090183,40.891614],[23.090192,40.891751],[23.090214,40.891874],[23.090395,40.89235],[23.090522,40.892758],[23.090591,40.89303],[23.090605,40.893207],[23.09061,40.89339],[23.0906,40.893594],[23.090582,40.893788],[23.090539,40.894291],[23.090515,40.894508],[23.090475,40.894825],[23.090431,40.895169],[23.090413,40.895398],[23.09041,40.895611],[23.090415,40.895855],[23.090425,40.896045],[23.090428,40.896092],[23.090479,40.896548],[23.090525,40.897024],[23.090564,40.897365],[23.090584,40.897508],[23.090615,40.897601],[23.090826,40.898162],[23.090975,40.898584],[23.091072,40.898849],[23.091111,40.89898],[23.091136,40.89911],[23.091147,40.899202],[23.091173,40.899693],[23.091172,40.899903],[23.091156,40.899987],[23.09113,40.900058],[23.09094,40.900475],[23.090844,40.900696],[23.090762,40.900896],[23.090704,40.901104],[23.090663,40.901293],[23.090603,40.901778],[23.090556,40.90226],[23.090503,40.902751],[23.090455,40.903257],[23.090451,40.903888],[23.090455,40.904538],[23.090383,40.905043],[23.090325,40.905527],[23.090231,40.906383],[23.090204,40.906495],[23.09018,40.906596],[23.090142,40.906708],[23.090019,40.906956],[23.089983,40.907003],[23.089785,40.907254],[23.089495,40.907626],[23.089348,40.907784],[23.089243,40.907841],[23.088994,40.90796],[23.088824,40.907991],[23.088445,40.908026],[23.088275,40.908047],[23.088114,40.90809],[23.087901,40.908199],[23.087217,40.908638],[23.086817,40.908875],[23.086522,40.909064],[23.086291,40.90922],[23.086164,40.909295],[23.086048,40.909406],[23.085948,40.909506],[23.085894,40.909606],[23.085845,40.909825],[23.085785,40.910082],[23.08573,40.910163],[23.085669,40.910245],[23.085548,40.910321],[23.085424,40.910387],[23.085152,40.910469],[23.084865,40.91045],[23.084712,40.910413],[23.084551,40.910354],[23.084356,40.910283],[23.084158,40.9102],[23.084082,40.910177],[23.084034,40.910155],[23.08392,40.910135],[23.083802,40.910138],[23.083692,40.91015],[23.083493,40.910247],[23.083293,40.910306],[23.083196,40.910325],[23.082522,40.910527],[23.08242,40.910569],[23.082378,40.910616],[23.082227,40.91093],[23.082069,40.911324],[23.082018,40.911424],[23.081831,40.911609],[23.081371,40.911888],[23.0813,40.911931],[23.081141,40.912029],[23.080704,40.912286],[23.080276,40.912529],[23.080133,40.91264],[23.080042,40.912751],[23.079954,40.912914],[23.07993,40.913017],[23.079917,40.913108],[23.079916,40.913257],[23.079924,40.91341],[23.07989,40.913578],[23.079808,40.913708],[23.079637,40.913815],[23.079233,40.913994],[23.079012,40.914129],[23.078654,40.914465],[23.078293,40.914799],[23.078139,40.914982],[23.078053,40.915152],[23.077923,40.91566],[23.07769,40.916145],[23.077553,40.916491],[23.077476,40.916847],[23.077544,40.917253],[23.077716,40.918029],[23.077741,40.918234],[23.077722,40.918319],[23.077641,40.918369],[23.07756,40.918405],[23.077471,40.918418],[23.077267,40.918351],[23.076866,40.918195],[23.076159,40.917939],[23.075827,40.917859],[23.075692,40.917851],[23.075546,40.917873],[23.075039,40.918027],[23.074759,40.918187],[23.07473,40.918215],[23.074472,40.918456],[23.073863,40.919271],[23.073761,40.919387],[23.073642,40.919489],[23.073399,40.919561],[23.073049,40.919646],[23.072795,40.919727],[23.07268,40.919802],[23.07259,40.919878],[23.072323,40.920213],[23.07213,40.920518],[23.071966,40.920791],[23.071763,40.921096],[23.071592,40.92137],[23.071382,40.921599],[23.071138,40.921767],[23.070807,40.921919],[23.070664,40.922044],[23.070559,40.922189],[23.070488,40.922379],[23.070448,40.922689],[23.070447,40.922721],[23.07043,40.923108],[23.070407,40.923298],[23.07026,40.923677],[23.070154,40.923958],[23.070035,40.924129],[23.069801,40.924371],[23.069767,40.924404],[23.069483,40.924661],[23.069433,40.92479],[23.069475,40.924985],[23.069536,40.925265],[23.069557,40.92537],[23.069511,40.925616],[23.069464,40.925934],[23.06946,40.926005],[23.069366,40.926497],[23.069359,40.926512],[23.069317,40.926598],[23.069311,40.926684],[23.06931,40.926918],[23.069381,40.92701],[23.069464,40.92715],[23.069622,40.927337],[23.069767,40.927503],[23.069811,40.9278],[23.069861,40.927962]]},"properties":{"name":"Δορκάδα - Μελάνθιο"}},{"type":"Feature","geometry":{"type":"LineString","coordinates":[[23.043806,40.915986],[23.044183,40.915942],[23.044366,40.915915],[23.044599,40.915596],[23.044777,40.915513],[23.045205,40.915542],[23.045872,40.915456],[23.046124,40.915531],[23.04692,40.91574],[23.047364,40.915791],[23.047935,40.915709],[23.049408,40.915507],[23.050272,40.915444],[23.052394,40.915355],[23.053177,40.915248],[23.054172,40.915096],[23.054571,40.915087],[23.055214,40.915167],[23.056991,40.915403],[23.057383,40.915377],[23.058467,40.915073],[23.058955,40.914861],[23.05948,40.914623],[23.059802,40.91443],[23.060144,40.914059],[23.060961,40.913128],[23.061143,40.912932],[23.061353,40.912787],[23.062111,40.912462],[23.06241,40.912371],[23.062711,40.912313],[23.063367,40.912226],[23.063795,40.912144],[23.064275,40.911963],[23.064806,40.9117],[23.065124,40.911637],[23.065418,40.911587],[23.065748,40.911551],[23.066024,40.911594],[23.066356,40.911743],[23.066694,40.911852],[23.067188,40.911903],[23.067869,40.911922],[23.068772,40.911847],[23.069905,40.911728],[23.070019,40.911726],[23.070213,40.911754],[23.07046,40.91188],[23.071136,40.912399],[23.071792,40.912925],[23.071808,40.912938],[23.071945,40.91301],[23.072088,40.913058],[23.072385,40.913094],[23.072673,40.913061],[23.072965,40.913017],[23.073186,40.912996],[23.073401,40.913006],[23.074079,40.913081],[23.074763,40.913153],[23.076128,40.913294],[23.076346,40.913333],[23.076564,40.913387],[23.077608,40.913711],[23.078682,40.914015],[23.079012,40.914129]]},"properties":{"name":"Λαοδικηνό - Καρτερές"}},{"type":"Feature","geometry":{"type":"LineString","coordinates":[[23.048144,40.780167],[23.048211,40.780255],[23.048243,40.780354],[23.048241,40.78047]]},"properties":{"name":"Λαγκαδά - Ασσήρου"}},{"type":"Feature","geometry":{"type":"LineString","coordinates":[[23.032835,40.818138],[23.03325,40.817342],[23.033524,40.816644],[23.033795,40.815937],[23.034184,40.815203],[23.03436,40.814851],[23.034471,40.814451],[23.034604,40.813971],[23.034661,40.813459],[23.034669,40.813025],[23.034642,40.812601],[23.034749,40.812139],[23.034878,40.811928],[23.035028,40.811693],[23.03521,40.811384],[23.035318,40.811157],[23.035371,40.810994],[23.035511,40.810256],[23.035618,40.809768],[23.035736,40.809411],[23.035833,40.809175],[23.035983,40.808875],[23.036197,40.808518],[23.036521,40.807969],[23.036551,40.807917],[23.036673,40.807749],[23.036986,40.807338],[23.03712,40.807153],[23.037217,40.807007],[23.037313,40.806853],[23.03741,40.806642],[23.037539,40.806276],[23.037828,40.805635],[23.038386,40.804295],[23.038689,40.803564],[23.038901,40.803052],[23.039094,40.802614],[23.039244,40.80224],[23.039423,40.801677],[23.039759,40.800803],[23.040135,40.799722],[23.040339,40.799105],[23.040414,40.798805],[23.040543,40.798431],[23.04065,40.798114],[23.040725,40.797984],[23.040897,40.797424],[23.041015,40.796994],[23.041422,40.795978],[23.041948,40.794752],[23.042109,40.794338],[23.042302,40.79385],[23.042678,40.793062],[23.043064,40.792307],[23.043718,40.791194],[23.044201,40.790179],[23.044813,40.78883],[23.045214,40.787993],[23.045435,40.787531],[23.045532,40.787303],[23.045628,40.787035],[23.045757,40.78667],[23.045864,40.786361],[23.045993,40.786101],[23.046215,40.785723],[23.046336,40.785516],[23.046508,40.785191],[23.046658,40.784891],[23.046851,40.784436],[23.047001,40.784111],[23.047068,40.783947],[23.047251,40.78346],[23.04735,40.78314],[23.047457,40.782822],[23.047709,40.782169],[23.047903,40.781487],[23.048085,40.781032],[23.048192,40.78068],[23.048227,40.780567],[23.048241,40.78047],[23.048184,40.780334],[23.048101,40.780246],[23.048018,40.780202],[23.047799,40.780095]]},"properties":{"name":"Λαγκαδά - Ασσήρου"}},{"type":"Feature","geometry":{"type":"LineString","coordinates":[[23.031353,40.821026],[23.031414,40.820901],[23.031559,40.820607],[23.031679,40.82035],[23.031882,40.81994],[23.032166,40.819404],[23.032835,40.818138]]},"properties":{"name":"Λαγκαδά"}},{"type":"Feature","geometry":{"type":"LineString","coordinates":[[23.047799,40.780095],[23.04789,40.780015]]},"properties":{"name":"Λαγκαδά - Κιλκίς"}},{"type":"Feature","geometry":{"type":"LineString","coordinates":[[23.138692,40.908129],[23.139732,40.907898],[23.14002,40.907828],[23.140294,40.907752],[23.140651,40.907644],[23.140827,40.90758],[23.141034,40.907496],[23.141334,40.907368],[23.141582,40.907237],[23.14184,40.907101],[23.142155,40.906933],[23.142475,40.906749],[23.142994,40.906418],[23.143475,40.906105],[23.143963,40.905797],[23.144499,40.905479],[23.144752,40.905359],[23.144907,40.905302],[23.145084,40.905252],[23.14567,40.905146],[23.145858,40.905113],[23.146017,40.905069],[23.14619,40.904996],[23.1464,40.904881],[23.147483,40.904128],[23.147701,40.90399],[23.147893,40.903906],[23.148149,40.903829],[23.14846,40.903772],[23.148659,40.903731],[23.148822,40.903687],[23.148945,40.903632],[23.149082,40.903534],[23.149649,40.902966],[23.149823,40.902821],[23.149975,40.902717],[23.150127,40.902652],[23.150304,40.902611],[23.150539,40.902578],[23.1507,40.902568],[23.15077,40.902564],[23.151869,40.902542],[23.152411,40.902523],[23.152787,40.902496],[23.153185,40.902454],[23.153484,40.902407],[23.153735,40.902341],[23.153965,40.902258],[23.154195,40.902169],[23.154515,40.902024],[23.15703,40.900726],[23.157247,40.900631],[23.157496,40.900544],[23.157704,40.900486],[23.157967,40.900435],[23.158212,40.900414],[23.158454,40.900404],[23.159181,40.900448],[23.159491,40.900465],[23.159752,40.900467],[23.159944,40.900461],[23.160186,40.900425],[23.160421,40.900375],[23.160681,40.900286],[23.161924,40.899742],[23.162116,40.899652],[23.162239,40.899556],[23.162329,40.89945],[23.162387,40.899313],[23.162391,40.899187],[23.162344,40.899081],[23.162268,40.898972],[23.162163,40.898913],[23.162057,40.898859],[23.161612,40.898721],[23.161491,40.898679],[23.161396,40.898622],[23.161314,40.898557],[23.161258,40.89849],[23.161195,40.898377],[23.161172,40.898309],[23.161171,40.898229],[23.161213,40.898045],[23.161513,40.897115],[23.161692,40.896769],[23.161812,40.896638],[23.161968,40.896526],[23.162388,40.896372],[23.162485,40.896343],[23.163293,40.896182],[23.164166,40.896045],[23.164437,40.896024],[23.164668,40.89601],[23.164939,40.896018],[23.166417,40.896122],[23.166956,40.89613],[23.167784,40.896086],[23.168731,40.895996],[23.16927,40.895925],[23.169497,40.895873],[23.169671,40.895821],[23.170965,40.895319],[23.171572,40.895048],[23.173498,40.894136],[23.174012,40.893884],[23.174255,40.893755],[23.174518,40.893603],[23.17468,40.893485],[23.174934,40.89325],[23.175191,40.893023],[23.175351,40.892897],[23.175532,40.892793],[23.176374,40.892353],[23.176601,40.892194],[23.176762,40.892043],[23.176885,40.891898],[23.177438,40.891097],[23.177785,40.890733],[23.177953,40.890595],[23.178142,40.890503],[23.178557,40.890355],[23.17872,40.890279],[23.178819,40.890216],[23.178899,40.890165],[23.179189,40.889911],[23.179466,40.889681],[23.17964,40.889491],[23.180241,40.888534],[23.180902,40.88741],[23.181152,40.886956],[23.181348,40.886628],[23.181404,40.88655],[23.181491,40.886512],[23.181588,40.886527],[23.181807,40.886599],[23.182114,40.8867],[23.182165,40.886717],[23.182278,40.886732],[23.182353,40.886733],[23.182416,40.886724],[23.183073,40.886453],[23.183239,40.886384],[23.183873,40.886134],[23.183974,40.886094],[23.184374,40.885936],[23.184583,40.885835]]},"properties":{"name":"Βερτίσκος - Ξυλόπολη"}},{"type":"Feature","geometry":{"type":"LineString","coordinates":[[23.2171,40.631064],[23.21737,40.630684],[23.217748,40.63015],[23.218535,40.629047],[23.218783,40.628644],[23.218856,40.628066],[23.218851,40.627948],[23.218837,40.627875],[23.21881,40.627784],[23.21874,40.627691],[23.218714,40.627648],[23.218675,40.62761],[23.21814,40.627083],[23.218106,40.627024],[23.218088,40.626969],[23.218063,40.626875],[23.2181,40.626645],[23.218139,40.626565],[23.218186,40.626507],[23.218248,40.626434],[23.218533,40.626244],[23.218842,40.626067],[23.218884,40.626],[23.218979,40.625819],[23.219047,40.62566],[23.219127,40.625466],[23.219191,40.625355],[23.219261,40.625276],[23.219365,40.625195],[23.220419,40.624761]]},"properties":{"name":"Γερακαρούς - Ζαγκλιβερίου"}},{"type":"Feature","geometry":{"type":"LineString","coordinates":[[22.987409,40.512948],[22.987558,40.512836],[22.98768,40.512738],[22.987789,40.512647],[22.987854,40.512604],[22.98792,40.512557],[22.987971,40.512525],[22.988053,40.512479],[22.988129,40.512437],[22.988171,40.512418],[22.988194,40.512412],[22.988226,40.512405],[22.988252,40.512392],[22.988326,40.512359],[22.988373,40.51234],[22.988428,40.512319],[22.988528,40.512283],[22.988658,40.512238],[22.988873,40.512164],[22.989085,40.512092],[22.989249,40.512034],[22.989373,40.511989],[22.989518,40.511933],[22.989597,40.511899],[22.989647,40.511876],[22.989722,40.511841],[22.98977,40.511816],[22.98983,40.511782],[22.989866,40.511757],[22.989902,40.511731],[22.989944,40.511693],[22.989986,40.511647],[22.990027,40.511597],[22.990076,40.511536],[22.990116,40.511483],[22.990168,40.511411]]},"properties":{"name":"Θεσσαλονίκης - Νέου Ρύσιου"}},{"type":"Feature","geometry":{"type":"LineString","coordinates":[[22.990201,40.511359],[22.990363,40.511064],[22.99039,40.511015],[22.990415,40.510969],[22.990477,40.510856],[22.990503,40.510811],[22.990543,40.510744],[22.990592,40.510663],[22.990614,40.510624],[22.990718,40.510436],[22.990781,40.510304],[22.990849,40.51013],[22.990905,40.509962],[22.990952,40.509794],[22.990987,40.509624],[22.991075,40.509121],[22.991115,40.508809],[22.991122,40.508754],[22.991174,40.508439],[22.991206,40.508227],[22.991218,40.508009],[22.99122,40.507714],[22.991188,40.507486],[22.99116,40.507282],[22.991104,40.507039],[22.99084,40.506047],[22.990773,40.505811],[22.990634,40.505318],[22.990566,40.505021],[22.990462,40.504621],[22.990326,40.504099],[22.990318,40.504068],[22.990146,40.503438],[22.99012,40.503345],[22.989874,40.502477],[22.989543,40.501441],[22.989451,40.501149],[22.98912,40.500094],[22.988912,40.499436]]},"properties":{"name":"Θεσσαλονίκης - Νέου Ρύσιου"}},{"type":"Feature","geometry":{"type":"LineString","coordinates":[[22.988226,40.512405],[22.988195,40.512436],[22.988178,40.51245],[22.988146,40.512471],[22.988108,40.512497],[22.988071,40.512525],[22.988022,40.512566],[22.987962,40.512622],[22.987765,40.512791],[22.987664,40.512874]]},"properties":{"name":"Θεσσαλονίκης - Νέου Ρύσιου"}},{"type":"Feature","geometry":{"type":"LineString","coordinates":[[22.990168,40.511411],[22.990201,40.511359]]},"properties":{"name":"Διακλάδωση Νέου Ρύσιου"}},{"type":"Feature","geometry":{"type":"LineString","coordinates":[[23.002895,40.495512],[23.002971,40.495493],[23.003038,40.495483],[23.003275,40.495436],[23.003512,40.495389],[23.003669,40.495363],[23.003816,40.495342],[23.003953,40.495336],[23.004088,40.495339],[23.004282,40.495361],[23.004422,40.495362],[23.005042,40.495371],[23.005454,40.495357],[23.005951,40.495275],[23.006102,40.495245],[23.007036,40.495057],[23.007419,40.494971],[23.007937,40.494902],[23.008644,40.494825],[23.008876,40.494803],[23.009183,40.494785],[23.009229,40.494782],[23.009324,40.494776],[23.009712,40.494747],[23.009791,40.494742],[23.00988,40.494736],[23.01011,40.494724],[23.010578,40.49469],[23.011105,40.494626],[23.011602,40.494558],[23.01229,40.494447],[23.012816,40.494367],[23.01309,40.494327],[23.014204,40.494161],[23.014676,40.494086],[23.01514,40.494003],[23.015485,40.493931],[23.015654,40.493878],[23.015785,40.493829],[23.016909,40.493394],[23.017031,40.493349],[23.017435,40.493183],[23.019557,40.492328],[23.021909,40.491411],[23.022597,40.491162],[23.022928,40.491042],[23.022945,40.491035],[23.022993,40.491015],[23.023126,40.490951],[23.023203,40.490905],[23.023314,40.490827],[23.023392,40.490766],[23.023818,40.490428],[23.023904,40.490377],[23.023972,40.490346],[23.024053,40.49032],[23.024162,40.490295],[23.024291,40.490273],[23.024638,40.490225],[23.026519,40.49001],[23.026886,40.48997],[23.027333,40.489921],[23.027466,40.489907],[23.029094,40.489729],[23.031822,40.489432],[23.032475,40.489361],[23.034297,40.489162],[23.03571,40.488994],[23.036641,40.488878],[23.037066,40.488817],[23.037453,40.488766],[23.037763,40.488708],[23.038163,40.488633],[23.038558,40.488522],[23.038979,40.488398],[23.039305,40.488287],[23.039415,40.488244],[23.039674,40.488091],[23.039931,40.487896],[23.040318,40.487608],[23.040764,40.487249],[23.041177,40.48689],[23.041273,40.48681],[23.041571,40.486505],[23.04188,40.486146],[23.042154,40.485839],[23.042377,40.485591],[23.042566,40.485389],[23.042652,40.485291],[23.042755,40.485193],[23.042901,40.485076],[23.04309,40.484952],[23.043553,40.484671],[23.043982,40.48442],[23.044204,40.484291],[23.044401,40.484177],[23.044451,40.484148],[23.044589,40.484087],[23.044733,40.484042],[23.044856,40.484011],[23.044995,40.483993],[23.045129,40.483987],[23.045504,40.483997],[23.045878,40.484006],[23.046151,40.484013],[23.046425,40.484004],[23.046913,40.483958],[23.047244,40.483921],[23.047637,40.48385],[23.047684,40.483842],[23.048657,40.483712],[23.048849,40.48369],[23.048899,40.483689],[23.049364,40.483646],[23.049773,40.48363],[23.049999,40.483607],[23.050274,40.483561],[23.05093,40.483447],[23.051039,40.483424],[23.05152,40.483322],[23.051931,40.48324],[23.052037,40.483217],[23.052125,40.483203],[23.052181,40.4832],[23.052224,40.483197],[23.052408,40.483199],[23.052845,40.483207],[23.052973,40.483209],[23.053005,40.483209],[23.053352,40.48322],[23.05376,40.483231],[23.054265,40.483222],[23.05496,40.483241],[23.05512,40.483246],[23.055381,40.483254],[23.055733,40.483274],[23.056128,40.48328],[23.056308,40.483274],[23.056505,40.483254],[23.05684,40.483182],[23.057548,40.482995],[23.058393,40.482791],[23.060521,40.482261],[23.060728,40.48221],[23.060763,40.482201],[23.060926,40.482164],[23.061411,40.48205],[23.061568,40.482011],[23.061718,40.481971],[23.064814,40.481224],[23.06653,40.480819],[23.068192,40.480405],[23.06926,40.480139],[23.070275,40.479898],[23.070746,40.479787],[23.071457,40.479618],[23.072545,40.479349],[23.073068,40.47922],[23.073157,40.479199],[23.073526,40.479114],[23.073937,40.479017],[23.074401,40.478906],[23.074813,40.478802],[23.075371,40.478639],[23.075997,40.478449],[23.076718,40.478234],[23.078163,40.477811],[23.078787,40.47764],[23.079259,40.477509],[23.07958,40.477419],[23.079723,40.477378],[23.079835,40.477347],[23.079986,40.477307],[23.080176,40.47725],[23.080364,40.477194],[23.080569,40.477122],[23.080818,40.477022],[23.081103,40.476906],[23.081954,40.476543],[23.082864,40.476164],[23.083082,40.476073],[23.083513,40.475894]]},"properties":{"name":"Νέου Ρύσιου - Σουρωτής"}},{"type":"Feature","geometry":{"type":"LineString","coordinates":[[23.083531,40.475887],[23.083686,40.475821],[23.085713,40.474969],[23.086376,40.474677],[23.086627,40.474575],[23.08688,40.474474],[23.087138,40.474375],[23.0874,40.474311],[23.087712,40.474239],[23.087952,40.474191],[23.088065,40.474168],[23.088361,40.474111],[23.089644,40.473846],[23.090338,40.473683],[23.090474,40.473652],[23.090706,40.473605],[23.090843,40.473575],[23.090995,40.473529],[23.091178,40.473456],[23.091309,40.473382],[23.091405,40.4733]]},"properties":{"name":"Νέου Ρύσιου - Σουρωτής"}},{"type":"Feature","geometry":{"type":"LineString","coordinates":[[23.004282,40.495361],[23.004065,40.495363],[23.003885,40.495377],[23.003746,40.495393],[23.003574,40.495422],[23.003293,40.495481],[23.003188,40.495506],[23.002994,40.495547]]},"properties":{"name":"Νέου Ρύσιου - Σουρωτής"}},{"type":"Feature","geometry":{"type":"LineString","coordinates":[[23.049692,40.482131],[23.049724,40.482127],[23.04978,40.482134],[23.050598,40.483089],[23.050848,40.483404],[23.05093,40.483447]]},"properties":{"name":"Τριών Ιεραρχών"}},{"type":"Feature","geometry":{"type":"LineString","coordinates":[[23.083513,40.475894],[23.083531,40.475887]]},"properties":{"name":"Νέο Ρύσιο - Σουρωτή"}},{"type":"Feature","geometry":{"type":"LineString","coordinates":[[23.091405,40.4733],[23.09149,40.473187],[23.09175,40.47282],[23.091996,40.472521],[23.092039,40.472462]]},"properties":{"name":"Αγίων Αναργύρων"}},{"type":"Feature","geometry":{"type":"LineString","coordinates":[[23.13267,40.480691],[23.132611,40.480693],[23.132497,40.480682],[23.132421,40.480668],[23.132271,40.480641],[23.131943,40.480599],[23.131866,40.480589],[23.131582,40.480545],[23.131437,40.480531],[23.131222,40.480517],[23.130943,40.480503],[23.130011,40.480499],[23.12965,40.480493],[23.12955,40.480487],[23.129041,40.48046],[23.128457,40.48044],[23.127951,40.480437],[23.127691,40.480443],[23.12674,40.480499],[23.126191,40.480532],[23.125436,40.480584],[23.124942,40.480655],[23.12438,40.480754],[23.123626,40.480918],[23.123393,40.480976],[23.123204,40.481015],[23.122603,40.481139],[23.122054,40.481257],[23.12191,40.481285],[23.121779,40.481309],[23.121453,40.481361],[23.12111,40.4814],[23.121001,40.4814],[23.120767,40.481394],[23.120698,40.481394],[23.120415,40.481348],[23.120239,40.481306],[23.120097,40.481263],[23.119788,40.481133],[23.119319,40.480931],[23.119075,40.480835],[23.119007,40.48081],[23.118943,40.480784],[23.118389,40.480597],[23.117733,40.480387],[23.117308,40.480238],[23.116956,40.480081],[23.116535,40.47984],[23.116166,40.47964],[23.115763,40.479389],[23.115265,40.479089],[23.114896,40.478874],[23.114685,40.478759],[23.114542,40.47869],[23.11427,40.478571],[23.114131,40.478516],[23.113849,40.478423],[23.113717,40.478384],[23.113593,40.478347],[23.113222,40.478221],[23.112372,40.477953],[23.112055,40.477849],[23.111712,40.477692],[23.11136,40.47747],[23.111059,40.477261],[23.110829,40.477105],[23.11068,40.477018],[23.110585,40.476973],[23.11051,40.476944],[23.11043,40.476918],[23.110294,40.47688],[23.10988,40.476776],[23.108544,40.476465],[23.107976,40.476345],[23.107615,40.476299],[23.107166,40.476271],[23.106367,40.476243],[23.105472,40.476203],[23.103849,40.476151],[23.103326,40.476132],[23.102965,40.476099],[23.102579,40.476047],[23.102159,40.475968],[23.101764,40.475877],[23.101515,40.475838],[23.101163,40.475831],[23.100828,40.475851],[23.100596,40.47587],[23.100399,40.47587],[23.100274,40.475864],[23.100167,40.475851],[23.09936,40.47574],[23.098324,40.475605],[23.09797,40.475544],[23.097755,40.475485],[23.097489,40.475348],[23.097266,40.475198],[23.096967,40.474981],[23.09681,40.474874],[23.096649,40.474776],[23.096437,40.474668],[23.096209,40.474585],[23.095965,40.474536],[23.095798,40.474514],[23.09573,40.474506],[23.095663,40.474502],[23.095466,40.474493],[23.095157,40.474481]]},"properties":{"name":"Σουρωτής - Βασιλικών"}},{"type":"Feature","geometry":{"type":"LineString","coordinates":[[23.13267,40.480691],[23.132734,40.480679],[23.132843,40.480652],[23.133009,40.480608],[23.133684,40.480408],[23.134082,40.480277],[23.134284,40.48017],[23.134334,40.480126],[23.134435,40.480018],[23.134529,40.479929],[23.134577,40.479899],[23.134713,40.479829],[23.134867,40.479782],[23.135052,40.479705],[23.135086,40.479691],[23.13563,40.479503]]},"properties":{"name":"Μακεδονομάχου Ηρακλή Πατίκα"}},{"type":"Feature","geometry":{"type":"LineString","coordinates":[[23.13563,40.479503],[23.135769,40.479471],[23.135885,40.479456],[23.136,40.479449],[23.136121,40.479433],[23.136208,40.479407],[23.136244,40.479352],[23.136274,40.479315],[23.136332,40.479281],[23.136414,40.479234],[23.136517,40.479162],[23.136665,40.478956],[23.136678,40.478935],[23.136751,40.478821],[23.136822,40.478696],[23.136865,40.47863],[23.136909,40.478581],[23.136948,40.478546],[23.137023,40.478501],[23.137211,40.478393],[23.137385,40.478314],[23.137427,40.478304],[23.137471,40.478301],[23.137533,40.478307],[23.137604,40.478321]]},"properties":{"name":"9ης Ιουνίου"}},{"type":"Feature","geometry":{"type":"LineString","coordinates":[[23.136208,40.479407],[23.136255,40.479491],[23.136284,40.479596],[23.136341,40.479758],[23.136423,40.47998],[23.13648,40.480062],[23.136561,40.480179],[23.136593,40.480216],[23.136662,40.480264],[23.136711,40.480291]]},"properties":{"name":"Κέννεντυ"}},{"type":"Feature","geometry":{"type":"LineString","coordinates":[[23.166056,40.547912],[23.166034,40.547859],[23.165989,40.547772],[23.165942,40.547698],[23.165884,40.547629],[23.165815,40.547575],[23.165747,40.547515],[23.165637,40.547447],[23.165395,40.547318],[23.165182,40.547203],[23.165083,40.547164],[23.164975,40.547138],[23.164699,40.54711],[23.164591,40.547102],[23.164496,40.547076],[23.164428,40.547041],[23.164362,40.546997],[23.164319,40.546935],[23.164293,40.546864],[23.164251,40.546747],[23.16425,40.546678],[23.16425,40.546635],[23.16425,40.546607],[23.164342,40.546414],[23.164462,40.54623],[23.164516,40.54616],[23.164588,40.546097],[23.164732,40.546005],[23.164865,40.545936],[23.164942,40.545867],[23.164973,40.545815],[23.16499,40.54576],[23.16498,40.545656],[23.164953,40.545591],[23.164914,40.545531],[23.16477,40.545391],[23.16463,40.545273],[23.164472,40.545103],[23.164375,40.544996],[23.16427,40.544879],[23.164227,40.544804],[23.164216,40.544716],[23.164269,40.544549],[23.164324,40.544408],[23.164338,40.544338],[23.164312,40.54427],[23.164282,40.544198],[23.164183,40.544111],[23.16403,40.544047],[23.163923,40.544055],[23.163812,40.544082],[23.163593,40.54413],[23.163252,40.54417],[23.163027,40.544152],[23.162812,40.544111],[23.16269,40.544076],[23.162576,40.544033],[23.162386,40.543926],[23.161979,40.543641],[23.161933,40.543613],[23.161683,40.54346],[23.161495,40.54337],[23.161293,40.543296],[23.161114,40.543258],[23.16102,40.543247],[23.160925,40.543235],[23.160564,40.54319],[23.160441,40.543153],[23.160344,40.543088],[23.160307,40.543037],[23.160288,40.542984],[23.160278,40.542915],[23.160292,40.542858],[23.160326,40.542788],[23.160377,40.54273],[23.160499,40.542625],[23.160668,40.542497],[23.160824,40.542354],[23.161064,40.542015],[23.161195,40.541813],[23.161264,40.541741],[23.161346,40.541674],[23.161485,40.541597],[23.161573,40.541573],[23.161667,40.541559],[23.161803,40.54155],[23.161943,40.541552],[23.162246,40.541588],[23.162486,40.541621],[23.162564,40.541634],[23.16273,40.541661],[23.163126,40.5418],[23.163318,40.541858],[23.163482,40.54188],[23.163707,40.541865],[23.163904,40.54181],[23.164023,40.541753],[23.164132,40.541686],[23.164234,40.541599],[23.164311,40.541505],[23.164347,40.541395],[23.16433,40.541302],[23.164203,40.541126],[23.164079,40.540968],[23.163855,40.540706],[23.163699,40.540485],[23.163659,40.540417],[23.163618,40.540332],[23.163584,40.540244],[23.163558,40.540152],[23.163527,40.539968],[23.16353,40.539855],[23.16355,40.539748],[23.163654,40.539517],[23.163831,40.539203],[23.163918,40.539052],[23.164009,40.53891],[23.164743,40.538005],[23.164889,40.537822],[23.165482,40.53708],[23.165633,40.536861],[23.165697,40.536735],[23.165739,40.536627],[23.165755,40.536521],[23.165747,40.536451],[23.165696,40.536356],[23.165597,40.536225],[23.16548,40.536082],[23.165404,40.536],[23.165306,40.535927],[23.165195,40.535857],[23.164965,40.535723],[23.164514,40.535459],[23.16362,40.534924],[23.162707,40.5344],[23.162434,40.53424],[23.162306,40.534155],[23.161993,40.533956],[23.161892,40.53387],[23.161818,40.533775],[23.161779,40.533685],[23.161764,40.533578],[23.161771,40.533467],[23.161794,40.533415],[23.161828,40.533368],[23.161895,40.533288],[23.161987,40.533223],[23.162253,40.533106],[23.162449,40.533028],[23.162591,40.532954],[23.162693,40.532869],[23.162758,40.532772],[23.162815,40.532643],[23.162821,40.532566],[23.162816,40.532494],[23.162781,40.532424],[23.162733,40.532359],[23.162674,40.532302],[23.162604,40.532247],[23.162149,40.532015],[23.161882,40.5319],[23.161608,40.531797],[23.161145,40.531667],[23.160854,40.531631],[23.160706,40.531627],[23.160561,40.53163],[23.160308,40.531654],[23.160025,40.53169],[23.159766,40.53174],[23.159432,40.531816],[23.15935,40.531825],[23.159187,40.531832],[23.15907,40.531825],[23.158963,40.531804],[23.15886,40.531769],[23.158742,40.531691],[23.158658,40.531598],[23.158612,40.531519],[23.158591,40.531405],[23.158616,40.531288],[23.158769,40.53085],[23.159146,40.529851],[23.159333,40.529335],[23.159354,40.529208],[23.159356,40.529119],[23.159354,40.529027],[23.159306,40.528888],[23.159238,40.528753],[23.159009,40.528334],[23.1589,40.528116],[23.158846,40.528005],[23.1588,40.527891],[23.158783,40.527796],[23.158782,40.527698],[23.158791,40.527605],[23.158816,40.527516],[23.158876,40.527389],[23.15895,40.527268],[23.159003,40.527201],[23.159068,40.52714],[23.159139,40.527083],[23.159216,40.527033],[23.159437,40.526919],[23.159727,40.526802],[23.159973,40.526706],[23.160054,40.526672],[23.160134,40.526628],[23.160196,40.526571],[23.160253,40.526506],[23.160289,40.526437],[23.160312,40.526367],[23.160326,40.526298],[23.160336,40.526226],[23.160332,40.52609],[23.160318,40.525954],[23.160298,40.525825],[23.160269,40.525701],[23.160225,40.525539],[23.160169,40.525366],[23.160044,40.525044],[23.1599,40.52469],[23.159719,40.524343],[23.15968,40.524249],[23.159421,40.523943],[23.159147,40.523615],[23.158762,40.523159],[23.158285,40.522595],[23.156919,40.521012],[23.155911,40.519833],[23.155662,40.519549],[23.155528,40.519415],[23.155452,40.519353],[23.155371,40.519296],[23.155195,40.519215],[23.154998,40.519165],[23.154823,40.519148],[23.154649,40.519152],[23.154297,40.519183],[23.154179,40.519192],[23.154061,40.519192],[23.153941,40.519183],[23.153831,40.519166],[23.153666,40.519119],[23.153513,40.519056],[23.153441,40.519013],[23.153378,40.518962],[23.153261,40.518845],[23.153014,40.518452],[23.152747,40.518116],[23.152687,40.518063],[23.152621,40.518014],[23.152461,40.517937],[23.152333,40.517903],[23.152199,40.517881],[23.152067,40.517874],[23.151942,40.517889],[23.15181,40.517922],[23.151695,40.517965],[23.151596,40.518011],[23.151502,40.518063],[23.151151,40.518296],[23.15054,40.518696],[23.150422,40.518755],[23.150302,40.518809],[23.150187,40.518856],[23.150065,40.518899],[23.149947,40.518933],[23.149825,40.518958],[23.149703,40.518978],[23.149581,40.518991],[23.149264,40.518998],[23.149191,40.518987],[23.149018,40.51896],[23.148745,40.518892],[23.148489,40.518803],[23.147997,40.51863],[23.144764,40.517431],[23.14445,40.517313],[23.144312,40.517243],[23.144182,40.51716],[23.14408,40.517068],[23.143991,40.51697],[23.143761,40.516619],[23.143524,40.51634],[23.143428,40.516275],[23.143316,40.516214],[23.143197,40.516161],[23.143068,40.516117],[23.142616,40.516011],[23.141795,40.51586],[23.141348,40.515826],[23.141207,40.515805],[23.141078,40.515767],[23.140859,40.515672],[23.140774,40.515644],[23.140681,40.515627],[23.14059,40.515622],[23.140486,40.515626],[23.140381,40.515658],[23.140184,40.515763],[23.139797,40.516],[23.139414,40.516233],[23.138875,40.516551],[23.138744,40.516603],[23.138602,40.516636],[23.138439,40.516651],[23.138336,40.516618],[23.138228,40.516559],[23.138111,40.516431],[23.13791,40.516164],[23.137858,40.516094],[23.137547,40.515711],[23.137457,40.5156],[23.137366,40.515476],[23.137212,40.515202],[23.137125,40.515039],[23.136973,40.514752],[23.136881,40.514579],[23.136825,40.514473],[23.13675,40.514348],[23.136622,40.514132],[23.136569,40.514043],[23.136439,40.513826],[23.136367,40.513705],[23.136308,40.513575],[23.136253,40.513418],[23.136204,40.513259],[23.136129,40.513013],[23.13585,40.51202],[23.135726,40.511559],[23.135659,40.511263],[23.135646,40.511205],[23.13563,40.511134],[23.135613,40.510937],[23.135618,40.510767],[23.13562,40.510679],[23.135658,40.510302],[23.135732,40.509865],[23.135743,40.509803],[23.135766,40.509657],[23.135774,40.509582],[23.13577,40.509512],[23.135745,40.509462],[23.135702,40.509414],[23.135607,40.509388],[23.135478,40.509395],[23.135229,40.509447],[23.133821,40.509797],[23.133636,40.509831],[23.133541,40.509836],[23.133451,40.509824],[23.133347,40.509778],[23.133297,40.509742],[23.133255,40.509701],[23.133161,40.509577],[23.132996,40.509298],[23.132889,40.509116],[23.132707,40.508803],[23.132647,40.508719],[23.132582,40.508637],[23.132442,40.508505],[23.132294,40.508383],[23.132242,40.508338],[23.13216,40.508252],[23.132085,40.508174],[23.131952,40.507997],[23.131813,40.507796],[23.131487,40.507261],[23.130869,40.506249],[23.130665,40.505924],[23.130325,40.505474],[23.130172,40.505283],[23.129513,40.504489],[23.128857,40.50374],[23.128615,40.503449],[23.128528,40.503356],[23.128442,40.503276],[23.128235,40.503132],[23.127379,40.502634],[23.126526,40.502131],[23.12594,40.5018],[23.125528,40.501593],[23.125215,40.501469],[23.124792,40.501322],[23.123625,40.500878],[23.122973,40.500643],[23.122458,40.500467],[23.122046,40.500336],[23.121843,40.500286],[23.121359,40.50018],[23.120973,40.500095],[23.120672,40.499984],[23.120312,40.49984],[23.118803,40.499237],[23.118018,40.49892],[23.11753,40.498719],[23.117273,40.498581],[23.117076,40.498385],[23.116715,40.497941],[23.115771,40.496727],[23.115454,40.496375],[23.115332,40.496259],[23.115282,40.496212],[23.11469,40.495683],[23.114312,40.495317],[23.114235,40.495226],[23.113787,40.494691],[23.113361,40.494151],[23.113187,40.493933],[23.113129,40.493845],[23.113116,40.493826],[23.113086,40.493789],[23.113055,40.493754],[23.113024,40.493724],[23.112956,40.493662],[23.112948,40.49371],[23.112954,40.49375],[23.112988,40.493799],[23.113022,40.493831],[23.113058,40.49386],[23.113187,40.493933]]},"properties":{"name":"Βασιλικά - Περιστερά"}},{"type":"Feature","geometry":{"type":"LineString","coordinates":[[23.166056,40.547912],[23.16615,40.548015],[23.166259,40.548075],[23.166373,40.548093],[23.166467,40.548105],[23.166604,40.548106],[23.166717,40.548121],[23.166874,40.548054],[23.167012,40.548012],[23.167165,40.547994],[23.167441,40.54787],[23.167656,40.547762],[23.168092,40.547479],[23.168202,40.547395],[23.168271,40.547297],[23.16833,40.547198],[23.168419,40.547104],[23.168486,40.547016],[23.168556,40.546962],[23.168635,40.546918],[23.168798,40.546863],[23.168945,40.546838],[23.169121,40.546824],[23.169286,40.54682],[23.169372,40.546806],[23.169523,40.546763],[23.16961,40.546722],[23.16969,40.546672],[23.169966,40.546442],[23.170227,40.546201],[23.170344,40.546108],[23.170475,40.546049],[23.170609,40.546021],[23.170773,40.54603],[23.170919,40.546058],[23.17152,40.54622],[23.171758,40.546273],[23.171923,40.54628],[23.172053,40.546253],[23.172158,40.546195],[23.172191,40.546176],[23.172471,40.545922],[23.17259,40.545841],[23.172762,40.545777],[23.172976,40.545733],[23.1735,40.545699],[23.173674,40.545687],[23.173828,40.545663],[23.173922,40.54563],[23.174014,40.545582],[23.17409,40.54553],[23.174163,40.545466],[23.174257,40.545326],[23.174282,40.545232],[23.174285,40.545135],[23.174245,40.545015],[23.174185,40.544931],[23.173955,40.544696],[23.173836,40.544565],[23.173751,40.544424],[23.173737,40.544335],[23.173736,40.544248],[23.173745,40.544179],[23.173768,40.544112],[23.173864,40.543869],[23.173971,40.543631],[23.174075,40.543444],[23.174159,40.543321],[23.174284,40.543179],[23.174391,40.543094],[23.174467,40.543039],[23.174555,40.542988],[23.174658,40.542951],[23.17477,40.542917],[23.174983,40.542867],[23.175321,40.542818],[23.175914,40.542739],[23.176922,40.542523],[23.177123,40.542469],[23.177298,40.542404],[23.177409,40.542348],[23.177516,40.54228],[23.17756,40.542253],[23.178032,40.541929],[23.178265,40.541803],[23.178464,40.541713],[23.178611,40.541659],[23.17877,40.541614],[23.179191,40.541525],[23.179483,40.541474],[23.179675,40.541428],[23.179808,40.541363],[23.179902,40.541281],[23.179949,40.54121],[23.179978,40.541133],[23.180028,40.540969],[23.180147,40.540371],[23.180239,40.540064],[23.180335,40.539794],[23.180469,40.539466],[23.180643,40.539073],[23.180938,40.53831],[23.181163,40.537707],[23.181419,40.537057],[23.181501,40.536925],[23.181551,40.536875],[23.181607,40.536834],[23.181671,40.536797],[23.181749,40.536778],[23.181935,40.536753],[23.182451,40.53671],[23.183028,40.536669],[23.183603,40.536618],[23.184232,40.536572],[23.184653,40.536539],[23.184898,40.536509],[23.185144,40.536469],[23.185745,40.536364],[23.185886,40.53633],[23.186083,40.536278],[23.186222,40.536225],[23.186357,40.536153],[23.186504,40.536056],[23.186639,40.535928],[23.186769,40.535783],[23.187174,40.535276],[23.187216,40.535193],[23.187211,40.53512],[23.187179,40.535056],[23.18705,40.534921],[23.18701,40.534865],[23.186989,40.534806],[23.186983,40.534745],[23.186993,40.534686],[23.187022,40.534627],[23.187065,40.534574],[23.187293,40.534368],[23.187418,40.534255],[23.187542,40.534173],[23.188044,40.533928],[23.188552,40.533697],[23.189004,40.533528],[23.189112,40.533474],[23.189187,40.53341],[23.189229,40.533343],[23.189241,40.533265],[23.18922,40.533191],[23.189165,40.533135],[23.189071,40.533089],[23.188967,40.533052],[23.188281,40.532852],[23.187985,40.532748],[23.187851,40.53268],[23.187734,40.532609],[23.187626,40.532528],[23.187551,40.532434],[23.187512,40.532369],[23.187485,40.5323],[23.187465,40.532214],[23.187469,40.532126],[23.187487,40.532032],[23.187525,40.531943],[23.187604,40.531852],[23.187704,40.531776],[23.188131,40.531544],[23.188676,40.53122],[23.188988,40.531076],[23.189603,40.530829],[23.189703,40.530787],[23.189801,40.530731],[23.190056,40.5305],[23.190159,40.530424],[23.190277,40.530372],[23.190659,40.530303],[23.190827,40.530271],[23.190986,40.530224],[23.19107,40.530166],[23.191105,40.530095],[23.191099,40.530029],[23.191071,40.529963],[23.190867,40.529743],[23.190824,40.529684],[23.190803,40.529615],[23.190807,40.529547],[23.190834,40.529484],[23.190898,40.529367],[23.19111,40.529046],[23.191142,40.528978],[23.191242,40.528699],[23.191349,40.528578],[23.191485,40.528493],[23.191629,40.528445],[23.191798,40.528416],[23.192061,40.528399],[23.192233,40.5284],[23.192405,40.528391],[23.192769,40.528319],[23.193032,40.528291],[23.193142,40.52826],[23.193185,40.528225],[23.193232,40.528158],[23.193284,40.528057],[23.193334,40.528001],[23.193399,40.527955],[23.193795,40.527839],[23.19389,40.527784],[23.193927,40.527728],[23.193936,40.527674],[23.193943,40.527566],[23.193942,40.527433],[23.193983,40.527305],[23.194017,40.527249],[23.19407,40.527203],[23.194227,40.527069],[23.1944,40.526905],[23.194585,40.526765],[23.194783,40.52663],[23.19497,40.526511],[23.19518,40.526394],[23.195325,40.526312],[23.195376,40.526266],[23.195392,40.526227],[23.195395,40.526191],[23.195385,40.526143],[23.195352,40.526077],[23.195295,40.526028],[23.19522,40.526007],[23.195121,40.525995],[23.19426,40.525951],[23.193983,40.525925],[23.193744,40.525868],[23.193558,40.525817],[23.193432,40.525751],[23.193336,40.525681],[23.193258,40.525601],[23.19315,40.525468],[23.193056,40.525335],[23.192987,40.525179],[23.192951,40.525049],[23.19295,40.524935],[23.192976,40.524817],[23.193021,40.524729],[23.193109,40.524609],[23.19319,40.524515],[23.193254,40.524454],[23.193342,40.524372],[23.193621,40.524203],[23.19397,40.524017],[23.194426,40.523824],[23.194977,40.523644],[23.195122,40.523584],[23.195238,40.523514],[23.195421,40.523367],[23.195612,40.52314],[23.195772,40.522912],[23.195943,40.522696],[23.196142,40.522483],[23.196249,40.522387],[23.196317,40.522343],[23.196417,40.522325],[23.196492,40.522351],[23.196537,40.522409],[23.196534,40.522509],[23.196493,40.522602],[23.196376,40.522837],[23.196335,40.522986],[23.196345,40.523157],[23.196413,40.523409],[23.196466,40.52351],[23.19654,40.523588],[23.196607,40.523617],[23.196676,40.523634],[23.196765,40.523643],[23.196855,40.523634],[23.196971,40.523602],[23.197081,40.52354],[23.197244,40.523365],[23.197328,40.523316],[23.197441,40.523292],[23.198077,40.523227],[23.198254,40.523229],[23.19836,40.523249],[23.198507,40.523321],[23.199175,40.523708],[23.199363,40.523814],[23.199496,40.523843],[23.199644,40.523849],[23.199785,40.523836],[23.200367,40.523692],[23.200533,40.523682],[23.200728,40.523751],[23.201079,40.523972],[23.201211,40.524025],[23.201348,40.524029],[23.201507,40.523994],[23.201651,40.523932],[23.201838,40.523742],[23.201881,40.523635],[23.201879,40.523551],[23.201862,40.523503],[23.201829,40.523461],[23.201571,40.523132],[23.201543,40.523001],[23.201573,40.52277],[23.201631,40.522689],[23.201696,40.522616],[23.201836,40.522574],[23.202179,40.522541],[23.202293,40.522509],[23.202339,40.522464],[23.202364,40.522416],[23.202348,40.522351],[23.202129,40.522154],[23.202083,40.522088],[23.202032,40.521955],[23.202093,40.521494],[23.202213,40.52109],[23.20242,40.520618],[23.202835,40.52012],[23.203269,40.519489],[23.203359,40.519472],[23.203416,40.519507],[23.203422,40.519563],[23.203407,40.519619],[23.202988,40.520481],[23.202942,40.520681],[23.202966,40.520916],[23.203036,40.521116],[23.203225,40.521289],[23.203583,40.52144],[23.204016,40.521519],[23.204503,40.521535],[23.204988,40.521397],[23.205322,40.52118],[23.205457,40.521028],[23.205943,40.520839],[23.206206,40.52078],[23.207006,40.520748],[23.207477,40.520654],[23.20838,40.520454],[23.209074,40.5203],[23.211702,40.520621],[23.212437,40.520795],[23.213938,40.520846],[23.214663,40.52061],[23.214998,40.520467],[23.215131,40.520367],[23.21529,40.520223],[23.215649,40.519974],[23.216004,40.51993],[23.216501,40.519925],[23.217381,40.519916],[23.218044,40.519976],[23.218252,40.519995],[23.218872,40.520185],[23.219394,40.520535],[23.21958,40.52096],[23.220065,40.521424],[23.220284,40.521608],[23.22045,40.521752],[23.220611,40.521805],[23.220806,40.521784],[23.221029,40.521795],[23.221176,40.521812],[23.221322,40.521848],[23.221573,40.521912],[23.221761,40.522041]]},"properties":{"name":"Περιστερά - Λιβάδι"}},{"type":"Feature","geometry":{"type":"LineString","coordinates":[[23.137949,40.486649],[23.137883,40.486242],[23.137836,40.485963],[23.137832,40.485936],[23.137811,40.485807],[23.137796,40.485684],[23.137795,40.485593],[23.137803,40.48543],[23.137813,40.485273],[23.137829,40.485076],[23.137834,40.48495],[23.137832,40.484782],[23.13782,40.484592],[23.137813,40.484537],[23.137786,40.484314],[23.137776,40.48426],[23.137764,40.484199],[23.137673,40.483869],[23.137664,40.483834],[23.137619,40.483667],[23.137593,40.483601],[23.137572,40.48356],[23.137542,40.483525],[23.137514,40.483496],[23.13747,40.483464],[23.137373,40.483411],[23.137222,40.483328],[23.137114,40.483272],[23.136997,40.48321],[23.136958,40.483186],[23.136899,40.483151],[23.136828,40.483097],[23.136774,40.483049],[23.13673,40.483],[23.13668,40.482928],[23.13663,40.482847],[23.136577,40.482752],[23.136528,40.48265],[23.136481,40.482539],[23.136438,40.482428],[23.136412,40.482367],[23.136397,40.482309],[23.136393,40.482246],[23.136409,40.482116],[23.136413,40.482075],[23.136431,40.481898],[23.136463,40.481712],[23.136486,40.481598],[23.13651,40.481496],[23.136536,40.481421],[23.136567,40.481348],[23.136606,40.481266],[23.136827,40.480871],[23.136881,40.480787],[23.136906,40.480746]]},"properties":{"name":"Διακλαδωση Βασιλικών"}},{"type":"Feature","geometry":{"type":"LineString","coordinates":[[23.072499,40.526864],[23.071903,40.527084],[23.07147,40.527274]]},"properties":{"name":"Υακίνθων"}},{"type":"Feature","geometry":{"type":"LineString","coordinates":[[23.092764,40.470466],[23.092783,40.470412],[23.092825,40.470231],[23.092857,40.470032],[23.092898,40.469564],[23.092901,40.469521],[23.09292,40.469184],[23.092932,40.468871],[23.092969,40.46827]]},"properties":{"name":"Χρήστου Λώλα"}},{"type":"Feature","geometry":{"type":"LineString","coordinates":[[23.092969,40.46827],[23.093006,40.467762],[23.09305,40.467321],[23.09321,40.466654],[23.093273,40.466305],[23.093276,40.466168],[23.093265,40.466035],[23.093233,40.465929],[23.093177,40.465757],[23.093107,40.465624],[23.093081,40.465539],[23.093064,40.465474],[23.093064,40.465389],[23.093081,40.465285],[23.093146,40.465038],[23.093261,40.464693],[23.093342,40.464431],[23.09337,40.464285],[23.093373,40.464194],[23.093356,40.464076],[23.093312,40.463961],[23.093237,40.463853],[23.093,40.463523],[23.092266,40.462614],[23.092156,40.462476],[23.09209,40.462361],[23.092048,40.462268],[23.092022,40.462158],[23.092005,40.46206],[23.092005,40.461962],[23.092031,40.461805],[23.092073,40.461629],[23.092219,40.460937],[23.092242,40.4608],[23.092248,40.460685],[23.09224,40.460571],[23.092219,40.460448],[23.092182,40.460327],[23.092128,40.460191],[23.092042,40.460045],[23.091883,40.459852],[23.090895,40.458706],[23.09083,40.458632],[23.090792,40.458588],[23.090715,40.458471],[23.090672,40.458353],[23.090667,40.458166],[23.0907,40.458031],[23.090743,40.457881],[23.090837,40.457639],[23.090932,40.457456],[23.091543,40.456511],[23.092125,40.455582],[23.09234,40.455223],[23.0924,40.455099],[23.092443,40.454994],[23.092477,40.45487],[23.092511,40.454641],[23.092657,40.453289],[23.09264,40.453126],[23.09258,40.452924],[23.09252,40.452702],[23.092468,40.452564],[23.092391,40.452427],[23.092237,40.452225],[23.092007,40.451968],[23.090804,40.450669],[23.089802,40.449573],[23.089652,40.449396],[23.089558,40.449263],[23.089457,40.449107],[23.089391,40.448979],[23.08932,40.448808],[23.089271,40.448647],[23.089241,40.448502],[23.089207,40.448319],[23.089176,40.448093],[23.089016,40.446776],[23.088941,40.446157],[23.088898,40.445909],[23.088872,40.445778],[23.088803,40.445582],[23.088743,40.445445],[23.088657,40.445314],[23.08853,40.445153],[23.088359,40.444983],[23.088165,40.44482],[23.087947,40.444648],[23.087859,40.444572],[23.087798,40.444518],[23.087709,40.444426],[23.087599,40.444265],[23.087538,40.444123],[23.087507,40.443962],[23.087473,40.443773],[23.087473,40.44359],[23.087499,40.443433],[23.087585,40.443263],[23.087688,40.443121],[23.087821,40.44299]]},"properties":{"name":"Σουρωτή - Άγιος Αντώνιος"}},{"type":"Feature","geometry":{"type":"LineString","coordinates":[[23.129656,40.433899],[23.129511,40.433968],[23.129268,40.434043],[23.129116,40.434058],[23.128973,40.434059],[23.128668,40.434046],[23.128447,40.434025],[23.128299,40.433998],[23.128179,40.433961],[23.128016,40.433876],[23.12793,40.433771],[23.127853,40.433621],[23.127818,40.433451],[23.127818,40.433262],[23.127831,40.432641],[23.127841,40.432329],[23.127863,40.432146],[23.127912,40.431947],[23.128169,40.431207],[23.128231,40.43102],[23.128238,40.43091],[23.128202,40.430803],[23.128125,40.430735],[23.128013,40.430696],[23.12785,40.430679],[23.127662,40.430682],[23.127583,40.430688],[23.127478,40.430697],[23.127275,40.430743],[23.127133,40.430793],[23.126988,40.430869],[23.126452,40.431258],[23.126216,40.43142],[23.126041,40.431514],[23.125893,40.43158],[23.12564,40.431667],[23.125406,40.431745],[23.125175,40.431833],[23.124946,40.431949],[23.124475,40.432233],[23.12422,40.432395],[23.123927,40.43257],[23.123431,40.43288],[23.122887,40.433217],[23.122484,40.433468],[23.121837,40.433891],[23.120455,40.434838],[23.119328,40.435573],[23.118722,40.435958],[23.118501,40.436084],[23.118338,40.436208],[23.118183,40.436345],[23.117963,40.436571],[23.117698,40.436834],[23.117394,40.437091],[23.117169,40.437258],[23.11695,40.437394],[23.11674,40.437538],[23.115507,40.43824],[23.115347,40.438304],[23.115147,40.438352],[23.114755,40.438409],[23.114248,40.438458],[23.113908,40.438487],[23.113708,40.438482],[23.113519,40.438463],[23.113321,40.43843],[23.113193,40.438391],[23.113066,40.438315],[23.112108,40.437353],[23.111894,40.437132],[23.111746,40.437003],[23.11156,40.436882],[23.11137,40.436775],[23.111124,40.436643],[23.110778,40.436475],[23.110539,40.436348],[23.110376,40.436227],[23.110266,40.436126],[23.110164,40.43598],[23.109992,40.435655],[23.109714,40.435084],[23.10954,40.434729],[23.109254,40.434181],[23.109053,40.433812],[23.108877,40.433564],[23.108699,40.433393],[23.108356,40.433105],[23.107989,40.432831],[23.107658,40.43262],[23.106777,40.432146],[23.106296,40.431891],[23.106122,40.431807],[23.105882,40.431715],[23.105624,40.43165],[23.105201,40.431583],[23.104875,40.431525],[23.104592,40.431442],[23.104352,40.431343],[23.102723,40.43065],[23.102509,40.430532],[23.10238,40.430428],[23.102277,40.43031],[23.102174,40.430193],[23.102041,40.430075],[23.101886,40.429997],[23.101706,40.429931],[23.101543,40.429899],[23.101406,40.429899],[23.10126,40.429925],[23.101127,40.429971],[23.100996,40.430036],[23.100857,40.430117],[23.100771,40.430197],[23.100558,40.430431],[23.100462,40.430565],[23.100349,40.430739],[23.100077,40.431228],[23.100022,40.431311],[23.099954,40.431389],[23.09987,40.43147],[23.099783,40.431541],[23.099587,40.43168],[23.099333,40.431824],[23.099061,40.431967],[23.098932,40.432066],[23.098807,40.43217],[23.09869,40.432298],[23.098598,40.432407],[23.098489,40.432556],[23.098378,40.432782]]},"properties":{"name":"Άγιος Αντώνιος - Μονοπήγαδο"}},{"type":"Feature","geometry":{"type":"LineString","coordinates":[[23.136852,40.434373],[23.136988,40.434343],[23.137083,40.434297],[23.137199,40.434229],[23.137264,40.434192],[23.13737,40.434121],[23.137477,40.434055],[23.137597,40.434001],[23.137856,40.433902],[23.138054,40.433841],[23.138346,40.433751],[23.138523,40.433706]]},"properties":{"name":"Βασιλικά - Μονοπήγαδο"}},{"type":"Feature","geometry":{"type":"LineString","coordinates":[[23.091029,40.436595],[23.091565,40.436724],[23.091925,40.436814],[23.092342,40.436938],[23.092935,40.437165],[23.093395,40.437371]]},"properties":{"name":"Αγίου Ευθυμίου"}},{"type":"Feature","geometry":{"type":"LineString","coordinates":[[23.020971,40.489957],[23.020971,40.489488],[23.020978,40.489047],[23.02098,40.488823],[23.020984,40.488633],[23.021004,40.488182],[23.021032,40.487732],[23.021063,40.487511],[23.021074,40.487458],[23.021096,40.487395],[23.021152,40.487112],[23.021198,40.486972],[23.021236,40.486889]]},"properties":{"name":"Γράμμου Βίτσι"}},{"type":"Feature","geometry":{"type":"LineString","coordinates":[[23.021236,40.486889],[23.02191,40.487289],[23.022258,40.487465],[23.022388,40.487537]]},"properties":{"name":"Αθνασίου Διάκου"}},{"type":"Feature","geometry":{"type":"LineString","coordinates":[[22.96775,40.501123],[22.967857,40.501002],[22.96798,40.500862],[22.968041,40.500793],[22.968189,40.500702]]},"properties":{"name":"Θεσσαλονίκης - Τριλόφου"}},{"type":"Feature","geometry":{"type":"LineString","coordinates":[[22.973685,40.477216],[22.973778,40.477502],[22.973827,40.477617],[22.973872,40.477714],[22.973933,40.477806],[22.974017,40.477893],[22.974119,40.477955],[22.97425,40.477991],[22.974369,40.478009],[22.974524,40.478005],[22.97467,40.477979],[22.974775,40.477951],[22.974924,40.477915],[22.974994,40.477899],[22.975132,40.477879],[22.975248,40.477873],[22.975458,40.47788],[22.975633,40.477895],[22.975788,40.477924],[22.976085,40.47801],[22.976267,40.478085],[22.976453,40.478181],[22.976633,40.478284],[22.976807,40.478395],[22.976996,40.47854],[22.977264,40.478764],[22.977418,40.478901],[22.977503,40.479005],[22.977589,40.479142],[22.977615,40.479227],[22.977615,40.479306],[22.977615,40.479403],[22.97759,40.479531],[22.977534,40.479685],[22.977458,40.479836],[22.97735,40.480046],[22.977286,40.480176],[22.977271,40.480215],[22.977255,40.480274],[22.977209,40.480448],[22.977185,40.480701],[22.977191,40.481038],[22.977189,40.481292],[22.977122,40.481645],[22.977079,40.48188],[22.977065,40.482025],[22.977045,40.482193],[22.977005,40.482381],[22.976955,40.482773],[22.976932,40.482939],[22.976906,40.483066],[22.97689,40.483098],[22.976853,40.483205],[22.976788,40.483354],[22.976692,40.483524],[22.976546,40.483776],[22.97633,40.484137],[22.976079,40.484556],[22.975959,40.484721],[22.975924,40.484781],[22.97582,40.484979],[22.975691,40.485148],[22.975554,40.485272],[22.975344,40.48539],[22.975056,40.48551],[22.974795,40.485627],[22.974678,40.485701],[22.974575,40.485808],[22.974472,40.485964],[22.974283,40.486284],[22.974146,40.486454],[22.973991,40.486591],[22.973824,40.486739],[22.973635,40.486844],[22.973412,40.486942],[22.973206,40.487033],[22.973,40.487105],[22.97282,40.487203],[22.972682,40.487285],[22.972541,40.487407],[22.972386,40.487662],[22.972234,40.487996],[22.97182,40.488824],[22.97173,40.488997],[22.971619,40.489157],[22.971489,40.489291],[22.97118,40.489563],[22.970796,40.489909],[22.970669,40.490044],[22.970567,40.490227],[22.970499,40.490444],[22.970482,40.490498],[22.970432,40.490726],[22.970297,40.491187],[22.970227,40.491449],[22.970182,40.491639],[22.970167,40.491746],[22.970152,40.491844],[22.970141,40.492092],[22.970192,40.492624],[22.970212,40.492828],[22.970219,40.492892],[22.970212,40.493057],[22.970204,40.4933],[22.970202,40.49337],[22.970156,40.493608],[22.970143,40.493691],[22.970107,40.493936],[22.970054,40.494374],[22.970003,40.494915],[22.969989,40.495516],[22.969975,40.496156],[22.969951,40.49668],[22.969927,40.497219],[22.969911,40.497577],[22.96989,40.497879],[22.96987,40.498139],[22.969857,40.498262],[22.969843,40.498355],[22.969811,40.498466],[22.969778,40.498555],[22.969724,40.498666],[22.969617,40.498881],[22.969523,40.499048],[22.969464,40.499145],[22.969436,40.499189],[22.969397,40.499249],[22.969357,40.499304],[22.969228,40.499467],[22.968189,40.500702],[22.968127,40.500837],[22.96806,40.500924],[22.967954,40.501063]]},"properties":{"name":"Θεσσαλονίκης - Τριλόφου"}},{"type":"Feature","geometry":{"type":"LineString","coordinates":[[22.972905,40.476638],[22.972923,40.476619],[22.972942,40.476608]]},"properties":{"name":"Νικηφόρου Βρεττάκου"}},{"type":"Feature","geometry":{"type":"LineString","coordinates":[[22.97496,40.468044],[22.974994,40.467997],[22.97502,40.467963],[22.975049,40.467921],[22.975077,40.467883],[22.975112,40.467847],[22.975155,40.467793],[22.9752,40.467742],[22.975258,40.46768],[22.97531,40.467628],[22.975371,40.467569],[22.975402,40.46754],[22.975443,40.467506],[22.975468,40.467485],[22.975617,40.467374],[22.975667,40.467343],[22.975738,40.467301],[22.975887,40.467226],[22.976184,40.467117],[22.976238,40.467097],[22.976463,40.467009],[22.976707,40.466907],[22.976747,40.466888],[22.976796,40.466862],[22.976827,40.466842],[22.976868,40.466816],[22.976889,40.4668],[22.976913,40.46678],[22.976932,40.466763],[22.976997,40.466701],[22.97705,40.46664],[22.977091,40.466583],[22.97718,40.466449],[22.977312,40.466236],[22.977486,40.465945],[22.977625,40.465706],[22.977729,40.465528],[22.97794,40.465222],[22.97799,40.465149],[22.978145,40.46496],[22.978273,40.464808],[22.978405,40.464641],[22.978558,40.464438],[22.978635,40.464223],[22.978729,40.463981],[22.978927,40.463465],[22.979043,40.463173],[22.979135,40.462946],[22.979248,40.462699],[22.979364,40.46249],[22.979504,40.462246],[22.9796,40.462051],[22.979667,40.461857],[22.979699,40.461643],[22.979705,40.461574],[22.979702,40.461474],[22.979722,40.461233],[22.979754,40.461082],[22.979813,40.460937],[22.979929,40.46075],[22.980191,40.46035],[22.98029,40.46018],[22.980413,40.459991],[22.98054,40.459793],[22.980613,40.459676],[22.980726,40.459545],[22.980854,40.459411],[22.980988,40.459301],[22.981481,40.45898],[22.981972,40.458682],[22.98223,40.458532],[22.982492,40.458359],[22.982792,40.45822],[22.982857,40.458195],[22.983006,40.458146],[22.983128,40.458104],[22.983254,40.458073],[22.983486,40.458012],[22.983887,40.457933],[22.984863,40.45772],[22.985604,40.457567],[22.986188,40.457441],[22.986553,40.457364],[22.986681,40.457339],[22.986798,40.457316],[22.986925,40.457293],[22.987021,40.457282],[22.987157,40.457257],[22.987389,40.457236],[22.987688,40.457221],[22.987949,40.457221],[22.988298,40.457232],[22.988516,40.45725],[22.98871,40.457286],[22.98886,40.457319],[22.989354,40.457466],[22.989794,40.457585],[22.990115,40.457664],[22.99052,40.457726],[22.990564,40.457731],[22.991325,40.457842],[22.9919,40.45793],[22.992135,40.457972],[22.992723,40.458079],[22.993348,40.458237],[22.993454,40.458255],[22.993559,40.45826],[22.993643,40.458257],[22.993785,40.458248]]},"properties":{"name":"Τριλόφου - Καρδίας"}},{"type":"Feature","geometry":{"type":"LineString","coordinates":[[23.004165,40.457336],[23.003865,40.457497],[23.003384,40.45774],[23.003013,40.457932],[23.002538,40.458213],[23.001948,40.458533],[23.001711,40.458649],[23.001515,40.45873],[23.001346,40.458777],[23.001196,40.458813],[23.000999,40.45884],[23.000785,40.458857],[23.000055,40.458883],[22.99996,40.458886],[22.999639,40.458893],[22.99945,40.458884],[22.999232,40.458861],[22.999094,40.458833],[22.998965,40.458796],[22.99878,40.458735],[22.998428,40.458617]]},"properties":{"name":"Τριλόφου - Καρδίας"}},{"type":"Feature","geometry":{"type":"LineString","coordinates":[[22.990747,40.467181],[22.990842,40.467082],[22.990913,40.466955],[22.991003,40.466733],[22.991135,40.466475],[22.991303,40.466136],[22.991394,40.465967],[22.991433,40.465902],[22.991469,40.465803],[22.991485,40.465738],[22.991493,40.465515],[22.991486,40.465487],[22.991485,40.465439],[22.991493,40.465388],[22.991499,40.465342],[22.991515,40.465298],[22.991544,40.465245],[22.991984,40.464498],[22.992289,40.463939],[22.992306,40.463906],[22.992378,40.463756],[22.992441,40.463608],[22.992521,40.4634],[22.992551,40.463322],[22.992669,40.463013],[22.992833,40.462525],[22.992879,40.462339],[22.992951,40.462065],[22.99303,40.461682],[22.993079,40.461514],[22.993163,40.461257],[22.993316,40.460915],[22.993364,40.460764],[22.993395,40.460606],[22.993426,40.460448],[22.993465,40.460257],[22.993478,40.460164],[22.993562,40.459618],[22.993596,40.459412],[22.993785,40.458248]]},"properties":{"name":"Καρατάσου"}},{"type":"Feature","geometry":{"type":"LineString","coordinates":[[23.004165,40.457336],[23.004306,40.457247],[23.004368,40.457192],[23.004479,40.4571],[23.004554,40.45703],[23.004643,40.456925],[23.004734,40.456811],[23.004817,40.456701],[23.004883,40.456607],[23.00501,40.456439],[23.005096,40.456311],[23.005162,40.456214],[23.005236,40.456073],[23.005347,40.455878],[23.005418,40.455701],[23.005482,40.455536],[23.005527,40.455445],[23.005598,40.455352],[23.005684,40.45526],[23.005806,40.455146],[23.005929,40.455045],[23.006085,40.454922],[23.006205,40.45481],[23.006278,40.454751],[23.00647,40.454559],[23.006589,40.45443],[23.006704,40.45433],[23.006837,40.454244],[23.00698,40.454174],[23.007119,40.454114],[23.007265,40.454066],[23.007399,40.454017],[23.007461,40.453975],[23.007527,40.453925],[23.007567,40.453896],[23.007591,40.453865],[23.007637,40.453783],[23.007683,40.453669],[23.007733,40.453547],[23.007767,40.453447],[23.007823,40.453355],[23.007893,40.453266],[23.00797,40.45318],[23.008058,40.453089],[23.008187,40.452996],[23.008292,40.452912],[23.008393,40.452816],[23.008456,40.452726],[23.008498,40.452641],[23.00857,40.452473],[23.008615,40.45233],[23.008661,40.452234],[23.008719,40.452143],[23.00879,40.452058],[23.008886,40.451964],[23.009063,40.451808],[23.009192,40.451702],[23.009318,40.451607],[23.009449,40.451529],[23.009567,40.451455],[23.009682,40.451406],[23.009784,40.451373],[23.009958,40.451356],[23.01011,40.451364],[23.010218,40.45139],[23.010321,40.451426],[23.010455,40.451476],[23.010599,40.451538],[23.010679,40.451565],[23.010771,40.451593],[23.010858,40.451611],[23.010937,40.451618],[23.011038,40.451613],[23.011144,40.451606],[23.011266,40.451583],[23.01139,40.451544],[23.011581,40.451465],[23.011936,40.451315],[23.01209,40.451254],[23.012227,40.451208],[23.012399,40.451173],[23.012542,40.451161],[23.012669,40.451171],[23.012836,40.451199],[23.013038,40.451249],[23.013347,40.45134],[23.013516,40.451367],[23.013636,40.451375],[23.013772,40.45137],[23.013914,40.451354],[23.014088,40.451314],[23.014453,40.45124],[23.015463,40.45099],[23.015793,40.450911],[23.016001,40.450858],[23.016171,40.450805],[23.016368,40.450728],[23.016545,40.450651],[23.016823,40.450509],[23.017005,40.450428],[23.017251,40.450331],[23.017369,40.450293],[23.017632,40.450214],[23.017893,40.450155],[23.018109,40.450098],[23.018197,40.450068],[23.018275,40.450031],[23.018333,40.449968],[23.018379,40.4499],[23.018397,40.449828],[23.018399,40.449665],[23.018396,40.449312],[23.018404,40.449149],[23.018447,40.448868],[23.018507,40.448554],[23.018618,40.448141],[23.018713,40.447758],[23.018782,40.447411],[23.018842,40.446948],[23.018876,40.446667],[23.018876,40.44649],[23.018876,40.446379],[23.018859,40.446249],[23.018816,40.446138],[23.018628,40.445811],[23.018216,40.445178],[23.018001,40.444818],[23.017778,40.444472],[23.017701,40.444328],[23.017675,40.444198],[23.017687,40.444108],[23.01786,40.444048],[23.018134,40.44395],[23.018431,40.443848],[23.018621,40.443779],[23.018717,40.443744],[23.018978,40.443614],[23.019309,40.443435],[23.019628,40.443271],[23.020022,40.443062],[23.020271,40.442944],[23.020512,40.442853],[23.020726,40.442801],[23.0209,40.442774],[23.020961,40.44278],[23.021207,40.442807],[23.02155,40.442866],[23.021911,40.442938],[23.0222,40.442937],[23.022532,40.442929],[23.022794,40.442898],[23.023026,40.442826],[23.02318,40.442721],[23.02331,40.442624],[23.02343,40.442481],[23.023441,40.442468],[23.023576,40.442304],[23.023825,40.442069],[23.024117,40.44184],[23.024554,40.441533],[23.025318,40.441037],[23.025971,40.440586],[23.026812,40.440005]]},"properties":{"name":"Καρδία - Κάτω Σχολάρι"}},{"type":"Feature","geometry":{"type":"LineString","coordinates":[[23.02972,40.42787],[23.029496,40.427834],[23.029262,40.42776],[23.029224,40.427764],[23.02864,40.427833],[23.028364,40.427883],[23.028274,40.427883],[23.027816,40.42786],[23.027456,40.427853],[23.026992,40.427866],[23.026486,40.427912],[23.026389,40.427916],[23.026158,40.427922],[23.025797,40.427909],[23.025514,40.42789],[23.025437,40.427875],[23.025377,40.427864],[23.025128,40.427818],[23.024741,40.427759],[23.02445,40.42772],[23.023969,40.427654],[23.023138,40.427559],[23.021758,40.427347],[23.021176,40.427263],[23.020986,40.427203],[23.020827,40.427094],[23.020739,40.427005]]},"properties":{"name":"Κωνσταντίνου Πανέρη"}},{"type":"Feature","geometry":{"type":"LineString","coordinates":[[23.022688,40.414029],[23.022558,40.414009],[23.021654,40.413876],[23.021258,40.413818],[23.020253,40.413679],[23.019994,40.413643],[23.019986,40.413642],[23.018375,40.413399],[23.016325,40.413122],[23.016162,40.413108],[23.016013,40.413118],[23.015782,40.413138],[23.015176,40.413233],[23.014674,40.413317],[23.014439,40.413356],[23.014351,40.413367]]},"properties":{"name":"Διακλάδωση Μεσημερίου"}},{"type":"Feature","geometry":{"type":"LineString","coordinates":[[23.010092,40.413533],[23.009995,40.413473],[23.009888,40.413424],[23.009756,40.413402],[23.009591,40.413394],[23.00926,40.413412],[23.009079,40.413405],[23.008941,40.413394],[23.008732,40.413321],[23.008574,40.41327],[23.007996,40.413101],[23.007768,40.413033],[23.007526,40.412948],[23.007407,40.412915],[23.007337,40.412895],[23.00715,40.412846],[23.006953,40.412787],[23.006614,40.412671],[23.006653,40.412605],[23.006659,40.412474],[23.006648,40.412374],[23.006569,40.412117],[23.006549,40.412044],[23.006518,40.411966],[23.006434,40.411712],[23.006415,40.411642],[23.006317,40.411409],[23.006301,40.411344],[23.00625,40.411246],[23.005915,40.41088],[23.00586,40.410816],[23.005417,40.4103],[23.005089,40.409961],[23.004645,40.409437],[23.004499,40.409265],[23.004416,40.409201],[23.004304,40.409094],[23.004213,40.408971],[23.004023,40.408737],[23.003839,40.40852],[23.003677,40.408323],[23.00356,40.408169],[23.003531,40.408131],[23.00339,40.407982],[23.003357,40.40795],[23.003261,40.407871],[23.003216,40.407835],[23.003,40.407642],[23.002913,40.407585],[23.002793,40.407517],[23.002673,40.407456],[23.00252,40.407387],[23.001648,40.406999],[23.001061,40.406738],[23.000467,40.406478],[23.000206,40.406357],[22.999995,40.406261],[22.999951,40.406242],[22.999771,40.40616],[22.999544,40.406052],[22.999494,40.406021],[22.999337,40.405935],[22.999177,40.405833],[22.998482,40.40537],[22.998011,40.405069],[22.997468,40.404743],[22.997243,40.404609],[22.997029,40.404482],[22.996921,40.404423],[22.996811,40.404359],[22.996735,40.404312],[22.996706,40.404294],[22.9966,40.404226],[22.996049,40.403851],[22.995844,40.403714],[22.995652,40.403586],[22.995497,40.403498],[22.995353,40.40342],[22.995209,40.403354],[22.995074,40.403294],[22.994561,40.40309],[22.993471,40.402697],[22.992457,40.402329],[22.991429,40.401963],[22.990898,40.401761],[22.990791,40.401719],[22.990694,40.401669],[22.990637,40.401638],[22.990571,40.401599],[22.990507,40.401562],[22.990439,40.401505],[22.990374,40.401424],[22.990293,40.401317],[22.990219,40.401217],[22.99012,40.401099],[22.990021,40.401005],[22.989928,40.400925],[22.989811,40.400844],[22.989744,40.4008],[22.989671,40.400754],[22.98961,40.400718],[22.989534,40.400673],[22.989465,40.400641],[22.989389,40.400603],[22.989328,40.400573],[22.989239,40.400535],[22.989144,40.400503],[22.989044,40.400477],[22.988905,40.400441],[22.988781,40.400419],[22.988314,40.400351],[22.987792,40.400261],[22.987535,40.400216],[22.98741,40.400188],[22.987298,40.400161],[22.987197,40.400132],[22.987114,40.400104],[22.987009,40.400068],[22.986922,40.400033],[22.98673,40.399946],[22.986533,40.399854],[22.986331,40.399747],[22.98614,40.399651],[22.98581,40.399478],[22.985184,40.39915],[22.984667,40.398872],[22.984105,40.398582],[22.983313,40.39816],[22.98292,40.397954],[22.982505,40.397727],[22.982279,40.397608],[22.982147,40.397544],[22.982049,40.397504],[22.981989,40.397483],[22.981931,40.397468],[22.981857,40.397454],[22.981804,40.397454],[22.981754,40.397456],[22.9817,40.397463],[22.981444,40.397519],[22.981122,40.397584],[22.980538,40.397705],[22.979933,40.397832],[22.978722,40.398071],[22.977336,40.398342],[22.976477,40.398508],[22.975967,40.398602],[22.975449,40.398679],[22.975135,40.398736],[22.974732,40.398823],[22.974234,40.398931],[22.973911,40.399003],[22.973613,40.399067],[22.973349,40.399122],[22.973217,40.399142],[22.97305,40.399163],[22.972871,40.399179],[22.972675,40.399193],[22.972424,40.399199],[22.971931,40.39921],[22.971443,40.399208],[22.970598,40.399189],[22.970237,40.399182],[22.969948,40.399181],[22.969412,40.3992],[22.969163,40.39921],[22.968596,40.399226],[22.968292,40.399226],[22.96801,40.399229],[22.967851,40.39923],[22.967584,40.399224],[22.967393,40.399218],[22.967257,40.399207],[22.967123,40.399195],[22.966975,40.399178],[22.966821,40.399153],[22.966687,40.399126],[22.966561,40.399093],[22.966409,40.39905],[22.966261,40.399004],[22.965983,40.398914],[22.96528,40.398617],[22.965022,40.398512],[22.964876,40.39845],[22.964729,40.398384],[22.964622,40.39832],[22.964483,40.398234],[22.964077,40.39795],[22.963763,40.397747],[22.963507,40.397591],[22.963396,40.397528],[22.963299,40.397478],[22.963103,40.397388],[22.963008,40.397349],[22.962938,40.397321],[22.962775,40.397269],[22.962526,40.397204],[22.96202,40.397113],[22.961682,40.39706],[22.96139,40.397013],[22.961261,40.397001],[22.961141,40.396995],[22.960995,40.396992],[22.960868,40.397001],[22.960732,40.397016],[22.960613,40.397028],[22.960432,40.397056],[22.96024,40.397094],[22.959973,40.397162],[22.959724,40.397227],[22.959086,40.39743],[22.958209,40.39768],[22.957719,40.397809],[22.957514,40.397873],[22.957336,40.397932],[22.957073,40.398024],[22.956852,40.39811],[22.956735,40.398167],[22.956644,40.398224],[22.956488,40.398312],[22.956338,40.398415],[22.956255,40.398468],[22.956126,40.398551]]},"properties":{"name":"Επανομή - Μεσημέρι"}},{"type":"Feature","geometry":{"type":"LineString","coordinates":[[23.026054,40.425172],[23.025368,40.426668],[23.026158,40.427922]]},"properties":{"name":"Αγγέλου Αρκούδη"}},{"type":"Feature","geometry":{"type":"LineString","coordinates":[[22.993518,40.469606],[22.994029,40.469738]]},"properties":{"name":"Κρυστάλλη Κώστα"}},{"type":"Feature","geometry":{"type":"LineString","coordinates":[[22.97496,40.468044],[22.974932,40.468118],[22.974902,40.468178],[22.97488,40.468239],[22.974866,40.468317],[22.974805,40.468561],[22.974714,40.469081],[22.974578,40.469722],[22.974517,40.470028],[22.974442,40.470375],[22.974388,40.470622],[22.974347,40.470783],[22.974314,40.470882],[22.974272,40.470971],[22.974158,40.471114],[22.973935,40.471327],[22.973602,40.47162],[22.973498,40.471722],[22.973255,40.471957],[22.973093,40.472168],[22.973001,40.472325],[22.972954,40.47243]]},"properties":{"name":"Παράκαμψη Τριλόφου"}},{"type":"Feature","geometry":{"type":"LineString","coordinates":[[22.972954,40.47243],[22.972881,40.472423],[22.972814,40.472414],[22.972779,40.472407],[22.972697,40.472391],[22.972624,40.472372],[22.972576,40.47236],[22.97254,40.472351],[22.972359,40.472297],[22.972273,40.47227],[22.972142,40.472225],[22.971768,40.472108],[22.9717,40.472082],[22.971641,40.472057],[22.971593,40.472034],[22.971534,40.471999],[22.97147,40.471953],[22.971257,40.471775],[22.971223,40.471747],[22.971202,40.471732],[22.971172,40.471714],[22.971056,40.471657],[22.971027,40.471644],[22.97085,40.471582],[22.970635,40.47151],[22.970473,40.471455],[22.970313,40.471389],[22.970248,40.471354],[22.970189,40.471313],[22.969966,40.471142],[22.969901,40.471099],[22.969855,40.47107],[22.96983,40.471061],[22.96978,40.47105],[22.969693,40.471048]]},"properties":{"name":"28ης Οκτωβρίου 1912"}},{"type":"Feature","geometry":{"type":"LineString","coordinates":[[22.975002,40.505364],[22.975579,40.505025],[22.975833,40.504879],[22.975974,40.504794],[22.976143,40.504693],[22.97624,40.504634],[22.976336,40.504582],[22.976423,40.504541],[22.9765,40.504511],[22.97663,40.504476],[22.976811,40.504425],[22.976962,40.504381],[22.977071,40.50435],[22.977369,40.504267],[22.977685,40.504175],[22.977901,40.504107],[22.978053,40.504052],[22.978219,40.503968],[22.978344,40.503873],[22.978454,40.503771],[22.978546,40.503673],[22.978659,40.503514],[22.978838,40.503249],[22.979103,40.502855],[22.979188,40.502738],[22.979281,40.502629],[22.97938,40.502544],[22.979511,40.502462],[22.979556,40.502438],[22.979599,40.502413],[22.979755,40.502338],[22.980153,40.502144],[22.98032,40.502062],[22.980501,40.501973],[22.980566,40.501932],[22.980633,40.501882],[22.980674,40.501838],[22.980725,40.501767],[22.980759,40.501702],[22.980968,40.501282],[22.981425,40.500314],[22.981512,40.500132],[22.981575,40.500039],[22.98164,40.499969],[22.981719,40.499902],[22.981845,40.499805],[22.981927,40.499749],[22.982031,40.499666],[22.982111,40.499588],[22.982211,40.49947],[22.982465,40.49913],[22.98253,40.499039],[22.982588,40.498951],[22.982625,40.49887],[22.982656,40.498777],[22.982672,40.498683],[22.982701,40.498466],[22.982731,40.498281],[22.982748,40.49813],[22.982793,40.497857],[22.982822,40.497782],[22.982848,40.497714],[22.982887,40.497634],[22.982953,40.497545],[22.983026,40.497465],[22.98308,40.497401],[22.983095,40.497316],[22.983164,40.497174],[22.983246,40.497028],[22.983291,40.496877],[22.983355,40.496649],[22.983463,40.496247],[22.983543,40.495961],[22.983589,40.495813],[22.98364,40.495687],[22.983758,40.495424],[22.983932,40.494969],[22.984001,40.494831],[22.984085,40.494619],[22.984324,40.494077],[22.984521,40.493593],[22.984626,40.493367],[22.984698,40.493194],[22.984785,40.493041],[22.98488,40.492853],[22.985042,40.492566],[22.985328,40.492059],[22.985635,40.491527],[22.985955,40.490976],[22.986085,40.490721],[22.986193,40.490511],[22.98628,40.490306],[22.98633,40.490149],[22.986489,40.489695],[22.986539,40.48953],[22.986558,40.4895],[22.98681,40.48876],[22.986964,40.488361],[22.987132,40.487979],[22.9872,40.487856],[22.987266,40.487737],[22.987381,40.487523],[22.987509,40.487285],[22.987531,40.487249],[22.987644,40.487043],[22.98787,40.486657],[22.98836,40.485795],[22.989025,40.484612],[22.989183,40.484298],[22.989555,40.483534]]},"properties":{"name":"Θεσσαλονίκης - Καρδίας"}},{"type":"Feature","geometry":{"type":"LineString","coordinates":[[22.932734,40.422557],[22.932774,40.422608],[22.932835,40.422653],[22.933063,40.422736],[22.933517,40.422896],[22.933919,40.423047],[22.934149,40.423136],[22.934329,40.423234],[22.934479,40.423354],[22.934833,40.423759],[22.935017,40.423979],[22.935058,40.424091],[22.935075,40.424185],[22.935105,40.424283],[22.935113,40.424454],[22.935177,40.42465],[22.935285,40.424925],[22.935332,40.42511],[22.935347,40.425419],[22.935315,40.425658],[22.935298,40.425822],[22.93525,40.425965],[22.935205,40.426083],[22.935092,40.426257],[22.934987,40.426461],[22.934883,40.426575],[22.934742,40.426722]]},"properties":{"name":"Σαρβάνη"}},{"type":"Feature","geometry":{"type":"LineString","coordinates":[[23.030351,40.395305],[23.030384,40.395237]]},"properties":{"name":"Μεσημέρι - Λάκκωμα"}},{"type":"Feature","geometry":{"type":"LineString","coordinates":[[22.787604,40.705977],[22.787593,40.70604],[22.787564,40.706091],[22.787478,40.706198],[22.787222,40.706502],[22.786961,40.706821],[22.786776,40.707044],[22.78591,40.708118],[22.785321,40.708824],[22.78414,40.710258],[22.783828,40.710634],[22.783204,40.711413],[22.782619,40.712144],[22.782405,40.712425],[22.78187,40.713086],[22.781509,40.713533],[22.780977,40.714179],[22.780453,40.714815],[22.78016,40.715174],[22.780003,40.71537],[22.779752,40.715673],[22.77938,40.716112],[22.778849,40.716748],[22.77829,40.717395],[22.778144,40.717582],[22.777948,40.717821],[22.777767,40.718084]]},"properties":{"name":"30ης Ιουλίου"}},{"type":"Feature","geometry":{"type":"LineString","coordinates":[[22.775096,40.74443],[22.775226,40.744311],[22.775332,40.744176],[22.775386,40.744082],[22.775424,40.743985],[22.775441,40.743831],[22.775454,40.743648],[22.775457,40.74334],[22.775443,40.742973],[22.77542,40.742558],[22.775465,40.741131],[22.775513,40.739685],[22.775506,40.738244],[22.775509,40.736813],[22.775491,40.736486],[22.775487,40.736419],[22.77548,40.736292],[22.775474,40.736185],[22.775456,40.735955],[22.775349,40.735258],[22.775319,40.735056],[22.775294,40.734858],[22.774975,40.73273],[22.7749,40.732222],[22.77489,40.732094],[22.774888,40.732014],[22.774913,40.731827],[22.775042,40.731101],[22.775208,40.730288],[22.775252,40.730008],[22.775384,40.729289],[22.775457,40.728934],[22.775588,40.728215],[22.775679,40.727762],[22.775732,40.727529],[22.775852,40.726981],[22.776058,40.726015],[22.776187,40.72529],[22.776241,40.72499],[22.776322,40.724596],[22.776488,40.723749],[22.776531,40.723599],[22.776617,40.723284],[22.776693,40.722934],[22.776711,40.722729],[22.776708,40.722523],[22.776693,40.722105],[22.776696,40.721988],[22.776715,40.721866],[22.776772,40.721536],[22.776868,40.721114],[22.777218,40.719603],[22.77724,40.71947]]},"properties":{"name":"Αγχιάλου - Νέας Μεσημβρίας"}},{"type":"Feature","geometry":{"type":"LineString","coordinates":[[22.777767,40.718084],[22.777477,40.718597],[22.777387,40.718821],[22.777352,40.718948],[22.777307,40.719168],[22.77724,40.71947],[22.777238,40.719213],[22.777232,40.719044],[22.777233,40.718921],[22.777241,40.718846],[22.777255,40.718739],[22.777284,40.718672],[22.777328,40.718604],[22.777364,40.718564],[22.777465,40.718456],[22.777574,40.718318],[22.777767,40.718084]]},"properties":{"name":"Αγχιάλου - Νέας Μεσημβρίας"}},{"type":"Feature","geometry":{"type":"LineString","coordinates":[[22.769445,40.752615],[22.769847,40.751973],[22.770194,40.751394],[22.770231,40.751332],[22.770266,40.751271],[22.770624,40.750656],[22.771018,40.749987],[22.771403,40.74935],[22.771824,40.748702],[22.772196,40.748039],[22.772576,40.747391],[22.772962,40.746726],[22.773115,40.746497],[22.773499,40.745862],[22.773657,40.745654],[22.77379,40.745507],[22.773911,40.745396],[22.774047,40.745284],[22.774177,40.745183],[22.774911,40.744589],[22.775096,40.74443]]},"properties":{"name":"Κυριάκου και Δημητρίου Δαμασκού"}},{"type":"Feature","geometry":{"type":"LineString","coordinates":[[22.763489,40.759288],[22.763861,40.759127]]},"properties":{"name":"Κυριάκου και Δημητρίου Δαμασκού"}},{"type":"Feature","geometry":{"type":"LineString","coordinates":[[22.769445,40.752615],[22.769438,40.752624],[22.769297,40.752838],[22.769013,40.753267]]},"properties":{"name":"Κυριάκου Δαμασκού"}},{"type":"Feature","geometry":{"type":"LineString","coordinates":[[22.763094,40.759604],[22.763217,40.759477],[22.763309,40.7594],[22.763489,40.759288]]},"properties":{"name":"Κυριάκου Δαμασκού"}},{"type":"Feature","geometry":{"type":"LineString","coordinates":[[22.763094,40.759604],[22.76293,40.759816],[22.762777,40.76004],[22.76233,40.760667],[22.761342,40.761965],[22.76104,40.762373],[22.760848,40.762614],[22.760314,40.763309],[22.760008,40.763717],[22.759511,40.764379],[22.758954,40.765169],[22.758654,40.765593],[22.758339,40.766046],[22.758131,40.76644],[22.758042,40.766678],[22.757978,40.766914],[22.757716,40.767833],[22.757583,40.768299],[22.757486,40.768732],[22.75731,40.769616],[22.757249,40.769975],[22.757205,40.770309],[22.75717,40.77131],[22.75711,40.772272],[22.757108,40.773091],[22.757091,40.773396],[22.757013,40.773975],[22.756888,40.774647],[22.756859,40.774833],[22.756799,40.775275],[22.756825,40.775496],[22.756902,40.775795],[22.757082,40.776282],[22.7574,40.777121],[22.757734,40.778043],[22.758074,40.77903],[22.758359,40.779807],[22.758546,40.780367],[22.758686,40.780764],[22.758782,40.781036],[22.758863,40.78127],[22.75891,40.781488],[22.758975,40.78205],[22.759063,40.782954],[22.759114,40.783462],[22.759153,40.783691],[22.759217,40.783902],[22.759329,40.78414],[22.759503,40.784458],[22.759685,40.784786],[22.760355,40.786215],[22.760438,40.786424],[22.760502,40.786679],[22.76055,40.78711],[22.760584,40.78774],[22.760648,40.788337],[22.760788,40.789339],[22.761058,40.791099],[22.761104,40.791218],[22.761168,40.791296],[22.761238,40.791346],[22.761318,40.791379],[22.761432,40.791402],[22.761584,40.791404],[22.763313,40.791203],[22.764283,40.791113],[22.764927,40.791048],[22.765048,40.791019],[22.765179,40.790955],[22.765253,40.790892],[22.765348,40.790751],[22.765499,40.790535],[22.765578,40.790453],[22.765665,40.790405],[22.765777,40.790386],[22.765895,40.790381],[22.766108,40.790408],[22.766486,40.790474],[22.766845,40.790527],[22.767062,40.790549],[22.767839,40.790576],[22.76806,40.790638],[22.768174,40.790725],[22.76824,40.790911],[22.76826,40.791109],[22.768378,40.792659],[22.768343,40.793394],[22.768284,40.794056],[22.768291,40.794428],[22.768347,40.794786],[22.768446,40.795369],[22.768564,40.796241],[22.768618,40.796298],[22.768681,40.796352],[22.768782,40.796427],[22.768896,40.796498],[22.769036,40.796555],[22.769233,40.796622],[22.771959,40.797275],[22.772543,40.797438],[22.772689,40.797483],[22.772843,40.797535],[22.772963,40.7976],[22.773109,40.797685],[22.773281,40.797815],[22.774006,40.798397],[22.774388,40.798705],[22.776257,40.800223],[22.777239,40.80095],[22.777476,40.80117],[22.777558,40.801235],[22.777877,40.801533],[22.778074,40.801727],[22.778176,40.801848],[22.778327,40.802013],[22.778474,40.802232],[22.778569,40.802352],[22.778915,40.802895]]},"properties":{"name":"Νέα Μεσήμβρια - Ξηροχώρι"}},{"type":"Feature","geometry":{"type":"LineString","coordinates":[[22.770541,40.804061],[22.770639,40.804025],[22.770758,40.803977],[22.770929,40.803909],[22.771041,40.803879],[22.771174,40.803848],[22.771517,40.803768],[22.771802,40.803707],[22.772057,40.803701],[22.772279,40.803715],[22.772512,40.803744],[22.772786,40.80376],[22.773105,40.80378],[22.773344,40.803776],[22.773636,40.803766],[22.773923,40.803748],[22.774476,40.803721],[22.774736,40.803701],[22.774999,40.803683],[22.775043,40.803679],[22.775171,40.803667],[22.775267,40.803659],[22.775785,40.803598],[22.775975,40.803581],[22.776142,40.803563],[22.776603,40.8035],[22.776766,40.803474],[22.776959,40.803447],[22.777564,40.803285],[22.777844,40.803198],[22.778153,40.803107],[22.778915,40.802895]]},"properties":{"name":"Νέα Φιλαδέλφεια - Ξηροχώρι"}},{"type":"Feature","geometry":{"type":"LineString","coordinates":[[22.696093,40.726179],[22.69594,40.726258],[22.695631,40.726405],[22.695321,40.726568],[22.695184,40.726659],[22.695025,40.72677],[22.694908,40.726838],[22.694664,40.726961],[22.694116,40.727219],[22.692946,40.72777],[22.692208,40.728112],[22.691498,40.728452],[22.690884,40.728743],[22.690492,40.728926],[22.690278,40.729026],[22.690164,40.72908],[22.689856,40.729222],[22.689083,40.729561]]},"properties":{"name":"Νέου Σιδηροδρομικού Σταθμού"}},{"type":"Feature","geometry":{"type":"LineString","coordinates":[[22.693709,40.735549],[22.694247,40.735197],[22.694694,40.734894],[22.69512,40.734595],[22.695559,40.734282],[22.695769,40.734133],[22.695993,40.733969],[22.696444,40.733673],[22.696888,40.73338],[22.697362,40.733069],[22.69821,40.732512],[22.698817,40.732113],[22.69947,40.731683],[22.70069,40.730881],[22.701572,40.730302],[22.701746,40.730188]]},"properties":{"name":"Σωζουπόλεως"}},{"type":"Feature","geometry":{"type":"LineString","coordinates":[[22.702939,40.732653],[22.702956,40.733122],[22.702963,40.733271],[22.702978,40.733402],[22.702996,40.733586],[22.703038,40.733847],[22.703112,40.734252],[22.703219,40.734903],[22.703317,40.735406],[22.703431,40.735962],[22.7036,40.736984],[22.703659,40.737222],[22.703737,40.737515],[22.703848,40.737869],[22.703964,40.738229],[22.704066,40.738509],[22.704151,40.738736],[22.70423,40.738936],[22.704762,40.740346],[22.704808,40.740492],[22.704834,40.74058],[22.704878,40.740771],[22.704926,40.740992],[22.704949,40.74124],[22.704976,40.741569],[22.705026,40.742439],[22.705064,40.743327],[22.705091,40.744002],[22.705109,40.745162],[22.705118,40.74566],[22.705126,40.746449],[22.705131,40.74761],[22.705147,40.747943],[22.705161,40.748133],[22.705182,40.748242],[22.705222,40.748347],[22.705297,40.748515],[22.705441,40.748775],[22.70571,40.749272],[22.705804,40.749464],[22.705952,40.749893],[22.70606,40.750262],[22.706225,40.7508],[22.706314,40.751116],[22.706435,40.751452],[22.706485,40.751622],[22.706542,40.75187],[22.706557,40.752062],[22.706539,40.752263],[22.706495,40.752571],[22.706354,40.753483],[22.706284,40.753806],[22.706238,40.754045],[22.706214,40.754177],[22.705924,40.755204],[22.705682,40.756077],[22.705656,40.756168],[22.705624,40.756351],[22.705593,40.756601],[22.705569,40.756869],[22.705515,40.757561],[22.705474,40.757916],[22.705426,40.758246],[22.705367,40.758512],[22.705277,40.758811],[22.705214,40.758987],[22.705142,40.759164],[22.705065,40.75932],[22.704944,40.759543],[22.704849,40.759693],[22.704751,40.759833],[22.704595,40.760033],[22.704524,40.760121],[22.70442,40.760241],[22.704339,40.760327],[22.704253,40.760415],[22.703635,40.76097],[22.702985,40.761546],[22.702366,40.762147],[22.702176,40.762343],[22.701947,40.762599],[22.701788,40.762787],[22.701526,40.76313],[22.701453,40.763223],[22.701314,40.763408],[22.701109,40.763703],[22.700882,40.76406],[22.700606,40.764476],[22.700275,40.76502],[22.700238,40.765082],[22.699796,40.765782],[22.699518,40.76623],[22.699085,40.766893],[22.698354,40.768061],[22.698257,40.768198],[22.698172,40.768287],[22.698081,40.76836],[22.697941,40.768452],[22.697815,40.768517],[22.697649,40.768583],[22.696944,40.768782],[22.696182,40.768969],[22.695944,40.769037],[22.695736,40.769124],[22.695606,40.769194],[22.695529,40.769255],[22.695469,40.769309],[22.695382,40.769423],[22.695301,40.769567],[22.695162,40.76994],[22.69505,40.770253],[22.694794,40.770949],[22.694637,40.771374],[22.694457,40.771788],[22.692122,40.776423],[22.691679,40.777283],[22.691558,40.777519],[22.690943,40.778704],[22.690808,40.778959],[22.690659,40.779215],[22.69051,40.779402],[22.689871,40.780101],[22.689307,40.780717],[22.689077,40.780973],[22.688972,40.781121],[22.688902,40.781249],[22.688827,40.781439],[22.68876,40.78168],[22.688662,40.781992],[22.68854,40.782235],[22.688361,40.782478],[22.687492,40.783389],[22.687013,40.783913],[22.686819,40.78414],[22.686489,40.784428],[22.686276,40.784566],[22.686076,40.78463],[22.685776,40.784691],[22.685492,40.784684],[22.685269,40.784663],[22.684036,40.784499],[22.683415,40.784417],[22.683114,40.78439],[22.682876,40.78439],[22.682752,40.784405],[22.682605,40.784423],[22.682366,40.784482],[22.680534,40.785054],[22.679543,40.785369],[22.679151,40.785502],[22.678953,40.785579],[22.678776,40.785669],[22.678616,40.785789],[22.678497,40.785936],[22.67789,40.786767],[22.677715,40.786965],[22.677523,40.787165],[22.677344,40.787315],[22.677136,40.787461],[22.676901,40.787585],[22.676688,40.787679],[22.676115,40.787895],[22.674537,40.788425],[22.674248,40.788539],[22.673998,40.788665],[22.672395,40.789602],[22.671657,40.790052],[22.671427,40.790203],[22.671246,40.790355],[22.67099,40.790626],[22.670605,40.791069],[22.670445,40.791204],[22.670111,40.791397],[22.668584,40.792057],[22.66839,40.79215],[22.668226,40.792246],[22.66809,40.792366],[22.668003,40.792462],[22.66791,40.792576],[22.667846,40.792689],[22.667437,40.793427],[22.667155,40.793935],[22.667072,40.794088],[22.667071,40.794174],[22.667126,40.794298],[22.667436,40.795152],[22.667628,40.795703],[22.667761,40.796092],[22.667845,40.79633],[22.668141,40.797409],[22.66832,40.798046],[22.668362,40.798203],[22.668408,40.798401],[22.668446,40.79865],[22.668422,40.798894],[22.668405,40.799246],[22.668328,40.799989],[22.668319,40.800055],[22.668185,40.800661],[22.668133,40.800965],[22.66813,40.801199],[22.668144,40.801435],[22.668173,40.801882],[22.668233,40.802799],[22.668241,40.802882],[22.668252,40.803082],[22.668278,40.803272],[22.66831,40.803453],[22.6684,40.803704],[22.668543,40.804019],[22.668731,40.804389],[22.668802,40.804666],[22.668846,40.804946],[22.668991,40.806332],[22.669053,40.806921],[22.669126,40.807618],[22.669237,40.808677],[22.669257,40.808979],[22.669231,40.80925],[22.669116,40.809491],[22.66888,40.80982],[22.6677,40.811294],[22.666648,40.812614],[22.666545,40.812764],[22.665664,40.81405],[22.664921,40.81523],[22.664492,40.815884],[22.664462,40.815929]]},"properties":{"name":"Θεσσαλονίκης - Ευζώνων"}},{"type":"Feature","geometry":{"type":"LineString","coordinates":[[22.66123,40.823559],[22.66113,40.823758],[22.660973,40.823989],[22.660753,40.824245],[22.660037,40.824981],[22.658206,40.826859],[22.658054,40.827078],[22.657979,40.827217],[22.657933,40.827361],[22.657904,40.827495],[22.657905,40.827635],[22.658078,40.828536],[22.65814,40.828787],[22.658219,40.829042],[22.658358,40.829421],[22.658522,40.829785],[22.658638,40.829967],[22.658791,40.830154],[22.659213,40.830566],[22.659545,40.830893],[22.659882,40.831218],[22.660442,40.831741],[22.660612,40.831931],[22.660721,40.832078],[22.660797,40.832235],[22.660863,40.832467],[22.660886,40.832628],[22.660873,40.832792],[22.660816,40.833028],[22.66071,40.83326],[22.660447,40.833728],[22.660282,40.8341],[22.660243,40.834283],[22.660243,40.834462],[22.660296,40.834657],[22.660381,40.83486],[22.661272,40.836717],[22.661426,40.837024],[22.661579,40.837336],[22.661782,40.837791],[22.661929,40.83811]]},"properties":{"name":"Θεσσαλονίκης - Ευζώνων"}},{"type":"Feature","geometry":{"type":"LineString","coordinates":[[22.705887,40.767641],[22.705943,40.767583],[22.706141,40.767364],[22.706672,40.766806],[22.706727,40.766733],[22.706768,40.766667],[22.706792,40.766628],[22.706812,40.766587],[22.706885,40.7664],[22.7069,40.76636],[22.706932,40.766274],[22.707033,40.765983],[22.707083,40.765787],[22.7071,40.765661],[22.707107,40.765501],[22.70709,40.765381],[22.707006,40.765229],[22.706945,40.765149],[22.706843,40.765051],[22.706712,40.764962],[22.706528,40.764863],[22.706307,40.764766],[22.706053,40.764655],[22.705352,40.764351],[22.705225,40.76429],[22.704396,40.763926],[22.703719,40.763638],[22.702814,40.763237],[22.702477,40.763088]]},"properties":{"name":"Διακλάδωση Βαθύλακκου"}},{"type":"Feature","geometry":{"type":"LineString","coordinates":[[22.701788,40.762787],[22.701883,40.762785],[22.701964,40.762802],[22.702063,40.762843],[22.702188,40.762907],[22.702335,40.762984],[22.702477,40.763088],[22.702169,40.763],[22.701966,40.762919],[22.701868,40.762862],[22.701788,40.762787]]},"properties":{"name":"Διακλάδωση Βαθύλακκου"}},{"type":"Feature","geometry":{"type":"LineString","coordinates":[[22.705943,40.767583],[22.706054,40.767672],[22.706136,40.767746],[22.706146,40.767763],[22.706154,40.767806],[22.706092,40.767788],[22.706065,40.767774],[22.705947,40.767683],[22.705887,40.767641]]},"properties":{"name":"Λυμπέρη Παυλιδάκη"}},{"type":"Feature","geometry":{"type":"LineString","coordinates":[[22.706364,40.767963],[22.706666,40.768187],[22.706833,40.76831],[22.707054,40.768473],[22.707366,40.768694],[22.707477,40.76876],[22.707582,40.768797],[22.707724,40.768843],[22.70787,40.76887],[22.707985,40.768883],[22.70806,40.76889],[22.708108,40.768898],[22.708185,40.768921],[22.708241,40.768945],[22.708285,40.768976],[22.708327,40.769015],[22.708432,40.769144],[22.708588,40.769331],[22.709199,40.770015],[22.709224,40.770043],[22.709811,40.770692],[22.710512,40.771472],[22.710921,40.771935],[22.711514,40.772525],[22.711758,40.772768]]},"properties":{"name":"Λυμπέρη Παυλιδάκη"}},{"type":"Feature","geometry":{"type":"LineString","coordinates":[[22.711758,40.772768],[22.712359,40.773426],[22.712863,40.773934],[22.713265,40.774271],[22.713558,40.774511],[22.714188,40.77496],[22.714936,40.775419],[22.71588,40.775982],[22.716293,40.776189],[22.71665,40.776382],[22.716816,40.776489],[22.716901,40.776565],[22.71694,40.776599],[22.717149,40.776812],[22.717366,40.777064],[22.717833,40.777694],[22.718198,40.778161],[22.718372,40.778336],[22.718544,40.778486],[22.718874,40.778724],[22.719255,40.77902],[22.719536,40.779236],[22.719724,40.779416],[22.719912,40.779623],[22.720188,40.779977],[22.721341,40.78152],[22.721736,40.782016],[22.72187,40.782227],[22.721947,40.78241],[22.72198,40.782512],[22.721991,40.782563],[22.72202,40.782969],[22.722039,40.783062],[22.722114,40.783267],[22.722239,40.783486],[22.722438,40.783769],[22.722837,40.784356],[22.723829,40.785934],[22.724112,40.786464],[22.724219,40.786632],[22.724367,40.786825],[22.724506,40.786971],[22.725032,40.787573],[22.725389,40.788011],[22.725477,40.788137],[22.72555,40.788261],[22.725668,40.788553],[22.725804,40.788909],[22.725944,40.789211],[22.726274,40.789832],[22.726319,40.789918]]},"properties":{"name":"Παλαιό Αγιονέρι - Βαθύλακκος"}},{"type":"Feature","geometry":{"type":"LineString","coordinates":[[22.607512,40.726588],[22.607661,40.726556],[22.607722,40.726524],[22.607748,40.726502],[22.607768,40.726474],[22.607796,40.726425],[22.607809,40.726392],[22.607822,40.726342],[22.607812,40.726203],[22.607797,40.726069],[22.607767,40.725928],[22.607565,40.725189],[22.607543,40.725107],[22.607499,40.724945],[22.607494,40.724925],[22.607431,40.724678],[22.607408,40.724586],[22.607405,40.724577],[22.60738,40.724471],[22.607298,40.724144],[22.607184,40.72368],[22.607164,40.723577],[22.607151,40.723515],[22.6071,40.723338],[22.607018,40.723032],[22.606931,40.722709],[22.606814,40.722253],[22.606681,40.721763],[22.606617,40.721513],[22.606582,40.721325],[22.60657,40.721169],[22.606559,40.721007],[22.606565,40.720832],[22.606584,40.720632],[22.606629,40.720309],[22.606674,40.719947],[22.606746,40.71954],[22.606857,40.719004],[22.606966,40.718375],[22.606973,40.718328],[22.606981,40.718278],[22.607028,40.718036],[22.607034,40.718003],[22.60704,40.71794],[22.607102,40.717459],[22.607112,40.717268],[22.607116,40.717065],[22.607121,40.716798],[22.607092,40.716463],[22.607068,40.715611],[22.607033,40.714188],[22.607001,40.712988],[22.607019,40.712419],[22.606972,40.710449],[22.606961,40.709989],[22.606957,40.709537],[22.606951,40.70924],[22.606946,40.709014],[22.60692,40.707713],[22.606926,40.707583],[22.60693,40.707476],[22.60694,40.707385],[22.606962,40.707228],[22.607008,40.70702],[22.607033,40.706886],[22.607075,40.706672],[22.607097,40.706535],[22.607111,40.706418],[22.607122,40.706292],[22.607133,40.706191],[22.607128,40.706099],[22.607116,40.705923],[22.607099,40.705632],[22.607036,40.704802],[22.606921,40.703343]]},"properties":{"name":"Χαλκηδόνας - Άδενδρου"}},{"type":"Feature","geometry":{"type":"LineString","coordinates":[[22.606672,40.699884],[22.606696,40.699455],[22.606696,40.699373],[22.606639,40.699201],[22.606452,40.699239],[22.606116,40.699322],[22.605904,40.699369],[22.605773,40.699388],[22.605697,40.699393],[22.605235,40.699392],[22.604974,40.699379],[22.604834,40.699361],[22.604703,40.699327],[22.604571,40.699278],[22.604456,40.699221],[22.60434,40.699158],[22.604233,40.699078],[22.604086,40.698956],[22.603908,40.69881],[22.603585,40.69852],[22.603531,40.698472],[22.603109,40.698088],[22.602608,40.697582],[22.602332,40.697319],[22.602214,40.697201],[22.602101,40.697061],[22.601999,40.696913],[22.601902,40.69677],[22.601816,40.696626],[22.601747,40.696473],[22.601715,40.696317],[22.601718,40.696195],[22.601717,40.69602],[22.601725,40.695907],[22.601751,40.695625],[22.601828,40.694937],[22.601954,40.693905],[22.602008,40.693438],[22.602098,40.692612],[22.602129,40.692417],[22.602164,40.692237],[22.602218,40.692069],[22.602289,40.6918],[22.60239,40.691423],[22.602542,40.69096],[22.60276,40.690229],[22.602803,40.690072],[22.602871,40.689927],[22.602943,40.68982],[22.603038,40.689741],[22.603155,40.689634],[22.60321,40.689593],[22.603395,40.689459],[22.603553,40.689343],[22.603778,40.68916],[22.603892,40.689055],[22.603962,40.688958],[22.604001,40.688836],[22.604033,40.688728],[22.604075,40.688489],[22.604114,40.688286],[22.604162,40.688027],[22.604195,40.687775],[22.604205,40.687505],[22.604371,40.686951],[22.604563,40.686021],[22.604816,40.684828],[22.604997,40.683986],[22.605065,40.683616],[22.605103,40.683454],[22.605149,40.683287],[22.605223,40.683136],[22.605323,40.682971],[22.605512,40.682643],[22.606037,40.68178],[22.606609,40.680792],[22.607197,40.679759],[22.607766,40.678824],[22.608101,40.678268],[22.608249,40.678024],[22.608327,40.677875],[22.608396,40.677701],[22.60846,40.677498],[22.608541,40.677211],[22.608558,40.677158],[22.608595,40.677053],[22.608604,40.677014],[22.608609,40.676981],[22.608556,40.676943],[22.608449,40.676906],[22.606635,40.67632],[22.604332,40.675516],[22.60157,40.674564],[22.599558,40.673852],[22.598528,40.673401],[22.597294,40.67298],[22.596071,40.672522],[22.593561,40.671672],[22.591098,40.670821],[22.590701,40.670732],[22.590369,40.670728],[22.588979,40.670752],[22.587333,40.670764],[22.587127,40.670746]]},"properties":{"name":"Παρθένι - Πλατύ"}},{"type":"Feature","geometry":{"type":"LineString","coordinates":[[22.587127,40.670746],[22.587131,40.670688],[22.587197,40.67057],[22.587232,40.670528],[22.587278,40.670498],[22.587338,40.670471],[22.587419,40.670455],[22.587511,40.670459],[22.588023,40.67056],[22.588147,40.67058],[22.588261,40.670589],[22.588366,40.670591],[22.588502,40.670587],[22.588604,40.670578],[22.588714,40.670559],[22.588809,40.670536],[22.588925,40.670497],[22.58904,40.670447],[22.589111,40.670408],[22.589185,40.670361],[22.58927,40.670284],[22.589966,40.669553],[22.59101,40.668366]]},"properties":{"name":"Άδενδρο - Μικρό Μοναστήρι"}},{"type":"Feature","geometry":{"type":"LineString","coordinates":[[22.542931,40.706082],[22.545019,40.706545],[22.545214,40.70659],[22.545538,40.706665],[22.547164,40.707043],[22.54766,40.707155],[22.547869,40.707168],[22.548082,40.707158],[22.548654,40.707088],[22.548828,40.707082],[22.549386,40.707097],[22.549749,40.707128],[22.54994,40.707165],[22.550261,40.707224],[22.551344,40.707468],[22.551619,40.707523],[22.55179,40.707543],[22.551938,40.707516],[22.5521,40.707479],[22.55796,40.705025],[22.562389,40.703179],[22.566745,40.701344],[22.568205,40.700721]]},"properties":{"name":"Άδενδρο - Μικρό Μοναστήρι"}},{"type":"Feature","geometry":{"type":"LineString","coordinates":[[22.589401,40.66956],[22.589537,40.669607],[22.590116,40.669811],[22.590366,40.669899],[22.590817,40.670054],[22.592094,40.670504],[22.593295,40.670931],[22.594003,40.671174],[22.59499,40.671531],[22.595921,40.671874],[22.596375,40.672011],[22.597003,40.671792]]},"properties":{"name":"Πλατύ - Άδενδρο"}},{"type":"Feature","geometry":{"type":"LineString","coordinates":[[22.603583,40.674156],[22.604316,40.673417],[22.60485,40.672238],[22.605115,40.671621],[22.60548,40.671469],[22.605904,40.671354],[22.60597,40.671343],[22.606047,40.671338],[22.606157,40.671361],[22.606741,40.671524],[22.607796,40.671788],[22.608806,40.672091],[22.609866,40.672409],[22.610674,40.672657],[22.610773,40.672672],[22.61082,40.672641],[22.611471,40.671644],[22.611554,40.671498],[22.611983,40.670808],[22.612036,40.670731],[22.61209,40.670668],[22.612144,40.670614],[22.612196,40.670568],[22.612232,40.670541],[22.612272,40.67051],[22.61251,40.670345],[22.612567,40.670306],[22.612693,40.670218],[22.612761,40.670169],[22.613533,40.669613],[22.613761,40.669498],[22.615625,40.668921],[22.624332,40.666363],[22.627531,40.665317],[22.628081,40.665137],[22.630382,40.664454],[22.630795,40.664331],[22.631046,40.664241],[22.631228,40.664159],[22.632772,40.663359],[22.633633,40.662901],[22.634354,40.662533],[22.634816,40.662292],[22.634915,40.662252],[22.635031,40.662218],[22.635201,40.662183],[22.635424,40.662153],[22.635509,40.662147],[22.635709,40.662132],[22.635954,40.662107],[22.636234,40.662086],[22.636369,40.662083],[22.636522,40.662094],[22.636738,40.662119],[22.636832,40.662135],[22.637551,40.662245],[22.638024,40.662302],[22.638226,40.66233],[22.638302,40.662168],[22.638586,40.661627],[22.638674,40.661436],[22.638709,40.661382],[22.638758,40.661326],[22.63885,40.661275],[22.638977,40.661217],[22.6392,40.661139],[22.63935,40.661094],[22.639456,40.661083],[22.639636,40.661081],[22.639752,40.661085],[22.640022,40.661091],[22.640181,40.661089],[22.640291,40.661076],[22.64038,40.661032],[22.64044,40.660988],[22.640483,40.660932],[22.640565,40.660705],[22.640614,40.660501],[22.640642,40.660423],[22.640686,40.660362],[22.640748,40.660307],[22.640813,40.660258],[22.640904,40.660216],[22.641014,40.660195],[22.641148,40.660182],[22.641738,40.660199],[22.642322,40.660218],[22.64278,40.6592],[22.64286,40.659031],[22.642916,40.658939],[22.642973,40.658868],[22.643057,40.658787],[22.643276,40.658615],[22.643382,40.658545],[22.643584,40.658421],[22.643783,40.658295],[22.643992,40.658129],[22.645002,40.657204],[22.645174,40.65704],[22.645379,40.656844],[22.645698,40.656539],[22.646163,40.656019],[22.646619,40.655474],[22.647934,40.653905],[22.648822,40.652848],[22.649439,40.652194],[22.649804,40.651832],[22.650647,40.650987],[22.651734,40.649893],[22.652529,40.649087],[22.652773,40.648849],[22.653034,40.648603],[22.653091,40.648555],[22.653318,40.648384],[22.653815,40.648009],[22.656124,40.646309],[22.656455,40.646056],[22.65709,40.645587],[22.657709,40.645056],[22.658303,40.644477],[22.658577,40.644211],[22.658702,40.644057],[22.658813,40.643901],[22.659305,40.643137],[22.659463,40.642916],[22.659627,40.64273],[22.659832,40.642551],[22.660126,40.642308],[22.662321,40.640512],[22.663904,40.639188],[22.66421,40.638941],[22.664502,40.638716],[22.664832,40.638488],[22.665176,40.638269],[22.666293,40.637569],[22.667523,40.63679],[22.670576,40.634805],[22.671888,40.633951],[22.672075,40.633819],[22.672178,40.633724],[22.672307,40.63357],[22.672392,40.633429],[22.672427,40.633316],[22.672432,40.633191],[22.672374,40.632181],[22.672332,40.631214],[22.672275,40.630031],[22.672273,40.629795],[22.672299,40.629584],[22.67236,40.629375],[22.672427,40.629232],[22.67251,40.629087],[22.672659,40.628912],[22.673735,40.627769],[22.674276,40.627194],[22.675704,40.625645],[22.678573,40.622531],[22.680409,40.620468],[22.680469,40.620405],[22.680693,40.620188],[22.680963,40.619948],[22.681076,40.619876],[22.681124,40.61985],[22.681163,40.619838],[22.681326,40.619789],[22.681469,40.61975],[22.68181,40.619656],[22.682039,40.619597],[22.682373,40.619511],[22.682579,40.619458],[22.683393,40.619233],[22.683819,40.619122],[22.684275,40.618986],[22.684305,40.618978],[22.684821,40.618745],[22.68526,40.618486],[22.685335,40.618445],[22.685577,40.618314],[22.685848,40.618193],[22.686085,40.618088],[22.686189,40.618033],[22.686336,40.617957],[22.686669,40.617765],[22.687169,40.617484],[22.687355,40.617368],[22.687407,40.6173],[22.687456,40.617215],[22.687643,40.616905],[22.687928,40.616584],[22.688011,40.616506],[22.688136,40.616416],[22.688515,40.616259],[22.688798,40.61608],[22.688926,40.615981],[22.689066,40.615886],[22.689251,40.615745],[22.689377,40.615627],[22.689566,40.615448],[22.689622,40.615402],[22.689659,40.615362],[22.689686,40.615322],[22.689721,40.615251],[22.689736,40.61522],[22.689761,40.615116],[22.689787,40.614847],[22.689885,40.614448],[22.689946,40.614247],[22.690004,40.614046]]},"properties":{"name":"Άδενδρου - Κυμίνων"}},{"type":"Feature","geometry":{"type":"LineString","coordinates":[[22.541288,40.676748],[22.541289,40.676817],[22.541305,40.676885],[22.541412,40.677114],[22.541536,40.677383],[22.542483,40.677903],[22.542217,40.67887],[22.541956,40.679731],[22.541681,40.680633],[22.5417,40.680706],[22.54171,40.680763],[22.541723,40.680823],[22.541875,40.681512],[22.541934,40.681719],[22.541957,40.681842],[22.541977,40.681956],[22.541993,40.682065],[22.541999,40.682194],[22.542022,40.689306],[22.542048,40.691308],[22.542095,40.697453],[22.54218,40.699336],[22.542178,40.699376],[22.542153,40.699423],[22.542107,40.699454],[22.542042,40.699487],[22.540705,40.69995],[22.540553,40.700002],[22.539484,40.700374],[22.539334,40.700442],[22.53917,40.700518],[22.539086,40.700563],[22.538979,40.700631],[22.538883,40.700726],[22.538777,40.700875],[22.538685,40.701037],[22.538489,40.70144],[22.538333,40.701773],[22.538149,40.702187],[22.537715,40.703122],[22.537399,40.703753],[22.537272,40.704016],[22.537156,40.704301],[22.537083,40.704464],[22.537543,40.704609],[22.538218,40.704822],[22.538497,40.704908],[22.539568,40.705247],[22.540216,40.705448],[22.540421,40.7055],[22.540722,40.705573],[22.542033,40.705873],[22.542931,40.706082]]},"properties":{"name":"Μικρό Μοναστήρι - Λουδίας"}},{"type":"Feature","geometry":{"type":"LineString","coordinates":[[22.593887,40.725499],[22.59438,40.725914],[22.595672,40.726998],[22.59669,40.727786],[22.597701,40.728514],[22.597872,40.728638],[22.597933,40.728675],[22.598769,40.729288],[22.59942,40.729761],[22.599495,40.729814],[22.599672,40.72994],[22.599884,40.730091],[22.600467,40.730514],[22.600524,40.73056],[22.601211,40.73108],[22.601356,40.731198],[22.601496,40.731318],[22.601581,40.731397],[22.601856,40.73167],[22.601893,40.731708],[22.602219,40.732039],[22.602348,40.732155],[22.602403,40.732203],[22.60245,40.732236],[22.602493,40.732265],[22.602545,40.732291],[22.602625,40.732323]]},"properties":{"name":"Φανής Μιτσάκη"}},{"type":"Feature","geometry":{"type":"LineString","coordinates":[[22.586153,40.778832],[22.583818,40.778646],[22.583611,40.778657],[22.582582,40.778872],[22.581351,40.779117],[22.58051,40.779038],[22.579683,40.778994],[22.578838,40.778962],[22.578561,40.778941],[22.577977,40.778914],[22.577104,40.778845]]},"properties":{"name":"Αξιού"}},{"type":"Feature","geometry":{"type":"LineString","coordinates":[[23.061633,40.749913],[23.062442,40.749807],[23.06317,40.749687],[23.063272,40.749678]]},"properties":{"name":"Καραγιοβάννη"}},{"type":"Feature","geometry":{"type":"LineString","coordinates":[[23.061633,40.749913],[23.061691,40.75026],[23.061702,40.750627],[23.061681,40.750966],[23.061662,40.751293],[23.061607,40.751644],[23.061554,40.751879],[23.061498,40.752026],[23.061424,40.752215],[23.061372,40.752375]]},"properties":{"name":"Κωνσταντίνου Ασίκη"}},{"type":"Feature","geometry":{"type":"LineString","coordinates":[[22.928711,40.643919],[22.92912,40.643705],[22.92994,40.643277],[22.933391,40.641472],[22.933536,40.641401],[22.934419,40.640941],[22.941911,40.637033],[22.941977,40.636999],[22.942086,40.636942],[22.942968,40.636446],[22.946429,40.634616],[22.953414,40.631032],[22.954161,40.630756],[22.955136,40.630396],[22.955384,40.630305],[22.956914,40.629495],[22.957729,40.629063],[22.958381,40.628718],[22.958801,40.628419],[22.95916,40.628071],[22.960527,40.626254],[22.961848,40.624499],[22.962069,40.624088],[22.962217,40.623664],[22.962974,40.619708],[22.96314,40.61883],[22.963042,40.618294],[22.962806,40.617789],[22.962446,40.617325],[22.960412,40.615873],[22.958073,40.614204],[22.957599,40.613864],[22.957397,40.613691],[22.95729,40.613485],[22.957231,40.613266],[22.957205,40.613043],[22.95728,40.611983],[22.957685,40.606734],[22.9578,40.606199],[22.957904,40.60583],[22.958112,40.605092],[22.958776,40.602741],[22.958799,40.602523],[22.958782,40.6023],[22.958473,40.601083],[22.958379,40.600713],[22.958267,40.600271],[22.957928,40.599902],[22.957722,40.599741],[22.957486,40.599607],[22.957303,40.599431],[22.957188,40.599228],[22.957142,40.599002],[22.957153,40.598925],[22.957175,40.59878],[22.957282,40.598568],[22.957456,40.598387],[22.957692,40.598244],[22.95825,40.598066],[22.958695,40.597782],[22.959752,40.596882],[22.960308,40.595894],[22.960612,40.595024],[22.961006,40.59393],[22.961139,40.593735],[22.961312,40.593573],[22.962277,40.592982],[22.962923,40.592722],[22.963193,40.592664],[22.963476,40.592649],[22.967386,40.593071],[22.96837,40.593177],[22.968863,40.593231]]},"properties":{"name":"Γραμμή 1"}},{"type":"Feature","geometry":{"type":"LineString","coordinates":[[22.968849,40.593303],[22.968357,40.59325],[22.967372,40.593143],[22.963691,40.592746],[22.963295,40.592765],[22.962914,40.592848],[22.962356,40.593073],[22.961437,40.593636],[22.961257,40.593802],[22.961131,40.593992],[22.960754,40.595055],[22.960445,40.595922],[22.959859,40.596905],[22.958795,40.597838],[22.958587,40.598011],[22.958491,40.598153],[22.958376,40.598365],[22.958269,40.598557],[22.958224,40.598728],[22.958189,40.598867],[22.958194,40.599063],[22.958212,40.599164],[22.958247,40.599393],[22.95829,40.599566],[22.958317,40.599837],[22.958384,40.600254],[22.958495,40.600695],[22.95859,40.601066],[22.958892,40.602258],[22.958929,40.602489],[22.958886,40.602698],[22.958206,40.605107],[22.957998,40.605845],[22.957894,40.606214],[22.957781,40.606613],[22.957398,40.611988],[22.957312,40.612601],[22.957323,40.613048],[22.957339,40.613276],[22.957418,40.613493],[22.957523,40.613658],[22.957696,40.613786],[22.958115,40.614079],[22.958178,40.614149],[22.958283,40.614215],[22.960509,40.615794],[22.962544,40.617247],[22.962896,40.617719],[22.963128,40.61823],[22.963257,40.618843],[22.963091,40.619721],[22.962331,40.623741],[22.962176,40.624169],[22.961953,40.624576],[22.960651,40.626307],[22.959268,40.628145],[22.958911,40.628492],[22.95849,40.628792],[22.957811,40.629151],[22.956995,40.629583],[22.955456,40.630398],[22.954223,40.630853],[22.953485,40.631126],[22.95084,40.632506],[22.950682,40.632587],[22.946552,40.634743],[22.942168,40.63703],[22.937201,40.639621],[22.9345,40.64103],[22.933642,40.641477],[22.930021,40.643366],[22.929202,40.643793],[22.928792,40.644007]]},"properties":{"name":"Γραμμή 1"}}]}